employee_id,employee_name,gender,date_of_birth,department_id,job_id,hire_date,employment_status,work_city,education_level,manager_id
10001,Rohan Mehta,Male,1996-02-10,2,103,2022-08-27,Active,Mumbai,Bachelor's,12150
10002,Kavya Mishra,Female,1982-06-16,3,106,2024-05-12,Active,Bengaluru,Diploma,11838
10003,Sneha Kumar,Female,1993-10-15,7,115,2017-09-24,Terminated,Hyderabad,Master's,14359
10004,Ananya Agarwal,Female,1979-05-20,1,101,2019-08-17,Active,Delhi,Master's,11364
10005,Rahul Mishra,Male,1984-10-11,3,107,2016-08-24,Active,Bengaluru,Diploma,11333
10006,Karan Patel,Male,2000-05-25,3,107,2022-03-18,Active,Bengaluru,Bachelor's,14655
10007,Siddharth Sinha,Male,1969-12-02,5,111,2023-01-04,Active,Mumbai,PhD,10771
10008,Sneha Patel,Female,2001-06-27,4,109,2017-01-19,Active,Delhi,Master's,13036
10009,Kavya Patel,Female,1997-09-28,3,107,2025-07-10,Active,Bengaluru,Bachelor's,12053
10010,Simran Sinha,Female,1982-10-21,2,104,2017-01-15,Active,Mumbai,Bachelor's,13693
10011,Rohan Kumar,Male,1983-12-11,3,106,2025-07-20,Active,Bengaluru,Bachelor's,14834
10012,Aanya Mehta,Female,1996-06-15,4,109,2021-07-18,Active,Delhi,Master's,14187
10013,Neha Agarwal,Female,1986-10-28,3,106,2025-07-04,Resigned,Bengaluru,Master's,12009
10014,Vivek Mehta,Male,1965-04-05,8,117,2018-09-28,Active,Pune,Bachelor's,12026
10015,Nikhil Gupta,Male,1989-08-28,4,109,2019-10-15,Resigned,Delhi,Bachelor's,12827
10016,Karan Chopra,Male,1984-01-01,1,101,2021-03-11,Resigned,Delhi,Master's,10355
10017,Karan Chopra,Male,1999-10-04,6,112,2018-04-03,Active,Pune,Master's,10950
10018,Nikhil Bansal,Male,1970-10-19,3,107,2016-03-16,Active,Bengaluru,Bachelor's,13577
10019,Vivek Bansal,Male,1970-05-11,5,111,2023-12-29,Active,Mumbai,Diploma,13937
10020,Karan Chopra,Male,2001-10-08,3,107,2025-05-24,Active,Bengaluru,Bachelor's,11168
10021,Priya Malhotra,Female,1967-01-05,4,109,2025-11-26,Active,Delhi,Bachelor's,14490
10022,Nikhil Reddy,Male,2001-05-18,6,113,2019-11-04,Resigned,Pune,Bachelor's,11698
10023,Aarav Gupta,Male,1995-05-24,7,114,2020-11-18,Active,Hyderabad,Diploma,13009
10024,Akash Iyer,Male,1999-10-07,3,105,2018-08-05,Resigned,Bengaluru,PhD,13654
10025,Aarav Bansal,Male,1979-12-02,3,107,2019-05-05,Active,Bengaluru,Master's,12075
10026,Kavya Singh,Female,1981-06-16,4,108,2019-07-24,Active,Delhi,Bachelor's,14270
10027,Nikhil Shah,Male,1979-10-27,7,114,2025-02-27,Resigned,Hyderabad,Master's,12700
10028,Arjun Kapoor,Male,1969-11-01,7,114,2019-04-28,Active,Hyderabad,Master's,11902
10029,Neha Singh,Female,1986-10-10,2,104,2025-08-09,Resigned,Mumbai,Bachelor's,13904
10030,Arjun Patel,Male,1975-03-11,2,103,2019-10-02,Active,Mumbai,Master's,13479
10031,Sneha Verma,Female,1992-11-16,4,108,2018-12-05,Resigned,Delhi,Bachelor's,11523
10032,Varun Reddy,Male,1978-06-09,2,104,2023-03-03,Active,Mumbai,Master's,14546
10033,Nikhil Verma,Male,2003-01-28,3,105,2018-12-19,Active,Bengaluru,Bachelor's,14669
10034,Pooja Mehta,Female,1967-06-18,2,104,2016-03-01,Resigned,Mumbai,Bachelor's,14020
10035,Shreya Iyer,Female,1975-09-13,5,111,2021-09-08,Active,Mumbai,Bachelor's,14528
10036,Nisha Bansal,Female,1994-02-28,8,117,2019-07-07,Active,Pune,Bachelor's,11526
10037,Mohit Verma,Male,2002-03-28,8,117,2017-01-09,Active,Pune,Bachelor's,10837
10038,Ankit Agarwal,Male,1969-02-27,3,106,2017-09-15,Active,Bengaluru,Master's,14486
10039,Meera Singh,Female,1986-04-04,5,111,2025-04-21,Active,Mumbai,Master's,12877
10040,Nikhil Desai,Male,1977-10-17,7,115,2022-06-11,Resigned,Hyderabad,Bachelor's,12385
10041,Ankit Singh,Male,1985-08-16,2,103,2023-04-11,Active,Mumbai,Diploma,10864
10042,Manish Kapoor,Male,2001-05-28,5,111,2018-06-14,Resigned,Mumbai,Master's,14076
10043,Varun Chopra,Male,1989-08-06,3,107,2017-04-29,Resigned,Bengaluru,Bachelor's,11619
10044,Pooja Nair,Female,1985-02-23,3,106,2019-01-22,Active,Bengaluru,Bachelor's,14374
10045,Rahul Bansal,Male,1992-10-15,3,106,2020-09-19,Resigned,Bengaluru,Master's,10635
10046,Priya Joshi,Female,1968-09-23,1,101,2022-06-20,Active,Delhi,Master's,14396
10047,Aditya Joshi,Male,1993-11-21,5,111,2018-12-23,Active,Mumbai,Master's,13357
10048,Mohit Sharma,Male,1999-04-11,3,106,2020-08-28,Active,Bengaluru,Bachelor's,11850
10049,Nikhil Kumar,Male,1987-08-06,3,107,2020-12-16,Active,Bengaluru,Bachelor's,11136
10050,Vivek Bansal,Male,1971-05-23,2,104,2019-12-17,Active,Mumbai,Master's,10320
10051,Pooja Bansal,Female,1973-11-19,7,115,2024-06-27,Active,Hyderabad,Master's,12429
10052,Isha Kumar,Female,1987-09-04,4,108,2024-02-18,Active,Delhi,PhD,12473
10053,Aanya Iyer,Female,1967-12-04,4,108,2023-09-02,Active,Delhi,Bachelor's,11072
10054,Priya Kumar,Female,1973-08-06,4,109,2022-10-03,Terminated,Delhi,Master's,11933
10055,Riya Iyer,Female,1968-11-01,3,105,2020-02-01,Active,Bengaluru,Diploma,13297
10056,Isha Mehta,Female,1989-02-09,3,105,2021-04-06,Active,Bengaluru,Bachelor's,13310
10057,Rahul Kumar,Male,1970-06-23,6,112,2016-10-16,Active,Pune,Bachelor's,14869
10058,Rahul Joshi,Male,1982-11-09,2,103,2016-03-11,Active,Mumbai,PhD,10575
10059,Ankit Sharma,Male,1971-03-05,2,103,2017-08-22,Active,Mumbai,Diploma,11001
10060,Siddharth Nair,Male,1999-05-10,6,113,2019-02-05,Active,Pune,Bachelor's,11479
10061,Ankit Desai,Male,1995-07-02,3,107,2020-09-21,Terminated,Bengaluru,Master's,10568
10062,Varun Mishra,Male,2002-04-27,3,105,2017-02-07,Active,Bengaluru,Bachelor's,13522
10063,Isha Kapoor,Female,1996-04-28,4,109,2025-04-16,Active,Delhi,Bachelor's,12767
10064,Akash Desai,Male,1999-08-26,4,109,2019-08-13,Active,Delhi,Master's,12495
10065,Nikhil Kapoor,Male,1992-03-02,5,111,2022-02-04,Resigned,Mumbai,Master's,11575
10066,Nikhil Agarwal,Male,1969-09-28,5,111,2024-08-14,Active,Mumbai,Bachelor's,14028
10067,Karan Verma,Male,1994-11-04,5,111,2025-05-26,Active,Mumbai,Master's,14593
10068,Simran Desai,Female,1986-09-06,6,113,2017-10-06,Resigned,Pune,Bachelor's,14003
10069,Ankit Joshi,Male,1981-01-27,3,106,2017-03-03,Active,Bengaluru,Master's,10990
10070,Riya Sharma,Female,1974-03-07,3,105,2019-05-18,Active,Bengaluru,Master's,13202
10071,Neha Verma,Female,1971-09-08,4,108,2025-04-22,Active,Delhi,Bachelor's,10261
10072,Arjun Sinha,Male,1968-12-21,3,107,2019-09-12,Active,Bengaluru,Master's,14691
10073,Aarav Patel,Male,1991-12-13,8,117,2022-03-18,Active,Pune,Bachelor's,11659
10074,Priya Desai,Female,1971-08-18,6,113,2017-05-03,Active,Pune,Bachelor's,10466
10075,Sneha Iyer,Female,1987-03-24,2,104,2017-11-22,Resigned,Mumbai,Master's,14273
10076,Priya Nair,Female,1975-09-26,1,102,2023-01-24,Active,Delhi,Diploma,11469
10077,Divya Mehta,Female,1972-08-20,1,101,2016-07-08,Active,Delhi,Diploma,10601
10078,Manish Bansal,Male,1972-06-27,3,105,2021-02-28,Terminated,Bengaluru,Bachelor's,11529
10079,Rahul Kapoor,Male,2001-05-12,2,104,2018-12-21,Resigned,Mumbai,Bachelor's,14273
10080,Karan Desai,Male,1969-04-09,4,108,2017-08-30,Terminated,Delhi,Master's,12177
10081,Aanya Agarwal,Female,1971-10-03,7,114,2024-08-23,Active,Hyderabad,Master's,10879
10082,Priya Singh,Female,1986-01-07,6,113,2023-08-02,Active,Pune,Bachelor's,14385
10083,Aarav Sinha,Male,2000-10-08,3,106,2023-03-26,Resigned,Bengaluru,Bachelor's,10202
10084,Manish Mehta,Male,1966-11-13,3,107,2023-03-03,Active,Bengaluru,Bachelor's,10974
10085,Mohit Singh,Male,1988-03-19,4,108,2018-12-18,Active,Delhi,Bachelor's,12325
10086,Nikhil Iyer,Male,1966-06-16,6,113,2018-07-07,Active,Pune,Bachelor's,13137
10087,Priya Patel,Female,1976-02-06,6,113,2025-02-17,Active,Pune,Bachelor's,12733
10088,Divya Iyer,Female,1990-05-07,7,114,2018-03-10,Active,Hyderabad,Bachelor's,11775
10089,Isha Mishra,Female,2002-09-09,4,109,2017-03-24,Active,Delhi,Master's,13848
10090,Aarav Bansal,Male,1970-01-23,5,111,2023-11-15,Active,Mumbai,Master's,11603
10091,Ankit Verma,Male,1987-03-04,2,104,2022-07-18,Active,Mumbai,Master's,11076
10092,Neha Mehta,Female,1966-02-01,4,108,2024-11-06,Active,Delhi,Master's,14098
10093,Priya Mishra,Female,1990-10-03,3,107,2021-07-24,Active,Bengaluru,Bachelor's,11496
10094,Neha Shah,Female,1978-10-09,4,109,2018-05-17,Terminated,Delhi,Master's,13438
10095,Sneha Gupta,Female,1982-01-15,5,110,2024-10-22,Terminated,Mumbai,Master's,11395
10096,Nikhil Mehta,Male,2002-03-27,3,107,2023-10-13,Active,Bengaluru,Master's,10020
10097,Siddharth Bansal,Male,1996-05-03,1,101,2019-04-28,Resigned,Delhi,Diploma,11291
10098,Arjun Agarwal,Male,1978-04-04,1,101,2016-03-03,Active,Delhi,Master's,13800
10099,Varun Nair,Male,1994-01-06,1,102,2024-02-17,Active,Delhi,Master's,14208
10100,Manish Patel,Male,1977-11-12,1,102,2019-02-14,Active,Delhi,Bachelor's,10323
10101,Vivek Bansal,Male,1995-07-28,2,104,2023-10-08,Resigned,Mumbai,PhD,14805
10102,Priya Patel,Female,2001-07-13,3,105,2016-05-31,Active,Bengaluru,Bachelor's,13676
10103,Karan Bansal,Male,2002-06-23,3,106,2020-05-13,Active,Bengaluru,Bachelor's,14063
10104,Karan Mehta,Male,1986-03-21,8,117,2017-05-14,Active,Pune,Bachelor's,14503
10105,Divya Malhotra,Female,1992-07-10,3,106,2017-12-24,Active,Bengaluru,Bachelor's,13409
10106,Yash Patel,Male,1983-05-26,2,103,2019-04-19,Active,Mumbai,Master's,14704
10107,Manish Patel,Male,1980-02-06,4,109,2020-04-20,Active,Delhi,Bachelor's,12860
10108,Nisha Kapoor,Female,1969-07-11,7,115,2019-07-11,Resigned,Hyderabad,Bachelor's,12820
10109,Aditya Shah,Male,1966-02-26,5,110,2020-02-17,Active,Mumbai,Master's,14313
10110,Mohit Chopra,Male,1974-08-21,3,105,2017-11-02,Active,Bengaluru,Diploma,14945
10111,Arjun Sinha,Male,1983-11-24,4,108,2020-05-24,Active,Delhi,Master's,14157
10112,Nikhil Joshi,Male,1984-03-02,6,112,2025-08-24,Active,Pune,Master's,14328
10113,Riya Gupta,Female,1993-07-05,6,113,2025-06-06,Resigned,Pune,Bachelor's,12922
10114,Tanya Sinha,Female,1989-05-13,5,110,2021-12-23,Terminated,Mumbai,PhD,12097
10115,Ananya Kumar,Female,1981-08-09,7,114,2022-12-09,Terminated,Hyderabad,Bachelor's,10289
10116,Aanya Singh,Female,1977-08-10,7,114,2019-09-17,Active,Hyderabad,Master's,10255
10117,Nisha Bansal,Female,1980-02-10,4,109,2022-02-07,Active,Delhi,Master's,13216
10118,Nikhil Patel,Male,1999-11-23,4,108,2021-10-08,Active,Delhi,Master's,10631
10119,Kavya Mishra,Female,2000-11-05,5,110,2020-06-12,Active,Mumbai,Bachelor's,12973
10120,Manish Shah,Male,2003-07-03,6,112,2022-08-14,Terminated,Pune,Diploma,10582
10121,Aanya Joshi,Female,1967-04-23,1,102,2018-03-25,Active,Delhi,Master's,11482
10122,Riya Shah,Female,1973-02-18,8,116,2022-06-06,Active,Pune,PhD,10590
10123,Karan Mishra,Male,1993-01-01,3,107,2018-10-25,Resigned,Bengaluru,Bachelor's,13973
10124,Akash Singh,Male,1969-12-17,4,109,2017-11-13,Active,Delhi,Bachelor's,14247
10125,Ankit Mishra,Male,1967-06-13,7,115,2025-01-10,Active,Hyderabad,Bachelor's,14739
10126,Yash Kapoor,Male,1974-05-26,3,106,2020-01-09,Resigned,Bengaluru,Master's,11919
10127,Simran Bansal,Female,1995-08-21,4,108,2020-02-25,Active,Delhi,Diploma,14345
10128,Meera Patel,Female,1975-01-28,2,103,2023-04-27,Active,Mumbai,Master's,11112
10129,Aarav Malhotra,Male,1981-08-06,3,105,2017-05-27,Active,Bengaluru,Master's,13587
10130,Varun Patel,Male,1972-08-13,2,103,2017-07-11,Active,Mumbai,Bachelor's,11783
10131,Vivek Desai,Male,1966-02-26,3,107,2020-03-21,Active,Bengaluru,Bachelor's,10401
10132,Vivek Gupta,Male,1968-08-22,3,106,2023-04-27,Active,Bengaluru,Master's,10187
10133,Rahul Verma,Male,1980-01-13,8,116,2023-10-21,Active,Pune,Bachelor's,10353
10134,Akash Verma,Male,1985-01-10,8,116,2023-11-12,Active,Pune,Bachelor's,12801
10135,Shreya Joshi,Female,1969-12-05,2,103,2024-04-04,Active,Mumbai,Diploma,13392
10136,Nikhil Shah,Male,1999-07-20,6,113,2024-10-21,Active,Pune,Bachelor's,14811
10137,Nikhil Chopra,Male,1978-10-05,1,102,2021-02-18,Active,Delhi,Bachelor's,13195
10138,Nisha Kapoor,Female,1979-10-03,1,102,2024-10-25,Resigned,Delhi,Master's,14254
10139,Vivek Singh,Male,1970-02-02,2,104,2025-06-20,Active,Mumbai,Master's,14405
10140,Neha Sharma,Female,1980-05-04,8,116,2019-11-17,Active,Pune,PhD,14746
10141,Kavya Malhotra,Female,1987-02-21,8,116,2018-02-22,Active,Pune,Bachelor's,13851
10142,Ankit Patel,Male,1995-10-09,3,107,2020-01-23,Active,Bengaluru,Diploma,14900
10143,Rohan Kapoor,Male,1976-08-09,2,103,2021-05-20,Resigned,Mumbai,Bachelor's,12479
10144,Siddharth Sinha,Male,1983-09-24,3,105,2020-01-26,Resigned,Bengaluru,Diploma,13393
10145,Vivek Sinha,Male,1976-09-04,4,109,2021-12-20,Active,Delhi,Bachelor's,12107
10146,Rahul Iyer,Male,1977-08-18,4,109,2020-04-16,Active,Delhi,Bachelor's,14607
10147,Pooja Iyer,Female,1966-09-25,3,107,2021-07-08,Active,Bengaluru,Bachelor's,14994
10148,Nikhil Bansal,Male,1984-11-03,6,112,2019-09-30,Active,Pune,Diploma,12295
10149,Vivek Singh,Male,1995-06-28,3,107,2024-02-27,Active,Bengaluru,Bachelor's,13021
10150,Yash Nair,Male,1973-07-19,7,114,2016-11-19,Active,Hyderabad,Bachelor's,14404
10151,Riya Singh,Female,1985-05-17,5,111,2017-06-01,Resigned,Mumbai,Bachelor's,10393
10152,Mohit Bansal,Male,1972-11-19,4,108,2023-09-14,Resigned,Delhi,Master's,14221
10153,Arjun Singh,Male,2003-12-24,6,112,2016-02-19,Active,Pune,Bachelor's,14364
10154,Rahul Gupta,Male,2001-03-08,6,112,2023-05-22,Active,Pune,Bachelor's,13873
10155,Simran Nair,Female,1993-09-22,3,107,2017-12-13,Active,Bengaluru,Bachelor's,12028
10156,Siddharth Gupta,Male,1983-07-22,3,105,2024-10-11,Resigned,Bengaluru,Bachelor's,14667
10157,Divya Verma,Female,1999-08-14,7,115,2022-08-22,Active,Hyderabad,Master's,13251
10158,Simran Chopra,Female,2002-07-10,2,104,2024-03-09,Active,Mumbai,Bachelor's,11040
10159,Aditya Malhotra,Male,1990-01-03,1,101,2018-08-16,Active,Delhi,Master's,13429
10160,Tanya Shah,Female,1975-03-03,4,108,2024-01-26,Active,Delhi,Bachelor's,14378
10161,Arjun Sinha,Male,2000-04-17,6,112,2016-09-26,Terminated,Pune,Master's,10236
10162,Meera Kapoor,Female,1999-11-02,6,112,2023-08-23,Active,Pune,Master's,13194
10163,Meera Desai,Female,1968-12-05,7,114,2016-11-01,Resigned,Hyderabad,Master's,12269
10164,Rahul Verma,Male,1967-11-22,4,109,2023-10-24,Active,Delhi,Diploma,11926
10165,Nikhil Sharma,Male,1976-09-02,2,104,2016-10-17,Resigned,Mumbai,Master's,12575
10166,Kavya Reddy,Female,1996-12-09,4,109,2017-04-25,Active,Delhi,Bachelor's,14416
10167,Siddharth Gupta,Male,1990-07-09,6,113,2024-07-30,Active,Pune,Bachelor's,13194
10168,Akash Kapoor,Male,1977-04-23,2,104,2025-05-05,Active,Mumbai,Master's,13657
10169,Vivek Joshi,Male,2002-01-24,2,103,2021-07-07,Active,Mumbai,PhD,14637
10170,Isha Reddy,Female,1993-07-23,1,101,2020-09-14,Active,Delhi,Diploma,14719
10171,Divya Kumar,Female,1983-02-10,5,111,2018-09-28,Active,Mumbai,Master's,13123
10172,Karan Singh,Male,1999-09-11,7,114,2019-06-20,Resigned,Hyderabad,Bachelor's,13786
10173,Aarav Malhotra,Male,1991-08-01,5,110,2024-03-18,Active,Mumbai,Bachelor's,13421
10174,Aditya Joshi,Male,1995-11-01,8,117,2021-03-28,Active,Pune,Master's,14346
10175,Kavya Verma,Female,1967-05-18,1,102,2025-02-15,Resigned,Delhi,Bachelor's,14053
10176,Aarav Mehta,Male,1999-01-10,7,115,2023-05-04,Active,Hyderabad,Diploma,10081
10177,Kavya Sinha,Female,1988-12-13,6,112,2018-07-01,Active,Pune,Bachelor's,12283
10178,Yash Sinha,Male,1971-11-08,3,106,2021-08-23,Resigned,Bengaluru,Master's,11169
10179,Riya Mishra,Female,1999-12-13,8,117,2017-07-14,Terminated,Pune,Bachelor's,12927
10180,Rohan Agarwal,Male,1985-04-02,3,105,2022-10-29,Active,Bengaluru,Bachelor's,10768
10181,Arjun Reddy,Male,1965-05-12,7,114,2019-01-30,Resigned,Hyderabad,Bachelor's,13185
10182,Varun Mishra,Male,1970-11-13,7,115,2023-01-22,Active,Hyderabad,Master's,10511
10183,Simran Sinha,Female,2003-12-22,6,112,2021-07-05,Active,Pune,Master's,14906
10184,Shreya Sinha,Female,1998-08-15,4,109,2023-10-05,Active,Delhi,Master's,11208
10185,Siddharth Singh,Male,1982-07-07,2,103,2021-04-22,Active,Mumbai,Master's,11152
10186,Divya Bansal,Female,1989-01-19,4,109,2018-09-13,Active,Delhi,Diploma,13508
10187,Divya Singh,Female,1979-03-07,3,107,2022-10-26,Active,Bengaluru,Bachelor's,11930
10188,Rohan Reddy,Male,1996-12-14,6,112,2017-09-04,Active,Pune,Bachelor's,14966
10189,Vivek Nair,Male,1982-02-26,6,112,2025-07-02,Active,Pune,Bachelor's,12140
10190,Mohit Nair,Male,1995-07-16,7,115,2016-03-02,Active,Hyderabad,Bachelor's,14953
10191,Karan Reddy,Male,1993-09-01,1,102,2020-10-18,Resigned,Delhi,Master's,11356
10192,Meera Singh,Female,1979-12-02,6,113,2020-05-04,Active,Pune,Bachelor's,14562
10193,Tanya Bansal,Female,1987-11-22,7,114,2023-02-07,Resigned,Hyderabad,Bachelor's,11565
10194,Tanya Desai,Female,2002-02-14,6,112,2022-12-16,Resigned,Pune,Bachelor's,11793
10195,Yash Mishra,Male,1975-12-18,2,103,2025-09-16,Active,Mumbai,Diploma,10527
10196,Rahul Sinha,Male,1979-05-07,2,104,2025-10-04,Active,Mumbai,Bachelor's,10468
10197,Aanya Nair,Female,1987-04-13,1,101,2024-05-16,Active,Delhi,Master's,13757
10198,Neha Shah,Female,1967-06-28,5,111,2016-01-17,Terminated,Mumbai,Diploma,12987
10199,Sneha Shah,Female,1983-03-04,5,111,2025-04-05,Active,Mumbai,Bachelor's,13812
10200,Priya Chopra,Female,1965-04-20,8,117,2016-01-10,Active,Pune,Master's,11372
10201,Divya Singh,Female,1988-12-01,3,106,2025-08-10,Active,Bengaluru,Bachelor's,12682
10202,Aditya Desai,Male,1975-04-20,3,105,2023-04-05,Active,Bengaluru,Master's,14420
10203,Aditya Iyer,Male,1994-06-09,5,110,2017-02-27,Active,Mumbai,Bachelor's,12456
10204,Shreya Bansal,Female,1975-10-06,6,112,2022-02-21,Active,Pune,Master's,11712
10205,Kavya Bansal,Female,2003-06-07,7,114,2017-06-10,Active,Hyderabad,Bachelor's,12007
10206,Rahul Singh,Male,1965-07-16,6,112,2023-06-07,Active,Pune,Master's,13984
10207,Siddharth Verma,Male,1976-01-24,4,108,2016-09-13,Active,Delhi,Diploma,11970
10208,Priya Patel,Female,1968-01-09,5,111,2017-01-17,Resigned,Mumbai,Bachelor's,11042
10209,Karan Kapoor,Male,1989-04-25,7,114,2017-06-17,Active,Hyderabad,Master's,12011
10210,Nikhil Malhotra,Male,1972-08-25,4,109,2016-08-26,Resigned,Delhi,Bachelor's,10480
10211,Manish Joshi,Male,1979-06-25,3,106,2025-06-25,Resigned,Bengaluru,Diploma,10664
10212,Neha Kapoor,Female,1994-04-19,2,104,2019-08-09,Active,Mumbai,Bachelor's,11173
10213,Isha Kumar,Female,1996-03-08,1,102,2023-09-13,Resigned,Delhi,Bachelor's,13757
10214,Siddharth Iyer,Male,1999-02-28,6,112,2021-12-13,Active,Pune,Master's,10986
10215,Neha Mehta,Female,1985-06-25,2,103,2024-12-07,Resigned,Mumbai,Master's,10079
10216,Aarav Reddy,Male,1995-09-08,3,105,2025-06-03,Active,Bengaluru,Bachelor's,14705
10217,Karan Chopra,Male,2000-08-17,3,106,2020-10-09,Resigned,Bengaluru,Bachelor's,10366
10218,Neha Reddy,Female,1991-11-07,4,108,2025-06-06,Active,Delhi,Master's,14074
10219,Simran Reddy,Female,1972-01-25,3,105,2018-10-26,Active,Bengaluru,Bachelor's,14200
10220,Neha Desai,Female,1987-03-01,5,111,2018-02-25,Active,Mumbai,Master's,11592
10221,Shreya Mehta,Female,1987-08-07,1,102,2018-12-22,Active,Delhi,Bachelor's,14055
10222,Pooja Agarwal,Female,1997-02-23,2,103,2024-04-08,Active,Mumbai,Master's,12023
10223,Yash Iyer,Male,1977-05-15,4,109,2017-07-12,Active,Delhi,Diploma,14459
10224,Aditya Nair,Male,2003-07-10,3,105,2018-04-23,Resigned,Bengaluru,Bachelor's,10155
10225,Aarav Shah,Male,1999-12-23,3,106,2017-08-24,Active,Bengaluru,Bachelor's,10314
10226,Akash Sharma,Male,1980-02-18,1,102,2021-04-27,Active,Delhi,Master's,14077
10227,Divya Agarwal,Female,1976-07-19,7,115,2023-12-16,Active,Hyderabad,Bachelor's,10182
10228,Aarav Singh,Male,1995-04-14,5,111,2019-06-03,Active,Mumbai,Master's,11399
10229,Isha Bansal,Female,1969-07-02,2,103,2021-07-21,Resigned,Mumbai,Diploma,12547
10230,Isha Kumar,Female,1989-02-09,1,101,2025-04-05,Active,Delhi,Bachelor's,11544
10231,Simran Sharma,Female,1985-11-01,8,117,2019-01-20,Active,Pune,Master's,14884
10232,Karan Mishra,Male,1967-12-12,5,111,2024-06-25,Active,Mumbai,Bachelor's,12879
10233,Riya Chopra,Female,1974-03-10,3,107,2022-11-17,Active,Bengaluru,Diploma,12670
10234,Karan Desai,Male,1987-04-05,5,110,2022-10-14,Resigned,Mumbai,Bachelor's,10393
10235,Aditya Kumar,Male,1981-03-09,6,113,2016-02-23,Active,Pune,PhD,10820
10236,Pooja Patel,Female,1999-05-23,6,113,2018-01-30,Terminated,Pune,Diploma,11773
10237,Ankit Nair,Male,1989-11-13,4,108,2017-09-21,Active,Delhi,Diploma,11921
10238,Yash Kumar,Male,1966-07-27,4,109,2025-02-02,Resigned,Delhi,Bachelor's,11933
10239,Simran Iyer,Female,1991-09-02,1,102,2019-11-19,Terminated,Delhi,Bachelor's,12460
10240,Aarav Sharma,Male,1973-03-20,7,114,2025-05-26,Active,Hyderabad,Bachelor's,14251
10241,Shreya Gupta,Female,1968-08-01,5,110,2025-10-18,Resigned,Mumbai,Master's,12259
10242,Isha Gupta,Female,1990-09-21,3,105,2016-06-27,Active,Bengaluru,Bachelor's,11658
10243,Simran Mehta,Female,1996-04-13,7,114,2016-04-11,Active,Hyderabad,Master's,11107
10244,Rohan Shah,Male,1993-08-14,7,115,2016-03-23,Active,Hyderabad,Bachelor's,13862
10245,Vivek Shah,Male,1986-09-03,8,117,2020-03-08,Active,Pune,Master's,12750
10246,Kavya Desai,Female,1977-04-17,7,115,2018-12-17,Active,Hyderabad,PhD,13887
10247,Aditya Bansal,Male,1987-12-14,8,117,2021-05-03,Active,Pune,Bachelor's,10792
10248,Shreya Verma,Female,1995-03-10,3,105,2024-05-11,Resigned,Bengaluru,Bachelor's,14799
10249,Neha Mishra,Female,2000-05-24,7,114,2025-08-24,Resigned,Hyderabad,Master's,12269
10250,Kavya Kumar,Female,1995-01-17,6,113,2021-02-23,Active,Pune,Bachelor's,13502
10251,Rohan Shah,Male,1979-03-16,3,105,2025-07-07,Active,Bengaluru,Bachelor's,12142
10252,Aarav Malhotra,Male,1978-09-09,2,103,2018-01-03,Resigned,Mumbai,PhD,12650
10253,Aanya Verma,Female,1999-01-20,8,116,2025-11-25,Resigned,Pune,Bachelor's,14349
10254,Rohan Iyer,Male,1988-12-24,3,106,2023-08-15,Active,Bengaluru,Diploma,10494
10255,Ankit Joshi,Male,1994-02-20,7,115,2020-02-25,Active,Hyderabad,Master's,14008
10256,Vivek Kapoor,Male,1994-07-23,1,101,2025-04-23,Resigned,Delhi,Bachelor's,13151
10257,Isha Desai,Female,1991-05-23,1,102,2020-01-13,Resigned,Delhi,Bachelor's,13635
10258,Simran Reddy,Female,1978-06-02,4,108,2023-12-18,Active,Delhi,Diploma,13117
10259,Nisha Sinha,Female,1975-09-05,3,106,2024-10-01,Terminated,Bengaluru,Bachelor's,13735
10260,Arjun Singh,Male,1990-02-22,5,111,2022-04-06,Active,Mumbai,Master's,14928
10261,Sneha Reddy,Female,1985-10-21,4,108,2021-03-28,Terminated,Delhi,Master's,11983
10262,Neha Joshi,Female,1973-02-10,1,101,2016-11-01,Active,Delhi,Bachelor's,13005
10263,Arjun Joshi,Male,1965-10-23,2,104,2016-02-06,Active,Mumbai,Master's,10593
10264,Aarav Joshi,Male,1970-10-18,3,105,2022-07-07,Active,Bengaluru,Bachelor's,13988
10265,Ananya Mehta,Female,1965-07-06,3,105,2018-11-28,Resigned,Bengaluru,Master's,10251
10266,Shreya Singh,Female,1986-12-28,6,112,2016-12-10,Active,Pune,Bachelor's,10441
10267,Pooja Patel,Female,1977-04-20,3,107,2024-10-06,Resigned,Bengaluru,Bachelor's,10048
10268,Divya Bansal,Female,2002-12-22,2,103,2021-01-20,Active,Mumbai,Bachelor's,10422
10269,Aditya Malhotra,Male,1995-09-26,4,109,2023-03-18,Resigned,Delhi,Diploma,14319
10270,Aditya Iyer,Male,1979-06-22,2,104,2018-08-15,Active,Mumbai,Bachelor's,11121
10271,Riya Chopra,Female,1966-11-01,2,104,2025-06-13,Active,Mumbai,Bachelor's,11572
10272,Neha Nair,Female,1995-05-17,3,107,2018-10-29,Active,Bengaluru,PhD,14083
10273,Isha Iyer,Female,1990-11-14,7,115,2025-10-09,Active,Hyderabad,PhD,11847
10274,Meera Nair,Female,1966-09-10,7,114,2022-09-10,Active,Hyderabad,Master's,12297
10275,Aarav Agarwal,Male,1975-04-02,6,113,2023-07-16,Active,Pune,Bachelor's,12702
10276,Rohan Reddy,Male,1997-09-06,3,105,2022-07-01,Active,Bengaluru,Bachelor's,13866
10277,Aanya Sinha,Female,1982-11-26,3,106,2021-12-04,Active,Bengaluru,Bachelor's,11217
10278,Meera Malhotra,Female,1985-03-13,4,109,2021-04-14,Active,Delhi,Bachelor's,11578
10279,Tanya Gupta,Female,1995-12-18,6,113,2021-12-29,Active,Pune,Diploma,14052
10280,Pooja Iyer,Female,1990-06-10,8,117,2022-05-25,Active,Pune,Bachelor's,14343
10281,Shreya Bansal,Female,1994-06-28,2,103,2022-08-02,Active,Mumbai,Diploma,10797
10282,Aditya Sharma,Male,2003-12-25,1,102,2021-03-10,Active,Delhi,Master's,12379
10283,Rahul Reddy,Male,1985-05-27,5,111,2019-06-17,Active,Mumbai,Master's,12969
10284,Manish Sharma,Male,1980-12-09,6,113,2019-05-19,Active,Pune,Bachelor's,10581
10285,Isha Sinha,Female,1971-05-02,7,115,2022-11-24,Active,Hyderabad,Master's,12953
10286,Siddharth Joshi,Male,1986-01-09,5,111,2020-09-14,Resigned,Mumbai,Bachelor's,11975
10287,Varun Nair,Male,1971-10-23,8,117,2021-08-17,Resigned,Pune,Bachelor's,10825
10288,Akash Nair,Male,1966-03-28,4,108,2024-02-02,Active,Delhi,Bachelor's,12997
10289,Siddharth Joshi,Male,2001-06-26,7,115,2017-09-14,Active,Hyderabad,Master's,10704
10290,Aanya Nair,Female,1978-04-25,8,117,2024-04-25,Active,Pune,Bachelor's,10319
10291,Varun Mehta,Male,1972-02-27,7,114,2021-05-30,Resigned,Hyderabad,Bachelor's,14446
10292,Vivek Verma,Male,1993-12-12,3,107,2024-01-09,Active,Bengaluru,Bachelor's,14185
10293,Kavya Singh,Female,1971-04-17,3,106,2025-01-28,Resigned,Bengaluru,Bachelor's,10990
10294,Arjun Kumar,Male,2002-07-20,4,108,2022-09-12,Active,Delhi,Bachelor's,10395
10295,Siddharth Malhotra,Male,1986-05-12,4,108,2022-05-12,Active,Delhi,Master's,14712
10296,Siddharth Malhotra,Male,1981-01-02,7,115,2024-05-02,Active,Hyderabad,Bachelor's,13661
10297,Divya Mehta,Female,1980-12-04,2,104,2024-11-27,Active,Mumbai,Master's,14237
10298,Yash Iyer,Male,1997-02-14,3,105,2019-09-29,Active,Bengaluru,Bachelor's,10682
10299,Sneha Nair,Female,2003-01-26,6,112,2021-07-11,Active,Pune,Diploma,10386
10300,Rahul Chopra,Male,1999-01-22,2,103,2017-07-02,Resigned,Mumbai,Master's,13074
10301,Varun Singh,Male,2002-02-03,3,107,2020-12-02,Resigned,Bengaluru,Bachelor's,10078
10302,Karan Desai,Male,1996-05-16,3,105,2017-01-19,Active,Bengaluru,Bachelor's,11216
10303,Mohit Bansal,Male,1967-03-06,5,110,2022-10-20,Active,Mumbai,Bachelor's,11974
10304,Priya Agarwal,Female,1967-07-26,2,104,2020-05-08,Resigned,Mumbai,Master's,10628
10305,Divya Mishra,Female,1972-06-18,7,114,2025-03-23,Active,Hyderabad,Master's,11234
10306,Ananya Kumar,Female,1995-09-18,4,109,2019-07-05,Active,Delhi,Bachelor's,11014
10307,Karan Singh,Male,1973-06-09,7,114,2017-01-10,Active,Hyderabad,Bachelor's,10681
10308,Yash Sharma,Male,1969-09-18,4,109,2020-02-26,Active,Delhi,Master's,14194
10309,Kavya Bansal,Female,1992-09-16,3,105,2025-01-27,Resigned,Bengaluru,Bachelor's,14620
10310,Nikhil Patel,Male,1979-08-23,2,104,2023-07-08,Active,Mumbai,Bachelor's,10402
10311,Varun Nair,Male,1991-11-08,1,102,2018-05-20,Active,Delhi,Master's,14340
10312,Nikhil Kumar,Male,1995-10-24,4,108,2020-03-09,Active,Delhi,Master's,11784
10313,Varun Bansal,Male,1982-01-09,2,104,2016-04-10,Active,Mumbai,Diploma,10809
10314,Kavya Nair,Female,2002-06-01,3,107,2024-10-10,Resigned,Bengaluru,Master's,13602
10315,Priya Kapoor,Female,1968-01-13,4,109,2025-11-18,Active,Delhi,Bachelor's,14365
10316,Tanya Bansal,Female,1985-07-10,3,106,2019-06-15,Active,Bengaluru,Master's,13419
10317,Nikhil Reddy,Male,1987-02-06,2,103,2020-07-03,Terminated,Mumbai,Bachelor's,10215
10318,Aditya Joshi,Male,1986-05-21,6,112,2023-09-27,Active,Pune,Bachelor's,11388
10319,Akash Malhotra,Male,1965-10-15,8,117,2023-07-11,Active,Pune,Bachelor's,12541
10320,Yash Iyer,Male,1989-12-22,2,104,2018-11-18,Active,Mumbai,Bachelor's,13692
10321,Varun Joshi,Male,1992-11-08,2,104,2022-06-01,Active,Mumbai,Bachelor's,12227
10322,Kavya Verma,Female,2001-05-08,8,117,2023-08-24,Active,Pune,Master's,10579
10323,Pooja Nair,Female,1975-05-10,1,102,2018-06-01,Active,Delhi,Bachelor's,11833
10324,Vivek Shah,Male,1986-06-24,8,116,2025-01-02,Active,Pune,Master's,14665
10325,Isha Iyer,Female,1989-02-23,1,102,2020-09-29,Active,Delhi,Bachelor's,14812
10326,Divya Verma,Female,1985-03-09,7,114,2024-02-14,Active,Hyderabad,Master's,12203
10327,Varun Sinha,Male,2000-10-07,3,107,2017-01-23,Active,Bengaluru,Bachelor's,12446
10328,Divya Kumar,Female,1984-03-24,7,114,2021-05-30,Active,Hyderabad,Diploma,14627
10329,Arjun Patel,Male,1980-10-02,3,105,2025-09-12,Resigned,Bengaluru,Bachelor's,10513
10330,Arjun Gupta,Male,1992-10-28,5,111,2016-06-16,Resigned,Mumbai,Diploma,14757
10331,Rohan Kapoor,Male,1993-08-07,2,104,2019-12-21,Active,Mumbai,Bachelor's,10215
10332,Sneha Gupta,Female,1990-12-05,3,105,2016-10-08,Resigned,Bengaluru,Bachelor's,10201
10333,Manish Bansal,Male,1966-04-11,6,112,2017-05-06,Active,Pune,PhD,13125
10334,Manish Mishra,Male,1974-10-28,4,109,2016-07-27,Active,Delhi,Master's,14700
10335,Aarav Joshi,Male,1977-10-01,7,114,2025-04-16,Resigned,Hyderabad,Master's,11327
10336,Manish Verma,Male,1979-04-22,4,109,2022-03-11,Active,Delhi,Bachelor's,13035
10337,Ananya Kapoor,Female,1973-06-18,7,114,2016-07-17,Active,Hyderabad,Master's,14359
10338,Kavya Reddy,Female,1991-09-13,4,108,2024-06-28,Active,Delhi,Bachelor's,13377
10339,Aditya Kumar,Male,1972-01-04,8,116,2022-08-27,Active,Pune,Bachelor's,10561
10340,Rohan Patel,Male,1970-04-18,8,116,2019-12-21,Active,Pune,Bachelor's,11985
10341,Nikhil Malhotra,Male,2000-08-27,3,105,2021-05-03,Active,Bengaluru,Bachelor's,14702
10342,Siddharth Shah,Male,1988-02-18,7,114,2017-07-02,Active,Hyderabad,Diploma,13252
10343,Rohan Kumar,Male,1967-02-15,7,114,2021-06-16,Active,Hyderabad,Bachelor's,10427
10344,Aditya Gupta,Male,1990-01-05,3,106,2023-04-01,Active,Bengaluru,Diploma,13917
10345,Rohan Singh,Male,2000-11-16,5,111,2016-06-12,Active,Mumbai,Master's,11139
10346,Simran Patel,Female,1985-04-02,1,101,2025-08-25,Active,Delhi,Master's,14710
10347,Riya Mishra,Female,1977-01-01,6,112,2022-05-13,Active,Pune,Bachelor's,11342
10348,Vivek Gupta,Male,1975-02-17,2,104,2021-01-25,Resigned,Mumbai,Bachelor's,10577
10349,Yash Bansal,Male,1972-09-18,1,101,2024-04-26,Active,Delhi,Master's,10476
10350,Simran Mehta,Female,1978-03-25,3,106,2018-07-12,Resigned,Bengaluru,Bachelor's,12083
10351,Manish Singh,Male,1997-05-13,4,109,2019-12-20,Resigned,Delhi,Master's,12171
10352,Divya Chopra,Female,1966-08-23,7,115,2017-06-08,Terminated,Hyderabad,Master's,11565
10353,Shreya Kumar,Female,1965-06-13,8,117,2023-12-09,Active,Pune,Bachelor's,13619
10354,Aarav Singh,Male,1975-02-04,4,108,2022-07-25,Active,Delhi,Diploma,10417
10355,Ankit Reddy,Male,1970-09-23,1,101,2020-08-10,Active,Delhi,PhD,12793
10356,Sneha Reddy,Female,1996-03-22,6,113,2016-05-30,Active,Pune,PhD,11135
10357,Mohit Verma,Male,1979-08-24,4,108,2020-01-09,Active,Delhi,Bachelor's,12907
10358,Simran Shah,Female,1976-08-13,4,109,2020-10-16,Active,Delhi,Diploma,12529
10359,Ananya Verma,Female,2001-08-26,3,107,2025-12-26,Active,Bengaluru,Master's,10908
10360,Ananya Agarwal,Female,1993-06-11,4,108,2016-06-12,Active,Delhi,Bachelor's,11632
10361,Siddharth Sinha,Male,1986-10-11,3,107,2016-10-07,Active,Bengaluru,Master's,11089
10362,Nisha Gupta,Female,1978-03-25,6,112,2024-08-30,Terminated,Pune,Master's,13648
10363,Rohan Bansal,Male,1983-03-28,4,108,2025-06-17,Terminated,Delhi,Master's,13649
10364,Ankit Patel,Male,1969-12-04,7,114,2024-12-16,Active,Hyderabad,Bachelor's,11739
10365,Ananya Joshi,Female,1999-10-01,4,108,2022-02-12,Active,Delhi,Master's,10360
10366,Karan Shah,Male,1989-02-06,3,107,2021-10-25,Terminated,Bengaluru,Bachelor's,13524
10367,Simran Shah,Female,2002-12-01,7,115,2020-08-24,Active,Hyderabad,Diploma,14026
10368,Meera Shah,Female,1973-12-25,4,109,2025-08-07,Active,Delhi,Bachelor's,12849
10369,Ankit Kapoor,Male,1971-08-18,3,107,2018-12-03,Active,Bengaluru,Bachelor's,13128
10370,Aarav Mehta,Male,1982-02-24,5,110,2020-11-16,Active,Mumbai,Master's,12162
10371,Vivek Mishra,Male,1966-12-27,3,107,2024-06-13,Active,Bengaluru,Master's,12079
10372,Manish Gupta,Male,1974-08-01,7,115,2020-11-12,Resigned,Hyderabad,Bachelor's,11535
10373,Rohan Patel,Male,1966-05-15,4,108,2016-09-15,Active,Delhi,Bachelor's,11127
10374,Isha Agarwal,Female,1972-11-18,6,112,2018-03-13,Resigned,Pune,Bachelor's,14531
10375,Akash Joshi,Male,1971-01-03,2,104,2016-08-09,Active,Mumbai,Bachelor's,14392
10376,Rahul Kapoor,Male,1999-03-13,3,105,2024-02-24,Active,Bengaluru,Master's,12749
10377,Isha Desai,Female,1987-10-09,8,117,2023-09-02,Active,Pune,Bachelor's,14119
10378,Arjun Gupta,Male,1972-10-01,6,112,2021-09-10,Active,Pune,Master's,14559
10379,Riya Agarwal,Female,1985-11-02,2,104,2021-06-10,Active,Mumbai,Master's,13720
10380,Manish Joshi,Male,1997-09-14,3,105,2018-05-24,Resigned,Bengaluru,Bachelor's,11848
10381,Manish Verma,Male,1965-05-25,3,107,2023-01-21,Active,Bengaluru,Bachelor's,10784
10382,Pooja Malhotra,Female,1976-06-10,5,110,2023-09-25,Active,Mumbai,Bachelor's,12629
10383,Tanya Desai,Female,1975-10-19,6,113,2018-04-11,Active,Pune,Bachelor's,14071
10384,Simran Verma,Female,1994-08-13,6,112,2023-03-27,Resigned,Pune,Bachelor's,13104
10385,Priya Mishra,Female,1968-09-18,4,108,2017-08-11,Active,Delhi,Bachelor's,12034
10386,Simran Bansal,Female,1998-09-04,6,112,2017-10-20,Active,Pune,PhD,14753
10387,Karan Joshi,Male,1987-08-05,4,109,2016-06-17,Active,Delhi,Bachelor's,11397
10388,Aarav Shah,Male,1996-06-20,2,103,2019-08-24,Active,Mumbai,Master's,13274
10389,Nisha Kumar,Female,1967-05-28,4,108,2023-07-24,Active,Delhi,Diploma,12777
10390,Shreya Chopra,Female,1992-01-28,8,116,2019-04-22,Terminated,Pune,Bachelor's,13461
10391,Pooja Kumar,Female,1968-03-04,6,112,2021-08-12,Active,Pune,Bachelor's,14852
10392,Arjun Desai,Male,1976-01-19,4,109,2020-09-01,Active,Delhi,Bachelor's,12005
10393,Mohit Sinha,Male,1988-04-14,5,110,2021-05-07,Resigned,Mumbai,Bachelor's,13220
10394,Meera Reddy,Female,1997-09-19,7,115,2024-04-29,Resigned,Hyderabad,Master's,13610
10395,Manish Mehta,Male,1967-11-16,4,109,2019-10-21,Active,Delhi,Bachelor's,11453
10396,Neha Reddy,Female,1968-03-04,3,107,2020-11-06,Active,Bengaluru,Master's,13279
10397,Ananya Sharma,Female,1994-09-25,8,117,2024-05-21,Terminated,Pune,Master's,12760
10398,Vivek Nair,Male,1970-01-15,7,115,2018-08-05,Active,Hyderabad,Master's,10372
10399,Tanya Patel,Female,1994-08-26,3,106,2016-03-15,Resigned,Bengaluru,Master's,13348
10400,Kavya Nair,Female,1972-01-02,4,108,2022-06-19,Active,Delhi,Diploma,10358
10401,Vivek Patel,Male,1982-10-27,3,106,2023-03-23,Active,Bengaluru,PhD,10510
10402,Divya Iyer,Female,1980-05-27,2,103,2018-05-28,Active,Mumbai,Master's,10010
10403,Yash Kapoor,Male,1970-11-14,8,116,2021-07-27,Resigned,Pune,Master's,13361
10404,Tanya Kapoor,Female,1988-12-06,3,106,2022-06-14,Terminated,Bengaluru,Bachelor's,13049
10405,Siddharth Mishra,Male,1992-02-26,7,114,2022-09-24,Active,Hyderabad,Bachelor's,12069
10406,Meera Nair,Female,1996-05-19,3,106,2024-06-10,Active,Bengaluru,Master's,10033
10407,Karan Sharma,Male,1989-07-28,4,108,2018-06-08,Active,Delhi,Master's,11622
10408,Vivek Kumar,Male,1992-12-17,1,102,2022-02-23,Resigned,Delhi,Master's,13639
10409,Sneha Verma,Female,1985-05-12,6,113,2022-06-10,Active,Pune,Master's,11633
10410,Varun Verma,Male,1972-03-27,4,108,2019-11-18,Resigned,Delhi,Bachelor's,13517
10411,Akash Shah,Male,2000-02-28,5,111,2025-02-07,Active,Mumbai,Bachelor's,13730
10412,Simran Mishra,Female,1973-12-03,1,101,2016-02-22,Active,Delhi,Master's,14012
10413,Nisha Patel,Female,1985-10-04,3,106,2016-05-10,Active,Bengaluru,Diploma,10646
10414,Kavya Joshi,Female,1965-11-02,1,101,2021-03-10,Active,Delhi,Master's,14396
10415,Shreya Desai,Female,1968-02-03,3,107,2021-03-30,Active,Bengaluru,Master's,10586
10416,Ankit Shah,Male,1974-02-14,5,111,2019-03-17,Resigned,Mumbai,Bachelor's,10978
10417,Siddharth Joshi,Male,1990-06-02,4,108,2020-12-21,Active,Delhi,Diploma,10407
10418,Nikhil Sinha,Male,1967-01-08,5,111,2019-08-23,Active,Mumbai,Master's,12259
10419,Neha Kumar,Female,1973-10-20,4,108,2017-12-26,Resigned,Delhi,Bachelor's,13253
10420,Neha Verma,Female,1996-02-20,3,105,2025-09-17,Resigned,Bengaluru,Bachelor's,12853
10421,Neha Sinha,Female,1967-11-18,3,105,2019-03-21,Active,Bengaluru,Master's,10784
10422,Isha Mishra,Female,1968-11-16,2,104,2017-06-17,Active,Mumbai,Master's,10300
10423,Yash Iyer,Male,1970-05-07,7,114,2020-07-06,Active,Hyderabad,Master's,13094
10424,Mohit Iyer,Male,1973-06-02,5,110,2023-02-21,Active,Mumbai,Bachelor's,14356
10425,Karan Singh,Male,1990-11-13,3,105,2021-10-18,Active,Bengaluru,Bachelor's,13837
10426,Akash Gupta,Male,1966-04-24,2,104,2024-04-21,Active,Mumbai,Master's,13222
10427,Ankit Desai,Male,1966-12-16,7,115,2018-12-06,Active,Hyderabad,Bachelor's,12238
10428,Nisha Sharma,Female,1985-07-07,6,112,2019-03-29,Resigned,Pune,Bachelor's,11023
10429,Vivek Agarwal,Male,1986-12-12,5,110,2025-08-05,Resigned,Mumbai,Bachelor's,10585
10430,Siddharth Sharma,Male,1967-04-01,3,106,2024-11-14,Terminated,Bengaluru,Bachelor's,13943
10431,Rahul Joshi,Male,1999-07-06,3,105,2022-12-17,Resigned,Bengaluru,Bachelor's,10420
10432,Tanya Kumar,Female,2002-08-27,8,116,2022-11-16,Active,Pune,Bachelor's,10280
10433,Divya Verma,Female,1997-05-24,6,112,2018-12-27,Active,Pune,Bachelor's,13558
10434,Siddharth Singh,Male,1979-10-27,3,107,2022-03-26,Active,Bengaluru,PhD,12962
10435,Siddharth Sinha,Male,1975-08-09,7,114,2021-08-29,Active,Hyderabad,Bachelor's,11052
10436,Priya Sharma,Female,1974-01-03,6,112,2024-03-24,Active,Pune,Bachelor's,12032
10437,Yash Gupta,Male,2000-12-12,3,107,2016-07-15,Active,Bengaluru,Bachelor's,14594
10438,Sneha Joshi,Female,1978-11-22,4,108,2018-08-29,Resigned,Delhi,Bachelor's,14498
10439,Aanya Agarwal,Female,1966-04-08,3,107,2016-10-16,Active,Bengaluru,Master's,11461
10440,Vivek Desai,Male,2001-10-14,2,104,2017-08-17,Resigned,Mumbai,Master's,14090
10441,Rohan Iyer,Male,1993-01-12,6,112,2023-08-23,Active,Pune,Master's,11297
10442,Priya Nair,Female,1999-05-14,3,106,2020-11-25,Active,Bengaluru,Master's,13832
10443,Akash Bansal,Male,1984-04-28,6,112,2016-08-27,Active,Pune,Master's,13267
10444,Manish Kapoor,Male,1985-01-26,8,117,2025-11-08,Active,Pune,Bachelor's,10765
10445,Neha Malhotra,Female,1998-06-26,1,102,2023-01-25,Active,Delhi,Bachelor's,12021
10446,Priya Verma,Female,1997-03-11,4,109,2022-12-14,Active,Delhi,Bachelor's,11445
10447,Meera Kumar,Female,1983-11-05,6,112,2019-04-29,Active,Pune,Bachelor's,14671
10448,Shreya Kapoor,Female,1972-06-04,6,112,2021-09-08,Resigned,Pune,Master's,11211
10449,Arjun Bansal,Male,1995-10-10,6,113,2018-10-10,Active,Pune,Bachelor's,13012
10450,Aditya Reddy,Male,1975-12-22,3,107,2017-12-23,Active,Bengaluru,Master's,13689
10451,Tanya Kumar,Female,1972-07-18,4,109,2018-07-09,Resigned,Delhi,Bachelor's,11118
10452,Aarav Gupta,Male,1989-07-23,5,110,2024-04-04,Active,Mumbai,Bachelor's,11018
10453,Nikhil Patel,Male,1984-02-03,8,117,2020-02-01,Active,Pune,Bachelor's,10036
10454,Divya Shah,Female,2002-03-01,3,107,2025-11-01,Active,Bengaluru,Master's,10500
10455,Nikhil Kumar,Male,1971-01-10,7,115,2019-06-13,Active,Hyderabad,Master's,11466
10456,Yash Bansal,Male,1977-11-06,3,107,2018-05-26,Active,Bengaluru,PhD,12606
10457,Nikhil Mehta,Male,2003-09-25,8,116,2024-09-20,Active,Pune,Master's,13714
10458,Rahul Sinha,Male,1974-11-14,5,111,2023-03-05,Active,Mumbai,Bachelor's,14603
10459,Siddharth Mishra,Male,1972-01-28,4,109,2024-06-03,Active,Delhi,Bachelor's,12249
10460,Aarav Mishra,Male,1984-07-22,5,110,2023-10-16,Resigned,Mumbai,Master's,10892
10461,Rahul Gupta,Male,1981-04-11,3,106,2023-01-07,Active,Bengaluru,Master's,10485
10462,Ananya Sinha,Female,1975-03-09,3,106,2019-01-28,Resigned,Bengaluru,Bachelor's,12037
10463,Tanya Shah,Female,1980-10-21,2,104,2025-11-02,Active,Mumbai,Bachelor's,11493
10464,Riya Mishra,Female,2001-08-20,2,104,2019-03-18,Resigned,Mumbai,Bachelor's,12602
10465,Kavya Agarwal,Female,1996-04-16,3,107,2018-06-30,Resigned,Bengaluru,Bachelor's,14274
10466,Rahul Verma,Male,1990-06-06,6,113,2019-06-13,Active,Pune,Master's,10177
10467,Vivek Kumar,Male,2001-03-02,5,110,2021-10-15,Terminated,Mumbai,Master's,14961
10468,Isha Kumar,Female,1973-11-25,2,103,2017-06-27,Active,Mumbai,Bachelor's,11439
10469,Akash Agarwal,Male,1999-02-09,7,115,2020-03-30,Active,Hyderabad,Bachelor's,10027
10470,Riya Mehta,Female,1967-12-16,5,111,2019-05-17,Active,Mumbai,Master's,14320
10471,Aarav Joshi,Male,1995-11-14,8,116,2024-03-21,Terminated,Pune,Master's,14727
10472,Pooja Mehta,Female,1971-08-27,5,111,2016-12-30,Resigned,Mumbai,Bachelor's,11703
10473,Rohan Desai,Male,1966-10-23,2,104,2023-12-09,Active,Mumbai,Master's,11710
10474,Riya Chopra,Female,1989-12-21,4,108,2022-02-11,Active,Delhi,Master's,13567
10475,Yash Nair,Male,1976-03-02,5,110,2024-08-04,Active,Mumbai,Bachelor's,14755
10476,Simran Mishra,Female,1994-11-24,1,101,2025-09-24,Active,Delhi,Master's,10571
10477,Mohit Sinha,Male,1994-02-24,1,102,2025-02-27,Active,Delhi,Bachelor's,14040
10478,Akash Kapoor,Male,1993-05-25,2,104,2025-10-06,Active,Mumbai,Diploma,10331
10479,Shreya Mishra,Female,1975-04-08,3,107,2016-12-13,Active,Bengaluru,Bachelor's,10767
10480,Aditya Desai,Male,1987-11-15,4,108,2023-08-27,Resigned,Delhi,Bachelor's,12133
10481,Shreya Patel,Female,1981-07-28,4,109,2018-11-28,Active,Delhi,Bachelor's,12944
10482,Pooja Joshi,Female,1977-08-21,2,104,2016-04-04,Resigned,Mumbai,Master's,12043
10483,Karan Malhotra,Male,1997-02-23,5,111,2018-06-19,Active,Mumbai,Diploma,13773
10484,Riya Mishra,Female,1965-03-15,5,110,2019-10-31,Terminated,Mumbai,Master's,10067
10485,Pooja Mishra,Female,1977-10-26,3,106,2020-01-21,Active,Bengaluru,Master's,14156
10486,Pooja Chopra,Female,2002-10-28,1,102,2025-08-31,Active,Delhi,Bachelor's,12621
10487,Rahul Sharma,Male,1967-11-26,1,101,2025-08-28,Resigned,Delhi,Bachelor's,11702
10488,Mohit Malhotra,Male,1980-02-03,3,106,2019-01-06,Resigned,Bengaluru,Bachelor's,14155
10489,Simran Shah,Female,1971-04-26,2,103,2024-06-21,Active,Mumbai,Bachelor's,12117
10490,Isha Iyer,Female,1967-11-23,3,106,2021-10-14,Active,Bengaluru,Diploma,11324
10491,Aarav Agarwal,Male,1978-10-16,5,110,2021-08-03,Active,Mumbai,Diploma,10804
10492,Meera Mehta,Female,1980-12-01,4,108,2023-01-02,Active,Delhi,Bachelor's,11907
10493,Karan Patel,Male,1968-06-13,3,107,2025-01-18,Active,Bengaluru,Bachelor's,10479
10494,Nikhil Joshi,Male,1995-06-24,3,106,2016-02-14,Active,Bengaluru,Diploma,14688
10495,Nikhil Singh,Male,1977-02-18,5,111,2019-06-21,Active,Mumbai,Master's,13410
10496,Mohit Chopra,Male,1991-01-19,7,115,2023-07-13,Active,Hyderabad,Bachelor's,14775
10497,Priya Malhotra,Female,1965-07-15,6,113,2016-01-31,Active,Pune,Bachelor's,12220
10498,Rahul Sharma,Male,1989-08-23,4,108,2023-07-26,Resigned,Delhi,Bachelor's,12210
10499,Kavya Kapoor,Female,2001-09-08,3,106,2017-01-14,Active,Bengaluru,Diploma,11556
10500,Isha Desai,Female,1975-08-11,3,105,2016-02-21,Active,Bengaluru,Master's,13420
10501,Simran Gupta,Female,1973-02-17,7,114,2018-12-08,Active,Hyderabad,Bachelor's,13101
10502,Vivek Kumar,Male,1971-06-23,1,101,2024-08-18,Active,Delhi,Diploma,14077
10503,Rahul Verma,Male,1978-06-23,8,116,2018-08-14,Active,Pune,Bachelor's,12346
10504,Isha Nair,Female,1994-08-02,5,111,2017-06-01,Active,Mumbai,Diploma,14927
10505,Kavya Verma,Female,1988-01-10,5,110,2023-07-17,Resigned,Mumbai,Bachelor's,10470
10506,Varun Patel,Male,1967-08-16,1,102,2017-10-03,Terminated,Delhi,Bachelor's,13362
10507,Ananya Joshi,Female,2003-08-14,5,111,2022-06-15,Resigned,Mumbai,Bachelor's,14515
10508,Riya Mishra,Female,1991-08-16,4,108,2020-10-26,Active,Delhi,Diploma,14253
10509,Ananya Sharma,Female,1965-10-07,2,103,2017-07-12,Active,Mumbai,PhD,11602
10510,Aanya Reddy,Female,2002-02-20,3,105,2024-05-18,Resigned,Bengaluru,Bachelor's,10998
10511,Nisha Sharma,Female,1990-09-24,7,114,2024-07-19,Active,Hyderabad,Bachelor's,11782
10512,Rahul Desai,Male,1970-04-24,4,108,2023-10-06,Active,Delhi,Master's,10237
10513,Shreya Malhotra,Female,1976-10-16,3,106,2020-04-30,Active,Bengaluru,Master's,11224
10514,Tanya Gupta,Female,2002-06-11,1,101,2023-04-14,Active,Delhi,Master's,13639
10515,Akash Agarwal,Male,1999-09-17,6,113,2018-11-15,Active,Pune,Master's,11219
10516,Ankit Bansal,Male,1974-06-11,5,110,2021-12-16,Active,Mumbai,Bachelor's,10370
10517,Manish Shah,Male,1973-04-03,5,111,2022-12-13,Active,Mumbai,Bachelor's,13456
10518,Aanya Kapoor,Female,1987-05-26,4,109,2025-04-03,Resigned,Delhi,Master's,12568
10519,Sneha Singh,Female,1994-11-08,4,109,2025-05-08,Active,Delhi,Master's,14909
10520,Ankit Mishra,Male,1986-11-10,5,110,2020-10-29,Active,Mumbai,Bachelor's,12615
10521,Nisha Reddy,Female,1973-06-17,3,107,2022-08-18,Active,Bengaluru,Bachelor's,12853
10522,Rohan Sinha,Male,1983-06-07,8,116,2017-06-25,Resigned,Pune,Master's,11242
10523,Tanya Verma,Female,1972-06-03,4,109,2021-07-26,Active,Delhi,Diploma,12529
10524,Nisha Sharma,Female,1968-11-25,3,107,2017-09-29,Active,Bengaluru,Master's,13606
10525,Tanya Iyer,Female,1969-10-26,4,108,2019-04-14,Resigned,Delhi,Bachelor's,11932
10526,Aditya Agarwal,Male,1983-04-05,6,113,2020-09-14,Active,Pune,Master's,10194
10527,Rahul Gupta,Male,1982-05-19,2,104,2016-01-08,Active,Mumbai,Bachelor's,12331
10528,Manish Kapoor,Male,1993-12-18,3,107,2017-11-04,Active,Bengaluru,Bachelor's,10251
10529,Siddharth Nair,Male,1983-08-07,5,110,2022-06-29,Terminated,Mumbai,Bachelor's,11491
10530,Priya Joshi,Female,1970-05-01,3,105,2025-05-02,Active,Bengaluru,Bachelor's,14406
10531,Simran Kapoor,Female,1969-10-17,6,113,2019-05-11,Active,Pune,Bachelor's,13591
10532,Priya Joshi,Female,1969-08-20,2,104,2020-10-29,Active,Mumbai,Master's,12996
10533,Nisha Joshi,Female,1972-04-25,6,112,2022-01-04,Active,Pune,Bachelor's,11195
10534,Rohan Bansal,Male,1991-02-05,1,101,2020-06-10,Active,Delhi,Bachelor's,10487
10535,Kavya Reddy,Female,2001-06-06,1,101,2024-04-23,Active,Delhi,Diploma,11720
10536,Isha Sharma,Female,2002-10-28,7,114,2025-08-29,Resigned,Hyderabad,Master's,12598
10537,Neha Mishra,Female,2001-03-10,4,108,2017-05-06,Resigned,Delhi,Bachelor's,13384
10538,Yash Verma,Male,1982-06-10,3,106,2023-08-15,Active,Bengaluru,PhD,11584
10539,Mohit Joshi,Male,1990-10-21,3,107,2017-04-20,Active,Bengaluru,Master's,13049
10540,Aditya Desai,Male,1980-12-24,5,111,2018-05-12,Active,Mumbai,Master's,10370
10541,Priya Singh,Female,1986-04-13,4,109,2023-06-05,Active,Delhi,Diploma,14170
10542,Meera Shah,Female,1987-10-10,8,117,2024-10-16,Active,Pune,Master's,12596
10543,Aarav Gupta,Male,1967-03-06,8,117,2020-01-24,Active,Pune,Bachelor's,12004
10544,Divya Singh,Female,1967-10-09,5,111,2019-03-05,Active,Mumbai,Bachelor's,13867
10545,Simran Mishra,Female,1976-08-10,4,109,2018-06-21,Resigned,Delhi,Bachelor's,14954
10546,Nikhil Iyer,Male,1987-08-03,4,109,2022-04-07,Active,Delhi,Bachelor's,10031
10547,Aarav Patel,Male,1975-01-19,5,111,2017-02-04,Active,Mumbai,Bachelor's,11993
10548,Sneha Agarwal,Female,1993-03-14,2,103,2023-12-21,Active,Mumbai,Bachelor's,14088
10549,Manish Desai,Male,1970-12-06,3,107,2020-09-23,Active,Bengaluru,Diploma,12966
10550,Neha Singh,Female,1980-03-18,1,101,2019-10-26,Active,Delhi,Diploma,13390
10551,Aditya Singh,Male,1998-12-15,1,101,2021-01-12,Active,Delhi,Master's,11322
10552,Ananya Desai,Female,2001-09-06,3,107,2019-03-13,Active,Bengaluru,PhD,13672
10553,Rahul Nair,Male,1975-05-12,4,109,2018-06-22,Resigned,Delhi,Master's,10127
10554,Priya Mishra,Female,1975-03-07,6,113,2022-03-25,Active,Pune,Bachelor's,11259
10555,Simran Nair,Female,1989-07-20,4,109,2019-12-08,Active,Delhi,Diploma,11249
10556,Vivek Verma,Male,1983-10-18,3,106,2023-01-29,Active,Bengaluru,Diploma,11089
10557,Rahul Singh,Male,1996-02-13,2,104,2024-01-11,Resigned,Mumbai,Bachelor's,10727
10558,Varun Joshi,Male,1972-12-24,4,108,2023-05-28,Active,Delhi,PhD,11118
10559,Tanya Joshi,Female,1976-04-07,3,107,2017-06-12,Active,Bengaluru,Bachelor's,12671
10560,Shreya Reddy,Female,1999-03-25,5,111,2022-06-25,Active,Mumbai,Master's,14922
10561,Meera Iyer,Female,1970-10-09,8,116,2016-11-13,Active,Pune,Master's,10179
10562,Mohit Chopra,Male,1985-07-23,2,103,2017-11-23,Resigned,Mumbai,Master's,10165
10563,Aarav Patel,Male,1990-01-26,3,105,2024-07-27,Terminated,Bengaluru,Master's,11825
10564,Arjun Desai,Male,1965-08-18,4,108,2025-09-22,Active,Delhi,Bachelor's,13343
10565,Akash Chopra,Male,1981-08-27,8,116,2018-01-27,Active,Pune,Bachelor's,12750
10566,Nisha Sharma,Female,1999-02-01,6,113,2020-12-21,Active,Pune,Master's,14647
10567,Rohan Joshi,Male,1991-11-24,7,114,2016-03-26,Resigned,Hyderabad,Bachelor's,14739
10568,Nikhil Sinha,Male,1966-04-11,3,107,2022-07-07,Active,Bengaluru,Bachelor's,14901
10569,Sneha Desai,Female,2000-10-06,8,117,2022-10-15,Active,Pune,Bachelor's,12163
10570,Arjun Iyer,Male,1965-10-11,2,104,2020-01-17,Active,Mumbai,Master's,14824
10571,Mohit Iyer,Male,1974-10-01,1,102,2024-06-22,Active,Delhi,Diploma,14670
10572,Nisha Patel,Female,1995-09-27,7,115,2018-09-16,Active,Hyderabad,Master's,12275
10573,Arjun Mishra,Male,2001-07-21,7,115,2019-08-04,Terminated,Hyderabad,Diploma,11111
10574,Ananya Bansal,Female,1969-06-03,2,104,2022-06-06,Active,Mumbai,Master's,12439
10575,Shreya Joshi,Female,1977-09-02,2,104,2020-02-04,Active,Mumbai,Master's,10041
10576,Divya Bansal,Female,1988-12-10,1,102,2020-11-11,Active,Delhi,Bachelor's,12001
10577,Rohan Patel,Male,1991-01-01,2,103,2018-01-26,Active,Mumbai,Bachelor's,12722
10578,Aanya Kapoor,Female,1965-10-18,3,106,2021-11-15,Active,Bengaluru,Master's,11310
10579,Nikhil Agarwal,Male,1984-06-06,8,116,2024-11-16,Active,Pune,Master's,11908
10580,Aarav Patel,Male,1972-09-10,5,111,2022-11-28,Active,Mumbai,Master's,10904
10581,Manish Kapoor,Male,1967-04-08,6,113,2018-07-01,Active,Pune,Bachelor's,11843
10582,Simran Reddy,Female,1996-04-03,6,113,2024-04-24,Resigned,Pune,Diploma,13977
10583,Aarav Singh,Male,1989-04-01,4,109,2018-10-17,Active,Delhi,Diploma,12592
10584,Aditya Nair,Male,1989-09-11,6,112,2016-06-29,Active,Pune,Bachelor's,12067
10585,Simran Nair,Female,1978-05-23,5,110,2016-06-24,Active,Mumbai,Master's,13875
10586,Akash Sinha,Male,1991-03-21,3,106,2021-10-09,Active,Bengaluru,Bachelor's,11263
10587,Vivek Kapoor,Male,1996-10-20,4,108,2018-12-11,Active,Delhi,Master's,14730
10588,Manish Sinha,Male,1991-07-05,4,108,2025-01-17,Active,Delhi,Bachelor's,13491
10589,Manish Singh,Male,1968-02-19,6,112,2017-11-14,Active,Pune,Bachelor's,12129
10590,Arjun Nair,Male,2003-08-03,8,116,2018-09-13,Resigned,Pune,Master's,13619
10591,Mohit Reddy,Male,1975-07-05,3,105,2016-09-28,Active,Bengaluru,Master's,10002
10592,Meera Joshi,Female,1967-07-10,6,112,2024-06-20,Active,Pune,Master's,11604
10593,Siddharth Chopra,Male,1989-09-23,2,104,2023-04-27,Active,Mumbai,Master's,14637
10594,Rohan Iyer,Male,1988-06-28,6,113,2023-10-04,Active,Pune,Master's,12948
10595,Priya Kapoor,Female,1973-01-16,3,107,2018-10-17,Active,Bengaluru,Master's,10521
10596,Vivek Shah,Male,1972-04-08,1,101,2025-08-23,Active,Delhi,Master's,14265
10597,Isha Nair,Female,2003-01-06,3,105,2025-02-25,Resigned,Bengaluru,PhD,14232
10598,Nikhil Desai,Male,1995-02-13,5,111,2023-08-09,Active,Mumbai,Diploma,11271
10599,Nikhil Mishra,Male,1981-09-08,2,104,2020-09-24,Resigned,Mumbai,Master's,10489
10600,Mohit Kumar,Male,1995-09-09,7,115,2025-09-02,Active,Hyderabad,Bachelor's,12838
10601,Manish Singh,Male,1968-02-18,1,102,2020-03-02,Active,Delhi,Bachelor's,11452
10602,Karan Chopra,Male,1968-09-02,7,115,2017-04-10,Active,Hyderabad,Bachelor's,11772
10603,Aarav Desai,Male,2001-04-18,5,111,2019-03-20,Active,Mumbai,Master's,12116
10604,Rahul Mehta,Male,1972-01-12,3,107,2017-02-17,Active,Bengaluru,Bachelor's,14770
10605,Varun Verma,Male,1970-11-14,3,106,2024-08-15,Active,Bengaluru,PhD,12980
10606,Varun Patel,Male,1973-10-23,6,112,2022-09-04,Active,Pune,Bachelor's,13645
10607,Vivek Patel,Male,1972-12-27,5,111,2019-09-10,Terminated,Mumbai,Bachelor's,14421
10608,Yash Shah,Male,1996-05-19,5,110,2022-10-11,Active,Mumbai,Bachelor's,10740
10609,Mohit Kapoor,Male,1979-08-21,3,107,2016-02-25,Active,Bengaluru,Bachelor's,13506
10610,Aanya Gupta,Female,1982-01-09,4,109,2017-08-25,Resigned,Delhi,Master's,14194
10611,Akash Nair,Male,1987-05-03,8,117,2023-08-25,Terminated,Pune,Master's,11125
10612,Meera Gupta,Female,1969-06-08,3,105,2022-02-24,Terminated,Bengaluru,Diploma,14412
10613,Isha Malhotra,Female,1991-02-27,3,106,2024-08-05,Resigned,Bengaluru,Diploma,11420
10614,Nikhil Verma,Male,1997-03-23,3,107,2020-01-28,Active,Bengaluru,Diploma,10968
10615,Divya Gupta,Female,1966-02-27,6,112,2017-06-01,Active,Pune,Master's,13675
10616,Divya Singh,Female,2002-11-28,6,113,2017-08-24,Active,Pune,Bachelor's,13017
10617,Mohit Iyer,Male,1992-05-25,3,107,2019-09-12,Active,Bengaluru,Bachelor's,14720
10618,Manish Joshi,Male,1988-07-14,2,104,2020-08-08,Active,Mumbai,Bachelor's,14792
10619,Meera Gupta,Female,1985-03-02,1,101,2025-08-13,Resigned,Delhi,Master's,13041
10620,Kavya Malhotra,Female,1995-10-09,4,109,2021-05-30,Resigned,Delhi,Diploma,11594
10621,Arjun Malhotra,Male,1975-09-25,3,105,2018-08-10,Active,Bengaluru,Bachelor's,12300
10622,Varun Bansal,Male,1992-10-19,8,117,2022-09-05,Active,Pune,Master's,12698
10623,Yash Verma,Male,1968-01-25,4,109,2016-07-27,Active,Delhi,PhD,11714
10624,Arjun Shah,Male,1980-07-18,3,107,2018-05-19,Active,Bengaluru,Master's,10277
10625,Divya Patel,Female,1976-06-27,7,114,2019-06-03,Resigned,Hyderabad,Bachelor's,11517
10626,Nikhil Kapoor,Male,1986-09-08,4,109,2022-06-15,Active,Delhi,Bachelor's,13156
10627,Varun Kapoor,Male,1999-11-28,5,110,2023-12-03,Active,Mumbai,PhD,14768
10628,Riya Agarwal,Female,1980-06-22,2,103,2019-06-30,Active,Mumbai,Bachelor's,11621
10629,Yash Verma,Male,1988-08-09,3,105,2024-01-18,Resigned,Bengaluru,Bachelor's,11164
10630,Rahul Joshi,Male,1999-08-01,8,116,2024-06-14,Active,Pune,Bachelor's,14937
10631,Tanya Kumar,Female,1992-02-22,4,109,2019-02-16,Active,Delhi,PhD,14645
10632,Pooja Gupta,Female,1993-08-04,3,107,2021-10-23,Active,Bengaluru,Master's,11661
10633,Manish Gupta,Male,1985-12-20,5,111,2025-11-19,Active,Mumbai,Master's,12983
10634,Nikhil Kumar,Male,1989-02-10,7,115,2020-05-02,Active,Hyderabad,Bachelor's,13058
10635,Siddharth Reddy,Male,2003-01-10,3,106,2025-12-05,Active,Bengaluru,Bachelor's,13811
10636,Nikhil Bansal,Male,1995-09-23,4,108,2024-04-12,Resigned,Delhi,Bachelor's,14498
10637,Aarav Singh,Male,1979-09-13,8,117,2020-12-25,Resigned,Pune,Bachelor's,12282
10638,Arjun Agarwal,Male,1999-02-26,2,104,2016-06-23,Active,Mumbai,Master's,12498
10639,Karan Verma,Male,2002-05-02,6,113,2020-01-07,Active,Pune,Bachelor's,14327
10640,Nikhil Nair,Male,1986-10-07,5,111,2025-03-15,Resigned,Mumbai,Bachelor's,13029
10641,Rahul Singh,Male,1969-09-19,5,111,2021-03-07,Active,Mumbai,Master's,10303
10642,Ankit Desai,Male,1977-01-20,3,107,2018-08-29,Active,Bengaluru,Bachelor's,11776
10643,Akash Bansal,Male,1996-04-11,3,107,2017-06-01,Active,Bengaluru,Master's,11061
10644,Vivek Nair,Male,1967-06-05,5,111,2018-12-26,Active,Mumbai,Master's,14993
10645,Siddharth Mehta,Male,1979-12-21,3,106,2024-11-28,Active,Bengaluru,Master's,10956
10646,Priya Sinha,Female,1991-09-27,3,105,2017-05-27,Active,Bengaluru,Master's,10083
10647,Simran Iyer,Female,1991-01-08,3,105,2016-05-30,Active,Bengaluru,Master's,12112
10648,Ananya Mehta,Female,1994-08-27,1,102,2022-08-30,Active,Delhi,Bachelor's,14487
10649,Simran Iyer,Female,1970-08-12,8,117,2019-02-09,Active,Pune,Bachelor's,10339
10650,Rahul Agarwal,Male,1989-03-10,4,109,2017-07-23,Active,Delhi,Master's,12400
10651,Yash Mehta,Male,1992-08-02,8,117,2016-04-19,Resigned,Pune,Diploma,13139
10652,Rohan Mehta,Male,1986-08-28,2,104,2021-05-07,Active,Mumbai,Master's,13222
10653,Isha Iyer,Female,1968-08-14,4,108,2016-04-15,Active,Delhi,Bachelor's,10923
10654,Priya Kapoor,Female,1979-03-04,3,106,2023-08-31,Active,Bengaluru,Bachelor's,13016
10655,Manish Joshi,Male,1990-09-13,6,112,2019-01-02,Active,Pune,Bachelor's,10917
10656,Varun Malhotra,Male,1982-09-26,6,112,2025-01-11,Active,Pune,Diploma,13766
10657,Aarav Iyer,Male,1973-09-16,2,104,2025-05-27,Terminated,Mumbai,PhD,13227
10658,Rahul Iyer,Male,1968-10-22,7,114,2024-10-10,Active,Hyderabad,Master's,12124
10659,Aanya Sinha,Female,1969-01-08,3,105,2021-10-30,Active,Bengaluru,Bachelor's,14516
10660,Kavya Joshi,Female,1970-09-24,5,110,2019-10-22,Active,Mumbai,Master's,11812
10661,Nikhil Bansal,Male,1976-01-28,8,117,2020-03-12,Resigned,Pune,Bachelor's,12690
10662,Riya Patel,Female,1995-06-25,7,115,2021-04-08,Active,Hyderabad,Master's,10944
10663,Isha Patel,Female,1973-09-07,8,117,2023-02-07,Active,Pune,Master's,13910
10664,Aarav Patel,Male,1971-07-20,3,107,2018-06-27,Active,Bengaluru,Bachelor's,13040
10665,Vivek Sinha,Male,1993-07-10,2,104,2019-02-27,Active,Mumbai,Bachelor's,13805
10666,Manish Sharma,Male,1978-05-27,3,106,2017-01-12,Active,Bengaluru,Master's,11631
10667,Siddharth Sharma,Male,1984-10-05,4,108,2022-02-24,Active,Delhi,PhD,13216
10668,Siddharth Nair,Male,1996-01-02,6,113,2025-08-18,Active,Pune,Master's,12591
10669,Arjun Mishra,Male,1986-09-02,2,103,2025-10-14,Active,Mumbai,Master's,12161
10670,Manish Joshi,Male,2000-10-27,5,110,2023-09-19,Active,Mumbai,Master's,11247
10671,Aarav Mishra,Male,1982-12-02,3,107,2024-11-12,Active,Bengaluru,Bachelor's,14283
10672,Aanya Reddy,Female,1989-09-03,3,105,2022-10-20,Active,Bengaluru,Master's,12844
10673,Vivek Verma,Male,1995-02-07,5,111,2021-12-09,Active,Mumbai,Bachelor's,12652
10674,Aarav Kumar,Male,1999-12-09,4,109,2017-10-22,Resigned,Delhi,Bachelor's,11644
10675,Akash Nair,Male,1990-11-22,6,113,2022-05-01,Active,Pune,Master's,10433
10676,Pooja Kapoor,Female,1968-12-16,2,103,2023-03-31,Active,Mumbai,Bachelor's,12173
10677,Ankit Nair,Male,1984-07-13,6,113,2018-09-29,Active,Pune,Bachelor's,13014
10678,Siddharth Malhotra,Male,1998-03-11,1,102,2019-07-26,Active,Delhi,Master's,10782
10679,Riya Kapoor,Female,1976-03-15,3,107,2025-07-17,Active,Bengaluru,Bachelor's,14274
10680,Aanya Kumar,Female,1980-08-07,5,110,2018-07-14,Active,Mumbai,Master's,12744
10681,Divya Kumar,Female,1969-05-06,7,115,2025-02-16,Active,Hyderabad,PhD,13094
10682,Nikhil Joshi,Male,1999-09-19,3,105,2020-01-08,Active,Bengaluru,Bachelor's,12155
10683,Varun Gupta,Male,1991-12-03,3,106,2018-01-13,Active,Bengaluru,Bachelor's,10316
10684,Divya Iyer,Female,1965-11-06,4,108,2020-08-07,Active,Delhi,Master's,13820
10685,Kavya Mishra,Female,1998-11-24,3,107,2022-03-13,Active,Bengaluru,Bachelor's,14544
10686,Karan Mehta,Male,1996-05-14,6,113,2017-02-01,Active,Pune,Bachelor's,14547
10687,Priya Shah,Female,2003-01-03,6,112,2021-12-13,Active,Pune,Master's,14671
10688,Rahul Malhotra,Male,1997-08-04,2,103,2018-10-19,Active,Mumbai,Master's,12371
10689,Isha Malhotra,Female,1995-09-13,4,108,2022-12-01,Resigned,Delhi,Bachelor's,13789
10690,Yash Desai,Male,1977-06-10,6,113,2025-12-19,Resigned,Pune,Master's,14798
10691,Arjun Shah,Male,1966-04-20,3,107,2021-05-30,Active,Bengaluru,Master's,12451
10692,Arjun Iyer,Male,1994-10-21,5,110,2022-10-02,Resigned,Mumbai,Bachelor's,12148
10693,Nikhil Verma,Male,1974-07-14,1,101,2024-01-04,Active,Delhi,Master's,10077
10694,Rohan Kumar,Male,1987-12-23,5,110,2023-11-01,Active,Mumbai,Bachelor's,11875
10695,Rohan Kapoor,Male,1997-10-07,2,104,2017-04-08,Active,Mumbai,Bachelor's,10562
10696,Riya Kumar,Female,2003-05-12,6,113,2025-01-16,Resigned,Pune,Master's,13841
10697,Karan Mishra,Male,1993-09-02,3,105,2023-11-15,Active,Bengaluru,Master's,11471
10698,Aanya Iyer,Female,1994-08-26,3,106,2019-07-18,Active,Bengaluru,Bachelor's,11618
10699,Rohan Nair,Male,1998-08-19,7,114,2016-11-13,Active,Hyderabad,Master's,11663
10700,Karan Malhotra,Male,2003-05-08,1,102,2016-04-11,Resigned,Delhi,Bachelor's,14579
10701,Aditya Bansal,Male,1981-10-13,3,106,2020-07-19,Active,Bengaluru,Bachelor's,11513
10702,Rahul Gupta,Male,1986-09-07,3,106,2022-05-16,Active,Bengaluru,Diploma,10096
10703,Siddharth Singh,Male,1969-04-20,3,105,2023-04-23,Active,Bengaluru,Bachelor's,13988
10704,Rahul Sharma,Male,1975-03-11,7,115,2019-03-17,Resigned,Hyderabad,Bachelor's,10108
10705,Siddharth Nair,Male,1986-08-22,6,113,2025-04-19,Active,Pune,Master's,11685
10706,Meera Shah,Female,1996-10-06,1,101,2022-05-03,Active,Delhi,Bachelor's,14033
10707,Mohit Verma,Male,1988-10-10,6,113,2022-06-07,Active,Pune,Bachelor's,11976
10708,Neha Shah,Female,1975-09-27,4,108,2024-02-06,Active,Delhi,Master's,12400
10709,Ankit Gupta,Male,1975-03-04,7,114,2021-03-17,Active,Hyderabad,Bachelor's,13112
10710,Pooja Singh,Female,1981-03-03,3,105,2018-01-19,Active,Bengaluru,Master's,13190
10711,Nisha Chopra,Female,1996-01-14,4,108,2019-01-07,Resigned,Delhi,Bachelor's,12171
10712,Shreya Gupta,Female,1983-10-06,4,109,2017-09-27,Active,Delhi,Bachelor's,13954
10713,Vivek Sinha,Male,1991-09-21,4,109,2016-10-28,Terminated,Delhi,Master's,13425
10714,Varun Kapoor,Male,1996-12-12,4,108,2016-12-18,Resigned,Delhi,Diploma,14708
10715,Mohit Agarwal,Male,1989-12-14,3,106,2021-05-16,Active,Bengaluru,Bachelor's,14968
10716,Isha Reddy,Female,1992-10-02,6,112,2020-12-20,Active,Pune,Bachelor's,13129
10717,Sneha Verma,Female,1991-10-04,4,109,2020-06-21,Active,Delhi,Bachelor's,10708
10718,Riya Verma,Female,1978-12-06,8,117,2018-04-30,Active,Pune,Master's,12896
10719,Vivek Iyer,Male,2003-07-28,3,105,2017-06-26,Active,Bengaluru,Bachelor's,14959
10720,Riya Gupta,Female,1966-07-14,5,111,2025-06-29,Active,Mumbai,Bachelor's,14832
10721,Isha Chopra,Female,1981-04-10,8,116,2025-06-30,Active,Pune,Bachelor's,10718
10722,Mohit Mishra,Male,1965-10-05,5,111,2021-12-27,Active,Mumbai,Bachelor's,13869
10723,Aarav Gupta,Male,1996-04-12,7,115,2019-05-07,Resigned,Hyderabad,Master's,13215
10724,Pooja Nair,Female,1983-10-22,6,113,2018-11-06,Resigned,Pune,PhD,10356
10725,Simran Kumar,Female,1978-11-14,3,107,2020-06-19,Active,Bengaluru,Bachelor's,10914
10726,Kavya Sharma,Female,1995-07-02,5,110,2024-11-23,Active,Mumbai,Diploma,12631
10727,Rahul Kapoor,Male,1982-10-28,2,103,2019-08-21,Active,Mumbai,Bachelor's,11538
10728,Nisha Kumar,Female,1978-03-27,4,109,2025-11-22,Active,Delhi,Bachelor's,14941
10729,Karan Bansal,Male,1978-08-23,3,107,2024-01-04,Active,Bengaluru,Bachelor's,14335
10730,Aditya Shah,Male,1988-12-17,6,112,2025-07-03,Resigned,Pune,Bachelor's,11709
10731,Aarav Mehta,Male,1969-04-21,4,108,2022-07-12,Resigned,Delhi,Master's,14726
10732,Isha Desai,Female,1980-03-15,3,106,2020-03-11,Active,Bengaluru,Diploma,14083
10733,Sneha Bansal,Female,1969-04-26,3,106,2017-06-02,Active,Bengaluru,PhD,11951
10734,Karan Bansal,Male,1977-10-10,8,117,2019-04-12,Active,Pune,Bachelor's,11908
10735,Arjun Chopra,Male,1980-07-24,1,101,2019-08-25,Active,Delhi,Master's,10571
10736,Pooja Patel,Female,1979-12-09,1,102,2019-01-05,Active,Delhi,Master's,13206
10737,Mohit Agarwal,Male,1995-02-20,3,107,2019-05-23,Resigned,Bengaluru,Bachelor's,13414
10738,Neha Gupta,Female,1969-01-03,8,117,2021-07-13,Terminated,Pune,Master's,11325
10739,Siddharth Reddy,Male,1985-08-07,8,116,2020-10-27,Resigned,Pune,Bachelor's,14280
10740,Arjun Sharma,Male,1994-08-15,5,110,2017-05-06,Resigned,Mumbai,PhD,14028
10741,Karan Chopra,Male,1987-11-22,7,115,2023-02-18,Terminated,Hyderabad,PhD,10394
10742,Rahul Iyer,Male,2002-05-12,3,105,2024-10-24,Resigned,Bengaluru,Bachelor's,12967
10743,Meera Agarwal,Female,1993-12-26,8,116,2017-06-13,Active,Pune,Master's,11147
10744,Karan Verma,Male,1977-09-21,2,103,2016-01-11,Active,Mumbai,Bachelor's,10268
10745,Ankit Malhotra,Male,1996-09-15,2,103,2025-12-26,Active,Mumbai,Bachelor's,12359
10746,Nisha Gupta,Female,1991-04-12,2,104,2016-10-10,Active,Mumbai,Diploma,13062
10747,Arjun Joshi,Male,1998-05-01,4,109,2024-07-15,Active,Delhi,Bachelor's,11795
10748,Rahul Patel,Male,1997-06-19,6,112,2018-09-05,Resigned,Pune,Master's,14176
10749,Ananya Shah,Female,1968-11-26,3,105,2016-06-13,Active,Bengaluru,Bachelor's,11764
10750,Neha Desai,Female,1982-02-06,8,116,2022-02-27,Active,Pune,Master's,11372
10751,Yash Kumar,Male,1970-01-14,4,109,2024-04-11,Active,Delhi,Bachelor's,11578
10752,Ananya Nair,Female,1992-12-25,2,103,2019-10-31,Active,Mumbai,PhD,12270
10753,Simran Verma,Female,1991-05-07,4,109,2016-04-11,Active,Delhi,Diploma,11870
10754,Mohit Kumar,Male,1990-11-26,5,110,2021-05-06,Active,Mumbai,Diploma,14927
10755,Mohit Gupta,Male,1984-09-09,6,113,2016-11-14,Active,Pune,Master's,14611
10756,Aanya Sharma,Female,1977-07-15,4,109,2024-06-10,Active,Delhi,Master's,13581
10757,Sneha Patel,Female,1992-04-20,5,110,2022-11-22,Active,Mumbai,Master's,13907
10758,Manish Iyer,Male,1998-07-24,3,106,2024-09-01,Active,Bengaluru,Bachelor's,10563
10759,Meera Mishra,Female,1987-07-27,5,110,2017-06-16,Active,Mumbai,Bachelor's,13636
10760,Simran Iyer,Female,1974-10-04,8,117,2025-08-16,Active,Pune,Diploma,12282
10761,Rohan Bansal,Male,1994-04-24,1,101,2018-02-24,Active,Delhi,Bachelor's,14396
10762,Akash Patel,Male,1986-12-14,7,115,2018-03-09,Active,Hyderabad,Bachelor's,14171
10763,Arjun Joshi,Male,1969-09-07,4,109,2023-06-18,Active,Delhi,Bachelor's,13306
10764,Shreya Sinha,Female,1973-12-14,3,105,2020-10-17,Active,Bengaluru,Bachelor's,12822
10765,Vivek Gupta,Male,1968-03-12,8,117,2019-08-09,Resigned,Pune,Master's,10432
10766,Meera Desai,Female,1965-10-16,4,108,2021-12-04,Active,Delhi,Master's,12234
10767,Tanya Patel,Female,1998-01-15,3,106,2018-02-24,Active,Bengaluru,Bachelor's,10647
10768,Riya Mehta,Female,1990-05-06,3,105,2021-04-03,Resigned,Bengaluru,Bachelor's,10990
10769,Vivek Sharma,Male,1982-11-25,3,105,2025-11-11,Resigned,Bengaluru,Bachelor's,12189
10770,Riya Nair,Female,1980-05-17,6,112,2022-11-12,Active,Pune,Bachelor's,14385
10771,Aditya Mishra,Male,1987-11-27,5,110,2023-03-29,Resigned,Mumbai,Master's,10670
10772,Priya Desai,Female,2000-04-18,7,114,2020-05-10,Resigned,Hyderabad,Master's,12124
10773,Varun Shah,Male,1990-04-14,3,105,2018-10-14,Active,Bengaluru,Master's,13717
10774,Manish Kapoor,Male,1966-07-09,2,104,2020-03-08,Active,Mumbai,Bachelor's,14309
10775,Kavya Chopra,Female,1969-12-03,1,101,2018-07-15,Active,Delhi,Master's,14228
10776,Akash Mishra,Male,1993-03-11,4,109,2021-02-26,Active,Delhi,Bachelor's,12554
10777,Yash Bansal,Male,1968-04-23,8,116,2019-08-08,Active,Pune,Master's,12339
10778,Simran Mehta,Female,1999-06-05,5,110,2021-12-24,Active,Mumbai,Bachelor's,11271
10779,Priya Nair,Female,1986-04-12,3,106,2025-07-08,Resigned,Bengaluru,Bachelor's,10380
10780,Shreya Nair,Female,1972-08-12,7,115,2024-07-28,Resigned,Hyderabad,Bachelor's,14984
10781,Tanya Singh,Female,1985-04-03,6,112,2025-12-20,Resigned,Pune,Bachelor's,11309
10782,Aarav Patel,Male,1972-07-02,1,101,2025-04-01,Active,Delhi,Bachelor's,12357
10783,Vivek Mishra,Male,1969-04-24,6,113,2019-02-18,Active,Pune,Master's,10959
10784,Mohit Kapoor,Male,1985-04-26,3,106,2022-02-09,Resigned,Bengaluru,Bachelor's,10043
10785,Ankit Nair,Male,1991-12-07,2,103,2023-01-21,Active,Mumbai,Master's,13642
10786,Aanya Nair,Female,2002-02-11,3,105,2021-11-27,Active,Bengaluru,Master's,14100
10787,Kavya Singh,Female,1969-05-28,4,108,2017-12-29,Resigned,Delhi,Master's,13966
10788,Nikhil Patel,Male,1985-04-09,4,109,2025-09-15,Active,Delhi,Bachelor's,11043
10789,Varun Mishra,Male,1972-07-25,3,105,2021-07-17,Active,Bengaluru,PhD,14959
10790,Sneha Nair,Female,1986-11-13,2,104,2024-05-07,Active,Mumbai,Bachelor's,13078
10791,Manish Chopra,Male,1982-10-07,6,113,2022-02-14,Active,Pune,Bachelor's,12425
10792,Tanya Reddy,Female,1968-02-28,8,116,2020-11-25,Active,Pune,Master's,11438
10793,Aarav Reddy,Male,1968-02-02,6,112,2019-10-23,Active,Pune,Diploma,14906
10794,Kavya Agarwal,Female,2001-05-01,3,105,2016-11-19,Active,Bengaluru,Master's,13170
10795,Aarav Chopra,Male,1979-07-02,3,107,2025-07-15,Resigned,Bengaluru,Bachelor's,13468
10796,Shreya Desai,Female,2002-04-09,3,107,2024-12-20,Active,Bengaluru,Bachelor's,13826
10797,Divya Iyer,Female,1991-08-26,2,104,2022-03-18,Active,Mumbai,Bachelor's,14392
10798,Neha Joshi,Female,1985-02-16,4,109,2022-09-15,Active,Delhi,PhD,11127
10799,Riya Shah,Female,1968-04-04,5,110,2025-03-01,Active,Mumbai,Master's,13636
10800,Priya Chopra,Female,1975-02-02,5,111,2020-09-02,Terminated,Mumbai,Bachelor's,11353
10801,Aanya Joshi,Female,1983-05-11,5,111,2021-06-23,Active,Mumbai,Bachelor's,13480
10802,Ankit Nair,Male,1983-04-24,3,107,2021-05-26,Active,Bengaluru,Bachelor's,11628
10803,Simran Sharma,Female,1991-04-24,3,107,2020-12-09,Active,Bengaluru,Bachelor's,10233
10804,Shreya Reddy,Female,1992-05-17,5,111,2022-01-12,Active,Mumbai,Master's,10644
10805,Rohan Kumar,Male,1969-09-08,3,106,2021-02-24,Resigned,Bengaluru,PhD,14002
10806,Sneha Patel,Female,1989-01-28,3,106,2020-11-22,Resigned,Bengaluru,Master's,13126
10807,Priya Desai,Female,1967-03-19,3,106,2025-09-25,Active,Bengaluru,Bachelor's,11906
10808,Simran Singh,Female,1990-05-07,3,106,2016-12-24,Resigned,Bengaluru,Bachelor's,14947
10809,Nikhil Kapoor,Male,1974-01-01,2,103,2021-11-19,Active,Mumbai,Diploma,10790
10810,Ankit Agarwal,Male,1988-10-13,6,113,2022-04-13,Active,Pune,Bachelor's,11604
10811,Nisha Mishra,Female,1993-06-05,7,114,2019-05-22,Active,Hyderabad,Bachelor's,11965
10812,Isha Reddy,Female,1971-12-28,3,106,2018-02-20,Active,Bengaluru,Master's,13283
10813,Karan Mishra,Male,1987-03-19,1,102,2025-02-15,Active,Delhi,Bachelor's,14487
10814,Sneha Mishra,Female,1991-04-15,6,112,2021-05-28,Resigned,Pune,Diploma,11966
10815,Riya Bansal,Female,1973-11-26,3,105,2016-05-25,Resigned,Bengaluru,Bachelor's,13273
10816,Rohan Reddy,Male,1967-02-09,3,107,2024-10-04,Active,Bengaluru,PhD,13455
10817,Neha Nair,Female,1977-12-04,1,102,2025-05-26,Active,Delhi,Master's,12001
10818,Siddharth Singh,Male,1970-10-19,3,105,2025-11-30,Active,Bengaluru,Diploma,11089
10819,Aarav Malhotra,Male,2002-10-11,6,113,2025-07-16,Active,Pune,Master's,10606
10820,Vivek Desai,Male,1985-07-13,6,113,2020-09-13,Active,Pune,Bachelor's,10770
10821,Simran Verma,Female,1983-09-12,3,107,2016-11-28,Active,Bengaluru,Bachelor's,14551
10822,Mohit Kumar,Male,1989-02-22,3,106,2021-10-06,Active,Bengaluru,Bachelor's,11798
10823,Rohan Desai,Male,2003-05-01,2,103,2019-02-21,Active,Mumbai,Bachelor's,11879
10824,Vivek Joshi,Male,1968-11-07,1,101,2022-05-03,Active,Delhi,Bachelor's,12308
10825,Aarav Sharma,Male,1986-01-26,8,116,2025-09-19,Active,Pune,Master's,11176
10826,Neha Kumar,Female,1969-09-16,5,110,2025-10-31,Active,Mumbai,Bachelor's,13947
10827,Manish Verma,Male,1965-04-08,4,109,2025-03-29,Terminated,Delhi,Bachelor's,11823
10828,Yash Sinha,Male,1981-01-21,6,113,2019-01-14,Resigned,Pune,Bachelor's,13131
10829,Shreya Chopra,Female,1973-03-04,7,114,2020-03-09,Active,Hyderabad,Master's,13219
10830,Nikhil Joshi,Male,1973-12-04,6,112,2020-05-16,Active,Pune,Master's,13324
10831,Akash Kapoor,Male,1988-08-10,1,102,2023-04-11,Active,Delhi,Bachelor's,10412
10832,Aarav Chopra,Male,1974-10-16,3,105,2017-06-25,Active,Bengaluru,Bachelor's,11428
10833,Ankit Singh,Male,1984-03-01,5,111,2023-12-12,Active,Mumbai,Diploma,12306
10834,Nikhil Mishra,Male,1981-05-02,3,106,2021-03-11,Active,Bengaluru,Bachelor's,12683
10835,Ankit Shah,Male,1977-11-16,8,117,2016-03-08,Active,Pune,Diploma,12152
10836,Yash Desai,Male,1993-06-04,5,110,2023-04-01,Resigned,Mumbai,Bachelor's,13753
10837,Priya Chopra,Female,2000-09-07,8,117,2016-11-05,Active,Pune,Master's,10397
10838,Arjun Patel,Male,1987-02-23,3,107,2017-04-15,Resigned,Bengaluru,Bachelor's,13147
10839,Isha Malhotra,Female,1991-10-14,7,114,2016-12-31,Resigned,Hyderabad,Master's,12780
10840,Meera Gupta,Female,1982-08-03,3,107,2018-05-12,Active,Bengaluru,Master's,14994
10841,Ankit Desai,Male,1982-03-27,8,117,2019-09-07,Resigned,Pune,Bachelor's,10835
10842,Pooja Kapoor,Female,1973-02-28,2,104,2023-11-21,Active,Mumbai,Master's,14781
10843,Vivek Iyer,Male,1967-01-19,4,108,2022-10-30,Terminated,Delhi,Bachelor's,13960
10844,Divya Gupta,Female,1971-10-12,6,113,2025-02-09,Active,Pune,Master's,11884
10845,Siddharth Agarwal,Male,1979-11-23,4,108,2023-09-19,Active,Delhi,Bachelor's,12886
10846,Yash Reddy,Male,1994-11-09,4,108,2024-06-22,Active,Delhi,Bachelor's,11954
10847,Karan Singh,Male,1973-09-13,8,117,2019-08-11,Active,Pune,Bachelor's,10133
10848,Divya Iyer,Female,1991-06-14,4,109,2025-08-21,Active,Delhi,Diploma,13338
10849,Varun Sinha,Male,2000-06-11,5,111,2020-09-12,Resigned,Mumbai,Bachelor's,11643
10850,Tanya Agarwal,Female,1982-05-02,1,101,2020-06-14,Resigned,Delhi,Bachelor's,14229
10851,Rahul Patel,Male,1995-07-17,7,114,2017-02-20,Active,Hyderabad,Bachelor's,10938
10852,Tanya Nair,Female,1981-06-14,5,111,2023-08-01,Active,Mumbai,Master's,14073
10853,Siddharth Bansal,Male,1970-04-03,3,107,2018-04-04,Active,Bengaluru,Bachelor's,10664
10854,Priya Desai,Female,2003-11-01,1,101,2018-05-01,Resigned,Delhi,Bachelor's,13390
10855,Yash Desai,Male,1989-06-23,5,110,2024-04-06,Active,Mumbai,Bachelor's,12983
10856,Aditya Nair,Male,2002-11-17,1,102,2024-02-01,Resigned,Delhi,Bachelor's,13448
10857,Vivek Iyer,Male,2002-11-17,1,102,2025-07-27,Active,Delhi,Master's,11746
10858,Siddharth Verma,Male,1995-07-11,5,111,2019-11-07,Active,Mumbai,Bachelor's,11395
10859,Nisha Mehta,Female,1993-12-22,3,105,2025-08-13,Active,Bengaluru,Master's,14934
10860,Manish Agarwal,Male,1973-07-13,3,106,2020-09-20,Active,Bengaluru,Bachelor's,14666
10861,Neha Nair,Female,1965-08-08,5,110,2025-02-18,Active,Mumbai,Diploma,12692
10862,Karan Nair,Male,1980-09-25,1,101,2021-11-25,Active,Delhi,Master's,13999
10863,Akash Kapoor,Male,2002-07-25,3,105,2024-03-17,Active,Bengaluru,Bachelor's,10614
10864,Rohan Malhotra,Male,1987-06-09,2,104,2022-10-13,Active,Mumbai,Bachelor's,10473
10865,Rohan Agarwal,Male,1972-11-02,4,108,2025-01-20,Active,Delhi,Diploma,11836
10866,Yash Bansal,Male,1976-11-18,5,111,2024-03-18,Active,Mumbai,Bachelor's,11607
10867,Varun Gupta,Male,1974-06-03,6,112,2024-08-02,Active,Pune,Bachelor's,13502
10868,Rahul Joshi,Male,1980-02-16,3,106,2020-02-23,Active,Bengaluru,Bachelor's,11981
10869,Divya Agarwal,Female,1988-08-23,2,104,2018-11-03,Active,Mumbai,Bachelor's,13926
10870,Kavya Kapoor,Female,2003-08-06,1,102,2016-03-28,Active,Delhi,Master's,10226
10871,Siddharth Sinha,Male,1972-09-25,4,109,2023-03-20,Active,Delhi,Master's,11350
10872,Rohan Mishra,Male,1975-02-16,8,117,2019-04-22,Resigned,Pune,Master's,10339
10873,Pooja Desai,Female,1990-10-21,3,107,2025-10-03,Active,Bengaluru,Master's,13983
10874,Varun Nair,Male,1971-09-19,3,105,2016-05-04,Resigned,Bengaluru,Master's,12967
10875,Karan Shah,Male,1979-05-15,2,103,2023-06-11,Terminated,Mumbai,PhD,10422
10876,Rahul Singh,Male,1979-08-02,5,110,2022-08-25,Active,Mumbai,Bachelor's,11963
10877,Meera Chopra,Female,1967-06-11,5,110,2020-05-05,Active,Mumbai,Bachelor's,11460
10878,Riya Malhotra,Female,1980-04-12,5,111,2024-07-30,Active,Mumbai,Bachelor's,10007
10879,Mohit Iyer,Male,1979-12-06,7,115,2019-09-03,Active,Hyderabad,Bachelor's,14511
10880,Rohan Patel,Male,1989-03-06,4,109,2017-05-03,Active,Delhi,Diploma,10146
10881,Rahul Nair,Male,1997-07-26,2,104,2022-10-12,Active,Mumbai,Bachelor's,11943
10882,Aanya Mehta,Female,1978-03-21,3,106,2018-06-07,Active,Bengaluru,Bachelor's,13632
10883,Rohan Reddy,Male,1988-12-08,5,110,2017-03-23,Resigned,Mumbai,PhD,11718
10884,Aarav Agarwal,Male,1975-02-07,5,110,2017-12-29,Active,Mumbai,PhD,11635
10885,Tanya Verma,Female,1967-01-07,4,109,2023-08-10,Active,Delhi,Master's,12507
10886,Vivek Chopra,Male,1973-01-04,5,110,2017-08-08,Active,Mumbai,Bachelor's,14320
10887,Sneha Bansal,Female,1970-04-12,5,110,2017-02-02,Active,Mumbai,Master's,12717
10888,Aditya Bansal,Male,1995-05-18,7,115,2017-05-06,Active,Hyderabad,Master's,14269
10889,Manish Verma,Male,1980-12-11,4,109,2018-02-13,Active,Delhi,Master's,14353
10890,Arjun Sinha,Male,1975-12-16,6,112,2024-11-17,Active,Pune,Master's,14559
10891,Kavya Reddy,Female,1981-06-06,3,107,2025-08-01,Active,Bengaluru,Bachelor's,10359
10892,Kavya Chopra,Female,1967-08-13,5,111,2022-11-24,Active,Mumbai,Diploma,14866
10893,Meera Reddy,Female,1983-10-28,7,114,2020-12-28,Active,Hyderabad,Master's,10289
10894,Akash Kumar,Male,1988-01-04,3,106,2017-05-15,Resigned,Bengaluru,Diploma,10732
10895,Sneha Kumar,Female,1972-12-18,6,112,2025-08-17,Active,Pune,Bachelor's,11814
10896,Siddharth Nair,Male,2000-11-08,6,112,2020-04-26,Active,Pune,Bachelor's,11077
10897,Ankit Patel,Male,1966-12-04,1,102,2022-10-08,Active,Delhi,Diploma,13304
10898,Riya Kumar,Female,1987-08-02,4,108,2018-07-10,Active,Delhi,Master's,10927
10899,Arjun Mehta,Male,1994-04-12,2,104,2020-06-23,Active,Mumbai,Bachelor's,10348
10900,Yash Sinha,Male,1989-09-21,8,116,2018-07-18,Active,Pune,Diploma,10760
10901,Siddharth Sharma,Male,1971-06-10,6,112,2019-06-23,Terminated,Pune,PhD,14385
10902,Arjun Bansal,Male,1992-12-09,2,104,2019-01-11,Active,Mumbai,Bachelor's,10422
10903,Varun Agarwal,Male,1981-09-07,2,103,2023-06-11,Active,Mumbai,Master's,10489
10904,Meera Mehta,Female,1996-11-02,5,111,2018-11-26,Active,Mumbai,Bachelor's,10836
10905,Varun Joshi,Male,1965-07-09,3,106,2023-10-11,Active,Bengaluru,Master's,12982
10906,Kavya Verma,Female,1991-02-23,1,101,2017-03-21,Active,Delhi,Bachelor's,10487
10907,Nisha Kapoor,Female,2000-12-07,4,109,2025-10-20,Active,Delhi,Bachelor's,12050
10908,Rohan Desai,Male,1971-03-22,3,106,2023-06-14,Active,Bengaluru,Bachelor's,11766
10909,Manish Kapoor,Male,1967-08-16,2,104,2022-03-07,Active,Mumbai,PhD,13061
10910,Varun Nair,Male,1994-10-08,6,112,2019-05-07,Active,Pune,Diploma,13246
10911,Divya Nair,Female,1965-03-06,7,115,2023-10-15,Active,Hyderabad,Bachelor's,12341
10912,Varun Mehta,Male,1998-02-02,6,113,2017-04-10,Active,Pune,Master's,11778
10913,Isha Shah,Female,2002-08-27,6,112,2016-10-27,Active,Pune,Bachelor's,10333
10914,Rahul Mehta,Male,2000-10-21,3,106,2020-12-09,Active,Bengaluru,Master's,11885
10915,Aditya Singh,Male,1997-05-11,3,106,2019-02-24,Resigned,Bengaluru,Master's,11299
10916,Rahul Sharma,Male,1980-04-27,3,107,2024-12-14,Resigned,Bengaluru,Diploma,14581
10917,Aarav Verma,Male,2002-10-20,6,112,2020-02-27,Active,Pune,Diploma,12893
10918,Divya Mehta,Female,1975-08-03,8,116,2024-02-15,Active,Pune,Master's,11626
10919,Kavya Sinha,Female,1972-11-16,6,112,2022-01-21,Active,Pune,Bachelor's,14241
10920,Nikhil Patel,Male,1965-03-08,7,114,2023-09-11,Resigned,Hyderabad,Bachelor's,12130
10921,Priya Joshi,Female,1978-03-12,5,110,2024-05-09,Resigned,Mumbai,Master's,12452
10922,Yash Mehta,Male,1994-02-13,3,106,2022-01-20,Active,Bengaluru,Bachelor's,11991
10923,Meera Joshi,Female,1985-11-13,4,108,2021-07-06,Active,Delhi,Master's,11836
10924,Divya Joshi,Female,1985-05-27,1,101,2021-01-14,Active,Delhi,Bachelor's,13635
10925,Varun Chopra,Male,1998-03-06,1,101,2017-10-16,Active,Delhi,Master's,10870
10926,Rahul Nair,Male,2002-11-23,5,110,2024-01-21,Terminated,Mumbai,Bachelor's,10529
10927,Vivek Singh,Male,1990-03-25,4,109,2025-05-09,Active,Delhi,Bachelor's,11819
10928,Nikhil Nair,Male,1978-10-01,4,109,2020-04-15,Resigned,Delhi,Master's,12782
10929,Meera Mishra,Female,1999-07-20,4,108,2018-07-24,Active,Delhi,Bachelor's,13668
10930,Mohit Joshi,Male,1982-07-25,3,105,2021-07-03,Active,Bengaluru,Bachelor's,11624
10931,Vivek Patel,Male,1984-09-01,4,109,2022-12-28,Active,Delhi,Master's,12249
10932,Sneha Bansal,Female,1973-10-13,4,108,2020-02-04,Active,Delhi,Master's,10387
10933,Tanya Sinha,Female,1997-12-04,3,107,2019-07-11,Active,Bengaluru,Bachelor's,10376
10934,Nikhil Desai,Male,1968-07-10,6,112,2018-04-27,Active,Pune,Bachelor's,14811
10935,Rohan Mishra,Male,1968-06-25,4,108,2021-06-24,Terminated,Delhi,Master's,12436
10936,Varun Agarwal,Male,1980-07-15,5,111,2021-03-22,Resigned,Mumbai,Bachelor's,11042
10937,Ankit Gupta,Male,1990-03-07,7,114,2023-08-13,Active,Hyderabad,Master's,14692
10938,Kavya Joshi,Female,1970-10-14,7,115,2020-07-29,Active,Hyderabad,Bachelor's,14602
10939,Karan Joshi,Male,2001-05-14,7,115,2018-09-01,Active,Hyderabad,Master's,10081
10940,Divya Verma,Female,1986-02-10,3,106,2022-05-30,Active,Bengaluru,Bachelor's,12640
10941,Nikhil Iyer,Male,2003-03-06,1,101,2019-11-03,Resigned,Delhi,Bachelor's,13451
10942,Nikhil Malhotra,Male,1971-06-23,3,106,2024-03-03,Active,Bengaluru,Bachelor's,12079
10943,Sneha Nair,Female,1994-06-09,3,106,2019-11-26,Resigned,Bengaluru,Bachelor's,13737
10944,Simran Mishra,Female,1974-05-21,7,115,2018-03-23,Active,Hyderabad,Bachelor's,13119
10945,Manish Kapoor,Male,1979-08-08,5,110,2020-02-07,Active,Mumbai,Bachelor's,11345
10946,Mohit Desai,Male,1970-01-03,2,104,2019-07-29,Active,Mumbai,Master's,12149
10947,Akash Bansal,Male,1988-06-06,2,103,2018-12-03,Resigned,Mumbai,Bachelor's,13118
10948,Simran Iyer,Female,1966-01-18,2,104,2017-07-08,Active,Mumbai,PhD,11279
10949,Kavya Sinha,Female,1979-10-23,5,111,2020-12-28,Terminated,Mumbai,Diploma,13597
10950,Nisha Mehta,Female,1985-01-26,6,112,2020-08-24,Active,Pune,Master's,12233
10951,Isha Singh,Female,1982-05-01,7,114,2020-06-28,Active,Hyderabad,Master's,12704
10952,Sneha Iyer,Female,1969-06-23,8,117,2022-04-05,Active,Pune,Master's,10522
10953,Yash Sinha,Male,1989-08-12,3,105,2016-06-16,Active,Bengaluru,Bachelor's,11906
10954,Divya Sharma,Female,2000-03-14,3,106,2020-04-10,Active,Bengaluru,Master's,11631
10955,Nikhil Iyer,Male,1974-03-27,3,106,2025-02-19,Active,Bengaluru,Bachelor's,14537
10956,Akash Gupta,Male,1987-01-28,3,105,2022-06-11,Active,Bengaluru,Bachelor's,12121
10957,Rahul Malhotra,Male,1988-03-05,7,114,2024-02-06,Active,Hyderabad,Master's,13637
10958,Arjun Agarwal,Male,1974-06-19,4,108,2023-01-15,Active,Delhi,Bachelor's,10519
10959,Arjun Bansal,Male,1970-04-05,6,113,2021-04-18,Active,Pune,Bachelor's,11406
10960,Pooja Kumar,Female,1977-05-25,4,109,2019-11-07,Active,Delhi,Bachelor's,12590
10961,Siddharth Mehta,Male,1985-08-01,1,102,2020-05-25,Terminated,Delhi,Diploma,10925
10962,Meera Verma,Female,1996-02-28,1,101,2016-08-17,Active,Delhi,Bachelor's,13554
10963,Mohit Sinha,Male,1979-05-28,4,108,2023-10-09,Active,Delhi,Master's,12301
10964,Arjun Sharma,Male,1966-03-23,6,112,2024-10-08,Active,Pune,Diploma,14414
10965,Nikhil Verma,Male,1979-11-06,3,107,2020-09-29,Active,Bengaluru,Master's,10769
10966,Varun Mehta,Male,1981-02-08,6,112,2016-05-02,Active,Pune,Master's,10068
10967,Neha Sharma,Female,1984-05-22,6,113,2021-10-21,Active,Pune,Bachelor's,12200
10968,Yash Kumar,Male,1970-08-06,3,107,2025-02-27,Active,Bengaluru,Master's,10737
10969,Meera Mehta,Female,1979-10-03,6,112,2019-02-10,Active,Pune,Master's,11085
10970,Manish Iyer,Male,1981-07-04,3,106,2019-08-14,Active,Bengaluru,Bachelor's,12513
10971,Nisha Sharma,Female,1990-06-16,5,111,2019-04-18,Active,Mumbai,Bachelor's,14202
10972,Nisha Desai,Female,1986-06-27,6,113,2022-08-30,Active,Pune,Master's,10589
10973,Aanya Mehta,Female,1973-05-01,8,117,2019-10-26,Active,Pune,PhD,11470
10974,Rahul Reddy,Male,1976-08-13,3,106,2024-04-01,Active,Bengaluru,Master's,12313
10975,Akash Mehta,Male,1986-10-02,3,105,2025-07-13,Terminated,Bengaluru,Bachelor's,14341
10976,Mohit Kapoor,Male,1987-04-28,2,103,2020-10-31,Active,Mumbai,Bachelor's,10270
10977,Priya Malhotra,Female,2001-03-06,3,106,2023-07-06,Active,Bengaluru,Bachelor's,12099
10978,Ankit Gupta,Male,1978-11-17,5,111,2017-07-26,Resigned,Mumbai,Master's,10458
10979,Arjun Joshi,Male,1988-09-05,7,114,2018-08-01,Resigned,Hyderabad,Master's,11899
10980,Tanya Desai,Female,1972-05-16,3,106,2020-04-21,Active,Bengaluru,Bachelor's,12402
10981,Arjun Gupta,Male,1990-04-20,2,103,2023-10-23,Resigned,Mumbai,Master's,13413
10982,Meera Chopra,Female,1996-01-09,3,105,2017-12-12,Active,Bengaluru,Diploma,13503
10983,Ankit Verma,Male,1992-09-13,4,109,2019-03-17,Resigned,Delhi,Master's,11846
10984,Akash Agarwal,Male,1996-04-10,3,107,2016-06-23,Active,Bengaluru,Bachelor's,11073
10985,Riya Joshi,Female,1986-10-20,3,106,2016-04-24,Active,Bengaluru,Master's,12774
10986,Siddharth Gupta,Male,1973-12-16,6,112,2023-02-18,Active,Pune,Bachelor's,12140
10987,Aanya Chopra,Female,1967-07-20,1,101,2022-02-25,Terminated,Delhi,Bachelor's,13800
10988,Vivek Mehta,Male,1989-01-11,4,109,2017-02-03,Active,Delhi,Diploma,10407
10989,Vivek Patel,Male,2003-09-18,6,112,2020-10-15,Active,Pune,Master's,11856
10990,Nisha Mehta,Female,1976-05-04,3,105,2019-08-29,Active,Bengaluru,Master's,13575
10991,Priya Sinha,Female,1993-08-06,5,110,2021-10-31,Active,Mumbai,Bachelor's,10540
10992,Meera Reddy,Female,1967-07-02,5,111,2023-06-09,Active,Mumbai,Master's,11499
10993,Aarav Sinha,Male,1987-04-14,5,111,2024-07-15,Active,Mumbai,Master's,14096
10994,Divya Desai,Female,1987-04-28,4,109,2022-02-06,Resigned,Delhi,Master's,11795
10995,Vivek Mishra,Male,1982-02-26,3,105,2019-12-19,Active,Bengaluru,Bachelor's,14676
10996,Manish Malhotra,Male,1975-04-16,6,112,2020-06-04,Active,Pune,Diploma,12645
10997,Aanya Reddy,Female,2000-09-08,6,113,2020-04-05,Active,Pune,Bachelor's,11506
10998,Manish Shah,Male,1990-11-14,3,107,2021-09-30,Terminated,Bengaluru,Bachelor's,11880
10999,Neha Patel,Female,1972-01-13,2,103,2019-07-03,Active,Mumbai,Master's,12139
11000,Nikhil Kumar,Male,1992-08-14,1,102,2020-03-01,Active,Delhi,Bachelor's,14670
11001,Ankit Iyer,Male,1982-11-09,2,103,2023-11-23,Active,Mumbai,Bachelor's,11486
11002,Mohit Shah,Male,1977-08-14,4,108,2016-06-20,Active,Delhi,Bachelor's,12758
11003,Aanya Desai,Female,2000-10-01,1,101,2017-08-17,Active,Delhi,Bachelor's,14263
11004,Simran Sinha,Female,1976-08-12,3,107,2021-10-03,Active,Bengaluru,PhD,13176
11005,Divya Mehta,Female,1986-05-25,6,112,2023-06-20,Active,Pune,Master's,10057
11006,Isha Malhotra,Female,1966-09-22,3,107,2016-11-24,Active,Bengaluru,Diploma,12384
11007,Aanya Malhotra,Female,1992-03-28,6,113,2024-11-11,Active,Pune,Master's,12922
11008,Sneha Agarwal,Female,1977-07-03,6,113,2016-12-27,Active,Pune,Bachelor's,12593
11009,Varun Kapoor,Male,1997-07-08,3,107,2016-08-10,Resigned,Bengaluru,Master's,12435
11010,Mohit Reddy,Male,1967-05-21,6,113,2025-07-26,Active,Pune,Bachelor's,10188
11011,Aarav Agarwal,Male,1998-04-03,6,113,2025-12-18,Active,Pune,Bachelor's,13324
11012,Divya Singh,Female,1987-12-24,3,106,2017-06-02,Resigned,Bengaluru,Master's,14736
11013,Kavya Chopra,Female,1996-11-22,3,107,2016-11-03,Active,Bengaluru,Master's,11098
11014,Karan Mehta,Male,1984-06-02,4,109,2017-01-23,Active,Delhi,Bachelor's,14974
11015,Aanya Singh,Female,1992-04-21,7,114,2019-01-11,Active,Hyderabad,Master's,11097
11016,Shreya Bansal,Female,1972-11-26,5,111,2022-02-27,Active,Mumbai,Master's,10884
11017,Ankit Gupta,Male,1967-05-19,2,104,2023-02-10,Active,Mumbai,Bachelor's,11308
11018,Shreya Desai,Female,1994-10-21,5,110,2016-05-30,Active,Mumbai,Bachelor's,14861
11019,Tanya Kumar,Female,1989-05-02,4,109,2024-10-23,Active,Delhi,Bachelor's,13662
11020,Siddharth Singh,Male,1994-05-03,5,110,2016-06-26,Active,Mumbai,Master's,11450
11021,Ananya Mishra,Female,1993-03-21,6,113,2020-05-24,Active,Pune,PhD,12528
11022,Karan Agarwal,Male,1994-09-02,4,109,2020-01-17,Active,Delhi,Bachelor's,11983
11023,Riya Sharma,Female,1998-09-03,6,113,2018-03-17,Active,Pune,Master's,10162
11024,Isha Joshi,Female,1989-12-23,6,113,2025-11-20,Active,Pune,Master's,13204
11025,Meera Joshi,Female,1981-12-14,5,110,2020-12-18,Terminated,Mumbai,Bachelor's,11413
11026,Siddharth Joshi,Male,1988-01-16,2,103,2021-08-25,Active,Mumbai,Bachelor's,14637
11027,Isha Mishra,Female,2002-01-24,6,113,2024-07-29,Active,Pune,Bachelor's,12733
11028,Isha Mehta,Female,1992-09-03,7,114,2021-01-07,Active,Hyderabad,Bachelor's,13610
11029,Mohit Malhotra,Male,1997-06-14,2,104,2018-04-24,Resigned,Mumbai,Master's,11442
11030,Priya Shah,Female,2000-03-06,4,108,2019-03-22,Resigned,Delhi,Bachelor's,14401
11031,Manish Singh,Male,1971-07-21,3,107,2017-12-14,Resigned,Bengaluru,Bachelor's,12548
11032,Simran Bansal,Female,1987-03-24,6,112,2019-12-24,Active,Pune,Master's,13017
11033,Aarav Verma,Male,1990-05-01,6,113,2019-09-18,Active,Pune,Diploma,10687
11034,Manish Nair,Male,1978-12-15,2,103,2019-11-04,Active,Mumbai,Bachelor's,14031
11035,Varun Sinha,Male,1992-09-19,7,114,2020-01-27,Active,Hyderabad,Bachelor's,14373
11036,Tanya Mehta,Female,1988-02-03,3,105,2019-12-10,Active,Bengaluru,Bachelor's,14217
11037,Yash Sharma,Male,1971-07-28,6,112,2018-01-10,Active,Pune,Master's,12574
11038,Ananya Kapoor,Female,2000-11-28,4,108,2023-09-04,Active,Delhi,Bachelor's,14986
11039,Varun Patel,Male,2003-10-08,3,107,2017-07-28,Resigned,Bengaluru,Master's,12804
11040,Mohit Mehta,Male,1979-02-14,2,103,2018-07-21,Active,Mumbai,Bachelor's,11600
11041,Akash Shah,Male,1967-07-27,2,103,2018-07-27,Active,Mumbai,Bachelor's,13439
11042,Kavya Shah,Female,1966-05-09,5,111,2016-10-31,Active,Mumbai,Bachelor's,12943
11043,Yash Patel,Male,1971-07-01,4,108,2022-03-12,Active,Delhi,Master's,14292
11044,Isha Agarwal,Female,1980-01-06,2,103,2018-11-10,Active,Mumbai,Diploma,12161
11045,Pooja Patel,Female,1985-09-01,2,103,2023-08-31,Active,Mumbai,Bachelor's,14679
11046,Shreya Agarwal,Female,1973-03-13,1,102,2024-09-12,Active,Delhi,Master's,12370
11047,Mohit Iyer,Male,1976-05-04,6,112,2018-07-03,Active,Pune,Bachelor's,12455
11048,Rohan Sinha,Male,1993-01-10,6,113,2020-12-21,Active,Pune,Diploma,11574
11049,Kavya Joshi,Female,1988-04-20,1,101,2021-10-21,Active,Delhi,Bachelor's,12376
11050,Vivek Gupta,Male,1997-11-12,4,109,2020-04-23,Resigned,Delhi,Master's,13077
11051,Divya Shah,Female,1978-10-13,2,104,2021-03-05,Resigned,Mumbai,PhD,10058
11052,Karan Patel,Male,1982-04-16,7,115,2024-06-08,Active,Hyderabad,Diploma,10741
11053,Kavya Nair,Female,1969-03-07,7,114,2021-05-10,Active,Hyderabad,Bachelor's,13383
11054,Pooja Mehta,Female,1979-01-16,5,111,2023-03-30,Active,Mumbai,Bachelor's,11207
11055,Aanya Desai,Female,1971-02-01,7,114,2018-10-28,Active,Hyderabad,Master's,13110
11056,Siddharth Sharma,Male,1989-04-05,6,113,2019-03-24,Resigned,Pune,Diploma,13841
11057,Divya Reddy,Female,1978-11-15,6,112,2018-10-06,Active,Pune,Diploma,11604
11058,Nikhil Bansal,Male,2000-10-21,4,109,2021-11-22,Active,Delhi,Master's,13108
11059,Akash Mishra,Male,1999-02-11,3,106,2020-01-24,Active,Bengaluru,Diploma,14771
11060,Riya Kapoor,Female,1988-03-04,3,107,2024-11-16,Active,Bengaluru,Bachelor's,14339
11061,Shreya Reddy,Female,1979-10-22,3,106,2021-06-17,Active,Bengaluru,PhD,13247
11062,Nisha Nair,Female,1975-06-12,5,110,2019-01-22,Active,Mumbai,PhD,10458
11063,Ananya Mishra,Female,1988-02-02,2,104,2025-10-27,Active,Mumbai,Bachelor's,12161
11064,Aarav Mishra,Male,1975-09-12,3,106,2021-02-13,Active,Bengaluru,Bachelor's,11691
11065,Rohan Mehta,Male,1981-02-18,4,108,2021-09-10,Active,Delhi,Bachelor's,11266
11066,Pooja Kumar,Female,1970-03-15,3,107,2017-08-11,Resigned,Bengaluru,Bachelor's,12837
11067,Rahul Malhotra,Male,1985-09-16,4,108,2016-05-02,Active,Delhi,Master's,12210
11068,Aditya Bansal,Male,1972-06-27,7,115,2016-06-01,Active,Hyderabad,Master's,10911
11069,Varun Bansal,Male,1979-12-22,6,112,2019-12-09,Active,Pune,Master's,14383
11070,Karan Reddy,Male,1996-12-10,5,110,2017-04-08,Resigned,Mumbai,Bachelor's,12963
11071,Yash Malhotra,Male,1974-05-15,4,109,2017-07-11,Active,Delhi,Bachelor's,14833
11072,Karan Kapoor,Male,1992-07-27,4,108,2016-06-28,Resigned,Delhi,Bachelor's,14808
11073,Varun Joshi,Male,1979-04-10,3,107,2017-11-25,Active,Bengaluru,Bachelor's,11274
11074,Arjun Sinha,Male,1976-10-19,7,115,2020-04-23,Active,Hyderabad,Diploma,11929
11075,Pooja Bansal,Female,1982-07-14,3,106,2016-05-11,Active,Bengaluru,Bachelor's,12121
11076,Siddharth Desai,Male,2001-10-17,2,104,2019-10-03,Terminated,Mumbai,Bachelor's,11121
11077,Rohan Verma,Male,1988-06-27,6,113,2016-06-26,Active,Pune,Bachelor's,12523
11078,Pooja Patel,Female,2001-11-11,2,104,2021-08-07,Active,Mumbai,Bachelor's,11760
11079,Arjun Mishra,Male,1993-02-02,3,107,2016-02-08,Active,Bengaluru,Bachelor's,12433
11080,Riya Desai,Female,1974-11-08,1,102,2016-05-31,Active,Delhi,Bachelor's,13431
11081,Pooja Agarwal,Female,1978-03-25,2,104,2016-12-24,Terminated,Mumbai,Bachelor's,12029
11082,Nikhil Bansal,Male,1980-04-14,2,104,2025-12-16,Active,Mumbai,Bachelor's,11243
11083,Rahul Kumar,Male,2001-06-17,1,101,2019-03-22,Resigned,Delhi,Master's,11427
11084,Nisha Desai,Female,1975-11-26,5,110,2024-12-23,Active,Mumbai,Bachelor's,12937
11085,Neha Malhotra,Female,1990-10-03,6,112,2020-11-13,Active,Pune,Master's,13794
11086,Nikhil Mishra,Male,1983-04-21,3,105,2018-10-19,Active,Bengaluru,Master's,11246
11087,Pooja Chopra,Female,1982-01-20,7,115,2017-03-29,Active,Hyderabad,Bachelor's,10081
11088,Vivek Mehta,Male,1994-05-20,3,106,2021-07-17,Active,Bengaluru,Bachelor's,13839
11089,Nisha Desai,Female,1996-10-26,3,107,2024-09-16,Active,Bengaluru,Bachelor's,13895
11090,Rohan Chopra,Male,1987-07-24,2,104,2017-07-31,Active,Mumbai,Bachelor's,10464
11091,Kavya Patel,Female,1976-12-08,5,110,2019-07-24,Resigned,Mumbai,Diploma,11643
11092,Priya Verma,Female,1977-03-21,3,105,2018-02-07,Active,Bengaluru,Master's,10069
11093,Nisha Mehta,Female,1985-10-24,5,110,2021-11-01,Active,Mumbai,Bachelor's,10720
11094,Aarav Bansal,Male,1985-07-25,6,113,2022-12-27,Resigned,Pune,PhD,12361
11095,Arjun Nair,Male,1993-10-07,4,109,2016-03-31,Active,Delhi,Master's,12590
11096,Karan Reddy,Male,1993-02-20,5,111,2017-02-08,Active,Mumbai,Bachelor's,10877
11097,Vivek Chopra,Male,1991-12-14,7,115,2024-08-07,Active,Hyderabad,Bachelor's,12238
11098,Ankit Joshi,Male,1993-12-08,3,107,2020-08-03,Active,Bengaluru,Bachelor's,10612
11099,Pooja Gupta,Female,1979-09-07,3,106,2017-10-16,Resigned,Bengaluru,Bachelor's,14158
11100,Siddharth Kumar,Male,1976-05-01,6,112,2022-12-18,Active,Pune,Bachelor's,14681
11101,Aditya Verma,Male,1983-09-12,5,110,2024-09-07,Active,Mumbai,Master's,13641
11102,Aanya Bansal,Female,1976-06-18,2,103,2021-07-24,Active,Mumbai,Bachelor's,14558
11103,Meera Reddy,Female,1987-11-10,3,107,2020-04-27,Active,Bengaluru,Bachelor's,13154
11104,Nisha Kapoor,Female,1969-10-18,4,108,2022-07-22,Active,Delhi,Master's,14809
11105,Sneha Desai,Female,1990-10-01,3,107,2025-01-13,Active,Bengaluru,Diploma,13024
11106,Arjun Shah,Male,1974-12-20,2,103,2018-11-13,Active,Mumbai,Bachelor's,10657
11107,Varun Reddy,Male,1986-10-11,7,115,2024-07-27,Resigned,Hyderabad,Bachelor's,11706
11108,Ananya Kapoor,Female,2003-02-26,6,113,2025-05-01,Active,Pune,Bachelor's,14671
11109,Nisha Kumar,Female,1987-11-25,4,108,2017-05-17,Active,Delhi,Master's,11367
11110,Vivek Malhotra,Male,1975-02-27,5,111,2023-04-21,Active,Mumbai,Master's,14320
11111,Divya Sinha,Female,1992-09-01,7,115,2018-10-26,Active,Hyderabad,Bachelor's,10405
11112,Arjun Singh,Male,1995-07-06,2,104,2025-10-07,Active,Mumbai,Bachelor's,14094
11113,Rahul Reddy,Male,1972-06-02,3,107,2016-07-23,Active,Bengaluru,Bachelor's,11009
11114,Ankit Mehta,Male,2003-01-26,4,109,2020-02-11,Active,Delhi,Master's,14275
11115,Pooja Bansal,Female,1992-08-24,6,112,2024-12-17,Resigned,Pune,Master's,13267
11116,Neha Mehta,Female,1980-02-04,1,101,2020-06-24,Active,Delhi,Bachelor's,12001
11117,Rohan Gupta,Male,1995-04-15,8,117,2018-10-25,Resigned,Pune,Diploma,11289
11118,Priya Iyer,Female,1980-02-27,4,109,2023-06-25,Terminated,Delhi,Master's,13083
11119,Rohan Sinha,Male,1969-09-12,3,107,2017-11-27,Active,Bengaluru,Bachelor's,10011
11120,Vivek Mishra,Male,1999-04-04,3,107,2022-07-19,Resigned,Bengaluru,Master's,10956
11121,Riya Mishra,Female,1989-04-05,2,104,2019-07-29,Active,Mumbai,Master's,14163
11122,Priya Desai,Female,1977-10-12,6,113,2016-04-24,Active,Pune,Bachelor's,13014
11123,Nisha Joshi,Female,1993-12-08,8,116,2024-12-14,Active,Pune,Master's,14497
11124,Aanya Reddy,Female,1991-04-03,3,107,2023-05-02,Active,Bengaluru,Bachelor's,13779
11125,Meera Shah,Female,1981-11-01,8,116,2024-11-29,Resigned,Pune,PhD,14685
11126,Nikhil Joshi,Male,2001-02-20,6,112,2020-04-20,Active,Pune,Diploma,14152
11127,Akash Sharma,Male,2002-09-14,4,108,2016-12-19,Resigned,Delhi,Bachelor's,14935
11128,Aarav Singh,Male,1993-01-06,5,111,2017-03-19,Active,Mumbai,Bachelor's,13597
11129,Rahul Patel,Male,1998-06-10,4,108,2017-06-07,Active,Delhi,Master's,13868
11130,Aditya Joshi,Male,1994-03-10,4,108,2024-06-30,Active,Delhi,Bachelor's,13659
11131,Tanya Kapoor,Female,1995-09-26,1,102,2024-04-11,Resigned,Delhi,Bachelor's,10076
11132,Aarav Joshi,Male,1986-03-01,5,111,2019-09-02,Resigned,Mumbai,Bachelor's,14768
11133,Aarav Joshi,Male,1989-02-15,1,101,2017-08-09,Resigned,Delhi,Bachelor's,13919
11134,Nikhil Agarwal,Male,1968-04-04,6,113,2016-05-05,Active,Pune,Master's,14075
11135,Simran Bansal,Female,1999-02-10,6,113,2016-03-06,Active,Pune,Diploma,13246
11136,Rohan Singh,Male,1973-06-22,3,107,2016-01-03,Active,Bengaluru,Master's,14994
11137,Ananya Shah,Female,1990-03-17,3,106,2022-07-21,Active,Bengaluru,Master's,11299
11138,Karan Iyer,Male,1991-10-25,4,109,2021-08-09,Resigned,Delhi,Master's,13184
11139,Nikhil Patel,Male,1991-04-25,5,111,2019-01-06,Active,Mumbai,Master's,13831
11140,Kavya Mishra,Female,1982-05-07,3,106,2021-06-12,Active,Bengaluru,Bachelor's,11410
11141,Aanya Bansal,Female,1994-03-19,5,110,2016-12-05,Active,Mumbai,Bachelor's,14664
11142,Arjun Joshi,Male,1995-08-01,3,107,2024-09-02,Active,Bengaluru,PhD,13826
11143,Nisha Shah,Female,1967-08-08,1,101,2023-09-30,Active,Delhi,Master's,10121
11144,Tanya Verma,Female,1993-03-17,1,102,2023-09-24,Terminated,Delhi,Bachelor's,12257
11145,Karan Sinha,Male,1971-09-20,2,104,2025-01-11,Active,Mumbai,Master's,10029
11146,Simran Agarwal,Female,1982-07-16,6,113,2024-01-03,Active,Pune,Master's,14852
11147,Priya Joshi,Female,1980-09-19,8,117,2024-05-29,Active,Pune,Master's,14883
11148,Ananya Agarwal,Female,1996-05-26,4,109,2023-12-10,Resigned,Delhi,Master's,10357
11149,Shreya Verma,Female,2002-11-13,4,109,2025-10-02,Active,Delhi,Master's,11067
11150,Shreya Mishra,Female,1989-03-05,2,104,2018-03-24,Active,Mumbai,Master's,14605
11151,Kavya Shah,Female,1996-11-02,4,109,2024-12-21,Active,Delhi,Diploma,14345
11152,Neha Reddy,Female,1983-04-12,2,104,2025-12-06,Active,Mumbai,PhD,13376
11153,Neha Bansal,Female,1967-02-03,5,111,2022-11-16,Active,Mumbai,Bachelor's,11817
11154,Meera Iyer,Female,1999-05-25,7,115,2022-02-21,Resigned,Hyderabad,Bachelor's,12836
11155,Kavya Kumar,Female,1993-03-26,3,105,2021-08-24,Active,Bengaluru,Master's,11803
11156,Riya Shah,Female,1975-06-04,6,113,2018-02-04,Active,Pune,Master's,10594
11157,Rahul Verma,Male,1970-04-16,1,101,2023-05-02,Active,Delhi,Master's,13652
11158,Simran Agarwal,Female,1983-11-26,3,105,2022-03-03,Active,Bengaluru,Bachelor's,14493
11159,Riya Kumar,Female,2001-10-13,2,104,2019-05-17,Active,Mumbai,Bachelor's,12660
11160,Manish Joshi,Male,1991-05-11,3,107,2022-02-15,Active,Bengaluru,Diploma,11158
11161,Simran Joshi,Female,1969-07-27,2,104,2024-07-06,Active,Mumbai,Bachelor's,11439
11162,Rohan Kumar,Male,1990-04-08,3,106,2022-04-25,Active,Bengaluru,Master's,11865
11163,Siddharth Agarwal,Male,1999-12-13,3,105,2019-02-07,Resigned,Bengaluru,Bachelor's,11508
11164,Kavya Verma,Female,1983-09-09,3,106,2019-03-13,Active,Bengaluru,Bachelor's,14994
11165,Rohan Singh,Male,1981-09-02,5,110,2019-01-11,Resigned,Mumbai,Bachelor's,13487
11166,Isha Kumar,Female,1999-03-21,7,114,2025-01-10,Active,Hyderabad,Master's,10335
11167,Aanya Patel,Female,1977-12-17,3,106,2020-12-24,Active,Bengaluru,Diploma,12818
11168,Manish Joshi,Male,1978-04-27,3,105,2017-02-04,Active,Bengaluru,Master's,14058
11169,Mohit Sharma,Male,1994-05-09,3,105,2024-04-27,Active,Bengaluru,Bachelor's,13200
11170,Yash Sharma,Male,1981-08-01,7,115,2021-09-10,Active,Hyderabad,Diploma,11739
11171,Sneha Kumar,Female,2001-12-03,4,108,2018-08-10,Resigned,Delhi,Master's,13764
11172,Priya Kapoor,Female,1979-03-27,4,109,2017-05-10,Active,Delhi,Bachelor's,13086
11173,Meera Agarwal,Female,1982-06-04,2,104,2025-06-11,Resigned,Mumbai,Bachelor's,13495
11174,Aarav Sharma,Male,1978-04-01,4,109,2020-07-28,Active,Delhi,Master's,10846
11175,Shreya Patel,Female,1978-12-10,3,106,2022-05-15,Resigned,Bengaluru,Master's,12825
11176,Aditya Sharma,Male,1997-12-11,8,116,2025-11-10,Active,Pune,Master's,10322
11177,Ananya Gupta,Female,2002-04-17,7,115,2023-01-02,Active,Hyderabad,Master's,10335
11178,Arjun Malhotra,Male,1975-05-03,2,103,2023-12-15,Active,Mumbai,Bachelor's,11426
11179,Divya Reddy,Female,1975-10-21,4,108,2021-12-11,Active,Delhi,Bachelor's,13262
11180,Karan Chopra,Male,1990-03-21,3,106,2020-09-17,Active,Bengaluru,Bachelor's,14245
11181,Shreya Singh,Female,1967-04-25,3,106,2021-09-20,Active,Bengaluru,Master's,14412
11182,Rahul Reddy,Male,1989-06-12,7,114,2020-04-27,Resigned,Hyderabad,PhD,13344
11183,Pooja Verma,Female,1981-10-02,4,109,2016-03-07,Active,Delhi,Bachelor's,14221
11184,Kavya Patel,Female,1986-01-01,3,105,2021-07-05,Active,Bengaluru,Bachelor's,13081
11185,Aditya Singh,Male,1993-01-25,3,106,2017-08-04,Active,Bengaluru,Bachelor's,10006
11186,Pooja Desai,Female,1990-05-16,6,113,2021-12-24,Resigned,Pune,Master's,13266
11187,Neha Shah,Female,1998-04-10,5,110,2025-12-15,Active,Mumbai,Bachelor's,10411
11188,Vivek Patel,Male,1990-05-25,4,108,2018-03-11,Active,Delhi,Master's,14733
11189,Karan Joshi,Male,1973-03-03,3,106,2022-08-25,Active,Bengaluru,Master's,10982
11190,Ananya Sharma,Female,1975-12-18,3,107,2025-09-21,Active,Bengaluru,PhD,10891
11191,Akash Singh,Male,1971-08-23,8,117,2023-11-27,Active,Pune,Diploma,12901
11192,Aanya Chopra,Female,1994-02-04,4,109,2020-03-21,Active,Delhi,PhD,12409
11193,Akash Mishra,Male,1966-07-01,3,105,2025-07-01,Active,Bengaluru,Master's,12414
11194,Riya Desai,Female,1994-01-08,4,109,2023-12-13,Resigned,Delhi,Diploma,11653
11195,Manish Mehta,Male,1968-06-02,6,112,2025-04-11,Active,Pune,Bachelor's,10997
11196,Riya Gupta,Female,1978-10-10,3,105,2022-07-09,Active,Bengaluru,Master's,11640
11197,Simran Iyer,Female,1977-01-19,2,104,2018-07-16,Active,Mumbai,PhD,14020
11198,Aanya Verma,Female,1989-12-04,4,109,2023-01-11,Active,Delhi,Bachelor's,11714
11199,Tanya Kapoor,Female,1977-05-27,5,110,2023-01-18,Active,Mumbai,Bachelor's,13849
11200,Arjun Chopra,Male,1977-10-19,6,112,2020-11-25,Active,Pune,Bachelor's,13204
11201,Aanya Shah,Female,2001-05-12,7,115,2021-04-04,Resigned,Hyderabad,PhD,13617
11202,Aarav Patel,Male,1970-07-27,3,107,2018-01-12,Active,Bengaluru,PhD,14230
11203,Nikhil Shah,Male,1990-09-05,1,101,2017-02-27,Active,Delhi,Bachelor's,13980
11204,Siddharth Chopra,Male,1978-04-10,8,117,2021-09-19,Active,Pune,Bachelor's,11747
11205,Ankit Gupta,Male,1972-11-09,4,108,2025-06-12,Active,Delhi,Master's,14368
11206,Tanya Iyer,Female,1988-08-05,5,110,2017-01-03,Active,Mumbai,Master's,13474
11207,Tanya Reddy,Female,1986-09-11,5,110,2021-03-16,Active,Mumbai,PhD,10692
11208,Akash Gupta,Male,2003-09-17,4,108,2020-07-17,Active,Delhi,Master's,11978
11209,Yash Chopra,Male,1985-12-22,3,105,2019-10-28,Resigned,Bengaluru,Bachelor's,10682
11210,Meera Bansal,Female,1990-11-21,6,112,2017-08-05,Active,Pune,Master's,11134
11211,Manish Agarwal,Male,1974-06-26,6,113,2025-08-31,Active,Pune,Diploma,14383
11212,Aarav Mehta,Male,1977-03-14,4,109,2022-05-02,Active,Delhi,Master's,13649
11213,Aarav Desai,Male,1978-03-10,4,109,2016-12-03,Resigned,Delhi,Master's,13042
11214,Nisha Verma,Female,1973-05-23,2,104,2023-12-09,Active,Mumbai,PhD,10532
11215,Isha Kapoor,Female,1971-04-22,2,103,2021-07-22,Terminated,Mumbai,PhD,14637
11216,Siddharth Kumar,Male,2003-05-02,3,106,2023-03-27,Active,Bengaluru,Diploma,10635
11217,Aditya Bansal,Male,1995-11-12,3,105,2016-10-04,Resigned,Bengaluru,Bachelor's,14412
11218,Nisha Shah,Female,1980-01-22,8,117,2025-01-23,Active,Pune,Bachelor's,14816
11219,Neha Kumar,Female,1972-05-09,6,112,2025-12-23,Active,Pune,Master's,12934
11220,Aarav Kumar,Male,1979-12-07,5,111,2018-05-31,Terminated,Mumbai,Master's,13410
11221,Priya Malhotra,Female,1989-01-10,4,108,2020-05-25,Active,Delhi,PhD,14494
11222,Ankit Sinha,Male,2002-06-27,2,104,2019-05-01,Active,Mumbai,Master's,10842
11223,Nikhil Mehta,Male,1979-07-19,8,117,2022-03-12,Resigned,Pune,Bachelor's,11409
11224,Sneha Mishra,Female,1989-09-27,3,106,2022-10-07,Active,Bengaluru,Diploma,13942
11225,Vivek Kumar,Male,1971-11-02,2,104,2023-01-11,Active,Mumbai,Bachelor's,10688
11226,Pooja Gupta,Female,1990-01-26,4,109,2017-08-02,Active,Delhi,Master's,13681
11227,Nikhil Sharma,Male,1972-10-12,7,114,2019-01-08,Active,Hyderabad,Master's,13886
11228,Varun Chopra,Male,1982-09-23,7,115,2017-04-20,Resigned,Hyderabad,Bachelor's,14663
11229,Ananya Bansal,Female,1985-10-11,1,101,2017-03-14,Active,Delhi,Master's,14820
11230,Vivek Agarwal,Male,1980-01-20,7,115,2019-04-14,Active,Hyderabad,Bachelor's,10027
11231,Meera Kapoor,Female,1967-10-19,3,107,2022-05-20,Resigned,Bengaluru,Bachelor's,10043
11232,Arjun Joshi,Male,1965-11-23,1,102,2021-01-05,Terminated,Delhi,Bachelor's,12021
11233,Karan Agarwal,Male,1977-05-25,7,115,2019-06-20,Active,Hyderabad,Bachelor's,11107
11234,Aditya Desai,Male,1996-11-03,7,114,2016-06-08,Active,Hyderabad,Master's,13478
11235,Tanya Sharma,Female,1976-11-16,5,110,2022-12-01,Active,Mumbai,Bachelor's,11405
11236,Manish Nair,Male,1995-06-10,4,108,2021-12-26,Resigned,Delhi,Bachelor's,10474
11237,Simran Malhotra,Female,1966-02-19,6,112,2016-01-02,Active,Pune,Master's,10526
11238,Yash Malhotra,Male,1972-04-16,6,113,2020-04-11,Resigned,Pune,PhD,13104
11239,Isha Verma,Female,1989-06-11,7,114,2019-01-04,Terminated,Hyderabad,Master's,10709
11240,Vivek Sinha,Male,1969-01-15,4,108,2021-12-14,Active,Delhi,Bachelor's,14607
11241,Sneha Agarwal,Female,1966-06-04,8,117,2025-09-20,Active,Pune,Bachelor's,12152
11242,Tanya Kumar,Female,2002-08-25,8,116,2017-07-04,Active,Pune,Diploma,11747
11243,Sneha Agarwal,Female,2003-08-24,2,103,2016-11-21,Active,Mumbai,Diploma,14839
11244,Tanya Shah,Female,1967-02-14,7,114,2025-03-11,Active,Hyderabad,Master's,12926
11245,Ananya Kapoor,Female,2002-10-02,4,109,2020-05-13,Active,Delhi,Diploma,13084
11246,Pooja Sinha,Female,1986-06-15,3,105,2019-03-19,Active,Bengaluru,Bachelor's,11931
11247,Mohit Nair,Male,1997-05-06,5,110,2022-03-12,Terminated,Mumbai,Master's,12109
11248,Arjun Joshi,Male,1996-09-12,1,101,2016-06-17,Active,Delhi,Master's,12557
11249,Tanya Nair,Female,1981-10-07,4,109,2016-11-19,Active,Delhi,Bachelor's,11130
11250,Priya Desai,Female,1982-05-26,7,115,2024-08-20,Resigned,Hyderabad,Bachelor's,13833
11251,Simran Verma,Female,1967-07-08,3,105,2019-11-15,Active,Bengaluru,Bachelor's,10832
11252,Ankit Desai,Male,1970-11-12,4,109,2020-09-01,Active,Delhi,Bachelor's,10988
11253,Arjun Agarwal,Male,1977-01-10,7,114,2017-02-27,Active,Hyderabad,Bachelor's,12279
11254,Nikhil Joshi,Male,1995-11-27,4,109,2021-05-07,Resigned,Delhi,Bachelor's,13332
11255,Pooja Kapoor,Female,1981-07-20,3,105,2018-03-20,Active,Bengaluru,Diploma,13311
11256,Rahul Agarwal,Male,1985-05-13,4,108,2024-09-16,Active,Delhi,Bachelor's,10994
11257,Aarav Verma,Male,1980-02-10,4,108,2017-06-12,Terminated,Delhi,Bachelor's,13949
11258,Ankit Sharma,Male,1981-05-25,5,111,2018-10-09,Active,Mumbai,PhD,10936
11259,Rohan Verma,Male,1996-01-19,6,112,2017-04-03,Active,Pune,Bachelor's,12014
11260,Neha Desai,Female,1965-04-09,4,109,2023-04-02,Active,Delhi,Master's,12949
11261,Manish Singh,Male,2002-02-16,6,113,2023-01-30,Active,Pune,Bachelor's,13105
11262,Tanya Bansal,Female,1972-07-25,4,108,2024-08-09,Active,Delhi,Master's,12249
11263,Vivek Desai,Male,1965-12-26,3,106,2021-07-06,Active,Bengaluru,Bachelor's,12869
11264,Arjun Sharma,Male,1966-04-21,5,110,2023-09-16,Resigned,Mumbai,Bachelor's,12198
11265,Akash Sharma,Male,2001-12-12,6,113,2020-11-05,Resigned,Pune,Master's,11057
11266,Ankit Chopra,Male,1988-12-26,4,109,2021-07-23,Active,Delhi,Master's,13614
11267,Aditya Patel,Male,1991-04-12,1,101,2024-10-12,Active,Delhi,PhD,14694
11268,Siddharth Shah,Male,1984-07-08,2,103,2021-02-04,Active,Mumbai,Master's,14991
11269,Riya Shah,Female,1985-08-03,3,105,2016-11-20,Active,Bengaluru,Bachelor's,12899
11270,Ankit Verma,Male,2001-02-06,3,106,2025-04-03,Active,Bengaluru,Bachelor's,10530
11271,Pooja Chopra,Female,1999-12-17,5,111,2016-03-20,Active,Mumbai,Bachelor's,13243
11272,Aanya Reddy,Female,2002-12-09,1,101,2020-02-03,Active,Delhi,Bachelor's,12889
11273,Nisha Iyer,Female,1979-07-08,6,113,2020-10-05,Active,Pune,Master's,14013
11274,Rohan Agarwal,Male,1994-07-21,3,107,2016-11-14,Active,Bengaluru,Bachelor's,12586
11275,Manish Patel,Male,1968-05-23,3,105,2023-02-04,Active,Bengaluru,Master's,12414
11276,Aarav Joshi,Male,2003-07-18,4,108,2025-04-28,Active,Delhi,Bachelor's,13149
11277,Nikhil Agarwal,Male,1979-02-16,3,106,2025-05-14,Active,Bengaluru,Bachelor's,14942
11278,Sneha Desai,Female,1987-07-21,7,115,2021-06-17,Active,Hyderabad,Diploma,14016
11279,Nikhil Kapoor,Male,1979-02-17,2,103,2020-07-12,Active,Mumbai,Bachelor's,11034
11280,Akash Bansal,Male,1990-09-27,4,108,2016-11-08,Active,Delhi,Master's,14646
11281,Tanya Kapoor,Female,1976-08-02,7,115,2020-01-28,Active,Hyderabad,PhD,10244
11282,Divya Kapoor,Female,1982-02-19,5,110,2021-01-13,Active,Mumbai,Bachelor's,13753
11283,Nikhil Iyer,Male,1970-04-09,3,106,2019-06-11,Active,Bengaluru,Master's,12410
11284,Aarav Kapoor,Male,1982-12-22,4,108,2019-05-28,Active,Delhi,Master's,13450
11285,Arjun Reddy,Male,1988-03-08,5,110,2021-05-27,Active,Mumbai,PhD,14097
11286,Akash Joshi,Male,2002-06-08,8,116,2025-08-01,Active,Pune,Bachelor's,12665
11287,Karan Desai,Male,1992-10-28,7,115,2023-11-20,Active,Hyderabad,Bachelor's,10455
11288,Siddharth Malhotra,Male,1979-02-15,3,105,2024-10-11,Resigned,Bengaluru,Bachelor's,10995
11289,Vivek Verma,Male,1983-08-11,8,117,2021-07-11,Resigned,Pune,Bachelor's,13553
11290,Akash Reddy,Male,1969-05-26,1,101,2022-12-26,Active,Delhi,Bachelor's,13340
11291,Aarav Malhotra,Male,1968-12-04,1,101,2017-07-10,Active,Delhi,Bachelor's,14438
11292,Aditya Iyer,Male,1981-03-12,6,113,2018-10-24,Active,Pune,Master's,14892
11293,Ananya Mehta,Female,1974-09-26,3,106,2019-05-26,Active,Bengaluru,Diploma,14068
11294,Shreya Singh,Female,1976-07-07,1,101,2024-03-12,Resigned,Delhi,Master's,12862
11295,Simran Malhotra,Female,1969-06-25,3,106,2016-09-08,Active,Bengaluru,Master's,13688
11296,Vivek Nair,Male,1971-03-14,4,108,2016-08-15,Active,Delhi,Master's,14809
11297,Varun Kapoor,Male,1987-01-07,6,113,2016-02-20,Active,Pune,Bachelor's,12978
11298,Siddharth Joshi,Male,1966-09-22,5,111,2019-12-15,Active,Mumbai,Diploma,11413
11299,Simran Kumar,Female,1994-10-18,3,105,2023-05-05,Active,Bengaluru,Bachelor's,14493
11300,Sneha Mishra,Female,2001-08-09,4,108,2018-11-24,Active,Delhi,Bachelor's,14512
11301,Akash Sinha,Male,1969-10-15,7,115,2020-05-20,Active,Hyderabad,Master's,14300
11302,Kavya Mishra,Female,1984-08-25,6,113,2023-09-29,Terminated,Pune,Diploma,14327
11303,Rahul Mishra,Male,1990-01-03,3,107,2019-09-09,Active,Bengaluru,Bachelor's,11421
11304,Aarav Iyer,Male,2003-03-09,8,117,2020-10-02,Resigned,Pune,Diploma,10280
11305,Neha Joshi,Female,1970-03-15,5,111,2024-07-07,Resigned,Mumbai,Diploma,10504
11306,Sneha Patel,Female,1993-10-01,1,102,2021-01-03,Resigned,Delhi,PhD,12720
11307,Shreya Reddy,Female,1974-03-02,1,102,2020-11-28,Active,Delhi,PhD,13569
11308,Isha Mehta,Female,1980-09-01,2,103,2025-03-05,Active,Mumbai,Bachelor's,10669
11309,Manish Sharma,Male,1998-11-18,6,112,2021-06-21,Active,Pune,Bachelor's,11057
11310,Priya Sinha,Female,1995-01-09,3,106,2022-04-23,Terminated,Bengaluru,Master's,11667
11311,Aditya Nair,Male,2000-07-13,4,109,2018-09-27,Resigned,Delhi,Master's,11994
11312,Nisha Kapoor,Female,1969-01-13,2,103,2017-01-05,Active,Mumbai,Master's,12659
11313,Ankit Singh,Male,1997-10-28,7,115,2019-11-08,Active,Hyderabad,Bachelor's,14008
11314,Neha Singh,Female,1983-06-05,3,106,2018-02-13,Active,Bengaluru,Diploma,10521
11315,Manish Shah,Male,1996-10-14,7,115,2025-05-20,Active,Hyderabad,Diploma,12187
11316,Priya Verma,Female,1987-11-05,8,117,2019-04-26,Resigned,Pune,Master's,12010
11317,Aarav Iyer,Male,1967-04-03,1,102,2021-08-04,Resigned,Delhi,Master's,12251
11318,Simran Gupta,Female,1965-08-23,4,108,2021-02-12,Active,Delhi,Bachelor's,10261
11319,Mohit Joshi,Male,2000-05-12,1,102,2020-05-10,Active,Delhi,Bachelor's,10924
11320,Manish Kapoor,Male,1992-09-28,7,115,2024-05-26,Active,Hyderabad,Master's,13559
11321,Aarav Kapoor,Male,2003-07-10,4,109,2021-04-05,Active,Delhi,Master's,13278
11322,Rahul Malhotra,Male,1969-02-07,1,101,2016-04-30,Resigned,Delhi,Master's,12649
11323,Meera Sinha,Female,1977-07-04,2,104,2022-04-02,Resigned,Mumbai,Master's,12331
11324,Yash Gupta,Male,1975-12-28,3,106,2022-02-11,Active,Bengaluru,Bachelor's,13028
11325,Simran Patel,Female,1986-08-04,8,116,2023-04-19,Active,Pune,Bachelor's,14119
11326,Mohit Malhotra,Male,1987-07-20,5,110,2022-08-16,Active,Mumbai,Master's,11736
11327,Karan Joshi,Male,1976-08-14,7,114,2021-04-17,Resigned,Hyderabad,Master's,11537
11328,Riya Bansal,Female,1985-03-02,3,107,2017-08-16,Active,Bengaluru,Bachelor's,13575
11329,Simran Malhotra,Female,1983-10-06,1,102,2025-08-26,Active,Delhi,Bachelor's,14677
11330,Vivek Verma,Male,1969-07-07,8,117,2016-06-17,Active,Pune,Master's,14816
11331,Yash Malhotra,Male,1988-06-16,1,102,2018-06-03,Resigned,Delhi,Bachelor's,10098
11332,Meera Reddy,Female,1994-11-24,8,116,2017-12-10,Active,Pune,Bachelor's,11409
11333,Aarav Iyer,Male,1972-12-22,3,105,2018-02-19,Active,Bengaluru,Master's,11190
11334,Meera Kumar,Female,1966-06-03,1,101,2021-04-20,Active,Delhi,Master's,13883
11335,Neha Verma,Female,1998-12-16,5,111,2024-07-12,Active,Mumbai,Master's,11979
11336,Simran Chopra,Female,1987-02-15,8,116,2019-11-23,Resigned,Pune,Bachelor's,11425
11337,Aditya Singh,Male,1967-07-06,8,116,2019-01-29,Active,Pune,Bachelor's,11336
11338,Neha Sinha,Female,1988-01-02,2,104,2016-03-11,Active,Mumbai,Bachelor's,12636
11339,Ankit Singh,Male,1982-02-17,3,106,2019-08-03,Active,Bengaluru,Master's,13735
11340,Rahul Singh,Male,2001-03-05,4,108,2024-12-14,Active,Delhi,Master's,10958
11341,Akash Mishra,Male,1995-04-28,5,111,2021-02-26,Resigned,Mumbai,Bachelor's,12380
11342,Vivek Bansal,Male,1978-02-08,6,113,2020-12-16,Active,Pune,Bachelor's,10969
11343,Sneha Mehta,Female,1965-09-24,3,107,2020-08-31,Resigned,Bengaluru,Diploma,11079
11344,Pooja Kapoor,Female,1978-07-26,8,116,2016-06-22,Active,Pune,Bachelor's,14503
11345,Neha Nair,Female,1969-02-22,5,111,2020-04-10,Active,Mumbai,Diploma,10540
11346,Nikhil Kapoor,Male,1995-11-16,7,115,2021-11-29,Active,Hyderabad,Master's,13527
11347,Karan Nair,Male,1995-04-21,4,108,2024-01-04,Active,Delhi,Master's,13899
11348,Aarav Joshi,Male,1994-09-13,3,106,2024-05-09,Active,Bengaluru,Master's,10769
11349,Neha Sharma,Female,2000-09-20,8,116,2020-03-13,Active,Pune,Master's,11595
11350,Yash Singh,Male,1965-08-11,4,108,2020-12-24,Active,Delhi,Bachelor's,14575
11351,Meera Desai,Female,1967-05-09,7,115,2022-02-08,Resigned,Hyderabad,Master's,13786
11352,Isha Malhotra,Female,1984-02-20,8,117,2024-06-06,Active,Pune,Diploma,13609
11353,Arjun Chopra,Male,1985-03-23,5,111,2020-09-04,Active,Mumbai,Bachelor's,13921
11354,Aanya Verma,Female,1994-02-19,4,109,2019-02-07,Resigned,Delhi,Bachelor's,13370
11355,Karan Kapoor,Male,1994-09-24,1,102,2024-05-01,Resigned,Delhi,Bachelor's,13232
11356,Pooja Desai,Female,1969-02-22,1,101,2019-12-06,Active,Delhi,Diploma,10601
11357,Aanya Shah,Female,1974-03-28,3,106,2023-12-22,Active,Bengaluru,Bachelor's,11440
11358,Aarav Patel,Male,1988-06-15,3,107,2017-01-30,Active,Bengaluru,Bachelor's,11691
11359,Yash Reddy,Male,2003-05-26,3,106,2018-01-01,Terminated,Bengaluru,Master's,13486
11360,Meera Mishra,Female,1970-04-12,3,107,2022-03-13,Active,Bengaluru,Bachelor's,13038
11361,Shreya Agarwal,Female,1974-07-11,3,106,2019-04-17,Terminated,Bengaluru,Bachelor's,14144
11362,Aarav Reddy,Male,1974-10-07,4,109,2021-08-16,Active,Delhi,Master's,10080
11363,Priya Shah,Female,1989-04-03,2,103,2021-12-25,Active,Mumbai,Master's,13991
11364,Divya Agarwal,Female,1978-04-02,1,102,2022-02-10,Active,Delhi,Bachelor's,14331
11365,Meera Kapoor,Female,2003-04-15,5,111,2020-02-25,Active,Mumbai,Bachelor's,14766
11366,Rohan Reddy,Male,1977-04-12,4,108,2025-01-13,Active,Delhi,Master's,11350
11367,Tanya Malhotra,Female,1975-05-17,4,108,2023-07-28,Active,Delhi,Bachelor's,11656
11368,Isha Mehta,Female,2003-02-08,5,110,2021-10-21,Active,Mumbai,Diploma,10429
11369,Rahul Shah,Male,1975-08-08,6,113,2017-08-18,Active,Pune,Bachelor's,11505
11370,Siddharth Nair,Male,1980-05-24,4,108,2024-09-29,Active,Delhi,Master's,14332
11371,Neha Kumar,Female,1997-09-20,5,110,2024-05-17,Active,Mumbai,Bachelor's,12356
11372,Akash Reddy,Male,1996-04-23,8,117,2023-08-21,Active,Pune,Bachelor's,11465
11373,Nisha Desai,Female,1974-05-27,6,113,2020-12-26,Active,Pune,Bachelor's,13841
11374,Mohit Verma,Male,1979-10-01,4,109,2017-10-09,Active,Delhi,Master's,12472
11375,Rahul Sharma,Male,1980-08-04,5,111,2020-02-08,Active,Mumbai,Master's,13584
11376,Ananya Singh,Female,1991-08-16,2,104,2018-10-29,Resigned,Mumbai,Master's,10864
11377,Vivek Gupta,Male,1996-02-28,4,109,2025-03-03,Active,Delhi,Bachelor's,14725
11378,Mohit Bansal,Male,1970-12-20,8,116,2024-01-20,Active,Pune,Master's,11747
11379,Nikhil Verma,Male,2000-02-05,4,108,2022-01-18,Active,Delhi,Bachelor's,14597
11380,Nisha Kapoor,Female,1972-10-26,7,115,2020-06-24,Active,Hyderabad,Bachelor's,10305
11381,Akash Kumar,Male,1989-08-27,3,107,2022-07-03,Active,Bengaluru,Master's,12905
11382,Arjun Verma,Male,1971-07-11,8,116,2025-05-24,Resigned,Pune,PhD,14119
11383,Divya Verma,Female,1981-05-11,4,108,2017-12-10,Active,Delhi,Master's,13036
11384,Nikhil Mishra,Male,1994-07-21,1,101,2024-11-26,Active,Delhi,Master's,10175
11385,Meera Sharma,Female,1966-07-20,4,109,2019-09-03,Active,Delhi,Bachelor's,13491
11386,Rahul Mehta,Male,1981-04-26,3,106,2017-08-05,Active,Bengaluru,Bachelor's,10401
11387,Priya Shah,Female,1968-04-27,1,101,2017-09-08,Active,Delhi,Bachelor's,11291
11388,Yash Bansal,Male,1990-08-01,6,113,2017-05-15,Resigned,Pune,Bachelor's,13618
11389,Riya Kapoor,Female,1978-10-21,3,105,2020-05-28,Resigned,Bengaluru,Master's,11618
11390,Akash Patel,Male,1972-12-26,6,112,2017-11-06,Active,Pune,Bachelor's,14671
11391,Arjun Iyer,Male,1969-02-26,3,105,2025-07-28,Active,Bengaluru,Master's,13444
11392,Yash Kumar,Male,1969-04-05,3,106,2018-02-03,Active,Bengaluru,Bachelor's,13672
11393,Siddharth Agarwal,Male,1969-08-02,8,117,2020-10-28,Active,Pune,Bachelor's,11615
11394,Rahul Agarwal,Male,1991-02-18,3,106,2025-03-12,Resigned,Bengaluru,Diploma,13247
11395,Aditya Desai,Male,1969-08-28,5,111,2018-11-05,Active,Mumbai,PhD,14491
11396,Neha Nair,Female,1967-03-21,5,111,2021-09-09,Active,Mumbai,Master's,13122
11397,Mohit Nair,Male,2002-02-22,4,109,2023-09-12,Resigned,Delhi,Master's,12578
11398,Nikhil Verma,Male,1994-10-06,7,115,2022-09-13,Active,Hyderabad,Master's,14522
11399,Isha Malhotra,Female,1965-02-20,5,110,2023-04-20,Active,Mumbai,Master's,11110
11400,Divya Iyer,Female,1972-11-18,3,105,2024-02-12,Active,Bengaluru,Master's,13627
11401,Yash Kapoor,Male,1977-10-20,7,115,2019-12-31,Active,Hyderabad,Bachelor's,11847
11402,Karan Singh,Male,1984-11-07,3,107,2021-10-09,Active,Bengaluru,Bachelor's,12795
11403,Manish Kumar,Male,1970-05-26,4,109,2020-07-19,Active,Delhi,Diploma,11347
11404,Divya Singh,Female,1972-04-10,8,117,2020-12-25,Resigned,Pune,PhD,10122
11405,Isha Sinha,Female,1994-10-19,5,111,2024-12-04,Active,Mumbai,PhD,13715
11406,Karan Reddy,Male,1979-06-02,6,112,2016-11-17,Active,Pune,Master's,12898
11407,Sneha Iyer,Female,1974-04-12,5,110,2022-07-26,Resigned,Mumbai,Bachelor's,14000
11408,Aanya Kumar,Female,1997-08-18,6,113,2024-10-03,Active,Pune,Bachelor's,13470
11409,Tanya Agarwal,Female,1973-09-02,8,116,2022-09-21,Resigned,Pune,Bachelor's,11147
11410,Divya Mehta,Female,1997-08-16,3,106,2018-06-10,Active,Bengaluru,Bachelor's,12155
11411,Siddharth Joshi,Male,1973-08-23,2,103,2025-08-14,Active,Mumbai,Bachelor's,14243
11412,Nikhil Iyer,Male,1978-10-06,4,108,2019-09-18,Active,Delhi,Diploma,10994
11413,Yash Kapoor,Male,1996-01-02,5,110,2018-04-01,Active,Mumbai,PhD,14577
11414,Mohit Singh,Male,2001-07-13,3,106,2016-04-24,Resigned,Bengaluru,Bachelor's,13678
11415,Karan Sinha,Male,1970-11-04,1,101,2018-11-17,Active,Delhi,Master's,12793
11416,Shreya Verma,Female,1969-09-19,3,107,2018-03-26,Active,Bengaluru,Master's,12081
11417,Arjun Mishra,Male,1968-04-03,8,117,2020-08-25,Active,Pune,Bachelor's,10973
11418,Mohit Shah,Male,1980-07-02,5,111,2018-10-19,Active,Mumbai,Bachelor's,12998
11419,Rohan Malhotra,Male,1974-10-28,3,107,2022-07-04,Resigned,Bengaluru,PhD,12355
11420,Shreya Verma,Female,1995-12-18,3,107,2016-02-03,Resigned,Bengaluru,Master's,10834
11421,Ankit Malhotra,Male,1995-02-14,3,106,2024-04-24,Active,Bengaluru,Bachelor's,13522
11422,Arjun Kumar,Male,1978-12-20,2,104,2020-02-07,Active,Mumbai,Diploma,10548
11423,Vivek Mehta,Male,1977-08-24,2,104,2016-11-22,Active,Mumbai,Master's,14879
11424,Nikhil Patel,Male,1968-08-08,7,114,2020-08-08,Active,Hyderabad,Bachelor's,12868
11425,Simran Sharma,Female,1990-07-22,8,117,2019-02-24,Active,Pune,Bachelor's,10073
11426,Simran Kapoor,Female,1988-12-07,2,104,2022-01-20,Active,Mumbai,Master's,11859
11427,Karan Singh,Male,1973-05-08,1,101,2021-12-14,Active,Delhi,Master's,11467
11428,Sneha Kapoor,Female,1999-02-05,3,105,2025-09-21,Active,Bengaluru,Bachelor's,12796
11429,Tanya Agarwal,Female,1979-07-09,4,109,2016-12-11,Active,Delhi,Master's,11453
11430,Divya Kumar,Female,1988-10-17,3,106,2024-06-27,Active,Bengaluru,Master's,14083
11431,Varun Shah,Male,1995-11-25,3,105,2025-04-03,Active,Bengaluru,Master's,13633
11432,Aarav Mishra,Male,1983-03-01,3,107,2017-03-28,Active,Bengaluru,Bachelor's,12432
11433,Rohan Verma,Male,1966-07-15,6,113,2019-07-04,Active,Pune,Bachelor's,12716
11434,Nisha Malhotra,Female,1966-03-08,6,113,2025-05-06,Active,Pune,Bachelor's,11757
11435,Rohan Nair,Male,2000-11-02,5,111,2022-07-31,Active,Mumbai,Bachelor's,13318
11436,Aditya Sinha,Male,2001-04-28,3,107,2017-12-17,Active,Bengaluru,PhD,11529
11437,Akash Verma,Male,1998-02-11,7,115,2023-12-11,Terminated,Hyderabad,PhD,11068
11438,Aanya Mehta,Female,2003-04-28,8,116,2019-12-16,Active,Pune,Master's,10444
11439,Nikhil Nair,Male,1983-01-10,2,103,2023-08-14,Active,Mumbai,Bachelor's,14858
11440,Divya Iyer,Female,2002-05-03,3,105,2016-07-28,Resigned,Bengaluru,Master's,10559
11441,Riya Mehta,Female,1987-09-20,4,108,2021-05-18,Active,Delhi,Bachelor's,13142
11442,Yash Gupta,Male,1980-06-25,2,103,2025-05-07,Resigned,Mumbai,Diploma,14960
11443,Sneha Bansal,Female,1970-02-23,4,109,2024-11-17,Active,Delhi,Bachelor's,11550
11444,Yash Reddy,Male,1990-03-17,4,108,2024-02-10,Active,Delhi,Bachelor's,12254
11445,Ananya Reddy,Female,1986-09-25,4,108,2025-06-11,Active,Delhi,Bachelor's,12419
11446,Akash Iyer,Male,1988-12-27,3,106,2016-06-13,Active,Bengaluru,Bachelor's,10332
11447,Simran Bansal,Female,1985-04-09,4,108,2017-01-15,Active,Delhi,Bachelor's,14189
11448,Neha Agarwal,Female,1994-07-04,8,117,2017-04-10,Active,Pune,Master's,10565
11449,Ananya Gupta,Female,1975-12-18,3,106,2021-04-13,Active,Bengaluru,Bachelor's,11060
11450,Neha Sinha,Female,1973-05-24,5,110,2018-03-17,Active,Mumbai,Master's,11547
11451,Akash Agarwal,Male,1976-10-26,1,101,2017-12-06,Active,Delhi,Bachelor's,13543
11452,Ananya Mehta,Female,1990-06-12,1,101,2023-03-18,Active,Delhi,Bachelor's,11511
11453,Ananya Bansal,Female,2002-12-11,4,109,2023-07-31,Active,Delhi,Master's,14986
11454,Riya Kumar,Female,1967-05-20,2,103,2016-02-19,Active,Mumbai,Bachelor's,11026
11455,Yash Bansal,Male,1997-11-16,1,101,2023-11-20,Active,Delhi,Bachelor's,12823
11456,Nisha Desai,Female,1979-06-13,2,104,2016-07-15,Active,Mumbai,Master's,11917
11457,Ananya Singh,Female,1969-11-03,4,109,2023-01-09,Active,Delhi,Bachelor's,13249
11458,Nisha Shah,Female,1988-02-01,5,111,2021-06-28,Active,Mumbai,Master's,10660
11459,Manish Malhotra,Male,1975-09-17,3,107,2025-04-11,Resigned,Bengaluru,Bachelor's,10011
11460,Ananya Bansal,Female,1997-11-20,5,110,2018-02-04,Resigned,Mumbai,Bachelor's,10991
11461,Mohit Shah,Male,1987-06-09,3,105,2024-08-17,Active,Bengaluru,Master's,13038
11462,Isha Kumar,Female,1974-04-07,5,111,2021-07-01,Active,Mumbai,Bachelor's,12839
11463,Nikhil Shah,Male,1992-07-22,3,105,2022-08-17,Active,Bengaluru,Bachelor's,13052
11464,Kavya Iyer,Female,2003-09-11,5,111,2017-05-20,Active,Mumbai,Diploma,13819
11465,Riya Iyer,Female,1981-10-23,8,117,2025-08-11,Active,Pune,Bachelor's,12263
11466,Aarav Shah,Male,1990-03-16,7,115,2018-12-17,Active,Hyderabad,Master's,11999
11467,Shreya Verma,Female,1989-06-07,1,101,2021-09-18,Active,Delhi,Master's,11329
11468,Nikhil Shah,Male,2000-12-07,7,115,2018-09-20,Resigned,Hyderabad,Master's,11688
11469,Isha Malhotra,Female,1976-06-19,1,101,2024-08-01,Active,Delhi,Bachelor's,12131
11470,Aanya Chopra,Female,1967-06-16,8,116,2018-04-10,Active,Pune,Master's,14884
11471,Shreya Mishra,Female,1993-02-10,3,105,2020-11-26,Active,Bengaluru,Bachelor's,14471
11472,Ananya Sinha,Female,1988-01-08,3,106,2024-04-26,Resigned,Bengaluru,Master's,14193
11473,Aanya Reddy,Female,1983-03-16,2,103,2018-08-24,Active,Mumbai,Master's,11363
11474,Ankit Shah,Male,1977-08-03,2,103,2017-11-07,Terminated,Mumbai,Diploma,11489
11475,Akash Sinha,Male,1980-02-12,6,113,2022-06-01,Resigned,Pune,PhD,10716
11476,Priya Reddy,Female,1991-08-19,8,116,2016-06-06,Active,Pune,Master's,10200
11477,Nisha Mehta,Female,1970-08-18,5,111,2021-11-12,Active,Mumbai,Master's,12450
11478,Ananya Gupta,Female,1974-04-25,6,112,2024-11-14,Active,Pune,Master's,13309
11479,Shreya Bansal,Female,2002-01-18,6,113,2021-03-08,Terminated,Pune,Master's,10997
11480,Aditya Mishra,Male,1972-02-09,3,106,2017-11-16,Resigned,Bengaluru,PhD,13596
11481,Divya Mishra,Female,1982-10-05,1,102,2024-03-01,Active,Delhi,Master's,11317
11482,Siddharth Reddy,Male,1996-11-04,1,102,2024-02-20,Active,Delhi,Bachelor's,10576
11483,Yash Agarwal,Male,1981-10-10,3,105,2019-11-16,Active,Bengaluru,Master's,14231
11484,Aarav Iyer,Male,1966-04-23,3,107,2016-09-02,Active,Bengaluru,Bachelor's,13871
11485,Vivek Sharma,Male,1984-03-25,1,101,2019-02-01,Resigned,Delhi,PhD,13092
11486,Akash Bansal,Male,1974-05-11,2,103,2022-07-31,Active,Mumbai,Master's,12407
11487,Yash Nair,Male,1973-09-01,2,104,2016-03-28,Resigned,Mumbai,Bachelor's,12023
11488,Tanya Chopra,Female,2003-10-12,7,115,2024-11-22,Active,Hyderabad,Master's,10699
11489,Akash Sharma,Male,1989-08-02,2,103,2019-07-19,Active,Mumbai,Master's,12575
11490,Manish Sinha,Male,1989-08-20,4,109,2018-12-23,Active,Delhi,Bachelor's,13237
11491,Karan Sinha,Male,1988-02-13,5,110,2022-04-15,Active,Mumbai,Bachelor's,11298
11492,Aditya Kapoor,Male,1970-02-22,4,109,2021-01-20,Active,Delhi,Bachelor's,11924
11493,Akash Kumar,Male,1994-03-11,2,104,2016-10-11,Active,Mumbai,Master's,14858
11494,Akash Bansal,Male,1974-10-03,3,105,2019-07-21,Active,Bengaluru,Bachelor's,12966
11495,Nisha Desai,Female,2003-09-05,1,101,2024-10-28,Active,Delhi,Master's,10121
11496,Pooja Iyer,Female,1995-07-12,3,106,2018-04-21,Active,Bengaluru,Bachelor's,12451
11497,Priya Desai,Female,1982-05-18,3,107,2018-03-03,Resigned,Bengaluru,Bachelor's,13595
11498,Aarav Mehta,Male,1997-11-27,4,108,2020-01-22,Active,Delhi,Bachelor's,12955
11499,Mohit Chopra,Male,1983-08-09,5,110,2021-05-25,Active,Mumbai,Bachelor's,11708
11500,Simran Verma,Female,1987-11-18,4,108,2019-01-25,Active,Delhi,Diploma,12634
11501,Mohit Patel,Male,1969-02-20,4,109,2025-12-05,Active,Delhi,Bachelor's,14029
11502,Karan Mehta,Male,1990-08-05,3,106,2019-07-03,Active,Bengaluru,Master's,10874
11503,Vivek Mishra,Male,1993-05-07,7,115,2021-10-03,Resigned,Hyderabad,Bachelor's,10328
11504,Manish Desai,Male,1988-12-20,3,106,2021-12-12,Active,Bengaluru,Master's,12869
11505,Manish Sinha,Male,1970-12-09,6,112,2019-05-27,Active,Pune,Bachelor's,13856
11506,Aarav Gupta,Male,2003-04-08,6,112,2020-11-02,Resigned,Pune,Bachelor's,14569
11507,Pooja Chopra,Female,1968-03-22,3,107,2019-02-19,Active,Bengaluru,Bachelor's,14594
11508,Aditya Nair,Male,1990-01-23,3,106,2017-03-23,Resigned,Bengaluru,Master's,12804
11509,Tanya Malhotra,Female,1979-11-23,4,109,2025-01-02,Resigned,Delhi,Diploma,12472
11510,Priya Gupta,Female,1977-02-21,2,104,2016-12-17,Active,Mumbai,Bachelor's,10215
11511,Isha Reddy,Female,1986-04-10,1,102,2021-07-09,Active,Delhi,PhD,10476
11512,Kavya Sinha,Female,1977-09-12,2,103,2022-03-18,Active,Mumbai,Master's,10143
11513,Aanya Agarwal,Female,2003-02-03,3,105,2024-10-23,Active,Bengaluru,Bachelor's,11064
11514,Aarav Patel,Male,1981-01-26,4,108,2025-11-04,Active,Delhi,Master's,13804
11515,Karan Iyer,Male,2000-05-19,7,115,2016-04-08,Active,Hyderabad,Master's,12581
11516,Mohit Sinha,Male,2003-12-16,3,106,2025-02-24,Resigned,Bengaluru,Master's,13974
11517,Sneha Sinha,Female,1989-04-20,7,115,2019-05-05,Active,Hyderabad,Bachelor's,10911
11518,Neha Bansal,Female,1998-06-10,8,117,2016-06-09,Active,Pune,Bachelor's,10663
11519,Akash Desai,Male,1985-07-23,8,117,2023-06-06,Active,Pune,Master's,14876
11520,Neha Gupta,Female,1989-11-08,6,113,2020-03-14,Active,Pune,Diploma,13282
11521,Mohit Malhotra,Male,1989-03-05,3,107,2025-01-04,Active,Bengaluru,Master's,11715
11522,Kavya Verma,Female,1986-12-10,1,102,2021-03-19,Resigned,Delhi,Bachelor's,11872
11523,Karan Mishra,Male,1987-06-14,4,109,2022-02-07,Active,Delhi,Bachelor's,11980
11524,Mohit Shah,Male,1989-12-22,4,109,2021-01-25,Resigned,Delhi,Master's,13859
11525,Varun Iyer,Male,1978-12-24,7,114,2016-03-26,Active,Hyderabad,Bachelor's,14403
11526,Aditya Reddy,Male,1978-05-21,8,116,2020-01-25,Terminated,Pune,Diploma,11241
11527,Vivek Singh,Male,1990-01-01,4,109,2016-11-24,Active,Delhi,Master's,10983
11528,Aarav Nair,Male,1994-06-10,3,107,2021-09-30,Active,Bengaluru,Bachelor's,10702
11529,Tanya Iyer,Female,1990-10-05,3,107,2020-05-07,Active,Bengaluru,Master's,13200
11530,Mohit Shah,Male,2002-11-10,1,101,2020-04-03,Resigned,Delhi,Diploma,12736
11531,Ankit Shah,Male,1986-06-15,4,109,2016-12-07,Active,Delhi,Bachelor's,11954
11532,Tanya Agarwal,Female,2003-09-08,4,108,2017-06-12,Active,Delhi,Bachelor's,10026
11533,Meera Chopra,Female,2003-07-23,6,112,2024-03-28,Active,Pune,Master's,11146
11534,Aditya Sharma,Male,1998-06-06,4,108,2019-05-16,Active,Delhi,Bachelor's,11379
11535,Ankit Singh,Male,1989-01-12,7,115,2025-07-18,Active,Hyderabad,Bachelor's,11680
11536,Rohan Malhotra,Male,2000-07-05,5,110,2020-03-24,Active,Mumbai,Master's,12266
11537,Nikhil Singh,Male,1977-07-06,7,115,2020-08-17,Active,Hyderabad,Master's,10051
11538,Ananya Malhotra,Female,1993-08-03,2,103,2019-06-22,Active,Mumbai,Master's,12722
11539,Manish Bansal,Male,1973-08-07,7,115,2023-02-08,Active,Hyderabad,Bachelor's,12104
11540,Siddharth Bansal,Male,1979-01-19,5,111,2023-01-11,Resigned,Mumbai,Bachelor's,12456
11541,Divya Nair,Female,1995-10-20,2,104,2016-09-25,Active,Mumbai,Master's,13918
11542,Akash Bansal,Male,1991-09-28,3,106,2022-06-20,Active,Bengaluru,Master's,14139
11543,Neha Desai,Female,1995-06-07,7,114,2024-04-01,Terminated,Hyderabad,Master's,13696
11544,Mohit Bansal,Male,1974-05-19,1,101,2021-09-07,Active,Delhi,Master's,11623
11545,Neha Agarwal,Female,2001-05-28,4,108,2018-03-22,Active,Delhi,Master's,14887
11546,Mohit Nair,Male,1971-07-09,3,106,2024-05-28,Active,Bengaluru,Bachelor's,14063
11547,Divya Gupta,Female,1996-12-25,5,111,2024-02-02,Active,Mumbai,Master's,13157
11548,Aditya Reddy,Male,1975-12-24,6,113,2020-01-27,Active,Pune,Master's,10964
11549,Akash Sharma,Male,1992-05-16,3,107,2018-01-31,Active,Bengaluru,Master's,12345
11550,Aanya Mehta,Female,1968-07-20,4,109,2023-06-08,Active,Delhi,Master's,13563
11551,Neha Patel,Female,1995-10-15,8,117,2016-03-08,Active,Pune,Bachelor's,12346
11552,Simran Gupta,Female,1993-05-12,6,113,2021-09-19,Active,Pune,Master's,12584
11553,Sneha Malhotra,Female,1997-04-03,7,115,2016-10-15,Active,Hyderabad,Diploma,14166
11554,Pooja Nair,Female,1968-11-01,4,108,2016-08-17,Active,Delhi,Bachelor's,13389
11555,Aarav Verma,Male,1990-05-12,3,106,2021-03-17,Resigned,Bengaluru,Bachelor's,10715
11556,Akash Chopra,Male,1995-02-06,3,106,2025-10-22,Terminated,Bengaluru,PhD,14917
11557,Aanya Mishra,Female,1995-05-27,6,113,2016-04-19,Resigned,Pune,Master's,10867
11558,Yash Sinha,Male,1991-02-24,2,104,2020-02-14,Terminated,Mumbai,Master's,12161
11559,Meera Mishra,Female,1989-05-18,3,105,2021-12-22,Active,Bengaluru,Diploma,14756
11560,Divya Sinha,Female,2000-01-02,1,102,2023-01-26,Resigned,Delhi,Bachelor's,10761
11561,Karan Sinha,Male,1995-01-10,4,108,2016-04-23,Active,Delhi,Master's,13848
11562,Rohan Mehta,Male,2001-10-03,6,112,2018-09-19,Active,Pune,Diploma,11778
11563,Priya Verma,Female,1987-03-12,1,102,2023-07-20,Active,Delhi,Bachelor's,11334
11564,Siddharth Kapoor,Male,1999-10-01,5,111,2016-09-06,Resigned,Mumbai,Master's,11650
11565,Sneha Reddy,Female,1968-07-26,7,114,2018-09-30,Active,Hyderabad,Bachelor's,13611
11566,Ankit Singh,Male,1992-07-13,3,106,2024-06-28,Active,Bengaluru,Diploma,12099
11567,Divya Kapoor,Female,1977-09-05,5,111,2017-09-26,Resigned,Mumbai,Bachelor's,13797
11568,Manish Sharma,Male,1965-04-05,8,116,2020-08-02,Active,Pune,Master's,11117
11569,Ananya Sharma,Female,1976-08-24,8,116,2016-11-05,Active,Pune,Master's,11352
11570,Aarav Reddy,Male,1990-12-20,3,105,2019-01-25,Active,Bengaluru,PhD,14745
11571,Kavya Desai,Female,1987-12-08,2,103,2020-12-31,Active,Mumbai,Master's,13354
11572,Yash Shah,Male,1986-04-20,2,103,2021-08-25,Active,Mumbai,Bachelor's,13657
11573,Meera Verma,Female,1992-11-15,5,110,2017-06-02,Active,Mumbai,Master's,13634
11574,Meera Iyer,Female,1981-08-14,6,113,2025-09-11,Resigned,Pune,Bachelor's,11868
11575,Ankit Shah,Male,1970-02-20,5,111,2018-01-23,Active,Mumbai,Bachelor's,14631
11576,Ankit Agarwal,Male,1978-01-01,3,106,2017-11-11,Resigned,Bengaluru,Bachelor's,13548
11577,Siddharth Sinha,Male,1981-11-24,2,104,2019-12-30,Active,Mumbai,Master's,13274
11578,Isha Malhotra,Female,2002-04-06,4,109,2016-05-26,Active,Delhi,Master's,12249
11579,Nisha Malhotra,Female,1969-05-13,4,109,2018-08-04,Active,Delhi,Bachelor's,12938
11580,Aditya Sharma,Male,1977-10-06,6,113,2019-07-29,Active,Pune,Bachelor's,10082
11581,Aarav Bansal,Male,1973-04-04,4,109,2023-09-06,Active,Delhi,Master's,14323
11582,Nikhil Patel,Male,1990-07-16,3,107,2024-05-28,Resigned,Bengaluru,Diploma,11764
11583,Divya Nair,Female,1977-01-09,3,107,2024-02-21,Active,Bengaluru,Master's,14693
11584,Yash Kumar,Male,1983-10-19,3,106,2024-05-03,Active,Bengaluru,Bachelor's,14644
11585,Kavya Reddy,Female,1981-04-15,3,107,2017-06-30,Active,Bengaluru,Bachelor's,13019
11586,Vivek Mehta,Male,1980-09-21,2,103,2019-11-08,Active,Mumbai,Bachelor's,10426
11587,Meera Chopra,Female,1994-12-20,3,107,2025-01-14,Active,Bengaluru,Bachelor's,14231
11588,Varun Kapoor,Male,1996-12-22,1,102,2018-10-09,Resigned,Delhi,Master's,13803
11589,Vivek Desai,Male,1978-01-26,3,107,2018-10-03,Active,Bengaluru,Master's,12191
11590,Tanya Joshi,Female,1979-01-16,6,112,2024-02-27,Active,Pune,Bachelor's,10686
11591,Isha Malhotra,Female,1976-05-21,3,107,2021-10-29,Active,Bengaluru,Master's,12603
11592,Isha Kapoor,Female,2001-11-09,5,111,2021-09-27,Resigned,Mumbai,Master's,13607
11593,Manish Joshi,Male,1975-01-19,6,112,2020-04-22,Active,Pune,Bachelor's,13137
11594,Varun Patel,Male,1969-03-04,4,109,2023-09-04,Terminated,Delhi,Bachelor's,11630
11595,Kavya Gupta,Female,1975-12-07,8,116,2016-10-16,Active,Pune,Master's,13060
11596,Priya Agarwal,Female,1998-07-15,1,101,2021-01-19,Resigned,Delhi,Diploma,10535
11597,Yash Desai,Male,1983-10-05,6,113,2020-12-14,Resigned,Pune,Bachelor's,13235
11598,Rahul Bansal,Male,1990-09-23,8,116,2021-09-13,Resigned,Pune,PhD,14983
11599,Aditya Sinha,Male,1990-02-12,7,114,2019-12-13,Active,Hyderabad,Master's,13320
11600,Simran Joshi,Female,1981-03-27,2,103,2022-02-07,Active,Mumbai,Bachelor's,12580
11601,Nikhil Shah,Male,1995-07-05,3,106,2016-04-13,Active,Bengaluru,Bachelor's,10930
11602,Manish Mehta,Male,1983-07-25,2,104,2025-10-29,Active,Mumbai,Bachelor's,13392
11603,Varun Iyer,Male,1984-09-03,5,111,2016-04-13,Active,Mumbai,Bachelor's,10936
11604,Nikhil Sharma,Male,1987-08-06,6,112,2016-10-12,Active,Pune,Bachelor's,10236
11605,Vivek Reddy,Male,1989-04-15,3,107,2023-09-03,Terminated,Bengaluru,Bachelor's,11124
11606,Mohit Nair,Male,1992-04-20,4,108,2025-09-27,Active,Delhi,Bachelor's,12177
11607,Siddharth Nair,Male,2001-07-22,5,110,2021-07-27,Active,Mumbai,Master's,10771
11608,Kavya Nair,Female,1976-02-21,4,108,2017-10-21,Active,Delhi,Bachelor's,12634
11609,Nikhil Mehta,Male,1965-05-22,7,114,2017-08-08,Active,Hyderabad,Diploma,12945
11610,Vivek Joshi,Male,1966-07-12,6,112,2019-04-20,Active,Pune,Diploma,10188
11611,Kavya Kapoor,Female,1974-11-24,1,101,2018-09-16,Active,Delhi,Bachelor's,14500
11612,Nisha Shah,Female,1998-12-26,5,110,2022-11-04,Resigned,Mumbai,Bachelor's,10208
11613,Mohit Joshi,Male,1996-08-11,3,105,2019-12-28,Active,Bengaluru,Bachelor's,11988
11614,Mohit Shah,Male,1989-05-18,4,109,2023-10-21,Active,Delhi,Bachelor's,12846
11615,Nikhil Gupta,Male,1974-10-08,8,117,2019-10-09,Resigned,Pune,Bachelor's,14334
11616,Sneha Sharma,Female,1965-06-03,7,115,2017-02-27,Active,Hyderabad,Master's,14915
11617,Neha Desai,Female,1996-04-12,3,107,2024-06-16,Resigned,Bengaluru,Bachelor's,13678
11618,Priya Gupta,Female,2001-01-03,3,105,2022-06-14,Active,Bengaluru,Diploma,10905
11619,Yash Kumar,Male,1976-04-18,3,106,2018-08-07,Active,Bengaluru,Bachelor's,12377
11620,Divya Shah,Female,1982-12-22,4,109,2020-03-05,Active,Delhi,PhD,13000
11621,Rahul Sharma,Male,1994-08-16,2,104,2023-11-02,Resigned,Mumbai,PhD,12881
11622,Aditya Iyer,Male,1977-12-22,4,108,2020-03-29,Terminated,Delhi,Bachelor's,11050
11623,Aanya Verma,Female,1967-10-19,1,101,2021-12-30,Active,Delhi,Bachelor's,11729
11624,Tanya Chopra,Female,1985-09-14,3,105,2016-08-16,Active,Bengaluru,Bachelor's,10178
11625,Rohan Agarwal,Male,1978-04-14,3,105,2022-03-16,Active,Bengaluru,Bachelor's,11828
11626,Divya Sinha,Female,1974-06-04,8,116,2024-09-11,Active,Pune,Bachelor's,13609
11627,Vivek Desai,Male,1966-04-27,6,112,2022-02-13,Active,Pune,Bachelor's,11887
11628,Mohit Patel,Male,2001-02-26,3,105,2017-02-12,Active,Bengaluru,Bachelor's,10624
11629,Aditya Verma,Male,1975-02-02,2,103,2018-08-23,Resigned,Mumbai,Bachelor's,12659
11630,Vivek Nair,Male,1965-02-08,4,108,2016-04-12,Active,Delhi,Bachelor's,13384
11631,Meera Iyer,Female,1990-10-20,3,106,2016-10-01,Active,Bengaluru,Master's,14099
11632,Mohit Kumar,Male,1977-04-10,4,108,2020-03-11,Active,Delhi,Bachelor's,12859
11633,Divya Shah,Female,1992-10-27,6,113,2019-03-10,Resigned,Pune,Master's,10428
11634,Nisha Bansal,Female,2000-03-21,5,111,2019-10-13,Active,Mumbai,Bachelor's,10173
11635,Sneha Iyer,Female,1985-04-23,5,110,2023-03-18,Active,Mumbai,Bachelor's,11264
11636,Rahul Iyer,Male,1974-10-07,4,108,2017-12-22,Active,Delhi,Master's,13257
11637,Ankit Shah,Male,1976-06-23,7,115,2020-05-19,Resigned,Hyderabad,Bachelor's,12193
11638,Varun Chopra,Male,1991-12-07,7,114,2022-03-16,Active,Hyderabad,Bachelor's,12104
11639,Riya Nair,Female,1967-08-27,4,109,2024-11-15,Active,Delhi,Bachelor's,14211
11640,Meera Singh,Female,1992-01-16,3,107,2022-10-23,Active,Bengaluru,Diploma,13507
11641,Nikhil Reddy,Male,1966-03-28,4,109,2023-06-12,Active,Delhi,Bachelor's,10389
11642,Ananya Bansal,Female,1992-03-21,3,105,2020-05-27,Active,Bengaluru,Bachelor's,11930
11643,Manish Singh,Male,1995-10-13,5,111,2024-01-06,Active,Mumbai,Diploma,10467
11644,Isha Gupta,Female,1985-07-15,4,109,2021-02-06,Active,Delhi,Bachelor's,13899
11645,Yash Verma,Male,1971-10-06,2,104,2024-04-21,Active,Mumbai,Diploma,14723
11646,Simran Reddy,Female,1995-04-22,3,106,2022-07-24,Active,Bengaluru,Bachelor's,13608
11647,Vivek Mehta,Male,1978-07-20,4,108,2022-04-05,Resigned,Delhi,Master's,12144
11648,Sneha Nair,Female,2003-11-24,7,115,2019-06-07,Active,Hyderabad,Diploma,11902
11649,Pooja Sharma,Female,2003-05-19,4,108,2018-02-05,Resigned,Delhi,Master's,14678
11650,Shreya Mishra,Female,1973-02-17,5,111,2017-05-05,Active,Mumbai,Master's,10109
11651,Karan Gupta,Male,1987-04-18,3,105,2016-06-06,Active,Bengaluru,Bachelor's,11461
11652,Karan Singh,Male,1976-12-03,4,109,2020-05-15,Active,Delhi,Bachelor's,10898
11653,Mohit Patel,Male,1993-01-14,4,108,2024-08-30,Active,Delhi,Bachelor's,12876
11654,Rohan Sinha,Male,2002-06-04,5,111,2021-03-17,Active,Mumbai,Bachelor's,10505
11655,Ankit Kumar,Male,2003-05-08,1,102,2016-02-10,Active,Delhi,Master's,10775
11656,Priya Iyer,Female,1986-11-20,4,108,2023-04-03,Active,Delhi,Bachelor's,10714
11657,Ankit Sinha,Male,1968-06-03,3,107,2020-06-21,Active,Bengaluru,Bachelor's,13350
11658,Nikhil Joshi,Male,1971-08-13,3,105,2019-01-28,Resigned,Bengaluru,Diploma,14489
11659,Nikhil Kumar,Male,1972-03-15,8,116,2021-05-09,Active,Pune,Master's,11730
11660,Akash Reddy,Male,1999-07-07,3,107,2024-10-21,Active,Bengaluru,Bachelor's,11640
11661,Simran Iyer,Female,1973-03-19,3,105,2023-12-25,Active,Bengaluru,Master's,10011
11662,Akash Patel,Male,1977-10-10,4,109,2016-03-20,Active,Delhi,Master's,12711
11663,Kavya Joshi,Female,2003-12-27,7,115,2016-05-16,Resigned,Hyderabad,Diploma,12385
11664,Rohan Desai,Male,1984-08-11,3,107,2021-08-08,Active,Bengaluru,Bachelor's,11803
11665,Isha Joshi,Female,1985-03-02,6,113,2017-11-16,Active,Pune,Bachelor's,10347
11666,Riya Verma,Female,1983-05-11,7,115,2024-10-20,Active,Hyderabad,Bachelor's,12011
11667,Mohit Mishra,Male,1966-07-08,3,105,2023-01-16,Active,Bengaluru,Master's,10062
11668,Shreya Mehta,Female,1994-01-12,3,105,2022-11-10,Active,Bengaluru,Diploma,14539
11669,Vivek Kumar,Male,1987-02-07,3,105,2020-04-26,Resigned,Bengaluru,Bachelor's,13279
11670,Simran Singh,Female,1977-09-19,6,113,2022-10-25,Active,Pune,Bachelor's,11126
11671,Siddharth Agarwal,Male,1997-08-26,1,101,2018-02-07,Active,Delhi,Bachelor's,11384
11672,Neha Reddy,Female,1996-03-20,3,107,2023-05-06,Active,Bengaluru,Bachelor's,10371
11673,Ananya Joshi,Female,1992-02-25,5,111,2017-07-18,Resigned,Mumbai,Bachelor's,10876
11674,Nisha Sinha,Female,1988-05-21,4,109,2025-01-24,Active,Delhi,Bachelor's,13146
11675,Simran Sinha,Female,1992-04-13,4,109,2023-02-28,Active,Delhi,Bachelor's,10389
11676,Akash Shah,Male,1994-05-12,4,109,2021-11-27,Active,Delhi,Bachelor's,13659
11677,Siddharth Shah,Male,1993-01-10,3,106,2021-04-30,Active,Bengaluru,Bachelor's,12844
11678,Nikhil Malhotra,Male,1998-10-12,4,109,2020-05-02,Active,Delhi,Bachelor's,13237
11679,Nikhil Singh,Male,1986-06-27,4,109,2021-01-18,Active,Delhi,Bachelor's,14754
11680,Aanya Chopra,Female,1989-04-28,7,115,2016-10-29,Active,Hyderabad,Bachelor's,14026
11681,Ankit Nair,Male,1978-04-12,3,105,2020-11-30,Active,Bengaluru,Bachelor's,14930
11682,Nisha Mishra,Female,1974-05-17,7,115,2020-12-10,Active,Hyderabad,Diploma,12105
11683,Aanya Joshi,Female,1974-04-10,5,110,2024-06-19,Active,Mumbai,Bachelor's,14711
11684,Meera Kapoor,Female,1972-03-05,1,102,2020-02-29,Resigned,Delhi,Diploma,10100
11685,Mohit Gupta,Male,1978-10-05,6,113,2025-10-27,Active,Pune,Bachelor's,14160
11686,Pooja Chopra,Female,2002-08-17,1,101,2017-06-03,Active,Delhi,Bachelor's,10257
11687,Isha Sinha,Female,1996-03-21,8,117,2020-08-09,Active,Pune,Bachelor's,11349
11688,Arjun Chopra,Male,1996-11-19,7,114,2019-11-02,Active,Hyderabad,Bachelor's,11941
11689,Kavya Singh,Female,1967-06-10,3,105,2021-03-08,Active,Bengaluru,Bachelor's,11190
11690,Priya Patel,Female,1984-03-22,3,107,2016-05-01,Active,Bengaluru,Master's,14002
11691,Vivek Joshi,Male,1977-08-20,3,106,2021-02-16,Active,Bengaluru,Bachelor's,14947
11692,Yash Sinha,Male,1987-08-07,3,105,2022-05-15,Active,Bengaluru,Diploma,14751
11693,Nikhil Sharma,Male,1983-11-11,3,105,2020-01-02,Resigned,Bengaluru,Diploma,12145
11694,Ankit Singh,Male,1980-04-03,3,106,2016-01-09,Active,Bengaluru,Bachelor's,14239
11695,Manish Sharma,Male,2000-05-21,5,111,2019-12-22,Active,Mumbai,Bachelor's,11718
11696,Siddharth Nair,Male,1999-07-11,2,103,2024-12-01,Active,Mumbai,Diploma,13556
11697,Akash Agarwal,Male,1971-01-25,7,115,2020-05-22,Active,Hyderabad,Bachelor's,13833
11698,Nikhil Reddy,Male,2001-02-25,6,112,2024-04-26,Resigned,Pune,Master's,14085
11699,Ananya Sinha,Female,1972-09-13,4,108,2017-06-08,Resigned,Delhi,Diploma,14944
11700,Nikhil Mishra,Male,1989-03-15,7,114,2018-09-24,Active,Hyderabad,Master's,10296
11701,Neha Shah,Female,1987-07-03,3,106,2020-06-10,Active,Bengaluru,Master's,11528
11702,Mohit Agarwal,Male,1974-08-08,1,102,2017-08-16,Active,Delhi,Master's,12021
11703,Siddharth Kumar,Male,1994-03-21,5,110,2017-04-25,Resigned,Mumbai,Master's,14927
11704,Aarav Kumar,Male,1997-07-01,4,108,2021-08-25,Active,Delhi,Diploma,13844
11705,Manish Patel,Male,1975-03-16,4,108,2020-12-10,Active,Delhi,Bachelor's,13113
11706,Yash Nair,Male,1999-01-18,7,115,2021-07-22,Active,Hyderabad,Bachelor's,13251
11707,Ananya Chopra,Female,1991-07-23,8,116,2023-12-16,Active,Pune,Bachelor's,13097
11708,Yash Patel,Male,1967-03-22,5,111,2021-12-11,Active,Mumbai,Bachelor's,13144
11709,Isha Singh,Female,1972-06-18,6,112,2016-10-13,Active,Pune,Master's,10113
11710,Priya Joshi,Female,1977-09-13,2,103,2023-08-20,Active,Mumbai,Bachelor's,13281
11711,Nikhil Mishra,Male,1967-08-02,2,103,2018-02-05,Active,Mumbai,Bachelor's,13333
11712,Nikhil Nair,Male,1984-12-04,6,112,2023-09-18,Active,Pune,Master's,12167
11713,Aanya Shah,Female,1999-09-20,4,109,2023-08-05,Active,Delhi,Diploma,10357
11714,Aarav Sharma,Male,1977-07-05,4,109,2016-12-23,Resigned,Delhi,Bachelor's,13519
11715,Yash Sharma,Male,1984-10-06,3,106,2023-03-26,Active,Bengaluru,Bachelor's,11190
11716,Pooja Shah,Female,1988-01-20,5,111,2024-08-27,Active,Mumbai,Master's,14927
11717,Siddharth Sharma,Male,1973-05-06,3,105,2019-10-29,Active,Bengaluru,Bachelor's,12873
11718,Neha Malhotra,Female,1994-06-21,5,111,2017-06-08,Active,Mumbai,Master's,13530
11719,Divya Reddy,Female,1989-03-11,2,104,2025-10-11,Active,Mumbai,Bachelor's,10976
11720,Ankit Reddy,Male,1980-02-15,1,102,2023-05-06,Active,Delhi,Master's,13543
11721,Yash Sharma,Male,1972-07-17,3,106,2018-11-08,Active,Bengaluru,Bachelor's,14239
11722,Varun Patel,Male,1992-12-12,3,107,2023-02-26,Active,Bengaluru,Master's,14914
11723,Ankit Kumar,Male,1976-05-20,7,114,2022-11-05,Active,Hyderabad,PhD,13345
11724,Mohit Sharma,Male,1988-07-02,1,101,2016-10-06,Active,Delhi,Bachelor's,10476
11725,Simran Sharma,Female,1993-11-13,2,104,2017-08-07,Active,Mumbai,Bachelor's,12175
11726,Nikhil Kapoor,Male,1979-08-09,4,108,2018-12-14,Active,Delhi,Bachelor's,11192
11727,Rohan Reddy,Male,1982-12-26,4,108,2021-03-22,Active,Delhi,Bachelor's,11799
11728,Sneha Agarwal,Female,1971-01-21,1,102,2017-06-29,Active,Delhi,Master's,13041
11729,Shreya Nair,Female,1977-04-21,1,102,2022-11-25,Resigned,Delhi,Bachelor's,10121
11730,Priya Malhotra,Female,1983-09-28,8,117,2020-09-23,Active,Pune,Master's,10900
11731,Ankit Reddy,Male,1969-03-01,5,110,2024-08-15,Active,Mumbai,Master's,12109
11732,Meera Chopra,Female,1990-11-19,3,105,2020-06-18,Resigned,Bengaluru,Bachelor's,11869
11733,Aditya Reddy,Male,1966-04-13,4,108,2025-06-14,Active,Delhi,Bachelor's,10751
11734,Aarav Bansal,Male,1997-02-17,3,105,2023-02-25,Resigned,Bengaluru,Bachelor's,10789
11735,Varun Desai,Male,2001-01-15,3,107,2016-01-07,Active,Bengaluru,Bachelor's,13852
11736,Priya Gupta,Female,1989-08-04,5,110,2017-11-07,Active,Mumbai,Bachelor's,14598
11737,Siddharth Nair,Male,1989-12-02,7,115,2021-03-22,Active,Hyderabad,Bachelor's,14953
11738,Aditya Reddy,Male,2003-10-19,3,107,2023-10-19,Resigned,Bengaluru,Master's,11640
11739,Arjun Patel,Male,1994-08-22,7,114,2023-05-10,Active,Hyderabad,Bachelor's,13758
11740,Akash Kapoor,Male,1968-08-10,2,103,2022-10-04,Active,Mumbai,Bachelor's,13061
11741,Tanya Sharma,Female,1983-05-19,3,107,2024-10-27,Active,Bengaluru,Bachelor's,12940
11742,Nisha Desai,Female,1991-06-10,1,101,2024-10-15,Active,Delhi,Master's,12720
11743,Pooja Mishra,Female,2003-08-05,2,104,2016-01-07,Resigned,Mumbai,Bachelor's,11312
11744,Akash Verma,Male,1988-05-19,7,114,2022-09-12,Active,Hyderabad,Bachelor's,11922
11745,Aarav Malhotra,Male,2001-03-13,4,108,2024-10-14,Active,Delhi,Master's,14381
11746,Vivek Bansal,Male,1989-12-15,1,101,2016-06-18,Active,Delhi,Master's,13555
11747,Aarav Sinha,Male,1993-08-11,8,116,2023-07-04,Active,Pune,Master's,13342
11748,Akash Iyer,Male,1995-01-04,7,115,2017-07-31,Active,Hyderabad,Master's,12531
11749,Nisha Kapoor,Female,1999-09-22,6,112,2016-03-09,Active,Pune,Bachelor's,13309
11750,Manish Bansal,Male,1992-06-26,7,114,2025-05-03,Active,Hyderabad,Master's,14019
11751,Akash Malhotra,Male,2002-11-27,3,107,2016-12-19,Terminated,Bengaluru,Bachelor's,10132
11752,Siddharth Shah,Male,1968-07-27,6,112,2021-06-23,Active,Pune,Diploma,13603
11753,Rohan Chopra,Male,1992-07-06,5,111,2022-06-04,Resigned,Mumbai,PhD,11801
11754,Rahul Kapoor,Male,1995-09-08,7,115,2018-01-07,Active,Hyderabad,Bachelor's,14084
11755,Kavya Singh,Female,1987-12-24,6,113,2025-09-14,Active,Pune,Bachelor's,13204
11756,Nisha Desai,Female,1978-02-23,3,107,2018-02-16,Resigned,Bengaluru,Bachelor's,14982
11757,Kavya Agarwal,Female,1992-12-16,6,113,2017-04-04,Active,Pune,Bachelor's,12922
11758,Aditya Singh,Male,1978-01-10,3,106,2019-07-09,Resigned,Bengaluru,Bachelor's,14234
11759,Vivek Reddy,Male,1965-08-13,3,105,2024-10-12,Active,Bengaluru,Master's,14756
11760,Manish Agarwal,Male,1996-03-27,2,104,2018-01-14,Resigned,Mumbai,PhD,14880
11761,Akash Gupta,Male,1982-09-21,7,115,2022-05-08,Active,Hyderabad,Diploma,10951
11762,Simran Kumar,Female,1969-07-14,3,106,2025-08-06,Resigned,Bengaluru,Master's,12075
11763,Vivek Agarwal,Male,1979-07-09,4,108,2022-12-07,Resigned,Delhi,Bachelor's,14553
11764,Rohan Patel,Male,1980-02-04,3,105,2022-05-17,Active,Bengaluru,Diploma,10361
11765,Akash Reddy,Male,2000-12-24,8,117,2021-11-09,Active,Pune,Master's,14652
11766,Rohan Singh,Male,2000-05-11,3,107,2019-06-17,Resigned,Bengaluru,Master's,11389
11767,Neha Singh,Female,1994-05-19,6,112,2022-02-09,Active,Pune,Bachelor's,10844
11768,Rohan Reddy,Male,2002-05-07,7,115,2024-09-25,Active,Hyderabad,Bachelor's,12903
11769,Manish Sharma,Male,1987-04-08,4,108,2025-02-23,Active,Delhi,Bachelor's,14843
11770,Varun Singh,Male,1975-11-06,3,106,2025-05-18,Active,Bengaluru,Master's,14341
11771,Siddharth Patel,Male,1989-06-22,6,112,2017-09-11,Active,Pune,Bachelor's,12591
11772,Priya Reddy,Female,1966-04-14,7,115,2016-07-01,Active,Hyderabad,Bachelor's,14689
11773,Riya Kumar,Female,1999-03-10,6,113,2022-09-08,Active,Pune,Master's,11186
11774,Neha Malhotra,Female,1988-06-06,3,105,2025-09-24,Active,Bengaluru,Bachelor's,12271
11775,Shreya Agarwal,Female,1977-02-10,7,115,2019-01-22,Active,Hyderabad,Master's,13758
11776,Manish Mishra,Male,2001-09-16,3,107,2016-10-07,Active,Bengaluru,Master's,14826
11777,Nisha Verma,Female,1994-04-04,4,108,2022-06-27,Active,Delhi,Bachelor's,14080
11778,Nikhil Bansal,Male,1975-10-28,6,113,2017-03-24,Active,Pune,Bachelor's,12014
11779,Ankit Agarwal,Male,1987-11-28,3,105,2021-11-15,Active,Bengaluru,Bachelor's,14715
11780,Divya Kapoor,Female,1992-12-24,6,113,2021-04-23,Resigned,Pune,PhD,11533
11781,Manish Reddy,Male,1993-03-10,5,110,2024-03-29,Active,Mumbai,Bachelor's,14027
11782,Kavya Gupta,Female,1979-07-07,7,114,2017-05-31,Active,Hyderabad,Master's,13119
11783,Akash Desai,Male,1967-02-03,2,103,2020-09-17,Active,Mumbai,Bachelor's,13918
11784,Shreya Iyer,Female,1973-12-14,4,108,2019-10-15,Active,Delhi,Bachelor's,13677
11785,Kavya Malhotra,Female,1972-04-02,6,113,2017-02-13,Active,Pune,Bachelor's,11905
11786,Sneha Shah,Female,1997-09-10,1,102,2023-12-24,Resigned,Delhi,Bachelor's,11364
11787,Pooja Mehta,Female,1998-11-06,2,103,2021-07-23,Active,Mumbai,Bachelor's,11852
11788,Pooja Nair,Female,1973-01-15,8,117,2023-08-10,Active,Pune,Bachelor's,14818
11789,Manish Verma,Male,1981-01-24,3,106,2017-01-10,Terminated,Bengaluru,Bachelor's,14315
11790,Arjun Nair,Male,1965-11-22,8,117,2018-04-10,Active,Pune,Bachelor's,12794
11791,Siddharth Sharma,Male,1969-10-12,3,106,2020-08-10,Resigned,Bengaluru,Bachelor's,14274
11792,Divya Mishra,Female,1994-07-22,3,106,2016-01-06,Resigned,Bengaluru,Bachelor's,13525
11793,Siddharth Sharma,Male,1975-02-03,6,113,2020-09-21,Resigned,Pune,Diploma,14196
11794,Divya Joshi,Female,1992-08-20,5,110,2024-10-19,Resigned,Mumbai,Bachelor's,14932
11795,Yash Mishra,Male,2002-08-19,4,109,2024-06-20,Active,Delhi,Master's,14187
11796,Akash Chopra,Male,1981-02-23,4,108,2023-11-28,Active,Delhi,Bachelor's,11639
11797,Tanya Chopra,Female,1987-01-27,7,114,2017-05-07,Active,Hyderabad,PhD,10027
11798,Varun Agarwal,Male,1982-03-02,3,107,2025-02-22,Terminated,Bengaluru,Diploma,10974
11799,Rohan Reddy,Male,2001-05-18,4,109,2025-10-02,Active,Delhi,Master's,11777
11800,Siddharth Kumar,Male,1991-10-21,2,104,2019-02-19,Active,Mumbai,Bachelor's,13574
11801,Nisha Reddy,Female,1989-03-25,5,110,2025-11-04,Active,Mumbai,Bachelor's,13705
11802,Simran Nair,Female,1969-10-25,3,105,2017-08-25,Active,Bengaluru,Bachelor's,14283
11803,Aarav Bansal,Male,1983-08-13,3,106,2022-05-21,Active,Bengaluru,Bachelor's,11449
11804,Karan Patel,Male,1991-05-10,4,109,2017-09-12,Resigned,Delhi,Bachelor's,13191
11805,Siddharth Singh,Male,1977-11-07,1,102,2018-07-09,Active,Delhi,Master's,10551
11806,Nisha Singh,Female,1971-02-19,2,103,2020-02-07,Active,Mumbai,Diploma,14237
11807,Sneha Reddy,Female,1990-12-27,5,110,2021-03-19,Active,Mumbai,Bachelor's,12866
11808,Karan Singh,Male,1978-02-26,4,109,2023-01-13,Active,Delhi,Master's,14553
11809,Karan Shah,Male,1991-11-17,7,115,2022-08-07,Active,Hyderabad,Bachelor's,13320
11810,Varun Sharma,Male,1972-03-20,5,110,2021-09-14,Active,Mumbai,Bachelor's,14202
11811,Neha Iyer,Female,1995-12-25,1,102,2020-08-13,Active,Delhi,Bachelor's,14254
11812,Neha Desai,Female,1999-12-02,5,111,2025-06-27,Active,Mumbai,Diploma,14105
11813,Arjun Agarwal,Male,1991-09-01,2,103,2016-07-23,Active,Mumbai,Diploma,14514
11814,Aditya Gupta,Male,1968-09-22,6,112,2021-04-22,Active,Pune,Bachelor's,12098
11815,Manish Reddy,Male,1968-08-19,8,116,2021-05-12,Active,Pune,Diploma,14937
11816,Meera Kapoor,Female,1982-08-27,4,108,2017-03-14,Active,Delhi,Bachelor's,11129
11817,Ankit Sinha,Male,1987-09-07,5,111,2016-12-08,Active,Mumbai,Bachelor's,12458
11818,Neha Singh,Female,1996-04-22,3,105,2018-08-04,Active,Bengaluru,PhD,10629
11819,Isha Desai,Female,1976-06-18,4,109,2020-06-20,Active,Delhi,PhD,13593
11820,Rohan Singh,Male,1984-02-11,7,115,2020-01-24,Active,Hyderabad,Bachelor's,11525
11821,Yash Reddy,Male,1976-05-17,2,104,2019-06-18,Active,Mumbai,Bachelor's,12845
11822,Varun Gupta,Male,1972-05-26,3,105,2018-03-04,Active,Bengaluru,Bachelor's,14032
11823,Isha Sinha,Female,1986-03-19,4,108,2024-11-21,Active,Delhi,Bachelor's,10438
11824,Isha Nair,Female,1991-08-11,6,113,2024-10-05,Resigned,Pune,Bachelor's,12577
11825,Aanya Gupta,Female,1981-03-03,3,106,2016-05-10,Active,Bengaluru,Bachelor's,12605
11826,Rahul Bansal,Male,1996-01-24,7,114,2025-02-14,Resigned,Hyderabad,Bachelor's,14510
11827,Aarav Gupta,Male,1997-10-26,2,104,2018-10-18,Active,Mumbai,Master's,10688
11828,Sneha Patel,Female,1995-06-11,3,106,2021-07-23,Active,Bengaluru,Master's,10147
11829,Sneha Sharma,Female,1970-08-19,5,111,2018-05-13,Active,Mumbai,PhD,13243
11830,Aditya Singh,Male,2003-11-06,3,106,2017-12-13,Active,Bengaluru,Bachelor's,14800
11831,Aanya Chopra,Female,1973-12-18,5,111,2018-12-18,Active,Mumbai,Master's,12458
11832,Priya Sharma,Female,1996-03-13,2,104,2018-02-24,Active,Mumbai,Bachelor's,14863
11833,Pooja Mishra,Female,2000-04-09,1,101,2023-12-01,Active,Delhi,Bachelor's,11728
11834,Sneha Malhotra,Female,1980-12-20,2,103,2021-04-18,Active,Mumbai,Master's,14772
11835,Kavya Singh,Female,1976-07-12,7,115,2024-08-28,Active,Hyderabad,Master's,11315
11836,Neha Patel,Female,1967-08-21,4,109,2025-09-19,Active,Delhi,Master's,10365
11837,Siddharth Malhotra,Male,1991-02-11,6,112,2022-02-09,Resigned,Pune,Bachelor's,11302
11838,Nikhil Gupta,Male,1991-08-21,3,105,2016-07-20,Resigned,Bengaluru,Bachelor's,14900
11839,Pooja Agarwal,Female,1973-05-23,5,110,2020-09-26,Active,Mumbai,Master's,13402
11840,Mohit Sinha,Male,1981-06-19,4,109,2018-09-24,Resigned,Delhi,Master's,10518
11841,Karan Gupta,Male,1969-07-12,8,116,2017-03-28,Terminated,Pune,Master's,12004
11842,Aarav Desai,Male,1990-01-04,6,112,2020-06-04,Active,Pune,Bachelor's,12948
11843,Manish Iyer,Male,1985-04-22,6,113,2025-08-11,Resigned,Pune,Bachelor's,13825
11844,Divya Reddy,Female,1965-06-10,1,101,2018-09-02,Active,Delhi,Diploma,10550
11845,Pooja Chopra,Female,1965-08-28,4,109,2025-06-28,Active,Delhi,Master's,11632
11846,Aarav Chopra,Male,1999-01-23,4,108,2019-01-02,Active,Delhi,Diploma,12849
11847,Varun Mishra,Male,1973-04-13,7,114,2025-01-21,Resigned,Hyderabad,Bachelor's,11281
11848,Aarav Shah,Male,1987-06-26,3,107,2020-05-14,Resigned,Bengaluru,Master's,10401
11849,Pooja Reddy,Female,2002-09-03,3,105,2019-05-20,Active,Bengaluru,Bachelor's,10056
11850,Meera Iyer,Female,1968-08-19,3,105,2025-08-26,Active,Bengaluru,Master's,11099
11851,Vivek Joshi,Male,1983-06-02,3,105,2018-09-24,Resigned,Bengaluru,Master's,12336
11852,Aanya Sharma,Female,2001-09-13,2,104,2017-01-06,Resigned,Mumbai,Diploma,12071
11853,Shreya Patel,Female,1969-02-12,7,114,2019-07-25,Active,Hyderabad,Bachelor's,14895
11854,Pooja Mishra,Female,1992-05-22,4,108,2022-12-30,Resigned,Delhi,Master's,13913
11855,Tanya Mishra,Female,1987-04-28,7,114,2020-09-14,Active,Hyderabad,Bachelor's,14103
11856,Akash Sharma,Male,2002-07-07,6,112,2019-12-07,Active,Pune,Bachelor's,12094
11857,Shreya Desai,Female,1987-12-23,3,105,2016-03-30,Active,Bengaluru,Bachelor's,10048
11858,Nikhil Kapoor,Male,1982-11-07,4,109,2019-11-27,Active,Delhi,Bachelor's,13592
11859,Simran Shah,Female,1993-10-27,2,104,2016-08-05,Active,Mumbai,Bachelor's,14017
11860,Sneha Nair,Female,1992-10-09,7,115,2016-04-04,Active,Hyderabad,Diploma,12780
11861,Ananya Verma,Female,1973-02-05,3,105,2025-02-17,Active,Bengaluru,Bachelor's,12857
11862,Aanya Iyer,Female,2003-10-25,3,106,2020-03-26,Active,Bengaluru,Bachelor's,14125
11863,Karan Shah,Male,1974-12-14,3,107,2016-03-06,Resigned,Bengaluru,Bachelor's,10767
11864,Manish Sharma,Male,1966-11-16,4,108,2020-09-19,Terminated,Delhi,Bachelor's,12677
11865,Priya Sharma,Female,1977-11-02,3,106,2022-06-01,Resigned,Bengaluru,Master's,12351
11866,Riya Patel,Female,2002-03-23,3,106,2021-12-28,Active,Bengaluru,Bachelor's,11546
11867,Ankit Gupta,Male,1991-09-14,6,112,2022-01-26,Active,Pune,Master's,13645
11868,Manish Joshi,Male,1984-03-26,6,112,2018-03-25,Active,Pune,Bachelor's,10730
11869,Ankit Shah,Male,1974-08-27,3,107,2019-05-26,Active,Bengaluru,Bachelor's,11421
11870,Shreya Nair,Female,1980-08-28,4,109,2024-08-03,Resigned,Delhi,Master's,14568
11871,Riya Joshi,Female,1979-04-27,7,114,2020-11-30,Active,Hyderabad,Bachelor's,12238
11872,Aarav Patel,Male,1977-06-11,1,101,2017-03-19,Resigned,Delhi,Bachelor's,14220
11873,Aarav Mehta,Male,2002-12-24,7,114,2021-11-03,Active,Hyderabad,Bachelor's,13865
11874,Tanya Desai,Female,1984-12-09,3,105,2022-02-28,Active,Bengaluru,Bachelor's,10742
11875,Ananya Verma,Female,1988-02-17,5,111,2025-01-06,Active,Mumbai,Bachelor's,13421
11876,Rahul Sharma,Male,1971-05-26,4,109,2023-07-23,Resigned,Delhi,Diploma,11192
11877,Simran Patel,Female,1987-03-27,4,108,2024-11-03,Active,Delhi,Bachelor's,14944
11878,Vivek Verma,Male,1988-06-28,7,115,2018-03-10,Active,Hyderabad,Master's,13320
11879,Nikhil Sharma,Male,1993-11-01,2,103,2024-11-06,Active,Mumbai,Master's,14392
11880,Ananya Joshi,Female,1969-12-27,3,107,2018-08-18,Resigned,Bengaluru,Diploma,11987
11881,Pooja Sharma,Female,1999-04-22,4,108,2017-03-07,Active,Delhi,Master's,11260
11882,Aanya Mehta,Female,1965-02-11,6,112,2021-03-05,Active,Pune,Bachelor's,13799
11883,Ananya Mishra,Female,2000-11-08,3,105,2017-04-21,Active,Bengaluru,Bachelor's,13329
11884,Neha Shah,Female,1982-04-02,6,113,2022-06-15,Resigned,Pune,Master's,13618
11885,Karan Nair,Male,1970-01-24,3,105,2022-01-06,Active,Bengaluru,Bachelor's,14095
11886,Akash Desai,Male,1987-10-17,3,106,2025-11-28,Resigned,Bengaluru,Bachelor's,14199
11887,Nikhil Bansal,Male,1974-07-07,6,112,2019-01-17,Active,Pune,Bachelor's,13502
11888,Aarav Kapoor,Male,1971-06-24,2,104,2020-08-22,Active,Mumbai,Bachelor's,13771
11889,Simran Gupta,Female,1972-10-01,4,108,2019-01-26,Active,Delhi,Diploma,13508
11890,Meera Iyer,Female,1977-12-01,1,102,2017-09-23,Active,Delhi,Master's,12730
11891,Nikhil Malhotra,Male,1994-01-06,3,106,2018-11-27,Active,Bengaluru,Bachelor's,12028
11892,Nikhil Iyer,Male,1982-07-26,5,111,2020-07-15,Terminated,Mumbai,Bachelor's,11335
11893,Riya Nair,Female,1978-09-10,4,109,2019-07-14,Active,Delhi,Diploma,12782
11894,Akash Gupta,Male,1975-05-01,3,107,2017-06-05,Active,Bengaluru,Master's,10764
11895,Arjun Sharma,Male,2002-09-05,4,109,2024-08-30,Active,Delhi,Bachelor's,12634
11896,Priya Malhotra,Female,1977-06-25,3,107,2023-04-25,Active,Bengaluru,Bachelor's,10180
11897,Shreya Verma,Female,1997-02-03,4,108,2016-01-19,Active,Delhi,Master's,14496
11898,Karan Mishra,Male,1977-07-03,8,116,2019-01-23,Active,Pune,Diploma,13808
11899,Yash Iyer,Male,1989-02-23,7,115,2024-05-31,Active,Hyderabad,Bachelor's,11663
11900,Simran Sinha,Female,1988-08-09,2,103,2021-04-20,Active,Mumbai,Bachelor's,13991
11901,Vivek Agarwal,Male,1993-02-02,1,102,2019-08-17,Active,Delhi,Bachelor's,13089
11902,Aarav Joshi,Male,2000-11-16,7,115,2025-01-23,Resigned,Hyderabad,Bachelor's,14240
11903,Ananya Mehta,Female,1970-07-04,4,109,2025-08-02,Active,Delhi,Bachelor's,13531
11904,Nikhil Patel,Male,1982-05-01,4,108,2023-01-05,Active,Delhi,Bachelor's,11594
11905,Simran Sharma,Female,1992-06-10,6,113,2019-08-21,Active,Pune,PhD,12934
11906,Arjun Iyer,Male,1969-08-27,3,106,2025-10-23,Active,Bengaluru,Bachelor's,13369
11907,Divya Desai,Female,1982-01-18,4,109,2021-04-04,Active,Delhi,Bachelor's,13778
11908,Nikhil Malhotra,Male,2001-07-14,8,116,2021-11-11,Active,Pune,Master's,12209
11909,Nikhil Kumar,Male,1971-02-25,5,110,2020-04-17,Active,Mumbai,Bachelor's,12122
11910,Aarav Kumar,Male,1973-06-12,2,103,2020-03-05,Active,Mumbai,Bachelor's,14792
11911,Aditya Desai,Male,1999-12-05,2,103,2018-03-13,Active,Mumbai,Bachelor's,11422
11912,Sneha Iyer,Female,1976-07-26,3,107,2016-10-10,Active,Bengaluru,Bachelor's,12421
11913,Priya Singh,Female,2003-08-13,6,113,2019-04-07,Active,Pune,Bachelor's,12051
11914,Ankit Reddy,Male,1988-09-06,3,107,2017-11-05,Active,Bengaluru,Diploma,14968
11915,Yash Patel,Male,1973-05-07,1,102,2025-10-15,Active,Delhi,Master's,13704
11916,Shreya Sharma,Female,1976-02-15,8,116,2020-09-21,Resigned,Pune,Bachelor's,14316
11917,Nisha Shah,Female,2000-08-28,2,103,2025-09-20,Active,Mumbai,Bachelor's,14792
11918,Ananya Chopra,Female,2001-04-16,1,101,2022-10-22,Active,Delhi,Bachelor's,13496
11919,Rohan Patel,Male,1973-01-03,3,106,2016-03-27,Active,Bengaluru,Master's,10327
11920,Karan Sharma,Male,2003-09-20,3,106,2023-06-07,Active,Bengaluru,Bachelor's,11193
11921,Tanya Bansal,Female,1986-10-26,4,108,2024-03-10,Terminated,Delhi,Master's,12177
11922,Siddharth Mehta,Male,1981-11-16,7,114,2020-01-27,Active,Hyderabad,Master's,11855
11923,Simran Kumar,Female,1997-03-04,7,114,2022-12-06,Active,Hyderabad,Bachelor's,10511
11924,Varun Verma,Male,1988-03-19,4,108,2025-05-13,Resigned,Delhi,Bachelor's,13249
11925,Sneha Desai,Female,1979-02-06,3,105,2022-11-13,Active,Bengaluru,Bachelor's,12120
11926,Aditya Chopra,Male,1993-10-22,4,108,2019-04-18,Active,Delhi,Bachelor's,14297
11927,Aanya Kapoor,Female,1996-10-04,3,106,2021-01-24,Active,Bengaluru,Bachelor's,14982
11928,Akash Singh,Male,1997-08-06,1,102,2018-07-26,Resigned,Delhi,Master's,14265
11929,Nisha Agarwal,Female,1993-12-08,7,115,2019-02-07,Active,Hyderabad,Master's,14840
11930,Siddharth Desai,Male,1979-06-15,3,107,2025-04-15,Active,Bengaluru,Bachelor's,14298
11931,Aanya Mishra,Female,1991-09-19,3,105,2018-11-13,Active,Bengaluru,Master's,11202
11932,Sneha Malhotra,Female,1998-03-18,4,108,2017-01-24,Active,Delhi,Master's,11236
11933,Simran Malhotra,Female,1968-10-14,4,108,2016-06-25,Active,Delhi,Diploma,14064
11934,Nisha Reddy,Female,1982-06-07,1,101,2024-10-28,Active,Delhi,Bachelor's,10775
11935,Meera Shah,Female,1985-07-21,2,104,2018-05-16,Active,Mumbai,Bachelor's,14352
11936,Riya Mishra,Female,1972-06-23,3,106,2024-01-13,Active,Bengaluru,Bachelor's,14751
11937,Arjun Sharma,Male,1970-11-18,5,111,2023-08-15,Resigned,Mumbai,Bachelor's,14578
11938,Aanya Bansal,Female,1984-10-15,3,105,2022-06-01,Active,Bengaluru,Master's,10970
11939,Vivek Malhotra,Male,1966-12-23,4,109,2018-01-05,Active,Delhi,Bachelor's,11236
11940,Karan Patel,Male,1986-01-22,4,109,2019-09-19,Active,Delhi,Master's,10164
11941,Siddharth Mishra,Male,1985-08-17,7,115,2018-07-09,Active,Hyderabad,Bachelor's,11154
11942,Arjun Reddy,Male,1970-01-06,3,107,2024-12-27,Resigned,Bengaluru,Bachelor's,11735
11943,Priya Sharma,Female,1996-05-15,2,103,2020-12-11,Active,Mumbai,Master's,10727
11944,Sneha Mehta,Female,1970-03-14,4,108,2017-02-15,Active,Delhi,Bachelor's,13000
11945,Sneha Patel,Female,1977-10-10,6,112,2017-10-17,Active,Pune,Master's,12039
11946,Karan Mehta,Male,1965-07-07,2,103,2017-11-17,Active,Mumbai,Diploma,11363
11947,Rohan Nair,Male,1986-07-14,4,108,2016-02-28,Active,Delhi,Master's,14668
11948,Arjun Sharma,Male,1988-06-20,1,102,2016-02-17,Active,Delhi,Bachelor's,14051
11949,Yash Nair,Male,1994-09-28,1,102,2017-05-11,Active,Delhi,Bachelor's,11291
11950,Manish Joshi,Male,1986-09-23,4,109,2018-09-24,Active,Delhi,Master's,14944
11951,Yash Mishra,Male,1976-07-24,3,105,2017-07-23,Active,Bengaluru,Master's,14361
11952,Yash Kumar,Male,1990-11-05,7,114,2016-06-11,Resigned,Hyderabad,Diploma,14236
11953,Simran Joshi,Female,1968-11-09,5,110,2018-09-20,Active,Mumbai,PhD,10852
11954,Divya Agarwal,Female,1983-06-07,4,108,2019-03-08,Active,Delhi,Master's,11453
11955,Neha Mishra,Female,1980-12-23,3,105,2023-08-02,Active,Bengaluru,Bachelor's,11660
11956,Simran Kumar,Female,1976-09-23,4,108,2021-02-27,Active,Delhi,Bachelor's,13117
11957,Pooja Mishra,Female,1997-03-22,1,101,2021-11-24,Resigned,Delhi,Bachelor's,13041
11958,Aditya Mishra,Male,1985-06-11,7,114,2023-11-17,Active,Hyderabad,Bachelor's,14084
11959,Meera Reddy,Female,2000-12-07,8,116,2022-12-08,Active,Pune,Bachelor's,14343
11960,Neha Shah,Female,1973-06-04,3,106,2025-11-20,Resigned,Bengaluru,Master's,11646
11961,Ankit Patel,Male,2003-06-03,2,103,2024-01-12,Resigned,Mumbai,Master's,14637
11962,Varun Malhotra,Male,1972-01-15,2,103,2023-02-07,Active,Mumbai,Bachelor's,10618
11963,Sneha Gupta,Female,1984-01-21,5,111,2025-07-02,Active,Mumbai,Bachelor's,11567
11964,Aarav Nair,Male,1974-11-13,5,110,2017-09-24,Active,Mumbai,PhD,12454
11965,Riya Bansal,Female,1996-08-03,7,114,2024-08-02,Active,Hyderabad,Bachelor's,13816
11966,Simran Malhotra,Female,1992-02-24,6,113,2019-11-29,Active,Pune,Bachelor's,14450
11967,Arjun Nair,Male,1974-09-25,4,109,2016-08-26,Active,Delhi,Master's,13321
11968,Manish Joshi,Male,1972-02-28,5,111,2017-08-24,Resigned,Mumbai,Master's,13487
11969,Siddharth Singh,Male,1997-08-02,5,111,2019-12-19,Active,Mumbai,PhD,14499
11970,Manish Reddy,Male,1977-07-24,4,109,2017-07-22,Active,Delhi,PhD,11808
11971,Ankit Verma,Male,1999-01-24,4,109,2019-09-23,Active,Delhi,Master's,10385
11972,Divya Gupta,Female,1993-03-17,5,111,2024-12-16,Active,Mumbai,Bachelor's,11235
11973,Rahul Chopra,Male,1969-07-10,4,109,2016-05-01,Active,Delhi,Bachelor's,13120
11974,Rohan Joshi,Male,1967-03-24,5,111,2017-01-25,Active,Mumbai,Bachelor's,11564
11975,Akash Nair,Male,2001-09-18,5,111,2017-08-22,Resigned,Mumbai,Diploma,12866
11976,Shreya Kapoor,Female,1970-01-24,6,112,2016-05-30,Resigned,Pune,Bachelor's,10299
11977,Mohit Shah,Male,1980-10-22,5,111,2017-05-22,Active,Mumbai,Diploma,10517
11978,Mohit Verma,Male,1999-10-17,4,109,2021-09-25,Active,Delhi,Bachelor's,10278
11979,Kavya Patel,Female,1982-03-09,5,111,2017-12-27,Resigned,Mumbai,Bachelor's,13474
11980,Shreya Reddy,Female,1975-09-06,4,109,2025-11-18,Active,Delhi,Bachelor's,11118
11981,Karan Singh,Male,1987-03-08,3,106,2021-04-02,Terminated,Bengaluru,Bachelor's,10703
11982,Aanya Malhotra,Female,1975-06-17,1,101,2019-06-24,Active,Delhi,Master's,11322
11983,Aditya Verma,Male,1993-06-13,4,108,2018-08-28,Active,Delhi,Master's,14332
11984,Ankit Nair,Male,1991-05-24,5,110,2016-10-21,Active,Mumbai,Master's,14027
11985,Rahul Agarwal,Male,1973-02-12,8,117,2020-01-30,Active,Pune,Bachelor's,11289
11986,Manish Mehta,Male,1999-07-06,3,106,2024-04-25,Active,Bengaluru,Bachelor's,10995
11987,Nisha Sharma,Female,1973-01-28,3,107,2024-05-26,Resigned,Bengaluru,Bachelor's,10629
11988,Aarav Bansal,Male,1982-08-06,3,106,2016-05-22,Active,Bengaluru,Master's,11776
11989,Aditya Shah,Male,1985-03-21,1,102,2021-03-09,Active,Delhi,Master's,14260
11990,Tanya Malhotra,Female,2000-07-09,6,112,2022-06-03,Active,Pune,Bachelor's,11867
11991,Nisha Joshi,Female,1965-04-28,3,105,2021-08-14,Active,Bengaluru,Master's,12682
11992,Karan Patel,Male,1991-02-19,5,110,2024-09-28,Active,Mumbai,Bachelor's,10887
11993,Neha Reddy,Female,2002-07-08,5,111,2023-07-18,Active,Mumbai,Bachelor's,11839
11994,Akash Malhotra,Male,1993-05-19,4,109,2022-10-11,Active,Delhi,Master's,14432
11995,Pooja Iyer,Female,1983-01-26,7,114,2017-03-26,Active,Hyderabad,Bachelor's,11346
11996,Neha Verma,Female,1988-01-11,4,108,2025-11-13,Active,Delhi,Diploma,13358
11997,Isha Mishra,Female,1965-02-21,3,105,2021-03-14,Active,Bengaluru,Bachelor's,11209
11998,Rahul Sinha,Male,2000-03-13,7,114,2019-01-12,Active,Hyderabad,Master's,14251
11999,Manish Shah,Male,1987-07-02,7,114,2020-07-05,Active,Hyderabad,Bachelor's,13611
12000,Manish Sinha,Male,1977-02-03,2,103,2021-08-18,Active,Mumbai,Bachelor's,13511
12001,Akash Mehta,Male,1994-12-01,1,101,2025-06-23,Active,Delhi,Master's,12729
12002,Siddharth Nair,Male,2001-02-05,2,104,2022-04-17,Resigned,Mumbai,Bachelor's,10548
12003,Riya Singh,Female,1975-03-27,3,105,2025-06-15,Active,Bengaluru,Bachelor's,13699
12004,Nikhil Kapoor,Male,1971-10-06,8,116,2018-09-21,Active,Pune,Bachelor's,12673
12005,Yash Sharma,Male,1999-02-15,4,108,2020-04-09,Active,Delhi,Master's,10689
12006,Shreya Patel,Female,1975-08-16,3,106,2020-12-23,Active,Bengaluru,Bachelor's,11715
12007,Manish Sharma,Male,1985-04-19,7,114,2019-06-02,Active,Hyderabad,Master's,13887
12008,Kavya Mehta,Female,1967-05-08,4,108,2017-05-11,Active,Delhi,PhD,14887
12009,Rohan Gupta,Male,1994-09-01,3,107,2016-10-08,Active,Bengaluru,Master's,10327
12010,Karan Singh,Male,1988-04-22,8,117,2020-06-03,Terminated,Pune,Bachelor's,13962
12011,Rohan Sinha,Male,2002-06-13,7,115,2023-10-30,Active,Hyderabad,Master's,12488
12012,Ankit Gupta,Male,1967-09-01,7,115,2017-10-01,Active,Hyderabad,Master's,12297
12013,Shreya Joshi,Female,2001-05-26,4,109,2020-06-30,Resigned,Delhi,Bachelor's,14801
12014,Arjun Agarwal,Male,1997-01-06,6,113,2024-05-28,Active,Pune,Bachelor's,13745
12015,Siddharth Reddy,Male,1986-09-20,2,104,2017-06-18,Terminated,Mumbai,Master's,11493
12016,Varun Kumar,Male,1995-10-26,4,108,2023-12-17,Resigned,Delhi,Bachelor's,11636
12017,Ankit Sharma,Male,1976-09-19,8,117,2019-01-30,Resigned,Pune,Bachelor's,10245
12018,Shreya Kapoor,Female,1978-11-23,3,106,2021-12-07,Active,Bengaluru,Master's,11410
12019,Varun Iyer,Male,1976-05-26,6,113,2016-03-08,Active,Pune,Master's,13909
12020,Sneha Singh,Female,1991-01-07,4,109,2024-12-27,Resigned,Delhi,Diploma,12677
12021,Nisha Sinha,Female,1977-08-15,1,101,2017-05-16,Resigned,Delhi,Bachelor's,10477
12022,Aanya Malhotra,Female,1988-06-01,6,112,2021-04-05,Resigned,Pune,Master's,10318
12023,Nisha Iyer,Female,2002-09-07,2,104,2024-04-06,Resigned,Mumbai,Master's,11078
12024,Manish Mishra,Male,1973-06-20,5,110,2018-12-11,Active,Mumbai,PhD,11462
12025,Aditya Sharma,Male,1972-03-04,2,103,2021-01-04,Active,Mumbai,Master's,14439
12026,Aditya Shah,Male,2001-01-09,8,116,2020-10-17,Active,Pune,Master's,14729
12027,Aanya Patel,Female,1979-02-16,3,105,2021-02-16,Active,Bengaluru,PhD,11216
12028,Neha Chopra,Female,1971-02-03,3,105,2018-02-13,Active,Bengaluru,Diploma,13935
12029,Siddharth Chopra,Male,1988-01-10,2,103,2018-05-26,Active,Mumbai,Diploma,11487
12030,Riya Singh,Female,1980-03-04,8,116,2017-10-25,Active,Pune,Bachelor's,10324
12031,Karan Desai,Male,1988-09-05,6,113,2016-11-16,Active,Pune,Bachelor's,12841
12032,Sneha Sinha,Female,1971-11-06,6,112,2019-06-29,Terminated,Pune,Diploma,10582
12033,Vivek Singh,Male,1992-01-19,4,109,2023-08-17,Active,Delhi,Bachelor's,12415
12034,Divya Iyer,Female,1966-07-23,4,108,2022-07-09,Active,Delhi,Master's,12609
12035,Tanya Malhotra,Female,1998-10-12,2,103,2020-07-26,Active,Mumbai,Master's,14805
12036,Rahul Shah,Male,2002-12-01,4,108,2023-02-15,Resigned,Delhi,Diploma,13330
12037,Akash Chopra,Male,1967-09-17,3,107,2020-04-29,Active,Bengaluru,Bachelor's,14199
12038,Vivek Kapoor,Male,1965-07-12,8,117,2017-09-19,Active,Pune,Bachelor's,10397
12039,Yash Patel,Male,1995-12-02,6,112,2016-02-03,Active,Pune,Master's,10696
12040,Karan Kumar,Male,1987-09-12,3,107,2021-01-27,Active,Bengaluru,Bachelor's,12622
12041,Isha Verma,Female,1984-12-25,2,104,2020-12-02,Active,Mumbai,Master's,11159
12042,Shreya Shah,Female,1980-09-04,6,112,2022-08-06,Active,Pune,Diploma,10959
12043,Rohan Nair,Male,1996-06-12,2,103,2017-12-09,Resigned,Mumbai,Bachelor's,10268
12044,Varun Iyer,Male,1981-02-03,3,105,2024-02-10,Active,Bengaluru,Bachelor's,12604
12045,Aanya Mehta,Female,1982-06-01,3,107,2022-06-17,Active,Bengaluru,Bachelor's,14563
12046,Pooja Mishra,Female,1968-07-18,4,108,2023-12-17,Active,Delhi,Master's,11676
12047,Manish Verma,Male,1999-08-21,6,112,2019-07-25,Active,Pune,Master's,12791
12048,Riya Kumar,Female,2000-07-08,3,106,2019-02-06,Active,Bengaluru,Bachelor's,12804
12049,Karan Agarwal,Male,1987-03-22,2,103,2021-11-30,Active,Mumbai,Master's,10676
12050,Aarav Iyer,Male,1979-12-25,4,109,2019-04-06,Resigned,Delhi,Bachelor's,13531
12051,Siddharth Mehta,Male,1977-04-26,6,112,2022-11-03,Active,Pune,Diploma,10615
12052,Vivek Singh,Male,1978-07-16,3,105,2017-08-19,Terminated,Bengaluru,Master's,14802
12053,Siddharth Mehta,Male,1978-01-28,3,106,2025-12-26,Resigned,Bengaluru,Bachelor's,14369
12054,Simran Verma,Female,2001-07-09,8,117,2017-11-14,Active,Pune,Diploma,12448
12055,Tanya Kumar,Female,1969-10-08,8,117,2018-03-17,Active,Pune,Bachelor's,10561
12056,Neha Iyer,Female,1986-04-19,8,117,2024-11-23,Active,Pune,Bachelor's,12541
12057,Varun Mehta,Male,1992-07-12,6,112,2019-02-05,Active,Pune,Diploma,13353
12058,Akash Mishra,Male,1968-01-24,3,107,2022-12-14,Active,Bengaluru,Master's,13678
12059,Meera Patel,Female,2002-12-17,3,105,2019-09-10,Active,Bengaluru,Bachelor's,13289
12060,Ankit Iyer,Male,1993-07-06,3,105,2023-08-23,Resigned,Bengaluru,Bachelor's,11822
12061,Arjun Malhotra,Male,2001-10-24,3,106,2021-05-09,Active,Bengaluru,Bachelor's,12639
12062,Arjun Desai,Male,1999-06-05,8,117,2018-10-17,Active,Pune,Bachelor's,14555
12063,Meera Verma,Female,1984-09-20,6,112,2018-09-16,Active,Pune,Master's,11146
12064,Nikhil Sharma,Male,1999-07-22,6,113,2020-07-11,Resigned,Pune,Master's,10384
12065,Aditya Bansal,Male,1999-10-22,3,105,2024-03-16,Active,Bengaluru,PhD,14212
12066,Simran Singh,Female,1984-11-12,7,115,2021-05-02,Active,Hyderabad,Bachelor's,13252
12067,Mohit Kumar,Male,1966-05-02,6,113,2018-03-08,Active,Pune,PhD,13282
12068,Aarav Kapoor,Male,1982-04-17,2,104,2020-07-16,Active,Mumbai,Bachelor's,12498
12069,Manish Chopra,Male,1994-09-25,7,115,2024-12-12,Terminated,Hyderabad,Diploma,12243
12070,Vivek Nair,Male,1993-08-20,3,107,2017-02-26,Active,Bengaluru,Master's,12482
12071,Pooja Nair,Female,2003-05-17,2,103,2024-06-03,Active,Mumbai,Bachelor's,10348
12072,Aditya Mishra,Male,1986-04-04,5,110,2018-07-09,Active,Mumbai,Diploma,12707
12073,Yash Mishra,Male,1993-05-18,5,111,2019-04-03,Resigned,Mumbai,Master's,11612
12074,Riya Shah,Female,1974-02-28,2,103,2022-12-07,Active,Mumbai,Master's,14140
12075,Kavya Agarwal,Female,1984-02-16,3,105,2018-11-14,Active,Bengaluru,Bachelor's,13169
12076,Meera Joshi,Female,1980-11-08,8,116,2016-10-10,Active,Pune,Master's,12587
12077,Aarav Nair,Male,1970-12-18,5,111,2023-04-11,Active,Mumbai,Master's,13023
12078,Vivek Iyer,Male,1981-06-18,6,112,2021-12-12,Active,Pune,Master's,11843
12079,Simran Shah,Female,1970-08-16,3,106,2024-05-04,Active,Bengaluru,Bachelor's,12687
12080,Tanya Sharma,Female,1986-01-02,1,101,2020-10-02,Active,Delhi,Master's,11291
12081,Manish Mishra,Male,1982-05-22,3,107,2023-08-21,Active,Bengaluru,Master's,14702
12082,Rahul Gupta,Male,1996-09-22,3,106,2023-02-10,Resigned,Bengaluru,Master's,13739
12083,Karan Kapoor,Male,1992-08-28,3,106,2024-05-07,Active,Bengaluru,Master's,10359
12084,Sneha Patel,Female,1974-07-01,3,106,2020-10-12,Active,Bengaluru,Bachelor's,14259
12085,Karan Chopra,Male,1986-02-04,4,108,2022-04-10,Active,Delhi,Bachelor's,12892
12086,Rohan Shah,Male,1992-12-17,3,106,2024-07-05,Active,Bengaluru,PhD,11202
12087,Manish Kapoor,Male,1979-08-04,6,113,2018-04-10,Active,Pune,Bachelor's,10781
12088,Priya Kumar,Female,1993-07-23,3,106,2023-04-12,Resigned,Bengaluru,Diploma,13053
12089,Riya Singh,Female,1971-08-25,4,108,2020-07-30,Active,Delhi,Master's,14098
12090,Mohit Bansal,Male,1998-09-14,1,102,2022-07-17,Active,Delhi,Bachelor's,12256
12091,Meera Sinha,Female,1996-07-09,4,109,2024-11-16,Active,Delhi,Bachelor's,14253
12092,Riya Joshi,Female,1966-05-26,1,102,2017-01-08,Active,Delhi,Diploma,13406
12093,Akash Iyer,Male,1990-04-03,8,117,2017-07-18,Active,Pune,Master's,14933
12094,Akash Shah,Male,1975-06-10,6,113,2017-02-23,Terminated,Pune,Master's,12283
12095,Manish Sharma,Male,1989-11-25,4,108,2018-06-22,Resigned,Delhi,Master's,12516
12096,Nisha Iyer,Female,1983-04-18,2,103,2019-06-27,Resigned,Mumbai,Bachelor's,10271
12097,Shreya Sharma,Female,1984-11-19,5,111,2025-06-20,Active,Mumbai,PhD,13768
12098,Ananya Kapoor,Female,1997-03-18,6,113,2024-11-18,Terminated,Pune,Bachelor's,13798
12099,Sneha Desai,Female,1981-09-04,3,106,2019-10-05,Active,Bengaluru,Bachelor's,11394
12100,Mohit Gupta,Male,1994-03-16,4,109,2022-03-30,Resigned,Delhi,Bachelor's,13384
12101,Meera Kumar,Female,1982-10-06,6,113,2021-01-21,Active,Pune,PhD,14951
12102,Vivek Bansal,Male,1996-08-27,6,113,2023-10-05,Active,Pune,Diploma,13267
12103,Karan Sharma,Male,1968-08-16,6,112,2023-01-10,Resigned,Pune,Master's,13674
12104,Tanya Patel,Female,1996-10-22,7,115,2022-09-15,Active,Hyderabad,Bachelor's,10003
12105,Simran Kapoor,Female,1983-05-27,7,115,2016-09-20,Terminated,Hyderabad,Diploma,10839
12106,Manish Sinha,Male,1967-07-19,3,105,2021-01-21,Active,Bengaluru,Master's,11693
12107,Meera Patel,Female,2002-12-26,4,108,2017-06-12,Terminated,Delhi,Bachelor's,12669
12108,Neha Nair,Female,1992-02-13,6,112,2023-10-14,Active,Pune,Master's,10284
12109,Varun Gupta,Male,2002-08-27,5,110,2019-12-15,Active,Mumbai,Bachelor's,14545
12110,Isha Joshi,Female,1970-12-14,8,117,2018-07-23,Active,Pune,Master's,12801
12111,Aarav Iyer,Male,1981-09-12,1,101,2024-09-08,Active,Delhi,Master's,12308
12112,Varun Nair,Male,1969-06-20,3,105,2021-06-03,Active,Bengaluru,Bachelor's,12260
12113,Aarav Patel,Male,1983-06-28,3,105,2016-08-07,Active,Bengaluru,Bachelor's,14810
12114,Nisha Verma,Female,1999-07-12,3,106,2023-09-03,Active,Bengaluru,PhD,13468
12115,Aanya Joshi,Female,1986-08-19,3,105,2020-05-27,Active,Bengaluru,Master's,11158
12116,Manish Agarwal,Male,1988-12-22,5,111,2020-11-19,Active,Mumbai,Bachelor's,11718
12117,Siddharth Nair,Male,1974-10-22,2,103,2017-08-08,Active,Mumbai,Master's,10509
12118,Aanya Verma,Female,1966-10-07,6,112,2017-02-10,Active,Pune,Master's,14783
12119,Karan Joshi,Male,1992-04-06,5,110,2024-09-01,Active,Mumbai,Diploma,13751
12120,Isha Gupta,Female,2001-02-24,3,105,2017-08-04,Terminated,Bengaluru,Bachelor's,11295
12121,Divya Bansal,Female,1981-03-15,3,106,2022-12-09,Active,Bengaluru,PhD,13792
12122,Rohan Agarwal,Male,1970-09-08,5,110,2023-12-24,Active,Mumbai,Master's,10608
12123,Shreya Bansal,Female,1969-12-22,6,112,2018-12-30,Active,Pune,Master's,13801
12124,Mohit Singh,Male,2003-10-02,7,114,2024-03-27,Active,Hyderabad,Bachelor's,11737
12125,Simran Mishra,Female,1971-08-27,7,114,2019-04-03,Active,Hyderabad,PhD,11068
12126,Ananya Nair,Female,1996-06-11,8,116,2024-05-24,Active,Pune,Master's,13782
12127,Tanya Singh,Female,1968-01-22,4,109,2023-12-28,Active,Delhi,Bachelor's,10553
12128,Vivek Kumar,Male,1985-05-22,7,115,2022-05-15,Resigned,Hyderabad,Master's,14257
12129,Neha Sinha,Female,1996-01-20,6,112,2024-11-21,Resigned,Pune,Master's,14743
12130,Aarav Gupta,Male,1982-07-15,7,114,2021-01-22,Resigned,Hyderabad,Bachelor's,11315
12131,Rahul Reddy,Male,1997-05-22,1,102,2017-11-27,Active,Delhi,Master's,11329
12132,Akash Chopra,Male,1978-02-24,8,117,2017-01-10,Active,Pune,Master's,14898
12133,Mohit Gupta,Male,1970-10-20,4,108,2024-09-02,Active,Delhi,Diploma,12984
12134,Nikhil Shah,Male,1975-06-03,6,113,2023-09-20,Active,Pune,Master's,13324
12135,Sneha Agarwal,Female,1984-09-13,2,104,2021-04-22,Active,Mumbai,Master's,10902
12136,Priya Sinha,Female,1993-08-15,3,107,2018-12-11,Active,Bengaluru,Diploma,14794
12137,Manish Iyer,Male,1999-06-09,3,107,2020-09-10,Active,Bengaluru,Bachelor's,11013
12138,Pooja Mishra,Female,1980-10-09,3,105,2022-03-11,Active,Bengaluru,Bachelor's,10309
12139,Arjun Joshi,Male,1971-02-09,2,104,2021-08-26,Active,Mumbai,Bachelor's,12029
12140,Shreya Singh,Female,2000-08-18,6,113,2021-04-25,Active,Pune,Master's,13072
12141,Simran Kapoor,Female,1995-09-05,1,102,2017-04-18,Active,Delhi,Bachelor's,13643
12142,Mohit Joshi,Male,1970-12-09,3,107,2022-06-20,Active,Bengaluru,PhD,13912
12143,Tanya Mehta,Female,1993-03-20,2,104,2019-11-02,Active,Mumbai,PhD,13805
12144,Rohan Agarwal,Male,1991-01-11,4,109,2020-07-12,Active,Delhi,Bachelor's,12979
12145,Rahul Verma,Male,1966-05-07,3,107,2019-05-11,Active,Bengaluru,Bachelor's,12815
12146,Isha Mishra,Female,1986-07-06,3,105,2017-10-28,Active,Bengaluru,Bachelor's,11231
12147,Karan Shah,Male,1973-06-15,4,109,2024-02-27,Active,Delhi,Bachelor's,13000
12148,Ankit Malhotra,Male,1975-08-11,5,110,2023-12-15,Active,Mumbai,Bachelor's,12097
12149,Siddharth Agarwal,Male,1980-10-09,2,103,2023-11-02,Active,Mumbai,Bachelor's,12173
12150,Kavya Mishra,Female,1977-04-14,2,104,2020-02-29,Active,Mumbai,Diploma,10041
12151,Nikhil Bansal,Male,1982-04-24,3,105,2025-07-31,Active,Bengaluru,Bachelor's,11039
12152,Mohit Kumar,Male,1989-05-10,8,117,2023-02-06,Active,Pune,Master's,12448
12153,Meera Bansal,Female,1997-09-06,3,106,2016-02-09,Resigned,Bengaluru,Bachelor's,10955
12154,Isha Nair,Female,1974-09-12,5,110,2016-05-25,Active,Mumbai,Diploma,14499
12155,Arjun Singh,Male,1994-12-04,3,106,2024-03-22,Resigned,Bengaluru,Master's,10940
12156,Yash Malhotra,Male,1965-01-04,4,109,2023-04-04,Active,Delhi,Diploma,12036
12157,Karan Nair,Male,1997-09-13,1,102,2019-11-16,Active,Delhi,Diploma,13151
12158,Ankit Agarwal,Male,1979-07-15,1,102,2016-01-28,Active,Delhi,Master's,10941
12159,Karan Malhotra,Male,1993-06-14,4,109,2024-11-17,Active,Delhi,Bachelor's,12798
12160,Riya Gupta,Female,1966-02-04,3,107,2018-08-16,Active,Bengaluru,Diploma,11086
12161,Aanya Verma,Female,1975-01-03,2,103,2016-08-26,Active,Mumbai,Bachelor's,12179
12162,Tanya Chopra,Female,1998-02-04,5,111,2021-07-26,Active,Mumbai,Bachelor's,12176
12163,Manish Nair,Male,1983-04-11,8,117,2020-08-28,Active,Pune,Bachelor's,11332
12164,Ananya Singh,Female,1966-09-07,3,107,2019-01-24,Active,Bengaluru,Master's,11792
12165,Mohit Desai,Male,1984-03-07,5,111,2024-06-15,Resigned,Mumbai,Bachelor's,12024
12166,Pooja Kumar,Female,1995-08-12,8,117,2024-07-14,Active,Pune,Bachelor's,11344
12167,Isha Agarwal,Female,1968-07-24,6,113,2018-02-21,Active,Pune,Master's,13331
12168,Nikhil Reddy,Male,1993-09-17,4,108,2024-01-19,Terminated,Delhi,Master's,14203
12169,Riya Gupta,Female,1994-10-22,6,113,2018-03-30,Active,Pune,Master's,13873
12170,Yash Shah,Male,1977-04-17,2,103,2022-09-17,Active,Mumbai,Bachelor's,11600
12171,Pooja Gupta,Female,1979-02-26,4,109,2017-01-16,Active,Delhi,Bachelor's,10787
12172,Yash Agarwal,Male,1984-04-17,3,105,2025-07-03,Active,Bengaluru,Bachelor's,12352
12173,Arjun Sinha,Male,1998-06-17,2,103,2024-10-25,Active,Mumbai,Master's,10909
12174,Neha Mishra,Female,1992-09-26,4,109,2020-08-14,Active,Delhi,Master's,11453
12175,Akash Mishra,Male,1984-03-12,2,104,2017-06-17,Active,Mumbai,Bachelor's,10532
12176,Aanya Malhotra,Female,1989-11-17,5,111,2023-07-02,Active,Mumbai,Bachelor's,11375
12177,Siddharth Gupta,Male,1991-06-22,4,108,2022-07-06,Active,Delhi,Bachelor's,14542
12178,Ananya Shah,Female,1994-07-07,4,109,2019-03-30,Resigned,Delhi,Bachelor's,11858
12179,Pooja Gupta,Female,1984-10-11,2,103,2025-12-07,Resigned,Mumbai,PhD,13074
12180,Varun Joshi,Male,1965-04-16,2,104,2022-07-31,Active,Mumbai,Bachelor's,11586
12181,Manish Kumar,Male,1999-05-19,4,109,2018-02-04,Active,Delhi,Bachelor's,10031
12182,Mohit Bansal,Male,1988-06-14,8,117,2019-09-22,Active,Pune,Master's,14884
12183,Yash Desai,Male,1989-07-09,2,104,2017-07-14,Active,Mumbai,Diploma,13382
12184,Rohan Kapoor,Male,1976-09-28,3,106,2022-12-21,Terminated,Bengaluru,Bachelor's,10431
12185,Aanya Iyer,Female,1975-05-04,7,115,2024-12-26,Resigned,Hyderabad,Bachelor's,14106
12186,Sneha Shah,Female,1994-07-03,1,102,2023-08-09,Active,Delhi,Bachelor's,14229
12187,Tanya Bansal,Female,1977-04-15,7,114,2024-03-08,Resigned,Hyderabad,Bachelor's,11351
12188,Aanya Iyer,Female,1989-09-21,4,109,2023-05-24,Active,Delhi,Bachelor's,12354
12189,Shreya Mishra,Female,1989-10-14,3,106,2021-03-22,Active,Bengaluru,Bachelor's,14276
12190,Simran Sinha,Female,1981-07-18,3,106,2017-03-23,Active,Bengaluru,Bachelor's,11189
12191,Siddharth Kumar,Male,1976-09-05,3,107,2021-04-18,Active,Bengaluru,Bachelor's,11619
12192,Nisha Gupta,Female,1975-05-20,3,107,2016-10-26,Resigned,Bengaluru,Master's,11181
12193,Tanya Sharma,Female,1974-08-27,7,115,2016-04-18,Active,Hyderabad,Bachelor's,14739
12194,Kavya Sharma,Female,1981-04-18,6,113,2021-03-01,Resigned,Pune,Bachelor's,12826
12195,Aarav Malhotra,Male,1980-05-19,5,110,2018-01-15,Active,Mumbai,Bachelor's,12356
12196,Manish Shah,Male,1984-04-03,6,112,2020-04-16,Resigned,Pune,Bachelor's,10383
12197,Siddharth Desai,Male,1969-07-06,3,105,2022-06-24,Active,Bengaluru,Bachelor's,10316
12198,Pooja Sharma,Female,1996-02-27,5,111,2019-04-18,Active,Mumbai,Master's,10505
12199,Karan Bansal,Male,1991-08-21,4,108,2016-03-15,Resigned,Delhi,Bachelor's,11745
12200,Yash Desai,Male,1968-06-08,6,112,2017-07-05,Active,Pune,Master's,10582
12201,Kavya Iyer,Female,1971-11-11,3,106,2021-08-18,Active,Bengaluru,Diploma,10132
12202,Aarav Singh,Male,1978-12-16,5,111,2018-09-29,Active,Mumbai,Master's,13751
12203,Rohan Sharma,Male,2003-07-27,7,114,2023-12-01,Terminated,Hyderabad,PhD,11999
12204,Arjun Sinha,Male,1988-03-02,3,105,2023-10-03,Active,Bengaluru,Bachelor's,13049
12205,Riya Sharma,Female,1982-03-08,1,101,2016-07-12,Active,Delhi,Bachelor's,10693
12206,Ananya Chopra,Female,2002-04-08,4,108,2016-04-03,Resigned,Delhi,Bachelor's,14944
12207,Aditya Patel,Male,2003-04-23,3,106,2018-05-04,Active,Bengaluru,Master's,10493
12208,Kavya Shah,Female,1965-06-26,5,110,2018-08-15,Terminated,Mumbai,Diploma,12458
12209,Varun Sinha,Male,1981-01-27,8,117,2016-09-03,Active,Pune,Master's,12055
12210,Pooja Sharma,Female,1990-08-22,4,108,2018-04-26,Active,Delhi,Master's,13532
12211,Kavya Iyer,Female,1986-02-05,4,108,2016-03-28,Active,Delhi,Bachelor's,10334
12212,Tanya Shah,Female,2003-12-02,5,110,2021-02-06,Active,Mumbai,Bachelor's,13373
12213,Manish Kumar,Male,1982-10-07,2,104,2024-06-24,Active,Mumbai,Bachelor's,13644
12214,Tanya Mishra,Female,2002-11-26,3,105,2022-08-07,Active,Bengaluru,Master's,11216
12215,Riya Mishra,Female,1992-06-07,7,115,2017-03-12,Resigned,Hyderabad,Diploma,12104
12216,Nikhil Malhotra,Male,1985-06-26,5,111,2019-08-31,Resigned,Mumbai,Bachelor's,13196
12217,Simran Reddy,Female,2002-01-15,1,102,2022-12-06,Active,Delhi,Bachelor's,12418
12218,Aarav Reddy,Male,1997-03-10,3,106,2019-07-20,Active,Bengaluru,Bachelor's,11006
12219,Riya Bansal,Female,1994-02-17,5,110,2022-08-19,Active,Mumbai,Bachelor's,12266
12220,Manish Bansal,Male,1972-01-04,6,112,2020-04-12,Active,Pune,Master's,13586
12221,Divya Kapoor,Female,1994-11-17,6,113,2016-04-21,Active,Pune,Master's,10515
12222,Karan Iyer,Male,2003-02-01,3,106,2018-04-07,Active,Bengaluru,Master's,13897
12223,Manish Verma,Male,1973-12-28,7,114,2022-10-14,Active,Hyderabad,Master's,10427
12224,Aditya Iyer,Male,1997-06-11,4,108,2019-07-27,Active,Delhi,Master's,14575
12225,Karan Sinha,Male,1993-04-24,5,111,2017-05-05,Active,Mumbai,Bachelor's,14961
12226,Yash Kumar,Male,1995-11-05,5,110,2017-05-20,Active,Mumbai,Master's,14757
12227,Rohan Kumar,Male,1967-10-05,2,103,2021-05-02,Active,Mumbai,Bachelor's,11106
12228,Tanya Mishra,Female,2002-11-27,8,116,2022-03-19,Active,Pune,Bachelor's,12263
12229,Arjun Joshi,Male,1975-08-27,2,104,2019-08-10,Active,Mumbai,Bachelor's,12602
12230,Akash Agarwal,Male,1969-10-22,3,106,2021-01-16,Active,Bengaluru,Bachelor's,13289
12231,Isha Joshi,Female,1995-06-03,6,113,2020-01-10,Active,Pune,Bachelor's,10675
12232,Aditya Desai,Male,1984-06-26,5,111,2018-09-21,Active,Mumbai,Diploma,11460
12233,Kavya Singh,Female,1968-07-18,6,112,2017-01-18,Resigned,Pune,Master's,14872
12234,Shreya Bansal,Female,1972-03-06,4,108,2017-09-30,Active,Delhi,Bachelor's,11932
12235,Neha Iyer,Female,1999-10-16,3,105,2016-12-13,Active,Bengaluru,Bachelor's,14342
12236,Isha Patel,Female,1977-09-13,7,115,2024-06-18,Active,Hyderabad,Master's,14257
12237,Nisha Iyer,Female,1969-09-24,1,101,2024-03-19,Active,Delhi,Bachelor's,14728
12238,Rahul Gupta,Male,1983-08-09,7,115,2021-07-09,Active,Hyderabad,Diploma,12945
12239,Siddharth Agarwal,Male,1982-11-16,3,106,2024-10-15,Active,Bengaluru,Master's,12099
12240,Karan Reddy,Male,1997-11-09,7,115,2023-09-27,Active,Hyderabad,Bachelor's,13110
12241,Simran Malhotra,Female,1968-10-11,2,104,2018-10-05,Active,Mumbai,Bachelor's,10903
12242,Rahul Malhotra,Male,1982-09-21,4,108,2019-06-28,Active,Delhi,Bachelor's,13664
12243,Isha Shah,Female,1988-06-15,7,115,2025-06-13,Resigned,Hyderabad,Bachelor's,11666
12244,Tanya Patel,Female,1993-05-13,4,108,2021-05-10,Active,Delhi,Bachelor's,11647
12245,Shreya Gupta,Female,1995-01-04,6,113,2023-12-29,Active,Pune,Bachelor's,13331
12246,Siddharth Mehta,Male,1992-11-01,6,112,2020-03-05,Active,Pune,Diploma,12067
12247,Aditya Kapoor,Male,1973-12-01,6,113,2020-12-11,Active,Pune,Bachelor's,14647
12248,Shreya Gupta,Female,1990-03-23,7,115,2025-12-19,Active,Hyderabad,PhD,11688
12249,Shreya Mehta,Female,1966-01-23,4,108,2016-07-05,Active,Delhi,Bachelor's,10555
12250,Manish Malhotra,Male,1970-10-26,2,104,2021-02-08,Active,Mumbai,Master's,13495
12251,Akash Bansal,Male,1993-01-09,1,102,2024-10-11,Resigned,Delhi,Bachelor's,11544
12252,Nisha Verma,Female,1990-05-06,3,107,2016-07-10,Active,Bengaluru,Master's,10044
12253,Priya Malhotra,Female,1992-12-09,2,103,2025-06-06,Active,Mumbai,Bachelor's,13914
12254,Priya Verma,Female,1971-11-03,4,109,2016-05-18,Active,Delhi,Bachelor's,11745
12255,Sneha Mishra,Female,1998-03-21,3,105,2022-07-29,Resigned,Bengaluru,Bachelor's,12774
12256,Sneha Singh,Female,1974-07-03,1,101,2022-04-19,Active,Delhi,Master's,11544
12257,Karan Nair,Male,1986-04-14,1,102,2019-06-25,Terminated,Delhi,Diploma,12186
12258,Aditya Nair,Male,1991-02-25,6,112,2022-10-05,Resigned,Pune,Bachelor's,13194
12259,Nikhil Agarwal,Male,2003-10-09,5,111,2021-12-27,Active,Mumbai,Diploma,13802
12260,Manish Reddy,Male,1986-11-02,3,105,2025-12-01,Active,Bengaluru,Bachelor's,14172
12261,Isha Desai,Female,1983-05-01,7,115,2021-05-23,Resigned,Hyderabad,Master's,13637
12262,Ananya Shah,Female,2000-08-22,1,102,2025-06-11,Active,Delhi,Master's,10514
12263,Priya Verma,Female,1973-10-26,8,117,2022-01-19,Resigned,Pune,Bachelor's,14746
12264,Mohit Chopra,Male,1983-02-18,5,110,2023-02-18,Active,Mumbai,Bachelor's,13144
12265,Ananya Reddy,Female,1966-10-21,3,106,2020-12-16,Active,Bengaluru,Bachelor's,13336
12266,Shreya Singh,Female,1992-07-25,5,110,2021-02-17,Active,Mumbai,PhD,12148
12267,Sneha Bansal,Female,2003-09-12,6,113,2023-06-04,Active,Pune,Bachelor's,10448
12268,Pooja Mehta,Female,1986-11-22,4,109,2016-08-08,Active,Delhi,Bachelor's,13306
12269,Arjun Kumar,Male,1970-02-22,7,115,2022-03-18,Active,Hyderabad,Bachelor's,13368
12270,Yash Kapoor,Male,1971-01-27,2,103,2018-04-13,Terminated,Mumbai,Diploma,12041
12271,Varun Kapoor,Male,1970-11-02,3,106,2021-09-25,Active,Bengaluru,Master's,10454
12272,Nikhil Gupta,Male,1997-12-19,2,104,2017-04-21,Active,Mumbai,Bachelor's,13015
12273,Aditya Kapoor,Male,1978-05-26,3,107,2017-05-15,Active,Bengaluru,Master's,14971
12274,Shreya Malhotra,Female,1965-01-16,3,106,2024-10-30,Active,Bengaluru,Bachelor's,14749
12275,Ananya Iyer,Female,1989-12-26,7,115,2025-12-05,Resigned,Hyderabad,Master's,14894
12276,Divya Verma,Female,1970-05-05,1,101,2020-06-16,Active,Delhi,Diploma,11485
12277,Neha Desai,Female,1992-04-19,4,108,2020-03-13,Active,Delhi,Master's,12549
12278,Manish Mehta,Male,1982-07-11,4,108,2024-12-16,Active,Delhi,Bachelor's,10334
12279,Kavya Kumar,Female,1991-07-01,7,115,2018-08-12,Active,Hyderabad,Master's,13207
12280,Siddharth Bansal,Male,1966-07-03,8,116,2019-10-30,Active,Pune,Master's,14104
12281,Arjun Iyer,Male,1985-03-06,6,113,2020-06-26,Resigned,Pune,Bachelor's,13167
12282,Nikhil Chopra,Male,1987-06-27,8,117,2017-08-19,Active,Pune,Bachelor's,10872
12283,Rohan Nair,Male,1966-04-05,6,112,2020-03-05,Active,Pune,PhD,13512
12284,Ankit Sinha,Male,1980-03-19,8,116,2019-12-27,Active,Pune,Bachelor's,10663
12285,Vivek Kapoor,Male,1968-09-21,5,111,2024-08-18,Active,Mumbai,Master's,14861
12286,Siddharth Bansal,Male,1998-01-09,1,101,2021-01-28,Active,Delhi,Bachelor's,10226
12287,Kavya Reddy,Female,1969-10-22,3,105,2020-09-23,Active,Bengaluru,Bachelor's,13025
12288,Aarav Nair,Male,1998-09-14,5,111,2016-02-23,Active,Mumbai,Bachelor's,11592
12289,Nikhil Sinha,Male,1986-11-23,3,107,2017-11-05,Active,Bengaluru,Diploma,12872
12290,Rohan Sharma,Male,1984-11-26,3,105,2020-08-14,Active,Bengaluru,Bachelor's,12875
12291,Divya Patel,Female,2003-10-23,4,108,2022-08-20,Resigned,Delhi,Diploma,10713
12292,Yash Gupta,Male,1977-05-23,7,115,2024-04-24,Active,Hyderabad,PhD,11860
12293,Aarav Mehta,Male,1998-10-04,1,101,2020-08-01,Active,Delhi,Master's,13569
12294,Varun Iyer,Male,1970-11-27,6,112,2019-01-14,Active,Pune,Diploma,12925
12295,Mohit Bansal,Male,1993-06-02,6,113,2020-06-16,Active,Pune,Bachelor's,13953
12296,Yash Shah,Male,1997-10-03,8,117,2023-05-10,Active,Pune,Master's,14975
12297,Varun Sharma,Male,1965-02-26,7,115,2023-10-03,Active,Hyderabad,Bachelor's,12868
12298,Rohan Kumar,Male,1971-02-07,6,113,2020-06-12,Active,Pune,Master's,10716
12299,Ankit Singh,Male,1986-05-13,4,108,2024-12-26,Resigned,Delhi,Bachelor's,11816
12300,Rahul Joshi,Male,1996-06-03,3,106,2021-10-06,Terminated,Bengaluru,Master's,14920
12301,Kavya Singh,Female,1978-10-21,4,109,2017-01-09,Resigned,Delhi,Bachelor's,12144
12302,Ananya Singh,Female,1988-05-11,6,112,2023-02-07,Active,Pune,Master's,13650
12303,Akash Sinha,Male,1983-04-10,7,115,2023-02-20,Active,Hyderabad,Bachelor's,12820
12304,Siddharth Patel,Male,1991-04-28,6,113,2019-09-18,Active,Pune,Bachelor's,12103
12305,Riya Malhotra,Female,1987-08-06,3,107,2018-01-07,Resigned,Bengaluru,Diploma,14239
12306,Arjun Joshi,Male,1985-11-02,5,111,2024-08-06,Resigned,Mumbai,Bachelor's,12918
12307,Aarav Mishra,Male,1993-02-18,3,107,2024-05-27,Terminated,Bengaluru,Bachelor's,14822
12308,Aanya Desai,Female,1965-06-12,1,101,2021-05-05,Resigned,Delhi,Master's,11203
12309,Nikhil Verma,Male,1995-01-19,3,107,2025-01-13,Active,Bengaluru,Bachelor's,11546
12310,Siddharth Verma,Male,1991-01-04,2,103,2023-10-29,Active,Mumbai,Bachelor's,13547
12311,Aarav Verma,Male,2000-01-16,7,114,2017-08-22,Terminated,Hyderabad,Bachelor's,11028
12312,Shreya Malhotra,Female,1991-09-11,3,105,2025-04-24,Active,Bengaluru,Master's,11774
12313,Vivek Verma,Male,1979-12-11,3,107,2025-12-20,Resigned,Bengaluru,Master's,10612
12314,Meera Sinha,Female,1989-06-08,8,116,2023-09-06,Resigned,Pune,Master's,11204
12315,Isha Sinha,Female,1979-02-14,3,105,2024-07-11,Active,Bengaluru,Master's,10061
12316,Nikhil Reddy,Male,1983-06-20,1,101,2016-10-25,Active,Delhi,PhD,14337
12317,Varun Malhotra,Male,1975-07-08,3,105,2024-11-06,Active,Bengaluru,Master's,10038
12318,Arjun Singh,Male,1997-06-13,2,103,2019-04-08,Active,Mumbai,Bachelor's,14772
12319,Mohit Mishra,Male,1987-01-08,2,104,2019-04-23,Active,Mumbai,Bachelor's,11082
12320,Aditya Mishra,Male,1976-11-17,1,101,2022-12-08,Active,Delhi,Bachelor's,11481
12321,Sneha Sharma,Female,1966-09-02,5,110,2020-04-17,Active,Mumbai,PhD,13795
12322,Kavya Kumar,Female,1985-11-10,3,107,2020-04-29,Active,Bengaluru,Bachelor's,10940
12323,Isha Mishra,Female,1978-06-24,3,105,2024-07-13,Terminated,Bengaluru,Bachelor's,12402
12324,Aditya Shah,Male,1998-05-14,7,114,2023-11-06,Active,Hyderabad,Master's,14739
12325,Ananya Kumar,Female,1979-02-05,4,109,2018-07-14,Resigned,Delhi,Bachelor's,14574
12326,Isha Agarwal,Female,1985-01-24,7,115,2016-02-22,Active,Hyderabad,Master's,10249
12327,Riya Gupta,Female,1987-08-18,4,109,2018-05-24,Active,Delhi,Master's,10885
12328,Aditya Kapoor,Male,1985-06-27,3,106,2021-06-23,Active,Bengaluru,Master's,10431
12329,Shreya Sharma,Female,1978-08-26,6,112,2025-12-20,Active,Pune,Master's,13017
12330,Aditya Agarwal,Male,1985-08-12,1,102,2017-09-17,Active,Delhi,Master's,11611
12331,Nikhil Bansal,Male,1976-07-03,2,104,2022-02-23,Active,Mumbai,Master's,14101
12332,Akash Mehta,Male,1969-12-14,5,110,2022-07-11,Active,Mumbai,Bachelor's,12752
12333,Nisha Singh,Female,1966-11-04,4,109,2019-03-15,Active,Delhi,Master's,12669
12334,Meera Joshi,Female,1986-01-09,6,113,2021-12-10,Active,Pune,Master's,13625
12335,Nikhil Iyer,Male,1970-10-10,7,114,2022-09-24,Active,Hyderabad,Bachelor's,12007
12336,Mohit Singh,Male,1966-02-10,3,105,2022-01-18,Active,Bengaluru,Bachelor's,12951
12337,Arjun Nair,Male,1993-07-08,5,111,2017-12-16,Resigned,Mumbai,Bachelor's,11042
12338,Akash Mishra,Male,2000-04-27,4,108,2019-11-29,Resigned,Delhi,Bachelor's,12859
12339,Vivek Agarwal,Male,1971-11-10,8,117,2018-08-16,Active,Pune,Diploma,10322
12340,Nikhil Reddy,Male,1980-01-05,6,112,2021-09-08,Active,Pune,Master's,10433
12341,Divya Singh,Female,1997-10-10,7,115,2025-04-13,Resigned,Hyderabad,Bachelor's,12481
12342,Rohan Verma,Male,1997-06-07,3,106,2020-07-27,Active,Bengaluru,Bachelor's,12965
12343,Karan Malhotra,Male,1978-01-20,6,112,2023-08-24,Active,Pune,Bachelor's,14383
12344,Varun Iyer,Male,1976-12-05,3,107,2021-06-23,Active,Bengaluru,Bachelor's,10276
12345,Pooja Mishra,Female,1970-05-23,3,105,2017-12-02,Active,Bengaluru,Bachelor's,14749
12346,Priya Agarwal,Female,1976-04-26,8,116,2019-01-02,Resigned,Pune,Bachelor's,14898
12347,Kavya Malhotra,Female,1995-07-24,1,102,2017-12-17,Terminated,Delhi,Master's,13919
12348,Aditya Shah,Male,1976-02-01,8,116,2018-11-23,Resigned,Pune,Master's,14402
12349,Nisha Singh,Female,1974-10-10,2,103,2020-03-21,Resigned,Mumbai,Master's,12241
12350,Rohan Verma,Male,1991-01-13,6,113,2022-07-28,Resigned,Pune,Bachelor's,14214
12351,Simran Bansal,Female,1971-01-09,3,107,2021-12-24,Active,Bengaluru,Master's,12875
12352,Priya Kumar,Female,2000-04-09,3,107,2016-03-09,Resigned,Bengaluru,Master's,10202
12353,Neha Patel,Female,1997-07-23,3,107,2019-04-09,Active,Bengaluru,PhD,11303
12354,Ananya Patel,Female,1991-02-18,4,109,2024-11-19,Active,Delhi,Diploma,10118
12355,Nisha Singh,Female,1972-12-21,3,105,2023-01-23,Active,Bengaluru,Diploma,12377
12356,Manish Malhotra,Male,1969-10-17,5,110,2017-10-27,Active,Mumbai,Bachelor's,10067
12357,Shreya Kapoor,Female,1972-07-11,1,101,2020-04-23,Active,Delhi,Master's,11811
12358,Nikhil Kapoor,Male,1985-07-11,1,101,2016-08-05,Active,Delhi,Master's,14340
12359,Manish Iyer,Male,1988-08-23,2,103,2017-10-11,Active,Mumbai,Bachelor's,13746
12360,Nikhil Kumar,Male,1971-08-15,3,105,2018-09-30,Active,Bengaluru,Bachelor's,14447
12361,Akash Reddy,Male,1983-03-19,6,113,2023-05-05,Resigned,Pune,Master's,12455
12362,Rahul Kumar,Male,1995-08-25,7,115,2021-11-10,Resigned,Hyderabad,Master's,10051
12363,Yash Sinha,Male,2000-10-16,3,105,2019-02-20,Resigned,Bengaluru,Master's,13153
12364,Mohit Iyer,Male,1991-04-08,4,108,2021-03-14,Resigned,Delhi,Master's,14157
12365,Priya Singh,Female,1993-01-02,6,113,2019-10-02,Active,Pune,Bachelor's,11945
12366,Ankit Mishra,Male,1987-10-10,3,106,2019-01-16,Resigned,Bengaluru,Bachelor's,14217
12367,Ankit Iyer,Male,1984-10-09,3,105,2016-09-25,Active,Bengaluru,Master's,11158
12368,Aditya Gupta,Male,1970-02-02,4,108,2017-09-20,Active,Delhi,Master's,14485
12369,Nikhil Verma,Male,1976-08-05,2,103,2017-12-15,Resigned,Mumbai,Master's,12479
12370,Ananya Kumar,Female,1976-05-11,1,101,2023-10-02,Active,Delhi,Diploma,11203
12371,Nisha Chopra,Female,1967-06-08,2,103,2023-09-25,Active,Mumbai,Diploma,12029
12372,Nisha Iyer,Female,2003-08-25,5,111,2020-03-28,Active,Mumbai,Bachelor's,14910
12373,Priya Reddy,Female,1999-10-11,1,102,2025-12-20,Active,Delhi,Bachelor's,11918
12374,Mohit Reddy,Male,1983-03-25,3,105,2019-11-25,Active,Bengaluru,Bachelor's,10568
12375,Tanya Joshi,Female,1968-11-03,3,106,2024-09-02,Active,Bengaluru,Master's,13793
12376,Vivek Iyer,Male,1995-01-28,1,101,2021-08-13,Resigned,Delhi,Master's,13817
12377,Akash Gupta,Male,2002-11-21,3,107,2024-06-27,Terminated,Bengaluru,Bachelor's,10371
12378,Shreya Sharma,Female,1997-07-03,7,115,2018-05-17,Active,Hyderabad,Bachelor's,10888
12379,Aditya Nair,Male,1970-09-01,1,101,2023-12-30,Active,Delhi,Master's,14642
12380,Isha Mehta,Female,1972-06-12,5,110,2016-06-27,Active,Mumbai,Bachelor's,14866
12381,Sneha Kumar,Female,1992-12-06,3,107,2024-04-09,Active,Bengaluru,Master's,11004
12382,Aanya Mehta,Female,1979-08-03,5,111,2019-07-10,Active,Mumbai,Bachelor's,14996
12383,Aanya Iyer,Female,1995-12-21,4,109,2025-10-24,Active,Delhi,Bachelor's,11777
12384,Siddharth Sinha,Male,1972-11-26,3,105,2023-03-09,Active,Bengaluru,Diploma,11664
12385,Karan Agarwal,Male,1970-11-05,7,114,2017-04-12,Active,Hyderabad,Bachelor's,12761
12386,Sneha Kapoor,Female,1993-08-07,4,109,2018-07-01,Active,Delhi,Bachelor's,14303
12387,Ankit Bansal,Male,1998-03-07,6,113,2016-01-14,Active,Pune,Master's,12570
12388,Aanya Joshi,Female,1971-10-08,3,106,2018-08-24,Active,Bengaluru,Master's,10259
12389,Aanya Kapoor,Female,1974-05-27,8,116,2017-12-28,Active,Pune,PhD,14419
12390,Tanya Kumar,Female,1977-05-14,6,112,2021-10-29,Active,Pune,Master's,14120
12391,Aarav Nair,Male,1986-11-01,8,116,2019-01-25,Active,Pune,Bachelor's,12667
12392,Rahul Nair,Male,1985-08-06,4,109,2021-07-09,Active,Delhi,Bachelor's,11260
12393,Akash Reddy,Male,1965-06-21,4,109,2022-09-29,Active,Delhi,Master's,14758
12394,Vivek Mishra,Male,1966-05-03,6,112,2025-10-24,Active,Pune,Bachelor's,12864
12395,Riya Shah,Female,1993-12-15,7,115,2020-10-16,Resigned,Hyderabad,PhD,10741
12396,Manish Mishra,Male,1975-03-16,8,116,2019-05-16,Active,Pune,Bachelor's,13808
12397,Siddharth Kumar,Male,2001-02-09,3,106,2019-11-20,Active,Bengaluru,Master's,14282
12398,Siddharth Gupta,Male,1971-08-11,6,112,2022-09-18,Active,Pune,PhD,10299
12399,Aanya Nair,Female,1999-03-05,3,107,2025-01-20,Active,Bengaluru,Bachelor's,10806
12400,Neha Shah,Female,1994-10-05,4,108,2023-12-07,Active,Delhi,Bachelor's,11014
12401,Nikhil Patel,Male,1980-08-06,2,103,2020-10-21,Active,Mumbai,Bachelor's,10320
12402,Nikhil Chopra,Male,1979-07-21,3,106,2022-03-01,Active,Bengaluru,Bachelor's,12622
12403,Aarav Sharma,Male,1984-12-17,7,114,2016-09-08,Active,Hyderabad,Master's,10337
12404,Yash Verma,Male,1992-08-04,2,103,2021-10-23,Active,Mumbai,Diploma,14556
12405,Kavya Kapoor,Female,2001-05-17,5,110,2018-05-23,Active,Mumbai,Bachelor's,14861
12406,Ananya Joshi,Female,1967-03-18,5,110,2022-01-23,Active,Mumbai,Master's,14617
12407,Ankit Mishra,Male,1993-12-02,2,104,2023-06-26,Active,Mumbai,PhD,14182
12408,Rahul Bansal,Male,2001-01-22,3,107,2021-08-04,Active,Bengaluru,Bachelor's,11664
12409,Aanya Mishra,Female,1973-08-03,4,108,2024-04-08,Resigned,Delhi,Master's,11816
12410,Aditya Mishra,Male,1991-01-26,3,105,2021-04-26,Terminated,Bengaluru,Bachelor's,13942
12411,Sneha Sinha,Female,1996-02-19,6,112,2024-11-09,Resigned,Pune,Master's,14931
12412,Varun Kapoor,Male,2003-06-03,8,116,2021-09-04,Active,Pune,Bachelor's,12916
12413,Manish Verma,Male,1995-09-28,3,105,2025-05-24,Active,Bengaluru,PhD,12323
12414,Karan Shah,Male,1990-01-23,3,106,2018-12-21,Active,Bengaluru,Master's,13784
12415,Rohan Sinha,Male,1967-10-24,4,109,2018-07-01,Active,Delhi,Bachelor's,14675
12416,Aanya Gupta,Female,1975-09-08,6,113,2021-11-10,Resigned,Pune,Bachelor's,12974
12417,Mohit Kapoor,Male,1993-05-01,3,106,2022-11-12,Active,Bengaluru,Bachelor's,13915
12418,Siddharth Sinha,Male,1991-01-15,1,102,2020-01-15,Resigned,Delhi,Master's,12735
12419,Vivek Kumar,Male,1974-08-23,4,108,2016-12-23,Active,Delhi,Master's,12798
12420,Aditya Sinha,Male,1999-05-26,8,116,2016-03-25,Active,Pune,Master's,14933
12421,Ankit Joshi,Male,1987-03-09,3,105,2018-08-04,Active,Bengaluru,Master's,10768
12422,Mohit Patel,Male,1970-04-14,4,108,2016-10-06,Active,Delhi,Master's,11641
12423,Divya Singh,Female,1975-06-27,8,117,2021-02-09,Active,Pune,PhD,12541
12424,Vivek Nair,Male,1991-04-25,5,110,2025-01-10,Active,Mumbai,Master's,10740
12425,Rohan Reddy,Male,1995-04-24,6,112,2016-11-28,Active,Pune,Bachelor's,14622
12426,Priya Nair,Female,1994-11-12,4,109,2023-10-13,Active,Delhi,Master's,11939
12427,Ankit Verma,Male,1967-12-03,8,116,2020-05-24,Active,Pune,Bachelor's,10952
12428,Shreya Sinha,Female,1977-08-27,5,110,2017-03-08,Active,Mumbai,PhD,13994
12429,Rahul Gupta,Male,1985-03-27,7,115,2017-06-12,Active,Hyderabad,Bachelor's,12763
12430,Neha Patel,Female,1975-05-17,5,110,2016-12-30,Active,Mumbai,Bachelor's,11801
12431,Neha Gupta,Female,1967-06-15,6,112,2021-02-12,Active,Pune,Bachelor's,12788
12432,Tanya Gupta,Female,2002-11-18,3,105,2025-04-15,Active,Bengaluru,Master's,14344
12433,Ananya Nair,Female,1995-12-03,3,107,2022-08-03,Resigned,Bengaluru,Bachelor's,14667
12434,Nikhil Desai,Male,1988-11-17,6,112,2022-01-19,Active,Pune,PhD,11259
12435,Ananya Sharma,Female,1976-11-06,3,107,2020-09-11,Active,Bengaluru,Bachelor's,10048
12436,Nikhil Mishra,Male,1991-05-10,4,108,2017-07-23,Active,Delhi,Bachelor's,10085
12437,Ankit Reddy,Male,1985-02-15,3,107,2018-03-18,Active,Bengaluru,Diploma,13028
12438,Ankit Joshi,Male,1989-11-24,6,112,2017-06-20,Active,Pune,Bachelor's,12078
12439,Mohit Mehta,Male,1994-09-14,2,103,2021-02-01,Active,Mumbai,Bachelor's,10331
12440,Rahul Bansal,Male,1994-03-28,6,113,2022-11-03,Active,Pune,Bachelor's,14921
12441,Yash Bansal,Male,1974-06-22,5,111,2018-06-24,Active,Mumbai,Bachelor's,14922
12442,Rohan Kapoor,Male,1967-10-22,3,105,2023-02-05,Active,Bengaluru,Diploma,14420
12443,Kavya Bansal,Female,1977-08-12,4,108,2019-05-19,Active,Delhi,Bachelor's,14157
12444,Ananya Patel,Female,1991-05-26,3,107,2024-12-23,Active,Bengaluru,Master's,12917
12445,Mohit Joshi,Male,1982-10-13,3,105,2020-06-10,Terminated,Bengaluru,Bachelor's,10612
12446,Aditya Chopra,Male,1988-08-12,3,105,2019-03-21,Resigned,Bengaluru,Bachelor's,11822
12447,Siddharth Joshi,Male,1978-03-23,1,102,2023-01-22,Active,Delhi,Bachelor's,12347
12448,Manish Kapoor,Male,2003-01-20,8,116,2016-12-01,Active,Pune,Bachelor's,13265
12449,Manish Malhotra,Male,1968-05-23,1,101,2025-04-19,Active,Delhi,Bachelor's,13107
12450,Aditya Mishra,Male,1980-06-13,5,111,2016-11-28,Active,Mumbai,Master's,10971
12451,Nikhil Iyer,Male,1974-06-13,3,106,2022-02-19,Active,Bengaluru,PhD,13620
12452,Riya Reddy,Female,2001-02-11,5,111,2018-11-09,Active,Mumbai,Diploma,14635
12453,Mohit Shah,Male,1991-02-02,3,105,2025-12-30,Active,Bengaluru,Bachelor's,13726
12454,Aarav Verma,Male,1965-10-13,5,110,2019-02-15,Active,Mumbai,Bachelor's,10114
12455,Shreya Malhotra,Female,1969-12-08,6,112,2023-08-27,Active,Pune,Bachelor's,12298
12456,Karan Mishra,Male,1977-07-16,5,110,2025-12-05,Active,Mumbai,Diploma,12216
12457,Rohan Joshi,Male,1967-01-09,2,103,2017-11-23,Active,Mumbai,Bachelor's,14101
12458,Pooja Nair,Female,1981-11-27,5,111,2024-01-29,Active,Mumbai,Master's,11977
12459,Rohan Agarwal,Male,1983-08-25,3,107,2021-06-21,Active,Bengaluru,Diploma,14803
12460,Manish Bansal,Male,2001-04-05,1,101,2018-09-02,Terminated,Delhi,Bachelor's,12649
12461,Shreya Kapoor,Female,1969-11-05,3,106,2024-06-12,Terminated,Bengaluru,Master's,13052
12462,Shreya Bansal,Female,1988-11-25,4,108,2024-05-28,Active,Delhi,Bachelor's,11804
12463,Tanya Kapoor,Female,1997-08-13,4,108,2023-03-08,Resigned,Delhi,Diploma,14484
12464,Ananya Nair,Female,1985-10-22,5,111,2025-11-19,Active,Mumbai,Master's,12468
12465,Ananya Patel,Female,1967-11-26,3,105,2022-02-02,Active,Bengaluru,Diploma,14900
12466,Rahul Bansal,Male,1968-11-15,3,106,2024-08-14,Active,Bengaluru,Master's,14799
12467,Nikhil Gupta,Male,1996-10-17,1,101,2019-12-30,Active,Delhi,Diploma,12862
12468,Manish Mehta,Male,1988-07-25,5,111,2016-08-31,Active,Mumbai,Bachelor's,14418
12469,Vivek Verma,Male,1999-12-04,4,109,2025-11-13,Active,Delhi,Master's,12520
12470,Arjun Malhotra,Male,1982-04-21,3,106,2025-04-13,Active,Bengaluru,Bachelor's,14632
12471,Manish Joshi,Male,1967-08-27,5,110,2023-03-24,Active,Mumbai,Bachelor's,12519
12472,Isha Malhotra,Female,2003-05-20,4,109,2017-08-06,Terminated,Delhi,Bachelor's,13257
12473,Divya Sinha,Female,1990-08-11,4,109,2018-01-12,Active,Delhi,Master's,11652
12474,Neha Bansal,Female,1988-05-24,4,108,2022-10-10,Resigned,Delhi,Master's,11318
12475,Aarav Bansal,Male,1965-01-03,5,110,2018-08-01,Active,Mumbai,Bachelor's,14789
12476,Pooja Kumar,Female,1998-07-12,5,110,2023-06-04,Resigned,Mumbai,Master's,12723
12477,Rohan Iyer,Male,1976-01-11,3,106,2021-05-08,Resigned,Bengaluru,Master's,14172
12478,Tanya Iyer,Female,1981-05-06,2,103,2020-01-26,Active,Mumbai,PhD,10752
12479,Rohan Kapoor,Male,1985-12-17,2,103,2018-04-16,Active,Mumbai,Bachelor's,11063
12480,Nisha Nair,Female,1985-07-25,5,111,2024-07-11,Active,Mumbai,Master's,11972
12481,Nikhil Shah,Male,1967-09-03,7,114,2016-09-13,Terminated,Hyderabad,Bachelor's,11437
12482,Isha Nair,Female,1992-04-01,3,105,2025-09-24,Active,Bengaluru,Master's,13136
12483,Sneha Gupta,Female,1989-04-14,2,104,2016-05-04,Active,Mumbai,Diploma,14154
12484,Karan Bansal,Male,1970-05-07,6,113,2017-09-04,Active,Pune,Bachelor's,13104
12485,Yash Desai,Male,1994-05-24,6,112,2017-04-28,Resigned,Pune,Master's,10113
12486,Kavya Mehta,Female,1996-07-01,7,115,2018-05-21,Active,Hyderabad,Master's,14269
12487,Mohit Chopra,Male,1986-12-02,5,110,2025-01-17,Active,Mumbai,Bachelor's,10090
12488,Neha Iyer,Female,2002-07-03,7,114,2022-10-09,Active,Hyderabad,Bachelor's,13110
12489,Neha Mishra,Female,1978-02-11,1,102,2021-08-09,Active,Delhi,Bachelor's,10824
12490,Ankit Bansal,Male,1998-12-14,2,104,2017-08-16,Active,Mumbai,Diploma,13924
12491,Rahul Singh,Male,1990-09-28,2,103,2024-01-31,Active,Mumbai,Diploma,10669
12492,Ankit Joshi,Male,1977-10-13,6,112,2025-02-15,Active,Pune,Diploma,13721
12493,Tanya Kumar,Female,1994-08-24,1,102,2024-11-08,Active,Delhi,Bachelor's,14710
12494,Rahul Chopra,Male,1983-03-27,4,108,2022-03-31,Active,Delhi,Bachelor's,13517
12495,Rahul Shah,Male,2003-10-09,4,108,2018-07-07,Active,Delhi,Bachelor's,13776
12496,Nikhil Nair,Male,1967-08-28,3,107,2017-02-10,Active,Bengaluru,Master's,10802
12497,Shreya Singh,Female,1995-02-23,7,114,2018-02-15,Active,Hyderabad,Bachelor's,14084
12498,Riya Agarwal,Female,1976-08-28,2,103,2024-11-23,Active,Mumbai,Master's,10746
12499,Aanya Nair,Female,1979-07-09,3,107,2018-11-05,Active,Bengaluru,Master's,10002
12500,Rahul Agarwal,Male,2002-07-28,6,112,2020-04-17,Active,Pune,Bachelor's,12974
12501,Meera Shah,Female,1978-07-01,1,102,2019-01-03,Active,Delhi,Bachelor's,14795
12502,Nisha Mishra,Female,1999-02-21,5,111,2018-03-23,Active,Mumbai,Bachelor's,13421
12503,Kavya Sharma,Female,1980-11-17,6,113,2020-09-28,Active,Pune,Bachelor's,11580
12504,Tanya Mishra,Female,1988-12-10,7,114,2022-05-10,Active,Hyderabad,Bachelor's,12935
12505,Yash Kumar,Male,1981-07-21,7,114,2018-06-21,Active,Hyderabad,Bachelor's,13550
12506,Varun Mehta,Male,1982-05-08,3,106,2022-07-09,Active,Bengaluru,Master's,13297
12507,Kavya Verma,Female,1981-09-26,4,109,2022-10-14,Active,Delhi,Diploma,13659
12508,Varun Chopra,Male,1980-01-26,1,102,2022-07-31,Active,Delhi,Master's,12460
12509,Nisha Desai,Female,1985-04-27,3,105,2018-08-26,Active,Bengaluru,Bachelor's,10956
12510,Simran Kapoor,Female,1988-02-25,2,104,2016-02-13,Active,Mumbai,Bachelor's,12170
12511,Aarav Bansal,Male,1998-09-01,3,105,2020-09-10,Resigned,Bengaluru,Diploma,10803
12512,Pooja Iyer,Female,2000-03-10,7,114,2017-05-17,Active,Hyderabad,Bachelor's,14510
12513,Siddharth Malhotra,Male,1991-08-02,3,106,2022-12-15,Active,Bengaluru,Master's,11776
12514,Rahul Kumar,Male,2003-02-02,4,109,2021-12-15,Active,Delhi,Diploma,14607
12515,Nisha Mishra,Female,1981-05-09,4,109,2022-01-08,Active,Delhi,Bachelor's,11038
12516,Ananya Mishra,Female,1989-07-23,4,108,2016-08-18,Active,Delhi,Bachelor's,12910
12517,Vivek Patel,Male,2002-02-02,8,117,2021-04-25,Resigned,Pune,Bachelor's,14884
12518,Rahul Singh,Male,1985-05-28,3,105,2025-03-06,Active,Bengaluru,Master's,13454
12519,Priya Kumar,Female,1968-07-23,5,111,2025-06-16,Active,Mumbai,Master's,14767
12520,Simran Reddy,Female,1989-09-03,4,109,2020-10-02,Active,Delhi,Master's,13057
12521,Divya Joshi,Female,1994-01-09,1,102,2022-11-02,Terminated,Delhi,Bachelor's,14716
12522,Vivek Iyer,Male,1997-01-08,4,108,2017-10-18,Active,Delhi,Bachelor's,14132
12523,Aarav Desai,Male,2003-05-08,6,113,2025-03-28,Active,Pune,Bachelor's,12394
12524,Yash Sinha,Male,1990-07-09,2,104,2017-01-11,Active,Mumbai,Master's,11538
12525,Priya Gupta,Female,1989-02-25,1,102,2021-12-18,Active,Delhi,Bachelor's,12357
12526,Arjun Verma,Male,1980-10-05,2,104,2020-01-10,Active,Mumbai,PhD,10785
12527,Nikhil Agarwal,Male,1988-05-01,6,112,2022-10-29,Resigned,Pune,PhD,13104
12528,Nisha Gupta,Female,1969-06-10,6,113,2017-12-19,Active,Pune,Master's,12492
12529,Karan Mehta,Male,2003-10-26,4,108,2024-03-31,Active,Delhi,Bachelor's,12681
12530,Sneha Nair,Female,1977-10-19,4,109,2025-05-16,Active,Delhi,Bachelor's,13035
12531,Shreya Shah,Female,1994-10-19,7,115,2018-09-25,Active,Hyderabad,Master's,10709
12532,Riya Iyer,Female,1971-03-13,6,113,2017-01-06,Active,Pune,Master's,14671
12533,Karan Bansal,Male,1981-04-25,6,112,2024-11-19,Resigned,Pune,Master's,13116
12534,Aarav Bansal,Male,1991-08-12,6,113,2020-03-09,Terminated,Pune,Bachelor's,14071
12535,Meera Shah,Female,1999-06-24,5,111,2019-06-19,Active,Mumbai,Master's,14571
12536,Simran Bansal,Female,1969-08-17,4,108,2025-10-12,Terminated,Delhi,Bachelor's,11550
12537,Sneha Chopra,Female,1969-09-01,7,115,2016-10-29,Active,Hyderabad,Bachelor's,11688
12538,Karan Shah,Male,1988-11-02,7,115,2022-11-05,Active,Hyderabad,Master's,11154
12539,Pooja Iyer,Female,1971-09-23,1,102,2022-10-31,Active,Delhi,Bachelor's,11144
12540,Sneha Singh,Female,1971-10-01,1,102,2025-09-15,Active,Delhi,Master's,12911
12541,Sneha Malhotra,Female,1978-03-17,8,116,2022-09-22,Active,Pune,Bachelor's,12921
12542,Nisha Singh,Female,1979-05-15,3,105,2017-10-15,Active,Bengaluru,Bachelor's,13419
12543,Pooja Mehta,Female,1969-04-24,7,114,2022-07-22,Resigned,Hyderabad,Diploma,13889
12544,Nisha Mishra,Female,2001-09-12,3,106,2017-11-08,Resigned,Bengaluru,Bachelor's,14814
12545,Yash Patel,Male,1968-04-15,2,104,2023-03-26,Active,Mumbai,Bachelor's,14904
12546,Rahul Kapoor,Male,1994-03-14,2,104,2022-10-29,Resigned,Mumbai,Bachelor's,12498
12547,Karan Shah,Male,1984-04-19,2,104,2022-09-11,Terminated,Mumbai,Master's,11512
12548,Manish Chopra,Male,1990-06-17,3,107,2018-08-12,Active,Bengaluru,Bachelor's,11779
12549,Karan Desai,Male,1973-02-08,4,109,2019-09-03,Active,Delhi,Master's,10053
12550,Vivek Joshi,Male,1994-03-20,5,110,2025-10-14,Resigned,Mumbai,Bachelor's,11979
12551,Rahul Nair,Male,1986-12-17,8,117,2023-04-13,Resigned,Pune,Master's,10900
12552,Karan Bansal,Male,1994-03-01,4,109,2025-01-30,Active,Delhi,Diploma,14153
12553,Pooja Sharma,Female,1984-11-10,4,108,2018-12-28,Active,Delhi,Bachelor's,13950
12554,Ananya Iyer,Female,1992-05-17,4,109,2024-01-21,Terminated,Delhi,Master's,14039
12555,Varun Sinha,Male,1971-12-09,4,108,2023-06-26,Active,Delhi,Diploma,10269
12556,Sneha Desai,Female,1968-07-27,4,108,2019-12-13,Resigned,Delhi,PhD,14974
12557,Yash Mehta,Male,1992-08-25,1,102,2025-12-11,Active,Delhi,Bachelor's,10325
12558,Siddharth Mishra,Male,1999-10-08,1,101,2018-09-01,Active,Delhi,Master's,10100
12559,Mohit Gupta,Male,1997-03-23,2,103,2023-06-28,Active,Mumbai,Bachelor's,12632
12560,Rahul Desai,Male,1971-07-23,2,104,2025-09-21,Active,Mumbai,Bachelor's,12684
12561,Divya Sinha,Female,1973-12-24,5,110,2016-02-01,Active,Mumbai,Diploma,11564
12562,Pooja Singh,Female,1998-04-27,3,107,2024-01-10,Active,Bengaluru,Bachelor's,13893
12563,Ankit Iyer,Male,2003-06-18,7,115,2024-07-07,Active,Hyderabad,Bachelor's,10115
12564,Siddharth Patel,Male,1998-07-09,7,114,2017-02-14,Active,Hyderabad,Bachelor's,11809
12565,Manish Mishra,Male,1977-05-04,8,117,2018-05-22,Active,Pune,Bachelor's,11304
12566,Aarav Shah,Male,1993-02-07,7,114,2016-10-01,Active,Hyderabad,Master's,10888
12567,Yash Agarwal,Male,1999-02-02,3,106,2019-03-13,Active,Bengaluru,Master's,10371
12568,Rahul Mehta,Male,1974-09-02,4,109,2021-09-01,Active,Delhi,Bachelor's,11819
12569,Simran Mehta,Female,1994-10-03,2,104,2024-03-13,Active,Mumbai,Bachelor's,11961
12570,Riya Chopra,Female,1990-03-02,6,113,2023-12-17,Active,Pune,Bachelor's,12387
12571,Manish Gupta,Male,1999-10-03,7,115,2024-11-23,Active,Hyderabad,Master's,11170
12572,Ananya Desai,Female,1992-09-11,7,114,2023-09-10,Resigned,Hyderabad,Bachelor's,10274
12573,Yash Sinha,Male,1993-11-27,4,109,2018-10-07,Active,Delhi,Master's,10080
12574,Akash Shah,Male,1970-03-05,6,113,2023-05-09,Active,Pune,Diploma,13020
12575,Mohit Kapoor,Male,1967-12-15,2,103,2020-02-12,Active,Mumbai,Bachelor's,14135
12576,Shreya Bansal,Female,1993-07-17,1,102,2020-04-02,Active,Delhi,Bachelor's,12621
12577,Divya Sharma,Female,1966-01-15,6,112,2018-10-14,Active,Pune,Bachelor's,14966
12578,Divya Chopra,Female,1986-10-13,4,108,2020-07-23,Active,Delhi,Bachelor's,13572
12579,Ankit Mishra,Male,1991-02-17,8,117,2022-02-24,Active,Pune,Master's,10245
12580,Divya Sharma,Female,1986-01-10,2,103,2022-04-11,Active,Mumbai,Bachelor's,13078
12581,Arjun Joshi,Male,1974-04-10,7,114,2019-01-14,Active,Hyderabad,Bachelor's,12193
12582,Tanya Reddy,Female,1983-12-28,4,108,2020-08-31,Resigned,Delhi,Master's,11212
12583,Yash Iyer,Male,1988-03-01,6,113,2025-07-14,Active,Pune,Bachelor's,12019
12584,Karan Shah,Male,1991-03-01,6,112,2017-05-24,Active,Pune,Diploma,13645
12585,Simran Sinha,Female,2000-03-04,7,115,2022-09-04,Active,Hyderabad,Master's,12193
12586,Simran Gupta,Female,1981-11-13,3,107,2024-06-20,Active,Bengaluru,Master's,10617
12587,Ankit Sharma,Male,1974-11-14,8,117,2022-09-22,Active,Pune,Diploma,10104
12588,Riya Shah,Female,1981-08-03,2,103,2024-10-16,Active,Mumbai,Master's,11225
12589,Yash Mehta,Male,1974-03-25,2,103,2018-02-05,Active,Mumbai,Bachelor's,10158
12590,Aanya Chopra,Female,1974-11-09,4,109,2024-07-24,Active,Delhi,Bachelor's,13662
12591,Nisha Joshi,Female,2002-06-26,6,113,2019-01-30,Resigned,Pune,Bachelor's,10959
12592,Tanya Sinha,Female,1981-04-26,4,109,2019-03-20,Active,Delhi,Bachelor's,10295
12593,Rohan Kumar,Male,1990-05-09,6,112,2021-06-27,Active,Pune,Master's,11712
12594,Karan Sharma,Male,1990-01-23,6,112,2017-03-07,Active,Pune,Master's,13745
12595,Varun Nair,Male,1998-11-23,3,105,2022-01-21,Active,Bengaluru,Bachelor's,11483
12596,Meera Desai,Female,1968-10-01,8,117,2021-11-08,Active,Pune,Bachelor's,11788
12597,Manish Mehta,Male,1991-01-15,1,101,2024-12-01,Terminated,Delhi,Master's,11467
12598,Siddharth Sharma,Male,1985-09-23,7,114,2017-08-26,Active,Hyderabad,Master's,12203
12599,Nikhil Joshi,Male,2000-04-09,3,105,2018-12-09,Active,Bengaluru,Bachelor's,12633
12600,Yash Shah,Male,2002-12-05,4,108,2022-04-28,Active,Delhi,Diploma,13529
12601,Shreya Malhotra,Female,1995-03-18,4,109,2021-01-25,Active,Delhi,Master's,10395
12602,Ankit Sinha,Male,1971-09-04,2,103,2018-02-21,Active,Mumbai,Master's,13556
12603,Ananya Shah,Female,1998-07-01,3,107,2024-05-11,Resigned,Bengaluru,Bachelor's,13726
12604,Siddharth Bansal,Male,1982-09-28,3,107,2018-12-20,Resigned,Bengaluru,Master's,10773
12605,Rahul Joshi,Male,1988-09-26,3,105,2019-10-02,Terminated,Bengaluru,Bachelor's,12957
12606,Ankit Patel,Male,1977-06-06,3,106,2025-05-23,Active,Bengaluru,Bachelor's,14199
12607,Mohit Chopra,Male,1977-06-05,4,109,2017-03-07,Active,Delhi,Bachelor's,14153
12608,Nikhil Bansal,Male,1989-11-01,6,113,2021-06-30,Resigned,Pune,Bachelor's,12194
12609,Ananya Desai,Female,1969-04-10,4,108,2025-08-31,Resigned,Delhi,Master's,14878
12610,Manish Mehta,Male,2003-01-21,7,114,2022-05-31,Resigned,Hyderabad,Bachelor's,10939
12611,Aanya Mehta,Female,1993-04-08,5,111,2017-03-05,Resigned,Mumbai,Bachelor's,13594
12612,Rahul Sharma,Male,1997-01-08,5,110,2024-07-02,Active,Mumbai,Master's,11271
12613,Aditya Verma,Male,1988-08-17,5,110,2022-09-14,Active,Mumbai,Diploma,13705
12614,Ananya Sharma,Female,1974-09-25,4,109,2016-12-05,Active,Delhi,Master's,12695
12615,Karan Sharma,Male,1989-06-01,5,110,2019-03-05,Active,Mumbai,Master's,11165
12616,Mohit Gupta,Male,1974-07-23,1,101,2016-05-22,Active,Delhi,Bachelor's,13569
12617,Varun Iyer,Male,2003-09-01,7,114,2021-02-10,Resigned,Hyderabad,Bachelor's,14502
12618,Yash Mishra,Male,1980-08-28,6,113,2024-03-16,Resigned,Pune,Master's,14969
12619,Isha Kumar,Female,1992-11-08,3,105,2022-10-07,Active,Bengaluru,Bachelor's,14633
12620,Manish Reddy,Male,1976-07-12,6,113,2018-11-01,Active,Pune,Diploma,11342
12621,Neha Reddy,Female,1996-06-17,1,101,2018-01-17,Active,Delhi,Master's,13704
12622,Neha Iyer,Female,1993-11-10,3,105,2025-02-04,Active,Bengaluru,Bachelor's,13688
12623,Arjun Agarwal,Male,1991-11-08,1,102,2017-03-07,Active,Delhi,Bachelor's,10850
12624,Riya Joshi,Female,1990-12-21,6,112,2023-04-20,Active,Pune,Master's,10449
12625,Nikhil Joshi,Male,1967-04-21,6,112,2020-07-13,Active,Pune,Master's,14379
12626,Neha Bansal,Female,1990-05-13,6,113,2016-09-29,Active,Pune,Bachelor's,14049
12627,Manish Nair,Male,2003-10-03,1,101,2024-07-28,Active,Delhi,Bachelor's,10700
12628,Sneha Desai,Female,1965-04-04,4,108,2022-01-09,Resigned,Delhi,Bachelor's,10994
12629,Yash Patel,Male,1999-08-05,5,110,2021-07-28,Active,Mumbai,Master's,12879
12630,Manish Iyer,Male,1991-06-26,2,103,2020-08-19,Resigned,Mumbai,Master's,11225
12631,Meera Patel,Female,1968-02-25,5,111,2025-06-10,Active,Mumbai,Bachelor's,12866
12632,Pooja Joshi,Female,1983-08-24,2,103,2018-03-21,Active,Mumbai,Master's,14879
12633,Nikhil Kapoor,Male,1986-10-05,3,107,2019-11-26,Active,Bengaluru,Diploma,14034
12634,Ankit Malhotra,Male,1970-05-15,4,108,2019-07-28,Terminated,Delhi,Master's,10031
12635,Nisha Singh,Female,1973-03-13,5,110,2025-11-26,Active,Mumbai,Bachelor's,11607
12636,Neha Mehta,Female,1975-11-16,2,103,2025-02-25,Active,Mumbai,Master's,13061
12637,Simran Joshi,Female,1986-02-25,3,107,2022-03-18,Resigned,Bengaluru,Master's,12982
12638,Tanya Gupta,Female,1973-06-08,3,106,2018-12-25,Resigned,Bengaluru,Master's,12112
12639,Aanya Agarwal,Female,1993-04-21,3,107,2017-02-23,Active,Bengaluru,Master's,14881
12640,Simran Patel,Female,1974-10-16,3,107,2017-03-29,Active,Bengaluru,Master's,12082
12641,Mohit Kapoor,Male,1998-05-11,3,105,2021-10-21,Resigned,Bengaluru,Master's,14488
12642,Yash Chopra,Male,1995-10-20,5,111,2017-05-08,Active,Mumbai,Master's,12943
12643,Ananya Desai,Female,1986-11-02,4,109,2025-07-06,Resigned,Delhi,Master's,14974
12644,Priya Bansal,Female,1968-06-04,6,113,2021-02-25,Active,Pune,Master's,11593
12645,Aarav Desai,Male,1966-11-04,6,112,2016-03-18,Active,Pune,Bachelor's,12961
12646,Rahul Kumar,Male,1969-10-03,2,104,2020-08-09,Active,Mumbai,Bachelor's,13644
12647,Divya Agarwal,Female,1979-08-22,1,102,2016-01-12,Active,Delhi,Bachelor's,14040
12648,Ankit Joshi,Male,1983-09-05,7,115,2020-11-02,Resigned,Hyderabad,Bachelor's,10625
12649,Aditya Kumar,Male,2002-06-09,1,101,2023-01-13,Terminated,Delhi,Master's,12111
12650,Aditya Sinha,Male,1979-04-26,2,103,2018-04-06,Resigned,Mumbai,Bachelor's,11439
12651,Akash Bansal,Male,1972-07-13,1,101,2020-02-28,Terminated,Delhi,Diploma,10925
12652,Manish Bansal,Male,1984-10-12,5,111,2024-01-06,Active,Mumbai,Bachelor's,11101
12653,Yash Shah,Male,1976-10-11,4,108,2020-03-13,Resigned,Delhi,Bachelor's,14974
12654,Siddharth Reddy,Male,1968-11-22,8,116,2025-02-22,Active,Pune,Bachelor's,12054
12655,Neha Sinha,Female,2002-06-06,7,114,2023-04-11,Active,Hyderabad,Master's,13383
12656,Akash Kapoor,Male,2003-04-26,3,107,2023-01-10,Active,Bengaluru,Master's,13535
12657,Meera Mishra,Female,2000-06-12,3,106,2024-02-19,Active,Bengaluru,Bachelor's,12027
12658,Tanya Kapoor,Female,1979-07-14,3,107,2020-10-25,Resigned,Bengaluru,Bachelor's,12656
12659,Yash Singh,Male,1965-02-27,2,104,2021-12-10,Active,Mumbai,Master's,11621
12660,Nisha Malhotra,Female,1995-09-23,2,104,2023-05-19,Resigned,Mumbai,Master's,12684
12661,Rahul Desai,Male,1973-03-10,2,104,2021-05-05,Active,Mumbai,Bachelor's,13326
12662,Tanya Malhotra,Female,1987-10-07,2,104,2018-05-19,Resigned,Mumbai,Bachelor's,10271
12663,Rahul Desai,Male,1990-10-10,3,106,2018-03-02,Active,Bengaluru,Diploma,14082
12664,Nisha Agarwal,Female,2003-05-25,3,107,2018-04-15,Active,Bengaluru,Bachelor's,10613
12665,Kavya Kapoor,Female,1982-06-11,8,117,2019-06-24,Active,Pune,Bachelor's,12017
12666,Aditya Patel,Male,1997-07-20,4,108,2020-11-14,Resigned,Delhi,Master's,13141
12667,Rahul Agarwal,Male,2003-02-11,8,117,2024-04-13,Active,Pune,Master's,13962
12668,Tanya Malhotra,Female,1978-04-25,3,107,2019-12-02,Active,Bengaluru,Bachelor's,10013
12669,Meera Mishra,Female,1965-03-07,4,109,2025-06-27,Active,Delhi,Master's,13405
12670,Mohit Singh,Male,1977-04-19,3,107,2020-11-16,Active,Bengaluru,PhD,12784
12671,Tanya Verma,Female,1979-05-18,3,105,2017-10-05,Active,Bengaluru,Master's,10915
12672,Akash Gupta,Male,2001-11-14,2,104,2021-04-01,Active,Mumbai,Master's,13556
12673,Priya Kumar,Female,1969-10-14,8,117,2023-07-03,Resigned,Pune,Master's,10503
12674,Siddharth Nair,Male,1978-04-23,8,117,2017-05-29,Active,Pune,Bachelor's,10457
12675,Meera Patel,Female,1978-12-12,1,102,2021-11-05,Resigned,Delhi,Diploma,14521
12676,Mohit Desai,Male,1969-02-26,2,103,2017-12-25,Active,Mumbai,PhD,10091
12677,Varun Nair,Male,1975-06-05,4,108,2019-08-14,Terminated,Delhi,Bachelor's,14194
12678,Rohan Gupta,Male,1996-03-21,3,106,2022-05-23,Active,Bengaluru,Master's,14449
12679,Mohit Singh,Male,1969-10-07,3,107,2023-03-05,Active,Bengaluru,Master's,14238
12680,Yash Reddy,Male,2000-03-08,2,104,2023-06-12,Resigned,Mumbai,Bachelor's,14556
12681,Aarav Verma,Male,1979-07-04,4,108,2020-09-16,Active,Delhi,Bachelor's,11904
12682,Simran Malhotra,Female,1971-05-26,3,105,2016-07-11,Active,Bengaluru,Bachelor's,10465
12683,Rahul Sinha,Male,1969-11-16,3,107,2022-12-20,Active,Bengaluru,Bachelor's,14693
12684,Yash Gupta,Male,1994-04-18,2,104,2017-04-01,Active,Mumbai,Bachelor's,12959
12685,Rohan Gupta,Male,1979-12-15,4,108,2018-04-30,Active,Delhi,Bachelor's,14494
12686,Vivek Singh,Male,1994-09-01,8,117,2018-05-09,Active,Pune,Bachelor's,12228
12687,Ankit Shah,Male,1978-08-04,3,105,2016-10-11,Active,Bengaluru,Bachelor's,11270
12688,Siddharth Shah,Male,1988-09-19,7,115,2018-11-12,Active,Hyderabad,Bachelor's,10979
12689,Siddharth Agarwal,Male,1988-07-15,7,115,2016-09-14,Active,Hyderabad,Master's,11929
12690,Rahul Sharma,Male,1999-03-26,8,117,2018-07-03,Active,Pune,Master's,14685
12691,Mohit Reddy,Male,1969-12-23,6,112,2017-06-11,Active,Pune,Bachelor's,12304
12692,Pooja Sharma,Female,1976-02-19,5,110,2023-05-02,Active,Mumbai,Bachelor's,14936
12693,Rohan Sinha,Male,1984-08-07,7,114,2021-01-14,Active,Hyderabad,PhD,10455
12694,Nikhil Kapoor,Male,1969-11-19,1,101,2022-12-01,Active,Delhi,Diploma,10197
12695,Riya Bansal,Female,2000-08-13,4,109,2019-05-13,Active,Delhi,Bachelor's,11983
12696,Mohit Sinha,Male,1985-09-02,8,116,2016-04-22,Terminated,Pune,Bachelor's,10777
12697,Nisha Malhotra,Female,2003-02-15,6,112,2017-07-16,Active,Pune,Bachelor's,14529
12698,Ankit Kapoor,Male,1967-07-11,8,116,2019-07-29,Active,Pune,Bachelor's,10590
12699,Ananya Malhotra,Female,1993-08-15,6,113,2023-10-17,Active,Pune,Bachelor's,12697
12700,Tanya Sharma,Female,1989-05-18,7,114,2019-11-21,Terminated,Hyderabad,Bachelor's,13786
12701,Arjun Iyer,Male,1991-10-21,5,110,2019-08-10,Active,Mumbai,Bachelor's,11070
12702,Divya Chopra,Female,2000-03-13,6,113,2018-07-06,Active,Pune,Bachelor's,13941
12703,Ankit Kumar,Male,1986-09-16,4,109,2020-06-25,Active,Delhi,Master's,11620
12704,Varun Sinha,Male,2002-02-25,7,115,2019-03-25,Active,Hyderabad,Bachelor's,12011
12705,Divya Sharma,Female,1999-02-17,6,113,2022-05-23,Active,Pune,Bachelor's,14913
12706,Meera Agarwal,Female,1965-10-22,7,115,2020-05-12,Active,Hyderabad,Master's,14895
12707,Varun Gupta,Male,1967-11-22,5,111,2016-11-02,Terminated,Mumbai,Bachelor's,13701
12708,Rohan Nair,Male,1988-04-18,3,106,2020-11-30,Resigned,Bengaluru,Bachelor's,13678
12709,Aditya Verma,Male,1972-10-12,1,101,2023-09-04,Resigned,Delhi,Bachelor's,11728
12710,Manish Joshi,Male,2003-11-03,7,115,2024-05-31,Active,Hyderabad,Master's,13862
12711,Riya Iyer,Female,1982-06-20,4,109,2018-10-19,Active,Delhi,Master's,12419
12712,Vivek Sinha,Male,1967-05-27,3,106,2017-03-13,Active,Bengaluru,Bachelor's,13021
12713,Nikhil Sharma,Male,1982-09-21,2,104,2022-02-03,Resigned,Mumbai,Bachelor's,13074
12714,Vivek Shah,Male,1980-10-27,6,112,2022-11-01,Active,Pune,Bachelor's,12302
12715,Akash Gupta,Male,1996-08-18,6,112,2023-07-08,Resigned,Pune,Master's,10770
12716,Siddharth Gupta,Male,1965-12-14,6,112,2018-07-07,Resigned,Pune,Master's,10690
12717,Sneha Kapoor,Female,1990-06-11,5,110,2019-05-26,Resigned,Mumbai,Bachelor's,10199
12718,Nisha Sinha,Female,1976-11-06,3,105,2016-10-17,Active,Bengaluru,Bachelor's,12638
12719,Nisha Sinha,Female,2002-05-15,3,105,2021-04-13,Active,Bengaluru,Diploma,13202
12720,Nikhil Shah,Male,1985-06-21,1,101,2018-09-06,Active,Delhi,Bachelor's,14331
12721,Neha Singh,Female,1977-02-21,6,113,2020-12-01,Active,Pune,Master's,13645
12722,Shreya Malhotra,Female,1976-01-03,2,104,2020-09-17,Active,Mumbai,Bachelor's,10139
12723,Simran Reddy,Female,1977-07-20,5,111,2024-03-31,Active,Mumbai,Bachelor's,12219
12724,Arjun Patel,Male,1982-08-03,4,109,2022-03-09,Active,Delhi,Master's,12178
12725,Karan Sharma,Male,1983-07-14,4,109,2018-03-13,Active,Delhi,Bachelor's,11240
12726,Varun Bansal,Male,1983-02-24,7,115,2024-12-15,Resigned,Hyderabad,Master's,12806
12727,Rahul Agarwal,Male,1970-03-22,1,101,2022-10-06,Active,Delhi,Bachelor's,11742
12728,Varun Iyer,Male,1971-02-07,6,113,2022-06-10,Active,Pune,Bachelor's,10284
12729,Nikhil Bansal,Male,1971-04-06,1,102,2018-03-25,Active,Delhi,Master's,12090
12730,Varun Chopra,Male,1992-02-19,1,102,2025-07-16,Active,Delhi,Master's,13031
12731,Priya Verma,Female,1992-03-20,4,108,2020-06-06,Active,Delhi,Bachelor's,13411
12732,Mohit Singh,Male,1983-01-16,1,101,2024-12-18,Active,Delhi,Master's,13712
12733,Aditya Mishra,Male,1980-06-27,6,112,2019-03-12,Active,Pune,Master's,10616
12734,Isha Shah,Female,1981-06-20,4,109,2019-09-15,Active,Delhi,Master's,13655
12735,Priya Gupta,Female,1986-08-21,1,102,2019-07-24,Active,Delhi,Master's,13276
12736,Sneha Kumar,Female,1983-10-14,1,102,2021-10-07,Active,Delhi,Bachelor's,14033
12737,Sneha Desai,Female,1993-04-07,5,110,2024-12-26,Active,Mumbai,Bachelor's,11407
12738,Rohan Mehta,Male,1983-10-15,6,112,2018-10-29,Active,Pune,Master's,12766
12739,Divya Kapoor,Female,1999-10-16,4,109,2019-09-10,Resigned,Delhi,Bachelor's,10610
12740,Rohan Kumar,Male,1989-08-02,4,108,2023-02-01,Active,Delhi,Master's,13450
12741,Manish Sinha,Male,1984-01-06,6,113,2021-10-26,Resigned,Pune,Bachelor's,10566
12742,Karan Nair,Male,2001-02-27,5,110,2020-08-17,Active,Mumbai,Master's,10849
12743,Akash Iyer,Male,1983-08-21,3,105,2019-01-09,Active,Bengaluru,Bachelor's,14126
12744,Varun Kapoor,Male,1977-02-11,5,110,2021-09-06,Active,Mumbai,Bachelor's,13921
12745,Tanya Singh,Female,1976-12-05,5,111,2017-07-16,Resigned,Mumbai,Master's,13994
12746,Kavya Verma,Female,1979-02-22,6,112,2024-12-23,Resigned,Pune,Master's,12019
12747,Sneha Joshi,Female,1968-08-18,5,111,2022-01-08,Active,Mumbai,Bachelor's,11341
12748,Karan Mishra,Male,1979-06-06,8,117,2017-06-12,Resigned,Pune,Diploma,14540
12749,Tanya Kapoor,Female,1981-01-09,3,106,2022-07-30,Active,Bengaluru,Master's,10093
12750,Sneha Reddy,Female,1991-12-08,8,116,2024-02-06,Active,Pune,Master's,10872
12751,Varun Iyer,Male,1975-12-14,4,108,2016-02-22,Active,Delhi,Bachelor's,12778
12752,Neha Desai,Female,1987-04-07,5,110,2025-08-16,Active,Mumbai,Bachelor's,13050
12753,Manish Shah,Male,1979-04-08,2,104,2016-05-03,Active,Mumbai,Bachelor's,12170
12754,Siddharth Agarwal,Male,1995-10-18,3,107,2023-06-28,Active,Bengaluru,Master's,13739
12755,Tanya Reddy,Female,1990-02-19,6,112,2018-04-05,Resigned,Pune,Bachelor's,13331
12756,Vivek Nair,Male,1971-04-27,5,111,2022-10-17,Active,Mumbai,Bachelor's,13418
12757,Varun Iyer,Male,1977-06-21,1,102,2020-01-29,Resigned,Delhi,Bachelor's,14159
12758,Ananya Patel,Female,1977-10-13,4,109,2024-08-10,Active,Delhi,Master's,13785
12759,Kavya Verma,Female,1984-10-23,2,103,2024-04-09,Active,Mumbai,Master's,11026
12760,Aarav Bansal,Male,1998-06-16,8,116,2021-12-16,Active,Pune,Bachelor's,14876
12761,Nikhil Mehta,Male,1974-04-27,7,115,2019-05-12,Active,Hyderabad,Bachelor's,10240
12762,Aarav Bansal,Male,2001-10-09,1,101,2018-04-26,Terminated,Delhi,Bachelor's,11229
12763,Priya Kapoor,Female,1991-07-17,7,115,2020-04-12,Active,Hyderabad,Bachelor's,10625
12764,Vivek Reddy,Male,1998-08-20,7,114,2019-07-26,Active,Hyderabad,Diploma,10176
12765,Nikhil Gupta,Male,2000-07-27,3,107,2021-12-16,Active,Bengaluru,Master's,11137
12766,Kavya Bansal,Female,1980-02-28,6,113,2025-04-04,Terminated,Pune,Master's,10112
12767,Ankit Desai,Male,1985-03-01,4,109,2016-07-20,Active,Delhi,PhD,12046
12768,Varun Gupta,Male,1980-02-27,5,111,2025-01-21,Resigned,Mumbai,Bachelor's,11187
12769,Aarav Malhotra,Male,1981-05-18,3,105,2019-05-13,Active,Bengaluru,Bachelor's,10093
12770,Isha Kumar,Female,1979-06-06,3,105,2025-09-10,Active,Bengaluru,Master's,14638
12771,Mohit Sharma,Male,1977-06-28,4,108,2019-12-28,Active,Delhi,Bachelor's,11208
12772,Vivek Bansal,Male,1997-11-16,2,104,2018-10-06,Active,Mumbai,Bachelor's,12546
12773,Neha Shah,Female,1969-03-27,6,113,2017-03-15,Active,Pune,Bachelor's,13174
12774,Siddharth Sinha,Male,1991-03-26,3,106,2017-08-25,Active,Bengaluru,PhD,12947
12775,Vivek Agarwal,Male,1965-07-04,3,106,2019-11-03,Active,Bengaluru,Master's,13506
12776,Ankit Patel,Male,1994-06-28,7,115,2018-10-15,Active,Hyderabad,Bachelor's,13094
12777,Arjun Bansal,Male,1987-08-03,4,109,2019-02-20,Active,Delhi,Diploma,11630
12778,Varun Verma,Male,1979-09-09,4,109,2023-11-22,Resigned,Delhi,Master's,10417
12779,Nikhil Mishra,Male,2000-03-06,8,117,2023-10-25,Active,Pune,Master's,10542
12780,Rahul Gupta,Male,1983-05-20,7,114,2016-05-25,Active,Hyderabad,Master's,14641
12781,Nikhil Iyer,Male,1994-08-26,2,104,2019-01-03,Active,Mumbai,Bachelor's,10557
12782,Riya Joshi,Female,1980-09-15,4,108,2021-05-13,Active,Delhi,Bachelor's,12878
12783,Aanya Bansal,Female,1982-12-09,8,117,2019-11-17,Active,Pune,Master's,13573
12784,Shreya Patel,Female,1990-05-21,3,107,2021-11-18,Resigned,Bengaluru,Master's,11880
12785,Simran Singh,Female,1981-11-16,3,106,2022-04-28,Active,Bengaluru,Bachelor's,10267
12786,Aarav Verma,Male,1975-03-09,3,105,2025-07-30,Active,Bengaluru,Bachelor's,13048
12787,Tanya Bansal,Female,1993-01-28,2,104,2016-04-27,Active,Mumbai,Bachelor's,11423
12788,Aarav Bansal,Male,1973-03-07,6,113,2023-11-30,Active,Pune,Bachelor's,11478
12789,Meera Bansal,Female,1981-07-21,6,113,2020-11-25,Active,Pune,Bachelor's,10820
12790,Sneha Reddy,Female,1991-06-20,8,116,2019-11-17,Resigned,Pune,Master's,10340
12791,Ananya Agarwal,Female,2001-08-04,6,113,2021-04-22,Active,Pune,Bachelor's,12523
12792,Shreya Mehta,Female,1986-10-15,3,107,2021-07-18,Resigned,Bengaluru,Bachelor's,14537
12793,Isha Mehta,Female,1972-06-16,1,101,2021-12-20,Active,Delhi,Bachelor's,10414
12794,Aditya Mehta,Male,1967-05-12,8,116,2023-10-08,Active,Pune,Master's,12056
12795,Mohit Joshi,Male,2002-10-06,3,107,2022-01-06,Active,Bengaluru,Master's,10863
12796,Divya Verma,Female,1999-03-19,3,107,2018-04-16,Active,Bengaluru,Diploma,11246
12797,Mohit Agarwal,Male,1996-10-07,7,115,2018-02-19,Active,Hyderabad,Diploma,14084
12798,Riya Shah,Female,1972-01-01,4,108,2017-08-16,Active,Delhi,Bachelor's,14290
12799,Neha Sinha,Female,1991-01-22,3,105,2019-11-30,Active,Bengaluru,Bachelor's,11420
12800,Varun Gupta,Male,1996-04-14,7,114,2021-09-09,Active,Hyderabad,Bachelor's,12335
12801,Kavya Chopra,Female,2000-06-14,8,116,2021-04-23,Active,Pune,Master's,11289
12802,Divya Sinha,Female,1998-01-20,2,104,2018-07-14,Resigned,Mumbai,Bachelor's,11558
12803,Priya Iyer,Female,1989-04-02,7,115,2020-04-21,Active,Hyderabad,PhD,13842
12804,Meera Desai,Female,1995-01-13,3,107,2021-08-09,Resigned,Bengaluru,Diploma,14724
12805,Aditya Gupta,Male,1977-08-22,4,108,2023-01-27,Active,Delhi,Bachelor's,14935
12806,Neha Gupta,Female,1979-04-02,7,114,2021-04-24,Active,Hyderabad,Bachelor's,14026
12807,Simran Sinha,Female,1977-12-13,8,117,2016-09-05,Resigned,Pune,Bachelor's,13609
12808,Rohan Verma,Male,1997-05-25,3,107,2023-06-15,Active,Bengaluru,Bachelor's,14095
12809,Varun Patel,Male,1995-07-20,3,106,2017-07-13,Active,Bengaluru,Master's,12678
12810,Pooja Reddy,Female,1989-05-24,2,103,2017-08-10,Terminated,Mumbai,Bachelor's,10947
12811,Akash Kapoor,Male,1987-11-13,4,108,2020-11-28,Active,Delhi,Diploma,12034
12812,Sneha Singh,Female,2002-05-16,1,102,2017-09-28,Resigned,Delhi,Master's,13238
12813,Pooja Mishra,Female,1967-12-06,3,107,2016-05-15,Active,Bengaluru,Master's,10267
12814,Karan Sinha,Male,1980-10-22,1,102,2017-11-18,Active,Delhi,Master's,12251
12815,Divya Desai,Female,1966-08-13,3,107,2024-09-16,Resigned,Bengaluru,Master's,12040
12816,Isha Agarwal,Female,1987-11-21,1,102,2016-10-15,Active,Delhi,Bachelor's,11485
12817,Vivek Sharma,Male,1998-01-04,6,112,2019-01-19,Active,Pune,Bachelor's,10113
12818,Rahul Shah,Male,1994-03-18,3,105,2024-08-20,Active,Bengaluru,Bachelor's,12435
12819,Rahul Chopra,Male,1974-07-16,3,107,2017-07-12,Active,Bengaluru,PhD,11738
12820,Mohit Reddy,Male,1965-07-24,7,114,2020-04-18,Active,Hyderabad,Bachelor's,13046
12821,Tanya Joshi,Female,1986-10-15,6,112,2018-12-18,Resigned,Pune,Diploma,12078
12822,Siddharth Bansal,Male,1997-05-17,3,106,2020-01-30,Resigned,Bengaluru,Bachelor's,10406
12823,Kavya Kumar,Female,1989-06-22,1,101,2025-05-13,Active,Delhi,Diploma,13769
12824,Rahul Mishra,Male,1986-11-24,6,113,2017-09-27,Resigned,Pune,Bachelor's,11156
12825,Nikhil Patel,Male,1980-10-15,3,107,2017-11-25,Active,Bengaluru,Bachelor's,10605
12826,Simran Chopra,Female,1994-02-11,6,113,2025-06-15,Active,Pune,Bachelor's,14681
12827,Riya Chopra,Female,1982-09-11,4,109,2017-10-03,Active,Delhi,Diploma,11366
12828,Varun Kapoor,Male,1988-06-01,3,105,2016-05-12,Active,Bengaluru,Bachelor's,13271
12829,Akash Desai,Male,1969-09-08,4,108,2020-12-10,Active,Delhi,Bachelor's,12211
12830,Aditya Shah,Male,2001-10-17,6,112,2022-03-05,Active,Pune,Master's,12425
12831,Manish Iyer,Male,1987-08-13,7,114,2020-10-19,Resigned,Hyderabad,Bachelor's,12486
12832,Tanya Mehta,Female,1991-07-05,1,101,2024-08-30,Active,Delhi,Master's,10256
12833,Karan Kapoor,Male,1976-06-20,4,108,2024-03-21,Active,Delhi,Bachelor's,11933
12834,Rohan Gupta,Male,1974-09-25,1,101,2022-04-04,Active,Delhi,Bachelor's,10535
12835,Nikhil Patel,Male,1998-10-14,4,108,2025-10-06,Terminated,Delhi,Master's,13422
12836,Aanya Kumar,Female,1997-01-16,7,115,2019-03-01,Resigned,Hyderabad,Bachelor's,14147
12837,Isha Desai,Female,1980-12-09,3,107,2020-11-28,Active,Bengaluru,Bachelor's,12453
12838,Aditya Mishra,Male,1993-03-28,7,115,2017-06-06,Active,Hyderabad,Master's,14236
12839,Riya Verma,Female,1982-02-04,5,110,2021-08-13,Resigned,Mumbai,Bachelor's,12475
12840,Aditya Sinha,Male,1991-04-09,7,114,2023-08-22,Active,Hyderabad,Diploma,13833
12841,Arjun Sharma,Male,1971-04-05,6,113,2025-10-07,Active,Pune,Master's,14591
12842,Isha Iyer,Female,2000-06-20,2,103,2016-02-20,Active,Mumbai,Diploma,10310
12843,Meera Mehta,Female,1991-01-13,3,107,2023-12-12,Active,Bengaluru,Master's,12774
12844,Pooja Bansal,Female,1974-02-03,3,106,2023-01-02,Resigned,Bengaluru,Bachelor's,10376
12845,Kavya Nair,Female,1974-04-05,2,104,2022-12-11,Resigned,Mumbai,Bachelor's,10041
12846,Vivek Chopra,Male,1975-10-26,4,109,2025-05-22,Active,Delhi,Bachelor's,12778
12847,Riya Desai,Female,1994-03-11,4,109,2019-10-21,Active,Delhi,Bachelor's,11192
12848,Vivek Chopra,Male,1967-01-27,8,117,2025-07-13,Terminated,Pune,Master's,14876
12849,Neha Malhotra,Female,1993-11-15,4,109,2025-04-08,Active,Delhi,Master's,12422
12850,Ankit Verma,Male,1978-08-24,6,112,2021-04-26,Active,Pune,Diploma,10148
12851,Meera Mishra,Female,1977-04-15,8,116,2020-04-03,Active,Pune,Master's,11393
12852,Manish Joshi,Male,1983-07-15,7,114,2019-10-27,Active,Hyderabad,Bachelor's,12504
12853,Karan Chopra,Male,1989-04-03,3,107,2018-01-02,Resigned,Bengaluru,Diploma,10701
12854,Divya Bansal,Female,1974-07-14,4,108,2021-09-12,Active,Delhi,PhD,11447
12855,Aarav Sharma,Male,1979-06-01,3,106,2025-07-13,Active,Bengaluru,Bachelor's,14674
12856,Varun Desai,Male,1992-09-12,3,106,2021-11-24,Active,Bengaluru,Bachelor's,12453
12857,Rahul Sinha,Male,2002-02-03,3,107,2022-03-17,Active,Bengaluru,Bachelor's,12975
12858,Aditya Joshi,Male,1971-05-19,6,113,2021-09-02,Active,Pune,Bachelor's,12047
12859,Rohan Joshi,Male,1978-03-24,4,108,2019-05-20,Active,Delhi,Bachelor's,11509
12860,Manish Kumar,Male,1994-04-13,4,109,2020-05-06,Resigned,Delhi,Master's,14303
12861,Riya Mehta,Female,1976-10-02,8,116,2022-03-08,Active,Pune,Master's,14425
12862,Karan Kumar,Male,1992-05-02,1,101,2019-11-21,Active,Delhi,Diploma,10323
12863,Isha Mishra,Female,1978-10-11,4,108,2021-10-29,Active,Delhi,Bachelor's,11745
12864,Nisha Shah,Female,1965-12-24,6,113,2017-05-16,Resigned,Pune,Diploma,12728
12865,Manish Kumar,Male,1968-03-14,2,104,2024-01-02,Active,Mumbai,Diploma,10440
12866,Riya Sharma,Female,1982-02-19,5,110,2024-02-10,Active,Mumbai,Master's,13922
12867,Rahul Iyer,Male,2000-03-01,3,105,2020-01-04,Active,Bengaluru,Master's,12962
12868,Meera Kumar,Female,1996-03-03,7,114,2022-02-14,Active,Hyderabad,Master's,13902
12869,Akash Nair,Male,1992-04-08,3,107,2019-12-22,Active,Bengaluru,Master's,11513
12870,Yash Shah,Male,1992-09-17,3,107,2021-05-21,Active,Bengaluru,Master's,14705
12871,Kavya Shah,Female,2002-01-06,5,110,2023-04-05,Active,Mumbai,Diploma,10670
12872,Neha Mehta,Female,1996-01-28,3,106,2019-06-13,Active,Bengaluru,Bachelor's,11715
12873,Divya Reddy,Female,1972-05-28,3,105,2018-11-14,Active,Bengaluru,Bachelor's,10298
12874,Mohit Desai,Male,1989-01-13,3,107,2017-11-03,Active,Bengaluru,Master's,13454
12875,Shreya Verma,Female,1984-08-12,3,105,2017-12-16,Resigned,Bengaluru,Bachelor's,13040
12876,Aditya Verma,Male,1997-05-22,4,108,2018-03-23,Active,Delhi,Bachelor's,11656
12877,Aditya Nair,Male,1994-04-13,5,111,2019-11-01,Active,Mumbai,Bachelor's,11096
12878,Rahul Iyer,Male,2001-08-12,4,108,2017-12-22,Active,Delhi,Master's,10620
12879,Isha Nair,Female,1980-09-09,5,110,2023-08-07,Active,Mumbai,Master's,10876
12880,Akash Kapoor,Male,1989-01-14,3,106,2018-12-24,Resigned,Bengaluru,Bachelor's,14901
12881,Rahul Reddy,Male,2002-07-04,2,104,2019-08-14,Active,Mumbai,Master's,10947
12882,Pooja Shah,Female,1974-10-27,6,113,2018-02-16,Active,Pune,Bachelor's,14701
12883,Karan Reddy,Male,1969-08-07,7,115,2019-12-23,Active,Hyderabad,Master's,10305
12884,Mohit Bansal,Male,1972-01-17,3,107,2023-01-02,Active,Bengaluru,Bachelor's,12774
12885,Akash Chopra,Male,1997-01-02,3,105,2017-02-22,Active,Bengaluru,Bachelor's,12595
12886,Riya Patel,Female,2001-10-18,4,109,2018-11-13,Resigned,Delhi,Bachelor's,13774
12887,Rohan Chopra,Male,1965-09-05,4,108,2021-11-08,Active,Delhi,Diploma,11644
12888,Mohit Joshi,Male,1995-01-07,5,111,2017-04-03,Active,Mumbai,Master's,13760
12889,Nisha Mehta,Female,1971-10-02,1,101,2023-01-20,Resigned,Delhi,PhD,13225
12890,Divya Chopra,Female,1987-03-04,6,113,2020-07-28,Active,Pune,Bachelor's,13469
12891,Siddharth Chopra,Male,1988-03-19,1,102,2023-10-20,Active,Delhi,Bachelor's,14890
12892,Neha Mehta,Female,1978-09-12,4,108,2017-04-01,Resigned,Delhi,Master's,12133
12893,Sneha Nair,Female,1987-04-24,6,113,2025-04-09,Active,Pune,Bachelor's,13651
12894,Sneha Shah,Female,1973-01-16,4,108,2017-02-10,Resigned,Delhi,Bachelor's,14133
12895,Varun Sinha,Male,1972-06-17,2,104,2025-12-13,Active,Mumbai,Diploma,13898
12896,Priya Patel,Female,1972-05-23,8,117,2017-12-28,Terminated,Pune,Master's,10432
12897,Karan Agarwal,Male,1967-12-01,7,114,2017-09-22,Active,Hyderabad,Master's,12780
12898,Nikhil Agarwal,Male,1996-09-12,6,113,2023-10-10,Active,Pune,Master's,12570
12899,Siddharth Sinha,Male,1968-11-25,3,105,2021-06-29,Resigned,Bengaluru,Bachelor's,13852
12900,Nikhil Sinha,Male,2002-06-02,3,105,2022-10-10,Active,Bengaluru,Master's,14752
12901,Yash Shah,Male,1966-02-09,8,116,2019-03-29,Active,Pune,Bachelor's,12565
12902,Divya Reddy,Female,1973-04-15,4,108,2020-05-30,Active,Delhi,Bachelor's,14796
12903,Manish Kapoor,Male,1965-06-10,7,114,2019-07-30,Active,Hyderabad,Master's,10394
12904,Mohit Sharma,Male,1975-02-04,3,106,2025-03-11,Active,Bengaluru,PhD,11791
12905,Aarav Sinha,Male,1993-02-19,3,106,2019-07-01,Resigned,Bengaluru,Master's,13671
12906,Varun Kumar,Male,1990-02-14,8,116,2022-06-18,Resigned,Pune,Master's,12448
12907,Pooja Bansal,Female,1991-08-05,4,109,2016-04-23,Resigned,Delhi,Master's,14841
12908,Mohit Sinha,Male,2002-05-08,2,103,2019-11-09,Active,Mumbai,Master's,13231
12909,Aditya Singh,Male,1993-11-24,3,106,2018-10-16,Resigned,Bengaluru,Master's,10013
12910,Akash Verma,Male,1997-07-21,4,108,2021-07-11,Active,Delhi,Bachelor's,13427
12911,Siddharth Bansal,Male,1992-07-13,1,102,2024-05-07,Resigned,Delhi,Bachelor's,12508
12912,Karan Desai,Male,1995-01-19,4,108,2024-06-15,Terminated,Delhi,Master's,12210
12913,Simran Malhotra,Female,1983-03-02,3,107,2020-01-19,Active,Bengaluru,Master's,13709
12914,Riya Chopra,Female,1990-06-19,6,112,2022-12-15,Active,Pune,Bachelor's,14299
12915,Aarav Bansal,Male,1993-04-19,3,106,2024-05-25,Resigned,Bengaluru,Master's,13864
12916,Simran Verma,Female,1975-07-20,8,116,2023-07-22,Active,Pune,Bachelor's,14540
12917,Shreya Singh,Female,1996-05-14,3,105,2017-10-25,Active,Bengaluru,Master's,14447
12918,Ananya Nair,Female,1985-07-20,5,111,2020-08-05,Resigned,Mumbai,Master's,11413
12919,Rohan Mishra,Male,2002-06-25,2,104,2024-01-18,Active,Mumbai,Bachelor's,13015
12920,Siddharth Chopra,Male,1998-06-05,6,112,2018-03-05,Resigned,Pune,Master's,13798
12921,Akash Mehta,Male,1986-12-17,8,116,2020-10-19,Terminated,Pune,Master's,10637
12922,Meera Malhotra,Female,1991-08-21,6,112,2017-09-17,Active,Pune,Master's,14860
12923,Pooja Nair,Female,1972-05-19,4,108,2017-06-16,Active,Delhi,Master's,10015
12924,Arjun Mehta,Male,1995-10-12,4,109,2025-11-22,Active,Delhi,Diploma,13491
12925,Ankit Chopra,Male,1965-02-17,6,112,2016-06-07,Active,Pune,Bachelor's,12702
12926,Pooja Kapoor,Female,2003-09-05,7,114,2021-08-23,Active,Hyderabad,Master's,12341
12927,Riya Reddy,Female,1998-10-28,8,117,2016-03-02,Resigned,Pune,Master's,12348
12928,Simran Bansal,Female,1988-04-23,3,106,2022-06-13,Active,Bengaluru,Bachelor's,10254
12929,Aanya Shah,Female,1992-04-11,8,116,2016-10-30,Active,Pune,Diploma,11176
12930,Rohan Bansal,Male,1968-02-09,2,104,2025-08-17,Resigned,Mumbai,Bachelor's,10135
12931,Simran Patel,Female,1982-08-28,3,105,2025-11-04,Active,Bengaluru,Bachelor's,14632
12932,Simran Mishra,Female,1993-04-24,2,103,2025-08-06,Resigned,Mumbai,Master's,10557
12933,Mohit Kumar,Male,1987-12-13,3,105,2019-10-17,Terminated,Bengaluru,Diploma,14341
12934,Siddharth Reddy,Male,2001-09-15,6,113,2025-07-04,Active,Pune,Bachelor's,11122
12935,Isha Chopra,Female,1991-02-20,7,114,2023-05-10,Resigned,Hyderabad,Master's,11553
12936,Vivek Agarwal,Male,1980-11-22,6,112,2023-01-20,Active,Pune,Bachelor's,10391
12937,Meera Shah,Female,1991-07-21,5,110,2022-05-08,Active,Mumbai,Master's,12162
12938,Ananya Joshi,Female,1973-10-12,4,109,2023-07-11,Active,Delhi,Bachelor's,11608
12939,Priya Kumar,Female,1969-10-07,5,110,2016-06-24,Active,Mumbai,Master's,14320
12940,Yash Kumar,Male,1972-11-15,3,107,2025-03-26,Active,Bengaluru,Diploma,11461
12941,Arjun Desai,Male,1982-04-08,7,114,2024-11-27,Active,Hyderabad,Bachelor's,11517
12942,Riya Mehta,Female,1999-03-19,5,110,2023-06-15,Active,Mumbai,Bachelor's,14000
12943,Manish Mehta,Male,1970-05-22,5,111,2018-02-04,Active,Mumbai,Master's,14717
12944,Riya Sharma,Female,1987-03-10,4,108,2022-05-03,Active,Delhi,Bachelor's,11171
12945,Priya Bansal,Female,1990-02-21,7,114,2024-09-21,Active,Hyderabad,Diploma,13944
12946,Yash Singh,Male,2003-10-22,3,106,2017-06-13,Active,Bengaluru,Master's,13945
12947,Varun Gupta,Male,1988-03-07,3,107,2016-02-20,Active,Bengaluru,Diploma,10840
12948,Akash Mehta,Male,1974-03-15,6,113,2023-02-20,Active,Pune,Master's,10374
12949,Manish Iyer,Male,1979-12-02,4,109,2016-01-02,Terminated,Delhi,Bachelor's,10787
12950,Pooja Patel,Female,2002-10-20,7,115,2022-08-30,Resigned,Hyderabad,Bachelor's,11878
12951,Tanya Shah,Female,1984-03-07,3,105,2025-02-10,Active,Bengaluru,Diploma,14298
12952,Meera Desai,Female,1993-08-03,3,107,2019-07-15,Active,Bengaluru,Bachelor's,14885
12953,Aanya Mishra,Female,1970-06-01,7,114,2023-09-02,Resigned,Hyderabad,Bachelor's,13550
12954,Akash Verma,Male,1973-05-02,4,109,2025-04-12,Resigned,Delhi,Bachelor's,10223
12955,Kavya Kumar,Female,1969-01-23,4,108,2025-07-02,Active,Delhi,Diploma,11579
12956,Neha Singh,Female,2003-10-04,3,106,2022-03-24,Resigned,Bengaluru,Master's,11912
12957,Priya Kapoor,Female,1983-05-02,3,106,2021-09-11,Active,Bengaluru,Master's,13124
12958,Pooja Patel,Female,1969-08-15,5,110,2019-10-06,Active,Mumbai,Master's,14202
12959,Arjun Kapoor,Male,1984-11-10,2,103,2022-08-27,Active,Mumbai,Bachelor's,14017
12960,Kavya Sinha,Female,1975-03-23,7,114,2019-10-11,Terminated,Hyderabad,Master's,10115
12961,Yash Malhotra,Male,1991-11-17,6,113,2023-06-02,Active,Pune,Bachelor's,12220
12962,Siddharth Reddy,Male,1993-10-17,3,107,2020-03-19,Active,Bengaluru,Master's,14655
12963,Rahul Malhotra,Male,1971-07-01,5,110,2021-12-29,Active,Mumbai,Bachelor's,11953
12964,Kavya Mishra,Female,1967-12-25,5,110,2017-06-25,Active,Mumbai,Master's,13679
12965,Pooja Agarwal,Female,1969-09-24,3,107,2016-01-16,Active,Bengaluru,Master's,12639
12966,Kavya Reddy,Female,1977-08-15,3,107,2021-03-21,Active,Bengaluru,Master's,12599
12967,Ananya Sinha,Female,1980-04-20,3,106,2024-07-21,Active,Bengaluru,Master's,10267
12968,Aanya Desai,Female,1976-05-25,5,111,2018-04-25,Active,Mumbai,Bachelor's,10418
12969,Aanya Malhotra,Female,2003-03-20,5,110,2022-03-15,Active,Mumbai,Master's,11964
12970,Varun Singh,Male,1991-10-21,4,109,2018-03-31,Active,Delhi,Bachelor's,12020
12971,Varun Shah,Male,1997-07-21,6,113,2025-01-16,Active,Pune,Diploma,13745
12972,Karan Mehta,Male,1979-09-22,6,113,2018-12-08,Active,Pune,Bachelor's,14177
12973,Meera Shah,Female,1985-03-22,5,110,2019-05-28,Active,Mumbai,Master's,13284
12974,Nisha Malhotra,Female,1981-06-15,6,113,2022-07-19,Active,Pune,Bachelor's,13977
12975,Mohit Mishra,Male,2001-12-10,3,105,2024-11-19,Active,Bengaluru,Bachelor's,12342
12976,Nikhil Agarwal,Male,1979-01-23,7,115,2016-01-03,Active,Hyderabad,Bachelor's,12538
12977,Tanya Bansal,Female,1984-03-01,5,110,2023-09-24,Resigned,Mumbai,Master's,12073
12978,Varun Chopra,Male,1983-01-21,6,113,2017-10-15,Active,Pune,Master's,14753
12979,Sneha Bansal,Female,1965-10-26,4,109,2022-11-09,Active,Delhi,Bachelor's,10583
12980,Priya Reddy,Female,1968-02-02,3,105,2022-09-26,Active,Bengaluru,Bachelor's,13557
12981,Rohan Sharma,Male,1967-12-20,4,108,2021-05-25,Active,Delhi,Bachelor's,14911
12982,Manish Iyer,Male,1972-10-15,3,105,2016-07-19,Active,Bengaluru,Bachelor's,10784
12983,Shreya Singh,Female,1969-11-28,5,110,2024-05-08,Active,Mumbai,Master's,10171
12984,Kavya Mishra,Female,1973-12-15,4,108,2024-04-02,Resigned,Delhi,Diploma,12249
12985,Yash Bansal,Male,1965-07-08,6,112,2021-11-07,Active,Pune,Bachelor's,12936
12986,Neha Shah,Female,1994-11-16,5,111,2021-12-18,Active,Mumbai,Master's,13622
12987,Aarav Mehta,Male,1971-10-23,5,110,2020-06-16,Active,Mumbai,Bachelor's,13701
12988,Manish Desai,Male,1986-09-07,3,106,2019-12-02,Resigned,Bengaluru,Master's,10719
12989,Isha Patel,Female,1984-04-09,8,116,2022-04-11,Active,Pune,Master's,11404
12990,Priya Sinha,Female,1993-09-19,7,114,2024-08-02,Terminated,Hyderabad,Bachelor's,11873
12991,Varun Reddy,Male,1991-10-24,6,112,2021-03-31,Active,Pune,Bachelor's,10236
12992,Simran Sinha,Female,1989-01-18,3,105,2016-10-06,Resigned,Bengaluru,Bachelor's,11886
12993,Arjun Kumar,Male,1999-08-08,4,109,2023-09-15,Active,Delhi,Bachelor's,12291
12994,Aarav Mishra,Male,1991-06-08,2,104,2022-06-02,Active,Mumbai,Bachelor's,13013
12995,Aarav Desai,Male,1975-08-02,4,108,2021-01-20,Active,Delhi,Master's,14698
12996,Simran Patel,Female,1981-03-07,2,104,2022-06-03,Active,Mumbai,Master's,10657
12997,Karan Sharma,Male,1995-03-15,4,108,2020-09-07,Terminated,Delhi,Diploma,13161
12998,Vivek Chopra,Male,1982-11-02,5,111,2023-04-18,Active,Mumbai,Master's,14757
12999,Aarav Iyer,Male,1983-06-18,3,106,2022-05-21,Active,Bengaluru,Diploma,10521
13000,Aanya Sharma,Female,2002-02-27,4,109,2016-09-26,Resigned,Delhi,Master's,11441
13001,Shreya Chopra,Female,1993-02-04,7,114,2018-01-12,Active,Hyderabad,Bachelor's,14623
13002,Nisha Kumar,Female,1979-07-15,2,103,2023-09-25,Active,Mumbai,Diploma,14129
13003,Siddharth Kumar,Male,1971-06-05,6,113,2017-12-27,Active,Pune,Master's,11406
13004,Aanya Chopra,Female,2001-04-18,2,103,2017-02-07,Resigned,Mumbai,Bachelor's,14017
13005,Sneha Kapoor,Female,2001-11-08,1,101,2020-12-05,Terminated,Delhi,Bachelor's,10502
13006,Sneha Iyer,Female,1971-12-18,3,107,2016-07-19,Resigned,Bengaluru,Bachelor's,10045
13007,Sneha Singh,Female,1986-11-08,6,112,2021-09-21,Resigned,Pune,Diploma,11785
13008,Aditya Iyer,Male,1976-10-04,3,106,2018-05-17,Resigned,Bengaluru,Master's,12417
13009,Isha Verma,Female,1972-12-21,7,115,2023-12-09,Active,Hyderabad,Master's,10423
13010,Aditya Kumar,Male,1982-11-01,4,109,2021-05-21,Active,Delhi,Diploma,11907
13011,Akash Joshi,Male,1992-02-27,1,101,2016-04-07,Active,Delhi,Bachelor's,10706
13012,Manish Joshi,Male,1982-08-16,6,112,2024-07-03,Active,Pune,Bachelor's,12394
13013,Arjun Desai,Male,1995-01-03,2,104,2018-05-12,Active,Mumbai,Master's,11363
13014,Nikhil Iyer,Male,1981-02-26,6,113,2017-08-18,Resigned,Pune,Bachelor's,13250
13015,Simran Desai,Female,1987-05-28,2,103,2016-01-20,Terminated,Mumbai,Master's,10143
13016,Nikhil Shah,Male,1975-04-20,3,107,2022-05-25,Active,Bengaluru,PhD,11463
13017,Priya Mishra,Female,1979-04-27,6,112,2018-03-11,Active,Pune,Bachelor's,13440
13018,Vivek Reddy,Male,1994-04-04,8,117,2024-12-12,Active,Pune,Bachelor's,10453
13019,Vivek Shah,Male,1995-06-02,3,106,2017-05-23,Active,Bengaluru,Master's,12784
13020,Meera Kapoor,Female,1970-04-07,6,113,2024-12-30,Active,Pune,Bachelor's,12365
13021,Aarav Mehta,Male,1976-07-17,3,106,2023-02-01,Active,Bengaluru,Bachelor's,12082
13022,Rahul Nair,Male,1987-10-12,6,112,2022-03-14,Active,Pune,Master's,10966
13023,Priya Mishra,Female,2003-09-23,5,111,2025-01-31,Active,Mumbai,Master's,12382
13024,Varun Malhotra,Male,2000-11-22,3,107,2016-12-23,Resigned,Bengaluru,Bachelor's,12933
13025,Rohan Singh,Male,1999-02-22,3,106,2021-09-17,Active,Bengaluru,Bachelor's,12947
13026,Nikhil Verma,Male,1967-05-09,2,103,2017-11-07,Active,Mumbai,Bachelor's,11489
13027,Riya Kapoor,Female,1992-12-17,3,106,2022-03-17,Active,Bengaluru,Master's,10605
13028,Kavya Agarwal,Female,1979-05-19,3,105,2021-06-16,Active,Bengaluru,Master's,10614
13029,Priya Chopra,Female,1977-09-28,5,110,2018-04-28,Terminated,Mumbai,Master's,11964
13030,Riya Sinha,Female,1983-01-22,8,116,2023-02-01,Active,Pune,Master's,14419
13031,Aarav Nair,Male,1982-03-17,1,102,2024-01-26,Resigned,Delhi,Bachelor's,14431
13032,Vivek Chopra,Male,1995-11-15,4,109,2025-10-02,Resigned,Delhi,Bachelor's,13427
13033,Kavya Gupta,Female,2001-03-15,4,109,2021-03-03,Active,Delhi,Bachelor's,13664
13034,Karan Sinha,Male,1985-02-26,7,115,2017-10-07,Active,Hyderabad,Master's,11052
13035,Rahul Mishra,Male,2003-12-28,4,109,2016-12-28,Resigned,Delhi,Bachelor's,12614
13036,Ankit Joshi,Male,1969-12-24,4,109,2018-08-14,Active,Delhi,Master's,13216
13037,Vivek Verma,Male,1981-03-11,4,108,2021-05-04,Active,Delhi,Master's,12751
13038,Pooja Shah,Female,1983-07-10,3,106,2019-07-26,Active,Bengaluru,Master's,14489
13039,Varun Sinha,Male,1968-06-15,1,101,2023-08-31,Active,Delhi,Master's,13704
13040,Siddharth Malhotra,Male,1990-07-11,3,105,2024-05-11,Active,Bengaluru,Bachelor's,14234
13041,Yash Verma,Male,1988-07-26,1,102,2024-09-12,Terminated,Delhi,Bachelor's,13555
13042,Aanya Patel,Female,2003-01-20,4,108,2019-12-06,Active,Delhi,Bachelor's,11514
13043,Siddharth Iyer,Male,2002-04-21,3,106,2017-12-28,Resigned,Bengaluru,Bachelor's,14447
13044,Ankit Joshi,Male,1983-10-21,4,108,2019-05-25,Active,Delhi,Bachelor's,12325
13045,Priya Mishra,Female,1994-08-20,2,104,2016-11-19,Active,Mumbai,Bachelor's,14398
13046,Meera Sinha,Female,1990-01-15,7,114,2020-06-23,Active,Hyderabad,Master's,14522
13047,Yash Sharma,Male,1975-05-01,7,114,2021-12-22,Terminated,Hyderabad,Bachelor's,10699
13048,Mohit Shah,Male,2003-12-03,3,106,2016-09-07,Active,Bengaluru,Master's,11927
13049,Karan Kumar,Male,1967-08-26,3,105,2025-03-28,Active,Bengaluru,Bachelor's,14799
13050,Manish Nair,Male,1986-05-23,5,110,2018-09-03,Active,Mumbai,PhD,10220
13051,Rohan Sharma,Male,1981-01-22,2,103,2016-01-04,Resigned,Mumbai,Bachelor's,10379
13052,Yash Shah,Male,1975-12-24,3,105,2020-05-07,Active,Bengaluru,Bachelor's,12641
13053,Rahul Shah,Male,2003-06-04,3,107,2025-01-12,Active,Bengaluru,Bachelor's,12446
13054,Vivek Patel,Male,1991-11-08,7,114,2022-10-10,Active,Hyderabad,Master's,14511
13055,Meera Iyer,Female,1993-08-14,7,115,2016-06-25,Active,Hyderabad,Bachelor's,12945
13056,Neha Nair,Female,1976-06-24,4,109,2020-04-21,Active,Delhi,Master's,14189
13057,Neha Kapoor,Female,1977-12-22,4,109,2025-12-24,Active,Delhi,Master's,14952
13058,Ankit Mehta,Male,1975-04-27,7,115,2023-11-25,Active,Hyderabad,Bachelor's,14511
13059,Yash Desai,Male,1995-12-22,7,115,2021-02-06,Active,Hyderabad,Diploma,11253
13060,Meera Singh,Female,1975-09-24,8,117,2020-02-04,Active,Pune,Master's,13471
13061,Arjun Kumar,Male,2000-07-05,2,103,2024-11-02,Active,Mumbai,Bachelor's,14135
13062,Varun Gupta,Male,1966-07-17,2,103,2024-11-27,Active,Mumbai,Master's,14827
13063,Kavya Kapoor,Female,1987-08-05,5,110,2016-11-19,Active,Mumbai,Bachelor's,13875
13064,Kavya Kumar,Female,2000-07-07,4,109,2022-06-04,Active,Delhi,Master's,14388
13065,Priya Reddy,Female,1978-08-07,1,102,2022-12-12,Resigned,Delhi,Master's,13408
13066,Manish Sharma,Male,2001-06-12,1,101,2024-08-02,Active,Delhi,Master's,11294
13067,Vivek Patel,Male,1991-06-21,7,114,2018-10-28,Active,Hyderabad,Bachelor's,13816
13068,Simran Shah,Female,1976-05-04,7,115,2018-12-19,Active,Hyderabad,Master's,14829
13069,Varun Nair,Male,1993-07-28,3,105,2020-09-09,Active,Bengaluru,Master's,10773
13070,Shreya Bansal,Female,1970-11-03,7,114,2021-12-28,Active,Hyderabad,Bachelor's,11682
13071,Kavya Sinha,Female,1987-05-19,5,110,2017-08-02,Active,Mumbai,Master's,14661
13072,Sneha Mishra,Female,1974-08-05,6,112,2023-02-22,Active,Pune,Bachelor's,11478
13073,Aarav Mishra,Male,1998-11-13,4,108,2022-04-16,Active,Delhi,Master's,12600
13074,Ankit Bansal,Male,1976-10-06,2,104,2021-10-29,Active,Mumbai,Master's,12023
13075,Sneha Mehta,Female,1996-01-11,4,108,2019-12-22,Active,Delhi,Bachelor's,13960
13076,Kavya Bansal,Female,1990-04-09,4,108,2018-10-03,Active,Delhi,Bachelor's,13748
13077,Tanya Verma,Female,1971-05-15,4,109,2022-04-11,Active,Delhi,PhD,14726
13078,Manish Reddy,Male,1996-01-15,2,103,2019-12-02,Active,Mumbai,Bachelor's,12049
13079,Karan Shah,Male,1997-04-28,8,117,2022-06-02,Active,Pune,PhD,12054
13080,Aanya Kumar,Female,1982-06-07,3,106,2023-07-12,Active,Bengaluru,Master's,11756
13081,Shreya Agarwal,Female,1999-07-08,3,105,2023-08-29,Active,Bengaluru,Diploma,12637
13082,Isha Mishra,Female,1984-05-22,4,108,2023-09-24,Active,Delhi,Bachelor's,14466
13083,Siddharth Desai,Male,1995-11-27,4,109,2025-03-13,Active,Delhi,Bachelor's,10631
13084,Aanya Reddy,Female,1969-02-12,4,109,2018-12-19,Terminated,Delhi,Master's,11932
13085,Ananya Patel,Female,1996-10-28,6,113,2018-12-14,Active,Pune,Bachelor's,10819
13086,Meera Chopra,Female,1983-02-14,4,108,2020-12-20,Active,Delhi,Bachelor's,14955
13087,Aditya Kapoor,Male,1965-03-20,5,110,2017-04-01,Active,Mumbai,Master's,12456
13088,Akash Sharma,Male,1971-06-22,6,112,2018-02-04,Active,Pune,Diploma,11085
13089,Nisha Nair,Female,1986-03-17,1,101,2025-09-11,Active,Delhi,Bachelor's,14093
13090,Manish Nair,Male,1998-03-20,4,108,2017-05-31,Active,Delhi,Bachelor's,12144
13091,Ankit Kapoor,Male,1974-09-10,7,115,2023-05-15,Active,Hyderabad,Diploma,13816
13092,Isha Kapoor,Female,1990-08-13,1,101,2016-03-13,Active,Delhi,Diploma,10962
13093,Rahul Kapoor,Male,1996-04-23,3,105,2018-11-21,Active,Bengaluru,Bachelor's,13595
13094,Priya Kumar,Female,1991-09-18,7,115,2018-07-20,Active,Hyderabad,Bachelor's,13585
13095,Rohan Mehta,Male,1976-03-17,3,105,2023-03-11,Active,Bengaluru,Bachelor's,11738
13096,Tanya Malhotra,Female,1987-08-18,4,108,2021-02-11,Active,Delhi,Master's,10261
13097,Neha Verma,Female,1978-07-23,8,116,2021-02-23,Active,Pune,Master's,14905
13098,Arjun Joshi,Male,1998-11-03,3,106,2020-07-28,Active,Bengaluru,Bachelor's,11721
13099,Aarav Kapoor,Male,1981-02-19,1,101,2018-02-27,Resigned,Delhi,Bachelor's,14148
13100,Varun Verma,Male,1970-12-24,7,114,2023-01-04,Active,Hyderabad,Bachelor's,14219
13101,Nikhil Desai,Male,1991-12-25,7,114,2017-07-13,Active,Hyderabad,Bachelor's,12868
13102,Aanya Singh,Female,1972-11-08,4,109,2017-09-25,Active,Delhi,Bachelor's,12758
13103,Shreya Bansal,Female,1997-11-02,4,109,2021-07-28,Active,Delhi,Master's,11944
13104,Siddharth Kapoor,Male,1999-12-09,6,112,2024-11-06,Active,Pune,Bachelor's,14057
13105,Yash Patel,Male,1981-06-12,6,112,2020-08-21,Active,Pune,Bachelor's,12858
13106,Mohit Reddy,Male,1990-02-25,3,107,2025-04-21,Active,Bengaluru,Master's,10840
13107,Meera Patel,Female,1971-05-22,1,101,2022-03-09,Terminated,Delhi,Master's,10962
13108,Arjun Malhotra,Male,1988-01-16,4,109,2023-02-05,Resigned,Delhi,PhD,12685
13109,Pooja Nair,Female,1989-12-02,7,115,2020-05-22,Active,Hyderabad,Bachelor's,11398
13110,Divya Iyer,Female,1999-01-20,7,114,2019-02-24,Active,Hyderabad,Diploma,11797
13111,Divya Mehta,Female,1990-02-13,8,117,2016-06-19,Active,Pune,Bachelor's,11304
13112,Aarav Gupta,Male,1969-01-19,7,115,2016-03-25,Active,Hyderabad,Bachelor's,12538
13113,Shreya Kapoor,Female,2002-04-20,4,108,2024-04-29,Active,Delhi,Bachelor's,12777
13114,Aarav Agarwal,Male,1999-03-02,4,108,2021-11-05,Active,Delhi,Master's,11367
13115,Ankit Sharma,Male,1994-12-24,6,112,2022-03-04,Active,Pune,Master's,13246
13116,Shreya Singh,Female,1989-10-13,6,112,2019-05-22,Resigned,Pune,Bachelor's,13248
13117,Kavya Chopra,Female,1988-11-18,4,109,2021-04-23,Active,Delhi,Bachelor's,13517
13118,Rahul Agarwal,Male,1994-05-23,2,103,2022-03-20,Active,Mumbai,Master's,14352
13119,Aarav Patel,Male,1984-09-12,7,114,2018-07-06,Active,Hyderabad,Bachelor's,12124
13120,Aditya Gupta,Male,1967-03-01,4,108,2020-12-05,Active,Delhi,Master's,11447
13121,Rahul Sinha,Male,1996-09-01,3,105,2022-05-01,Active,Bengaluru,Master's,13378
13122,Rohan Mishra,Male,1972-08-18,5,111,2023-05-04,Active,Mumbai,PhD,13819
13123,Ankit Shah,Male,1987-07-28,5,110,2022-10-19,Active,Mumbai,Master's,10418
13124,Rohan Sharma,Male,1980-03-06,3,107,2024-11-16,Active,Bengaluru,Bachelor's,11717
13125,Simran Malhotra,Female,1999-06-04,6,113,2016-06-21,Resigned,Pune,Master's,13203
13126,Pooja Reddy,Female,1989-08-12,3,105,2024-06-25,Terminated,Bengaluru,Bachelor's,13633
13127,Riya Verma,Female,1979-12-05,3,105,2016-07-04,Active,Bengaluru,Bachelor's,13986
13128,Mohit Iyer,Male,1972-07-21,3,105,2021-05-17,Active,Bengaluru,Bachelor's,13750
13129,Shreya Patel,Female,1998-12-04,6,113,2025-09-16,Resigned,Pune,Bachelor's,14612
13130,Simran Shah,Female,1989-06-19,8,116,2018-05-08,Active,Pune,Bachelor's,10841
13131,Aanya Sinha,Female,1983-06-06,6,112,2018-09-09,Active,Pune,Bachelor's,11533
13132,Ananya Singh,Female,1977-11-27,8,116,2022-07-18,Active,Pune,Bachelor's,14497
13133,Tanya Desai,Female,1976-06-14,2,104,2019-09-18,Active,Mumbai,PhD,10785
13134,Nikhil Kumar,Male,1979-11-03,1,101,2021-01-07,Active,Delhi,Bachelor's,13496
13135,Siddharth Bansal,Male,1987-08-04,4,108,2025-10-13,Active,Delhi,Bachelor's,12085
13136,Divya Desai,Female,1966-11-16,3,107,2025-06-05,Active,Bengaluru,Bachelor's,12940
13137,Sneha Chopra,Female,1987-02-07,6,113,2020-10-31,Active,Pune,Bachelor's,14143
13138,Aanya Kapoor,Female,1969-11-08,5,111,2020-11-09,Active,Mumbai,Master's,10065
13139,Yash Sinha,Male,1998-11-20,8,116,2017-08-09,Active,Pune,Master's,12698
13140,Karan Singh,Male,1974-06-24,3,107,2022-05-04,Active,Bengaluru,Bachelor's,14693
13141,Akash Mishra,Male,1991-05-25,4,109,2021-09-05,Resigned,Delhi,Bachelor's,13000
13142,Divya Gupta,Female,1968-06-06,4,108,2021-05-05,Active,Delhi,Master's,10389
13143,Aanya Chopra,Female,1968-12-02,3,106,2016-02-01,Resigned,Bengaluru,Diploma,11776
13144,Arjun Gupta,Male,1972-07-09,5,111,2022-10-13,Active,Mumbai,Bachelor's,13123
13145,Akash Iyer,Male,1970-05-14,4,108,2024-03-29,Active,Delhi,Master's,13425
13146,Rohan Bansal,Male,1989-05-28,4,109,2018-08-19,Active,Delhi,Master's,12278
13147,Pooja Patel,Female,1991-11-05,3,105,2017-07-20,Active,Bengaluru,Diploma,11189
13148,Isha Malhotra,Female,1984-01-05,1,101,2021-03-30,Active,Delhi,Bachelor's,12141
13149,Aanya Shah,Female,1991-10-24,4,108,2016-05-25,Active,Delhi,Master's,11447
13150,Rohan Iyer,Male,1971-03-09,3,106,2020-12-03,Terminated,Bengaluru,Bachelor's,11774
13151,Nisha Mishra,Female,1987-09-22,1,101,2022-11-03,Resigned,Delhi,Master's,14618
13152,Vivek Gupta,Male,1984-04-20,3,106,2024-08-01,Active,Bengaluru,Diploma,13008
13153,Sneha Kumar,Female,1998-11-17,3,105,2020-08-09,Active,Bengaluru,Bachelor's,13606
13154,Ankit Shah,Male,1993-10-05,3,107,2024-01-01,Active,Bengaluru,Bachelor's,12875
13155,Varun Kapoor,Male,1969-05-21,2,103,2024-03-31,Active,Mumbai,Master's,11538
13156,Sneha Singh,Female,1991-12-17,4,108,2017-05-24,Active,Delhi,Master's,10623
13157,Aanya Shah,Female,1976-01-10,5,110,2016-07-13,Active,Mumbai,Master's,13705
13158,Ankit Singh,Male,1981-12-18,5,111,2019-12-10,Active,Mumbai,Bachelor's,11977
13159,Pooja Agarwal,Female,2001-01-24,6,113,2024-12-13,Active,Pune,Master's,13287
13160,Rohan Agarwal,Male,1998-12-12,4,108,2016-01-16,Active,Delhi,Master's,11903
13161,Varun Agarwal,Male,1994-04-06,4,109,2024-07-30,Terminated,Delhi,Bachelor's,11950
13162,Vivek Bansal,Male,2000-08-14,6,113,2019-01-26,Active,Pune,PhD,10533
13163,Siddharth Malhotra,Male,1970-05-22,4,108,2019-01-09,Active,Delhi,Master's,10845
13164,Mohit Kapoor,Male,1996-04-22,5,111,2019-10-30,Active,Mumbai,PhD,13998
13165,Rohan Gupta,Male,1996-06-03,4,109,2022-04-27,Active,Delhi,Master's,12495
13166,Aditya Mishra,Male,1973-04-22,3,105,2023-07-08,Resigned,Bengaluru,Master's,11715
13167,Sneha Kapoor,Female,1986-08-14,6,113,2025-03-03,Active,Pune,Master's,11966
13168,Ankit Agarwal,Male,1974-07-04,2,104,2024-11-09,Terminated,Mumbai,Bachelor's,10478
13169,Riya Kumar,Female,1993-03-11,3,106,2023-02-24,Active,Bengaluru,Master's,12792
13170,Aditya Agarwal,Male,1975-08-16,3,105,2023-02-07,Resigned,Bengaluru,Bachelor's,12928
13171,Meera Bansal,Female,1992-06-12,3,107,2021-11-19,Active,Bengaluru,Master's,12444
13172,Arjun Shah,Male,1966-08-25,3,105,2021-05-29,Resigned,Bengaluru,Master's,11394
13173,Vivek Gupta,Male,1985-09-10,4,108,2019-03-05,Active,Delhi,Master's,11532
13174,Yash Chopra,Male,1995-11-09,6,112,2025-03-04,Active,Pune,Master's,14379
13175,Arjun Chopra,Male,1981-10-17,6,113,2017-05-02,Active,Pune,Bachelor's,11712
13176,Rahul Chopra,Male,1991-12-14,3,106,2024-11-03,Resigned,Bengaluru,Bachelor's,13743
13177,Simran Mehta,Female,1994-03-09,8,116,2024-06-28,Resigned,Pune,Diploma,12783
13178,Meera Sinha,Female,1972-04-26,5,110,2019-02-25,Active,Mumbai,Bachelor's,13299
13179,Meera Sinha,Female,2001-12-18,3,105,2018-01-24,Active,Bengaluru,Master's,12784
13180,Divya Iyer,Female,1969-01-05,6,113,2019-10-28,Active,Pune,Bachelor's,12118
13181,Nikhil Desai,Male,1990-04-21,6,113,2019-04-07,Active,Pune,Bachelor's,12350
13182,Vivek Iyer,Male,1970-11-21,6,113,2018-06-12,Resigned,Pune,Bachelor's,11837
13183,Siddharth Mehta,Male,1980-08-06,3,106,2024-01-18,Active,Bengaluru,Bachelor's,12315
13184,Vivek Desai,Male,1965-03-16,4,108,2020-11-26,Active,Delhi,Master's,13249
13185,Karan Sinha,Male,1973-09-08,7,115,2024-06-15,Active,Hyderabad,Master's,11853
13186,Siddharth Gupta,Male,1985-09-04,4,108,2024-05-05,Resigned,Delhi,Diploma,13332
13187,Nikhil Sinha,Male,1971-08-27,5,110,2016-02-03,Active,Mumbai,Master's,11968
13188,Ankit Mishra,Male,1979-03-21,4,109,2025-02-16,Active,Delhi,Bachelor's,11311
13189,Aanya Iyer,Female,1988-07-16,7,115,2019-02-10,Terminated,Hyderabad,Master's,14171
13190,Nisha Mishra,Female,1969-01-17,3,106,2019-04-27,Active,Bengaluru,Bachelor's,14919
13191,Rahul Patel,Male,2002-03-20,4,109,2016-12-10,Active,Delhi,PhD,10923
13192,Isha Chopra,Female,1993-01-24,2,104,2025-07-09,Active,Mumbai,Diploma,11917
13193,Priya Mehta,Female,1975-02-27,5,111,2021-09-15,Active,Mumbai,Master's,12225
13194,Rahul Joshi,Male,1968-05-16,6,113,2016-11-26,Resigned,Pune,Bachelor's,11292
13195,Yash Mishra,Male,1974-06-11,1,102,2016-02-04,Active,Delhi,Diploma,10706
13196,Karan Chopra,Male,1998-06-06,5,110,2023-06-20,Active,Mumbai,Diploma,13607
13197,Neha Malhotra,Female,1968-11-01,3,107,2023-11-07,Active,Bengaluru,Bachelor's,11722
13198,Ananya Singh,Female,1974-03-03,2,104,2020-10-08,Active,Mumbai,Master's,14582
13199,Ankit Reddy,Male,1997-08-22,3,105,2022-07-09,Active,Bengaluru,Diploma,14769
13200,Yash Singh,Male,1982-02-13,3,107,2018-02-04,Active,Bengaluru,Master's,13871
13201,Vivek Mishra,Male,1976-01-20,3,107,2017-05-25,Active,Bengaluru,Master's,13993
13202,Manish Singh,Male,1987-01-05,3,107,2022-01-15,Resigned,Bengaluru,Bachelor's,13127
13203,Vivek Patel,Male,1989-12-11,6,112,2017-03-16,Active,Pune,Diploma,14460
13204,Divya Mishra,Female,2001-08-26,6,113,2022-07-12,Active,Pune,Master's,14562
13205,Isha Malhotra,Female,1968-02-08,5,110,2021-10-27,Active,Mumbai,Bachelor's,11992
13206,Ananya Chopra,Female,1977-08-22,1,102,2020-08-25,Active,Delhi,Bachelor's,13011
13207,Ananya Bansal,Female,1982-08-13,7,114,2016-03-06,Active,Hyderabad,Master's,12868
13208,Riya Kapoor,Female,1993-02-23,5,111,2021-07-28,Resigned,Mumbai,Bachelor's,10507
13209,Yash Singh,Male,1994-12-08,1,101,2023-08-31,Active,Delhi,Bachelor's,13514
13210,Priya Shah,Female,2002-04-14,6,113,2019-06-13,Active,Pune,Diploma,13162
13211,Manish Chopra,Male,1992-09-11,3,106,2019-07-22,Active,Bengaluru,PhD,12336
13212,Tanya Nair,Female,1971-06-12,4,109,2016-09-09,Active,Delhi,Bachelor's,11653
13213,Aarav Mishra,Male,1988-03-16,4,108,2019-02-24,Resigned,Delhi,PhD,12368
13214,Tanya Patel,Female,1974-04-12,3,105,2020-11-04,Active,Bengaluru,Bachelor's,14259
13215,Manish Kumar,Male,2001-04-17,7,115,2020-10-24,Active,Hyderabad,Bachelor's,13458
13216,Vivek Gupta,Male,1991-10-17,4,109,2021-06-13,Active,Delhi,Master's,13718
13217,Varun Singh,Male,1985-01-20,1,102,2021-02-11,Active,Delhi,Bachelor's,10941
13218,Aarav Singh,Male,2000-01-22,8,116,2018-06-24,Resigned,Pune,Bachelor's,10339
13219,Aanya Mehta,Female,1993-02-17,7,114,2018-05-02,Active,Hyderabad,Diploma,10291
13220,Riya Patel,Female,1971-07-22,5,110,2020-12-22,Active,Mumbai,PhD,14422
13221,Akash Verma,Male,1977-01-12,4,109,2022-04-07,Active,Delhi,Diploma,12554
13222,Varun Reddy,Male,1987-10-12,2,103,2025-11-08,Active,Mumbai,Master's,12713
13223,Karan Agarwal,Male,1989-09-22,6,113,2020-11-27,Active,Pune,Bachelor's,12398
13224,Aditya Patel,Male,1977-02-07,1,102,2024-09-07,Active,Delhi,Diploma,10221
13225,Vivek Agarwal,Male,2001-03-15,1,102,2025-12-11,Active,Delhi,Diploma,13209
13226,Aanya Kapoor,Female,1994-07-14,4,109,2018-10-28,Active,Delhi,Master's,13659
13227,Aditya Agarwal,Male,1990-09-05,2,104,2016-02-25,Active,Mumbai,Master's,12753
13228,Ankit Reddy,Male,1976-01-16,1,101,2022-07-21,Active,Delhi,Master's,13217
13229,Ankit Shah,Male,1965-05-24,4,108,2018-12-25,Active,Delhi,Bachelor's,12277
13230,Siddharth Desai,Male,1982-08-19,2,104,2023-11-05,Active,Mumbai,Bachelor's,11426
13231,Arjun Mishra,Male,1985-04-12,2,104,2024-04-01,Active,Mumbai,Master's,11917
13232,Priya Patel,Female,1988-08-08,1,101,2019-12-25,Active,Delhi,Master's,11563
13233,Arjun Gupta,Male,1981-07-06,3,107,2020-08-28,Active,Bengaluru,Master's,10549
13234,Siddharth Reddy,Male,1973-04-26,6,113,2021-02-25,Active,Pune,Bachelor's,13464
13235,Vivek Iyer,Male,1992-09-02,6,112,2020-01-27,Active,Pune,PhD,12247
13236,Karan Nair,Male,1979-02-01,4,108,2025-04-05,Active,Delhi,Diploma,13082
13237,Akash Kumar,Male,1977-11-15,4,108,2020-11-14,Active,Delhi,Diploma,11614
13238,Riya Sinha,Female,1992-12-03,1,101,2018-11-21,Terminated,Delhi,Master's,14077
13239,Tanya Sinha,Female,1981-03-20,1,102,2023-11-05,Active,Delhi,Master's,14908
13240,Aarav Agarwal,Male,1973-03-10,3,105,2023-09-12,Active,Bengaluru,Bachelor's,10430
13241,Siddharth Patel,Male,1985-06-09,4,108,2016-07-19,Active,Delhi,Master's,12400
13242,Rahul Kumar,Male,1994-08-22,6,112,2025-11-07,Active,Pune,Bachelor's,10443
13243,Arjun Kumar,Male,1975-08-24,5,111,2023-04-27,Active,Mumbai,Diploma,13810
13244,Divya Agarwal,Female,1994-10-22,3,106,2019-12-23,Active,Bengaluru,Master's,12795
13245,Ananya Malhotra,Female,2000-02-05,2,103,2018-03-10,Active,Mumbai,Bachelor's,11363
13246,Ankit Gupta,Male,1989-04-12,6,112,2021-04-08,Active,Pune,Bachelor's,13588
13247,Nikhil Mishra,Male,1971-06-02,3,105,2022-06-18,Active,Bengaluru,Bachelor's,12145
13248,Siddharth Singh,Male,1984-04-16,6,112,2023-06-26,Active,Pune,Bachelor's,14152
13249,Aanya Mishra,Female,1999-08-14,4,109,2022-02-04,Active,Delhi,Diploma,14270
13250,Sneha Mishra,Female,1974-01-19,6,112,2021-03-14,Active,Pune,Master's,12961
13251,Siddharth Mehta,Male,1999-04-18,7,114,2023-08-02,Active,Hyderabad,Bachelor's,13252
13252,Yash Sharma,Male,1965-12-02,7,115,2018-03-26,Active,Hyderabad,Bachelor's,13551
13253,Isha Malhotra,Female,1978-06-06,4,108,2016-04-01,Active,Delhi,Master's,13096
13254,Varun Bansal,Male,1969-03-08,4,108,2019-12-26,Active,Delhi,Master's,14809
13255,Vivek Mehta,Male,2002-12-03,3,105,2016-03-06,Active,Bengaluru,Master's,10990
13256,Nikhil Reddy,Male,1998-02-21,7,114,2020-05-26,Active,Hyderabad,Bachelor's,14371
13257,Isha Joshi,Female,1988-07-01,4,109,2023-08-29,Active,Delhi,Bachelor's,11019
13258,Rohan Kumar,Male,1968-02-18,2,104,2023-12-01,Terminated,Mumbai,Master's,12319
13259,Rahul Iyer,Male,1991-08-26,4,108,2024-11-20,Active,Delhi,Bachelor's,14758
13260,Priya Sinha,Female,1969-06-14,2,104,2022-06-10,Resigned,Mumbai,Diploma,10317
13261,Arjun Chopra,Male,1977-04-04,4,109,2021-12-10,Resigned,Delhi,Master's,12393
13262,Rahul Kapoor,Male,1985-05-03,4,109,2025-03-12,Active,Delhi,Bachelor's,11071
13263,Varun Mishra,Male,2001-12-20,3,107,2024-04-03,Active,Bengaluru,PhD,11874
13264,Karan Mehta,Male,1996-12-20,1,101,2023-03-14,Active,Delhi,Master's,11786
13265,Isha Sinha,Female,2002-07-07,8,117,2024-03-01,Active,Pune,Master's,12263
13266,Ankit Shah,Male,1995-01-12,6,113,2017-12-24,Active,Pune,Master's,14015
13267,Varun Mehta,Male,1996-03-15,6,113,2017-11-05,Active,Pune,Bachelor's,11108
13268,Tanya Bansal,Female,1979-09-22,3,105,2017-12-13,Active,Bengaluru,Master's,11190
13269,Nisha Iyer,Female,1994-06-20,6,113,2020-07-23,Active,Pune,Master's,12584
13270,Divya Nair,Female,1971-10-09,4,108,2019-05-03,Active,Delhi,Diploma,13321
13271,Manish Singh,Male,2002-12-03,3,107,2017-09-06,Active,Bengaluru,Master's,11142
13272,Yash Reddy,Male,1995-08-06,2,103,2020-10-11,Terminated,Mumbai,Master's,14960
13273,Sneha Malhotra,Female,1990-12-02,3,107,2016-01-03,Active,Bengaluru,PhD,14702
13274,Karan Joshi,Male,2000-03-14,2,103,2025-03-02,Active,Mumbai,Master's,10165
13275,Aanya Joshi,Female,1990-01-03,8,116,2021-07-24,Active,Pune,Bachelor's,10661
13276,Isha Joshi,Female,1966-04-15,1,101,2024-11-18,Active,Delhi,Bachelor's,12597
13277,Ananya Joshi,Female,1973-06-26,4,109,2018-10-12,Active,Delhi,Bachelor's,14288
13278,Ankit Mishra,Male,1969-07-19,4,108,2016-02-18,Active,Delhi,Bachelor's,13427
13279,Rohan Shah,Male,1991-11-13,3,106,2018-08-07,Active,Bengaluru,Bachelor's,14900
13280,Isha Nair,Female,1976-07-20,4,109,2017-09-10,Active,Delhi,Bachelor's,12894
13281,Karan Patel,Male,1999-01-17,2,104,2020-06-21,Active,Mumbai,Master's,13863
13282,Yash Joshi,Male,1993-08-10,6,113,2023-09-05,Active,Pune,Bachelor's,10531
13283,Simran Reddy,Female,1980-07-20,3,105,2024-10-12,Active,Bengaluru,Bachelor's,13166
13284,Ananya Mishra,Female,1983-01-22,5,110,2022-06-24,Active,Mumbai,Bachelor's,11807
13285,Rohan Kapoor,Male,1991-11-12,6,113,2018-03-09,Active,Pune,Master's,10318
13286,Rohan Gupta,Male,1982-11-10,7,115,2019-11-21,Active,Hyderabad,PhD,10957
13287,Varun Reddy,Male,1977-07-22,6,113,2019-02-07,Active,Pune,Master's,11032
13288,Tanya Kapoor,Female,1994-12-22,5,110,2023-03-14,Resigned,Mumbai,Diploma,13705
13289,Aanya Reddy,Female,1990-08-15,3,107,2024-10-11,Active,Bengaluru,Bachelor's,12641
13290,Rahul Singh,Male,1970-06-18,4,108,2019-12-27,Active,Delhi,Master's,14314
13291,Rahul Kumar,Male,1967-07-13,6,113,2017-09-28,Active,Pune,Bachelor's,11122
13292,Meera Desai,Female,1987-10-16,7,114,2025-11-21,Active,Hyderabad,PhD,13957
13293,Aarav Reddy,Male,1976-04-11,2,103,2023-06-28,Active,Mumbai,Diploma,14023
13294,Nikhil Joshi,Male,1979-11-19,3,107,2016-08-29,Resigned,Bengaluru,Bachelor's,12053
13295,Shreya Mishra,Female,1965-08-10,6,113,2025-05-30,Active,Pune,Bachelor's,14647
13296,Manish Shah,Male,1972-12-28,4,109,2022-12-28,Active,Delhi,Master's,11527
13297,Sneha Verma,Female,1995-05-20,3,106,2023-12-23,Active,Bengaluru,Bachelor's,13423
13298,Akash Kumar,Male,1975-11-20,3,105,2023-04-11,Resigned,Bengaluru,Bachelor's,14018
13299,Vivek Shah,Male,1981-05-28,5,111,2025-10-12,Active,Mumbai,Bachelor's,13360
13300,Kavya Patel,Female,1991-04-19,8,116,2025-10-24,Terminated,Pune,Bachelor's,11659
13301,Ankit Joshi,Male,1995-04-10,4,108,2016-05-24,Active,Delhi,PhD,11881
13302,Priya Reddy,Female,1991-05-28,3,107,2016-03-17,Active,Bengaluru,Bachelor's,12586
13303,Manish Mishra,Male,1978-02-07,2,103,2021-05-02,Active,Mumbai,Bachelor's,12023
13304,Nikhil Desai,Male,1987-05-09,1,102,2023-06-08,Active,Delhi,Bachelor's,13463
13305,Arjun Patel,Male,1969-06-27,4,108,2016-11-06,Active,Delhi,Bachelor's,11581
13306,Arjun Joshi,Male,1994-01-25,4,109,2025-04-04,Active,Delhi,Bachelor's,13142
13307,Siddharth Agarwal,Male,1998-05-16,3,105,2018-07-28,Active,Bengaluru,Bachelor's,11136
13308,Vivek Reddy,Male,1983-09-17,5,110,2017-11-17,Active,Mumbai,Master's,10452
13309,Manish Patel,Male,1995-02-03,6,113,2019-02-18,Active,Pune,Master's,13351
13310,Aditya Mishra,Male,1980-12-05,3,105,2021-03-05,Active,Bengaluru,Bachelor's,13993
13311,Meera Mishra,Female,1991-06-21,3,105,2019-06-25,Active,Bengaluru,Master's,13747
13312,Divya Kumar,Female,1990-01-20,8,117,2017-02-22,Active,Pune,Master's,10432
13313,Priya Chopra,Female,2003-06-04,3,107,2021-09-14,Active,Bengaluru,Bachelor's,11862
13314,Karan Desai,Male,1993-04-21,6,112,2020-09-19,Active,Pune,Bachelor's,13603
13315,Manish Sinha,Male,2003-08-21,4,109,2022-02-02,Active,Delhi,Master's,11904
13316,Meera Malhotra,Female,1993-07-08,6,112,2023-11-29,Active,Pune,Master's,14966
13317,Nikhil Nair,Male,1995-06-22,6,113,2018-08-26,Active,Pune,Bachelor's,12920
13318,Rahul Chopra,Male,1966-02-10,5,111,2017-06-18,Active,Mumbai,Bachelor's,12072
13319,Ananya Singh,Female,1970-05-17,7,115,2019-02-21,Active,Hyderabad,Bachelor's,14169
13320,Riya Mehta,Female,1973-09-07,7,114,2021-08-09,Active,Hyderabad,Bachelor's,10342
13321,Vivek Mishra,Male,1979-02-06,4,108,2017-06-17,Resigned,Delhi,Master's,11441
13322,Siddharth Kapoor,Male,1984-10-09,3,105,2021-11-01,Active,Bengaluru,Master's,12639
13323,Simran Reddy,Female,1966-12-05,3,106,2018-01-22,Active,Bengaluru,Master's,12765
13324,Aanya Nair,Female,1967-03-11,6,112,2021-01-11,Active,Pune,Bachelor's,13879
13325,Isha Singh,Female,1994-10-16,5,111,2022-05-06,Active,Mumbai,Bachelor's,11781
13326,Aanya Singh,Female,1972-11-20,2,103,2021-11-19,Resigned,Mumbai,Master's,14178
13327,Ananya Singh,Female,1985-03-01,1,102,2018-12-29,Active,Delhi,Bachelor's,11133
13328,Aarav Malhotra,Male,2003-10-11,5,111,2022-12-17,Active,Mumbai,Master's,10858
13329,Akash Iyer,Male,1977-07-08,3,105,2022-04-02,Active,Bengaluru,Master's,14366
13330,Shreya Singh,Female,2001-02-24,4,109,2025-03-06,Resigned,Delhi,Master's,12244
13331,Neha Shah,Female,1996-12-25,6,112,2021-07-07,Active,Pune,Master's,13159
13332,Kavya Mishra,Female,1978-07-11,4,108,2019-08-13,Active,Delhi,Master's,12609
13333,Vivek Patel,Male,1965-01-16,2,103,2018-05-03,Active,Mumbai,Bachelor's,14090
13334,Ankit Mishra,Male,1991-04-23,3,105,2022-06-14,Active,Bengaluru,Master's,11605
13335,Divya Sharma,Female,1988-06-11,3,107,2023-04-22,Resigned,Bengaluru,Bachelor's,12905
13336,Kavya Kumar,Female,1986-08-06,3,106,2020-10-19,Active,Bengaluru,PhD,14100
13337,Nisha Mishra,Female,1978-10-06,4,108,2020-11-10,Resigned,Delhi,Bachelor's,12144
13338,Neha Mishra,Female,1972-10-22,4,109,2025-09-06,Resigned,Delhi,Bachelor's,10358
13339,Kavya Iyer,Female,1991-07-05,3,107,2017-09-09,Active,Bengaluru,Master's,13911
13340,Aanya Malhotra,Female,1967-12-27,1,102,2019-11-24,Active,Delhi,Master's,13005
13341,Priya Shah,Female,1997-09-07,2,104,2024-09-24,Active,Mumbai,Master's,10618
13342,Isha Sinha,Female,1985-01-27,8,116,2022-08-21,Resigned,Pune,Diploma,11425
13343,Sneha Kapoor,Female,1996-12-28,4,109,2021-11-24,Active,Delhi,Master's,14303
13344,Mohit Shah,Male,1996-09-11,7,114,2025-04-16,Active,Hyderabad,Bachelor's,10172
13345,Rohan Sinha,Male,1988-06-27,7,114,2025-04-22,Resigned,Hyderabad,Bachelor's,14043
13346,Aanya Chopra,Female,1975-08-25,4,108,2022-07-14,Active,Delhi,Master's,10166
13347,Karan Desai,Male,2001-11-11,5,111,2018-08-07,Resigned,Mumbai,Master's,13220
13348,Rahul Mehta,Male,1985-02-02,3,106,2020-10-01,Active,Bengaluru,Bachelor's,12855
13349,Aditya Desai,Male,1982-05-14,5,111,2022-10-19,Active,Mumbai,Bachelor's,14996
13350,Ankit Sinha,Male,1975-05-28,3,105,2017-04-25,Active,Bengaluru,Master's,12061
13351,Rahul Shah,Male,1991-10-10,6,112,2021-04-05,Active,Pune,Master's,12821
13352,Vivek Patel,Male,2002-02-26,2,104,2025-08-28,Active,Mumbai,Bachelor's,13258
13353,Aanya Joshi,Female,1965-04-09,6,113,2017-09-21,Resigned,Pune,Master's,14872
13354,Vivek Verma,Male,1993-04-17,2,103,2020-08-30,Active,Mumbai,Master's,10185
13355,Siddharth Joshi,Male,1985-05-02,7,115,2020-12-06,Active,Hyderabad,Bachelor's,10951
13356,Vivek Mehta,Male,1993-06-01,3,107,2018-01-26,Active,Bengaluru,Diploma,11358
13357,Neha Nair,Female,1973-07-07,5,111,2021-03-10,Active,Mumbai,Bachelor's,14793
13358,Vivek Mishra,Male,1971-04-09,4,109,2025-02-18,Active,Delhi,Master's,13513
13359,Divya Bansal,Female,2002-03-05,3,106,2022-10-28,Active,Bengaluru,Bachelor's,11414
13360,Aanya Patel,Female,1995-05-24,5,110,2019-07-06,Resigned,Mumbai,Master's,13947
13361,Divya Kumar,Female,1991-10-10,8,116,2016-01-28,Resigned,Pune,Master's,10403
13362,Yash Joshi,Male,1996-04-17,1,102,2024-08-06,Active,Delhi,Master's,10170
13363,Divya Nair,Female,1969-11-21,7,115,2016-06-28,Active,Hyderabad,Diploma,14907
13364,Aarav Kumar,Male,1997-01-19,5,111,2024-01-23,Active,Mumbai,Diploma,13679
13365,Sneha Patel,Female,1979-06-01,6,113,2021-02-06,Resigned,Pune,Master's,11021
13366,Meera Agarwal,Female,1969-10-14,3,106,2024-11-04,Resigned,Bengaluru,Master's,14751
13367,Manish Mishra,Male,1984-03-23,4,109,2022-07-20,Resigned,Delhi,Bachelor's,13086
13368,Yash Nair,Male,2002-02-22,7,115,2022-02-27,Active,Hyderabad,Bachelor's,12185
13369,Yash Reddy,Male,2001-07-28,3,107,2017-02-27,Active,Bengaluru,Master's,14814
13370,Aanya Agarwal,Female,1981-12-02,4,108,2023-12-13,Active,Delhi,Bachelor's,11678
13371,Aditya Kapoor,Male,1968-11-16,1,101,2023-09-13,Active,Delhi,Master's,11811
13372,Shreya Mishra,Female,1985-11-05,2,103,2021-09-13,Active,Mumbai,Bachelor's,10304
13373,Arjun Reddy,Male,1998-10-28,5,111,2025-10-23,Resigned,Mumbai,Master's,11673
13374,Pooja Desai,Female,1969-10-17,6,112,2024-12-30,Active,Pune,Bachelor's,13250
13375,Isha Shah,Female,1968-03-14,4,108,2022-06-24,Resigned,Delhi,Master's,13718
13376,Meera Sinha,Female,1986-01-28,2,104,2016-05-26,Resigned,Mumbai,Bachelor's,10577
13377,Kavya Shah,Female,1978-03-04,4,108,2018-01-16,Resigned,Delhi,Bachelor's,11257
13378,Varun Bansal,Male,1968-12-28,3,107,2023-08-06,Active,Bengaluru,Bachelor's,12191
13379,Varun Verma,Male,1972-05-20,4,108,2020-07-20,Active,Delhi,Master's,14809
13380,Neha Verma,Female,1967-04-25,7,114,2023-05-24,Active,Hyderabad,Bachelor's,10939
13381,Karan Desai,Male,1993-09-09,6,112,2024-02-22,Active,Pune,Bachelor's,13685
13382,Manish Gupta,Male,1990-11-05,2,104,2021-07-22,Active,Mumbai,PhD,14723
13383,Siddharth Mishra,Male,1994-11-13,7,115,2017-10-23,Active,Hyderabad,Bachelor's,10939
13384,Aarav Iyer,Male,1976-05-02,4,109,2024-06-06,Active,Delhi,Bachelor's,14954
13385,Siddharth Malhotra,Male,1979-06-02,6,112,2025-03-21,Resigned,Pune,Master's,14450
13386,Divya Malhotra,Female,1966-10-13,2,103,2024-08-10,Resigned,Mumbai,Master's,12227
13387,Karan Mishra,Male,1965-05-11,5,110,2016-07-15,Active,Mumbai,Bachelor's,10007
13388,Rohan Iyer,Male,1992-12-28,3,105,2017-08-30,Resigned,Bengaluru,Master's,14901
13389,Aditya Joshi,Male,1999-05-20,4,108,2018-03-25,Active,Delhi,Bachelor's,13229
13390,Kavya Bansal,Female,1998-05-07,1,101,2017-11-05,Active,Delhi,Bachelor's,13396
13391,Akash Nair,Male,1968-10-02,2,103,2016-09-01,Active,Mumbai,Bachelor's,14723
13392,Meera Patel,Female,1982-01-20,2,104,2021-06-07,Active,Mumbai,Bachelor's,10665
13393,Kavya Kapoor,Female,1976-07-01,3,106,2016-04-28,Active,Bengaluru,Bachelor's,10578
13394,Varun Mehta,Male,1985-04-15,2,103,2024-07-05,Active,Mumbai,Bachelor's,12401
13395,Sneha Sinha,Female,1974-06-06,5,111,2020-08-29,Active,Mumbai,Bachelor's,10220
13396,Aanya Gupta,Female,1985-01-07,1,102,2016-02-18,Resigned,Delhi,Bachelor's,13264
13397,Nisha Nair,Female,1989-05-22,5,111,2018-11-23,Resigned,Mumbai,Bachelor's,10641
13398,Priya Verma,Female,1981-01-07,2,103,2023-04-07,Resigned,Mumbai,Bachelor's,10058
13399,Rahul Sharma,Male,1970-04-03,8,117,2020-04-04,Active,Pune,Bachelor's,12004
13400,Isha Desai,Female,1978-12-27,7,115,2021-11-06,Active,Hyderabad,Bachelor's,11958
13401,Akash Kapoor,Male,2001-04-09,3,105,2016-11-13,Active,Bengaluru,Master's,13273
13402,Rahul Nair,Male,1982-05-12,5,111,2023-04-04,Active,Mumbai,Master's,14545
13403,Neha Sinha,Female,1994-05-08,1,102,2020-10-20,Resigned,Delhi,Master's,13509
13404,Aditya Mehta,Male,1973-07-19,7,115,2018-08-10,Active,Hyderabad,Master's,13067
13405,Aanya Bansal,Female,1978-01-28,4,108,2019-02-26,Resigned,Delhi,Bachelor's,11561
13406,Neha Bansal,Female,1981-11-13,1,101,2018-11-30,Active,Delhi,Master's,14588
13407,Isha Sharma,Female,1998-02-19,3,106,2023-10-28,Active,Bengaluru,Master's,10020
13408,Isha Singh,Female,1986-11-01,1,101,2017-08-13,Active,Delhi,Diploma,11331
13409,Ankit Sharma,Male,1996-01-08,3,105,2016-05-31,Active,Bengaluru,Master's,13356
13410,Siddharth Sinha,Male,1976-08-02,5,110,2017-11-29,Active,Mumbai,Diploma,14722
13411,Arjun Sharma,Male,1980-08-27,4,109,2016-10-07,Active,Delhi,Bachelor's,12242
13412,Siddharth Verma,Male,1986-02-13,3,107,2021-07-12,Active,Bengaluru,Bachelor's,11584
13413,Aarav Bansal,Male,2002-11-05,2,104,2024-05-30,Active,Mumbai,Master's,14163
13414,Vivek Kapoor,Male,2003-01-09,3,105,2024-02-29,Active,Bengaluru,Master's,10764
13415,Priya Sinha,Female,1966-04-10,2,103,2024-01-20,Active,Mumbai,Master's,12994
13416,Aanya Kapoor,Female,1972-11-18,6,113,2019-09-26,Active,Pune,Bachelor's,11475
13417,Rohan Mishra,Male,1965-01-06,2,103,2023-07-04,Active,Mumbai,Master's,11946
13418,Pooja Gupta,Female,1969-11-24,5,110,2025-08-05,Resigned,Mumbai,Diploma,11975
13419,Mohit Agarwal,Male,2000-04-01,3,107,2020-07-25,Active,Bengaluru,Bachelor's,14258
13420,Rahul Shah,Male,1981-01-22,3,105,2025-07-25,Active,Bengaluru,Master's,10806
13421,Priya Singh,Female,1994-02-05,5,111,2017-07-22,Active,Mumbai,Bachelor's,13947
13422,Pooja Mehta,Female,1979-02-09,4,108,2017-04-30,Active,Delhi,Diploma,10238
13423,Shreya Kapoor,Female,1984-02-05,3,107,2024-11-07,Active,Bengaluru,Bachelor's,13700
13424,Arjun Mehta,Male,2000-04-27,5,111,2016-04-05,Active,Mumbai,Bachelor's,13762
13425,Pooja Mishra,Female,1966-01-26,4,108,2016-04-21,Active,Delhi,Bachelor's,10053
13426,Priya Reddy,Female,1968-09-19,3,105,2018-04-21,Active,Bengaluru,Bachelor's,10685
13427,Pooja Shah,Female,1988-10-08,4,109,2019-06-01,Active,Delhi,Bachelor's,10756
13428,Kavya Chopra,Female,1966-04-11,5,111,2017-12-27,Active,Mumbai,Bachelor's,13395
13429,Divya Kapoor,Female,1966-09-05,1,101,2022-09-10,Active,Delhi,Diploma,12812
13430,Riya Agarwal,Female,1965-02-08,4,108,2022-09-14,Resigned,Delhi,Master's,12592
13431,Shreya Bansal,Female,1977-04-14,1,101,2021-03-17,Active,Delhi,Master's,13509
13432,Simran Singh,Female,1970-02-22,3,107,2020-12-01,Active,Bengaluru,Master's,13016
13433,Kavya Verma,Female,1986-01-24,4,108,2018-10-18,Active,Delhi,Master's,12409
13434,Karan Malhotra,Male,1981-09-23,7,115,2016-03-10,Active,Hyderabad,Bachelor's,14151
13435,Neha Sinha,Female,1986-09-18,7,115,2018-09-06,Active,Hyderabad,Master's,14384
13436,Arjun Singh,Male,1970-11-01,1,101,2018-01-17,Active,Delhi,Master's,11742
13437,Rohan Desai,Male,1967-07-04,3,106,2019-04-25,Active,Bengaluru,Diploma,14374
13438,Isha Joshi,Female,1970-10-08,4,109,2024-05-11,Active,Delhi,Diploma,13257
13439,Isha Mehta,Female,1981-03-23,2,103,2020-07-17,Active,Mumbai,Master's,14680
13440,Aanya Shah,Female,1999-07-27,6,113,2022-02-14,Active,Pune,Bachelor's,13843
13441,Ankit Agarwal,Male,2001-10-25,6,112,2021-05-16,Active,Pune,Master's,12991
13442,Siddharth Sharma,Male,1999-11-20,7,115,2021-08-04,Resigned,Hyderabad,Master's,10305
13443,Arjun Reddy,Male,1987-10-13,1,102,2016-06-20,Terminated,Delhi,Bachelor's,14790
13444,Neha Kumar,Female,1972-01-07,3,106,2017-12-19,Active,Bengaluru,Bachelor's,11914
13445,Isha Joshi,Female,1971-10-12,6,113,2016-04-06,Active,Pune,Master's,11773
13446,Meera Sinha,Female,1974-06-11,5,111,2018-12-07,Active,Mumbai,Bachelor's,13663
13447,Sneha Mishra,Female,1990-01-09,7,114,2018-08-28,Active,Hyderabad,Master's,10951
13448,Simran Shah,Female,1974-10-08,1,102,2020-07-14,Active,Delhi,Diploma,10221
13449,Neha Gupta,Female,1983-10-04,5,110,2020-03-29,Active,Mumbai,PhD,13601
13450,Rohan Iyer,Male,1987-05-24,4,109,2017-06-22,Active,Delhi,Bachelor's,13858
13451,Akash Mishra,Male,1995-02-06,1,102,2017-03-09,Active,Delhi,Master's,10856
13452,Pooja Reddy,Female,1997-10-18,4,109,2019-02-14,Resigned,Delhi,Diploma,10846
13453,Nisha Singh,Female,1966-12-11,5,110,2024-03-31,Active,Mumbai,Bachelor's,10234
13454,Manish Mehta,Male,1992-08-05,3,106,2018-03-17,Active,Bengaluru,Master's,12513
13455,Sneha Patel,Female,1996-12-26,3,105,2021-11-05,Active,Bengaluru,Diploma,14614
13456,Arjun Sinha,Male,1997-03-18,5,110,2024-11-10,Resigned,Mumbai,Bachelor's,12428
13457,Arjun Agarwal,Male,1973-04-08,4,108,2022-05-06,Resigned,Delhi,Bachelor's,12016
13458,Shreya Kapoor,Female,1993-01-10,7,115,2020-05-09,Active,Hyderabad,Bachelor's,12187
13459,Sneha Patel,Female,1979-03-01,3,106,2020-07-25,Active,Bengaluru,Bachelor's,13781
13460,Sneha Kumar,Female,1982-02-26,3,106,2017-12-22,Resigned,Bengaluru,Master's,12366
13461,Manish Kapoor,Male,1982-11-15,8,117,2021-10-11,Active,Pune,Bachelor's,14816
13462,Rohan Mehta,Male,1971-07-01,7,114,2018-10-07,Active,Hyderabad,Diploma,14972
13463,Priya Gupta,Female,1978-09-08,1,101,2020-08-03,Resigned,Delhi,Bachelor's,14561
13464,Riya Reddy,Female,1993-01-10,6,113,2020-08-05,Resigned,Pune,Master's,10730
13465,Ankit Kapoor,Male,1983-01-18,2,103,2019-03-04,Active,Mumbai,Master's,14308
13466,Priya Bansal,Female,1969-02-22,1,101,2025-05-02,Active,Delhi,Bachelor's,14686
13467,Karan Kumar,Male,1969-01-04,3,105,2024-08-04,Active,Bengaluru,Master's,14919
13468,Priya Gupta,Female,1979-07-28,3,106,2016-10-08,Active,Bengaluru,Master's,14807
13469,Aanya Joshi,Female,1990-09-26,6,112,2016-11-14,Active,Pune,Bachelor's,12047
13470,Manish Patel,Male,1988-03-20,6,113,2019-06-10,Active,Pune,Bachelor's,10448
13471,Karan Sharma,Male,1983-05-05,8,117,2020-01-01,Terminated,Pune,Bachelor's,11336
13472,Riya Bansal,Female,1984-02-21,6,113,2022-03-17,Active,Pune,Bachelor's,14060
13473,Divya Mishra,Female,1973-10-17,3,107,2024-03-02,Active,Bengaluru,Master's,13455
13474,Isha Sinha,Female,1992-07-14,5,110,2016-10-02,Active,Mumbai,Bachelor's,12635
13475,Neha Sinha,Female,1980-05-22,8,116,2020-06-28,Active,Pune,Bachelor's,11378
13476,Isha Joshi,Female,1975-09-16,6,112,2022-09-26,Active,Pune,Bachelor's,14408
13477,Isha Gupta,Female,1998-03-01,6,113,2017-03-19,Active,Pune,Master's,10060
13478,Arjun Kumar,Male,1989-08-18,7,115,2024-03-02,Active,Hyderabad,Bachelor's,13661
13479,Rahul Malhotra,Male,1985-02-26,2,104,2021-12-16,Resigned,Mumbai,Bachelor's,12753
13480,Nikhil Singh,Male,1969-04-21,5,110,2023-07-19,Active,Mumbai,PhD,13561
13481,Siddharth Gupta,Male,1975-01-27,7,114,2021-06-18,Active,Hyderabad,Bachelor's,12486
13482,Simran Reddy,Female,1973-03-11,8,116,2020-06-05,Active,Pune,Bachelor's,10287
13483,Akash Kapoor,Male,1975-08-06,3,105,2022-02-10,Active,Bengaluru,Master's,11722
13484,Shreya Bansal,Female,2001-03-14,4,109,2021-03-25,Active,Delhi,Master's,12426
13485,Nisha Sharma,Female,1965-12-23,5,111,2018-10-30,Active,Mumbai,Bachelor's,12707
13486,Meera Iyer,Female,1990-11-22,3,107,2024-12-12,Active,Bengaluru,Master's,13467
13487,Rohan Kumar,Male,1974-05-24,5,110,2023-08-10,Active,Mumbai,Master's,10878
13488,Manish Iyer,Male,1983-08-19,3,105,2024-05-10,Active,Bengaluru,Bachelor's,11496
13489,Manish Singh,Male,1980-08-26,3,105,2024-08-18,Active,Bengaluru,Bachelor's,14580
13490,Ankit Verma,Male,2001-09-13,4,109,2016-01-28,Active,Delhi,Master's,14871
13491,Yash Bansal,Male,1968-12-10,4,108,2025-11-15,Active,Delhi,Bachelor's,13305
13492,Divya Joshi,Female,1978-03-11,4,108,2019-04-07,Active,Delhi,Bachelor's,14698
13493,Ananya Nair,Female,1994-08-24,4,108,2020-11-06,Active,Delhi,Master's,14368
13494,Tanya Shah,Female,1971-12-07,3,105,2024-11-07,Active,Bengaluru,Bachelor's,12786
13495,Aanya Singh,Female,1976-08-17,2,104,2017-12-13,Resigned,Mumbai,Diploma,13547
13496,Mohit Chopra,Male,1988-03-06,1,102,2022-10-28,Resigned,Delhi,Bachelor's,11080
13497,Ananya Shah,Female,2003-12-15,3,107,2021-01-16,Active,Bengaluru,Master's,11507
13498,Sneha Nair,Female,1986-07-07,4,108,2024-12-21,Active,Delhi,Bachelor's,14275
13499,Akash Sinha,Male,1994-11-06,6,112,2017-08-28,Active,Pune,Master's,12057
13500,Sneha Sharma,Female,2003-12-28,2,104,2020-11-11,Active,Mumbai,Master's,11487
13501,Nikhil Reddy,Male,1984-12-27,2,103,2025-10-29,Active,Mumbai,Bachelor's,11696
13502,Sneha Chopra,Female,1990-04-21,6,113,2024-09-05,Active,Pune,PhD,10781
13503,Sneha Shah,Female,1969-09-17,3,106,2017-06-26,Active,Bengaluru,Master's,12506
13504,Yash Nair,Male,1970-02-05,8,116,2016-10-18,Active,Pune,Diploma,12420
13505,Divya Gupta,Female,1998-05-28,6,112,2016-10-12,Active,Pune,Bachelor's,13125
13506,Sneha Mehta,Female,1969-07-24,3,106,2022-06-25,Active,Bengaluru,Bachelor's,10431
13507,Ananya Singh,Female,1974-10-06,3,105,2016-08-30,Active,Bengaluru,Bachelor's,14156
13508,Rohan Agarwal,Male,1992-06-21,4,108,2021-03-22,Active,Delhi,Bachelor's,11240
13509,Aanya Mehta,Female,1967-05-27,1,101,2025-04-24,Active,Delhi,Bachelor's,14220
13510,Yash Sharma,Male,1977-08-21,2,103,2020-12-27,Resigned,Mumbai,Diploma,11961
13511,Karan Desai,Male,1966-06-03,2,103,2018-02-01,Active,Mumbai,Bachelor's,14706
13512,Aditya Agarwal,Male,1999-05-15,6,112,2024-07-17,Active,Pune,Diploma,12365
13513,Nisha Chopra,Female,1992-09-15,4,108,2017-04-05,Active,Delhi,Diploma,11366
13514,Pooja Mishra,Female,2001-03-16,1,101,2018-12-10,Active,Delhi,Bachelor's,12735
13515,Divya Bansal,Female,1987-08-15,5,110,2018-12-06,Active,Mumbai,Bachelor's,13308
13516,Aanya Chopra,Female,1987-11-23,4,109,2019-08-27,Active,Delhi,Master's,10294
13517,Nikhil Chopra,Male,1999-04-21,4,108,2020-12-04,Resigned,Delhi,Bachelor's,11183
13518,Arjun Malhotra,Male,2003-08-10,3,107,2022-05-13,Active,Bengaluru,Master's,12061
13519,Aarav Kumar,Male,1996-07-26,4,109,2024-11-04,Active,Delhi,Diploma,12805
13520,Ankit Shah,Male,1966-10-02,8,116,2021-03-09,Active,Pune,Master's,14616
13521,Arjun Patel,Male,1980-08-08,1,101,2021-07-19,Resigned,Delhi,Bachelor's,13635
13522,Vivek Iyer,Male,1980-09-02,3,105,2020-04-03,Active,Bengaluru,Master's,14366
13523,Aditya Joshi,Male,1967-04-02,3,106,2022-12-18,Active,Bengaluru,Diploma,14581
13524,Aditya Agarwal,Male,1992-04-03,3,107,2016-06-08,Active,Bengaluru,PhD,13870
13525,Varun Chopra,Male,1993-07-14,3,106,2019-06-05,Active,Bengaluru,Diploma,11059
13526,Manish Kapoor,Male,1984-05-16,6,113,2023-04-14,Active,Pune,Bachelor's,11824
13527,Priya Mishra,Female,2000-07-18,7,115,2023-02-19,Resigned,Hyderabad,Bachelor's,10115
13528,Neha Mehta,Female,1997-04-06,3,107,2019-08-11,Active,Bengaluru,Master's,13052
13529,Divya Patel,Female,1986-12-21,4,109,2017-12-21,Active,Delhi,PhD,10152
13530,Nikhil Mehta,Male,1972-11-02,5,111,2021-08-09,Active,Mumbai,Bachelor's,12212
13531,Mohit Kumar,Male,1988-12-23,4,108,2016-02-07,Active,Delhi,Master's,11362
13532,Meera Singh,Female,2001-02-14,4,109,2016-10-15,Active,Delhi,Master's,13848
13533,Varun Agarwal,Male,1984-09-23,3,105,2018-01-02,Active,Bengaluru,Bachelor's,11310
13534,Rohan Bansal,Male,1976-12-03,4,109,2019-10-08,Active,Delhi,Master's,14306
13535,Akash Patel,Male,1984-06-05,3,107,2025-10-02,Active,Bengaluru,Diploma,11668
13536,Vivek Iyer,Male,1984-12-09,6,113,2019-02-24,Active,Pune,Bachelor's,13648
13537,Arjun Mishra,Male,1968-03-18,6,112,2021-07-23,Active,Pune,Master's,12644
13538,Karan Agarwal,Male,1994-02-04,2,104,2018-08-16,Resigned,Mumbai,Bachelor's,10135
13539,Neha Malhotra,Female,1995-01-09,2,103,2020-06-03,Active,Mumbai,Master's,13303
13540,Yash Gupta,Male,1986-03-14,7,114,2025-03-09,Active,Hyderabad,Master's,12303
13541,Akash Mehta,Male,1979-05-18,4,108,2018-01-29,Active,Delhi,Master's,11492
13542,Pooja Singh,Female,2002-08-15,7,114,2023-11-24,Active,Hyderabad,Bachelor's,13687
13543,Varun Bansal,Male,2001-11-11,1,101,2019-03-21,Active,Delhi,Bachelor's,14108
13544,Yash Mishra,Male,1992-03-05,4,109,2024-10-18,Resigned,Delhi,Diploma,12725
13545,Tanya Kapoor,Female,1975-07-02,4,109,2023-06-04,Terminated,Delhi,PhD,13044
13546,Vivek Chopra,Male,1978-03-24,7,114,2018-08-02,Active,Hyderabad,Bachelor's,12797
13547,Yash Shah,Male,1975-10-24,2,103,2018-11-07,Active,Mumbai,Bachelor's,11076
13548,Mohit Joshi,Male,1973-03-10,3,106,2025-05-03,Resigned,Bengaluru,Bachelor's,10264
13549,Varun Patel,Male,1988-12-23,3,107,2022-11-29,Active,Bengaluru,Diploma,10773
13550,Priya Singh,Female,1974-11-02,7,115,2023-03-16,Resigned,Hyderabad,Bachelor's,10240
13551,Priya Gupta,Female,2002-09-08,7,114,2025-08-15,Active,Hyderabad,Diploma,13770
13552,Nikhil Bansal,Male,2001-09-09,8,116,2025-05-29,Active,Pune,Bachelor's,11352
13553,Sneha Singh,Female,1996-07-20,8,116,2020-08-08,Terminated,Pune,PhD,12783
13554,Vivek Bansal,Male,1984-12-28,1,102,2023-09-22,Active,Delhi,Master's,13134
13555,Rohan Kapoor,Male,1978-05-23,1,101,2020-04-26,Active,Delhi,Master's,10850
13556,Divya Sharma,Female,2002-05-28,2,104,2025-03-25,Active,Mumbai,Bachelor's,13015
13557,Aarav Mishra,Male,1968-10-15,3,106,2018-03-21,Resigned,Bengaluru,Master's,14144
13558,Mohit Malhotra,Male,1988-08-21,6,113,2018-08-23,Active,Pune,Master's,14328
13559,Siddharth Malhotra,Male,1996-05-05,7,115,2020-06-02,Resigned,Hyderabad,PhD,12275
13560,Varun Malhotra,Male,1974-04-27,3,105,2023-03-28,Active,Bengaluru,Diploma,11741
13561,Yash Verma,Male,1980-12-27,5,110,2025-06-23,Terminated,Mumbai,Master's,13220
13562,Nisha Agarwal,Female,2003-12-23,7,115,2019-06-04,Active,Hyderabad,Bachelor's,14198
13563,Ankit Kumar,Male,1996-02-10,4,108,2023-02-06,Active,Delhi,Bachelor's,12392
13564,Rahul Desai,Male,1982-04-27,2,104,2023-03-05,Resigned,Mumbai,Bachelor's,12096
13565,Karan Gupta,Male,1989-03-10,4,108,2016-06-22,Active,Delhi,Master's,10650
13566,Riya Nair,Female,1971-08-23,3,107,2024-12-29,Resigned,Bengaluru,Bachelor's,11299
13567,Aanya Agarwal,Female,1982-03-04,4,108,2024-04-22,Active,Delhi,Bachelor's,14455
13568,Priya Iyer,Female,1982-04-12,4,108,2022-06-29,Active,Delhi,Master's,13950
13569,Kavya Nair,Female,1967-10-23,1,101,2019-12-19,Active,Delhi,Bachelor's,13232
13570,Riya Chopra,Female,1965-08-20,8,116,2025-05-22,Active,Pune,Diploma,10340
13571,Karan Singh,Male,1997-08-17,4,109,2022-11-09,Active,Delhi,Bachelor's,13901
13572,Aarav Patel,Male,1971-09-07,4,108,2019-03-05,Resigned,Delhi,Bachelor's,11374
13573,Meera Malhotra,Female,1974-04-24,8,116,2025-09-10,Active,Pune,Diploma,14109
13574,Isha Desai,Female,1972-12-10,2,103,2019-01-08,Active,Mumbai,Bachelor's,14839
13575,Shreya Nair,Female,1996-02-14,3,106,2020-09-15,Active,Bengaluru,PhD,12965
13576,Aditya Malhotra,Male,1987-08-10,6,112,2022-02-12,Resigned,Pune,Master's,11309
13577,Aditya Mehta,Male,1981-06-23,3,107,2018-02-04,Resigned,Bengaluru,Bachelor's,10302
13578,Aarav Reddy,Male,1978-07-02,6,112,2017-04-08,Active,Pune,Bachelor's,14531
13579,Simran Malhotra,Female,1981-11-02,3,106,2018-11-28,Terminated,Bengaluru,Bachelor's,14087
13580,Aditya Shah,Male,1989-04-06,1,101,2017-06-21,Active,Delhi,Bachelor's,10924
13581,Arjun Shah,Male,1985-04-22,4,109,2019-05-25,Active,Delhi,Bachelor's,11636
13582,Simran Desai,Female,1970-05-06,3,106,2024-07-28,Active,Bengaluru,Diploma,12444
13583,Vivek Sharma,Male,1984-09-22,6,112,2019-11-08,Active,Pune,Bachelor's,14681
13584,Meera Patel,Female,1984-06-16,5,110,2017-07-16,Active,Mumbai,Bachelor's,14661
13585,Yash Gupta,Male,1990-11-11,7,115,2024-07-02,Active,Hyderabad,Bachelor's,11170
13586,Aditya Sharma,Male,1996-08-21,6,113,2019-04-08,Resigned,Pune,Master's,11665
13587,Akash Malhotra,Male,1972-05-10,3,107,2025-09-09,Active,Bengaluru,PhD,13483
13588,Divya Singh,Female,1993-11-01,6,112,2019-10-04,Active,Pune,Master's,12741
13589,Arjun Chopra,Male,1981-06-17,5,111,2024-08-02,Active,Mumbai,PhD,10418
13590,Mohit Singh,Male,1982-11-08,5,111,2018-12-25,Active,Mumbai,Diploma,12879
13591,Simran Kapoor,Female,1982-10-16,6,113,2018-02-15,Active,Pune,Master's,11057
13592,Rohan Joshi,Male,1975-09-06,4,109,2023-07-08,Active,Delhi,Bachelor's,11545
13593,Isha Shah,Female,1976-09-02,4,108,2018-12-26,Active,Delhi,Master's,14494
13594,Ananya Nair,Female,1979-09-04,5,111,2023-06-23,Active,Mumbai,Master's,13802
13595,Siddharth Singh,Male,1990-03-17,3,105,2018-07-19,Resigned,Bengaluru,Bachelor's,13524
13596,Riya Chopra,Female,1967-01-24,3,106,2021-04-01,Active,Bengaluru,Bachelor's,10868
13597,Arjun Mehta,Male,1967-02-17,5,110,2023-07-24,Resigned,Mumbai,Bachelor's,14836
13598,Siddharth Kapoor,Male,2002-02-03,3,107,2022-03-02,Active,Bengaluru,Bachelor's,13620
13599,Rahul Joshi,Male,1999-04-13,1,101,2019-02-22,Terminated,Delhi,PhD,14554
13600,Meera Gupta,Female,1973-11-25,1,101,2024-06-20,Active,Delhi,Master's,12276
13601,Nikhil Singh,Male,1968-07-12,5,111,2017-07-26,Active,Mumbai,Bachelor's,11285
13602,Isha Singh,Female,1984-05-05,3,107,2024-06-07,Active,Bengaluru,Bachelor's,14644
13603,Yash Kapoor,Male,1979-06-01,6,112,2024-12-20,Active,Pune,Bachelor's,13235
13604,Rahul Mishra,Male,1993-06-13,3,105,2024-06-23,Resigned,Bengaluru,PhD,13043
13605,Yash Iyer,Male,1969-11-16,4,109,2022-01-24,Active,Delhi,Master's,10871
13606,Manish Desai,Male,2003-06-14,3,107,2023-07-30,Resigned,Bengaluru,Bachelor's,13025
13607,Sneha Nair,Female,1971-11-05,5,111,2024-06-14,Active,Mumbai,Master's,10393
13608,Nikhil Bansal,Male,1972-10-25,3,106,2023-03-06,Active,Bengaluru,Master's,12377
13609,Simran Mishra,Female,1996-10-10,8,116,2024-06-21,Active,Pune,Bachelor's,13761
13610,Aanya Mishra,Female,2000-05-25,7,115,2024-05-14,Active,Hyderabad,Master's,13458
13611,Priya Sinha,Female,1997-10-15,7,114,2023-07-14,Resigned,Hyderabad,Bachelor's,14663
13612,Karan Sharma,Male,2001-07-03,7,114,2018-08-07,Active,Hyderabad,Diploma,11398
13613,Rahul Kapoor,Male,1996-11-09,4,108,2016-10-04,Terminated,Delhi,Bachelor's,13102
13614,Pooja Singh,Female,2000-10-23,4,109,2022-03-15,Active,Delhi,Master's,12364
13615,Akash Shah,Male,1998-04-28,6,112,2021-01-05,Terminated,Pune,Bachelor's,14285
13616,Aarav Mishra,Male,1989-09-22,5,111,2023-07-28,Active,Mumbai,Master's,10095
13617,Karan Malhotra,Male,1996-09-20,7,115,2021-11-06,Active,Hyderabad,Master's,10662
13618,Pooja Mishra,Female,1966-10-18,6,113,2019-05-18,Active,Pune,Master's,11048
13619,Sneha Sinha,Female,1973-09-26,8,117,2016-07-08,Resigned,Pune,Master's,11908
13620,Nikhil Chopra,Male,2002-12-20,3,107,2024-12-21,Resigned,Bengaluru,Bachelor's,11502
13621,Ananya Kapoor,Female,1993-11-02,6,112,2022-10-28,Active,Pune,Bachelor's,13317
13622,Rahul Bansal,Male,2002-07-07,5,111,2018-06-28,Active,Mumbai,Bachelor's,13788
13623,Varun Sharma,Male,1982-05-21,5,110,2022-04-20,Active,Mumbai,Bachelor's,11371
13624,Neha Reddy,Female,1986-08-22,3,106,2020-01-10,Active,Bengaluru,Master's,10413
13625,Mohit Iyer,Male,1999-01-11,6,112,2021-09-20,Terminated,Pune,Master's,11259
13626,Mohit Nair,Male,1979-12-04,7,115,2022-10-24,Active,Hyderabad,Bachelor's,13219
13627,Varun Joshi,Male,1971-01-21,3,107,2016-09-15,Active,Bengaluru,Master's,14693
13628,Simran Bansal,Female,1977-05-04,5,111,2021-06-19,Active,Mumbai,Master's,11963
13629,Kavya Chopra,Female,2000-09-24,3,106,2020-02-13,Active,Bengaluru,PhD,11865
13630,Tanya Sinha,Female,1980-10-03,8,117,2016-07-19,Resigned,Pune,Bachelor's,12420
13631,Pooja Chopra,Female,1985-05-06,4,109,2022-09-23,Active,Delhi,Master's,11904
13632,Arjun Mehta,Male,1992-05-08,3,105,2017-08-07,Active,Bengaluru,Bachelor's,12678
13633,Yash Shah,Male,1974-05-08,3,106,2018-07-18,Resigned,Bengaluru,Diploma,11164
13634,Karan Kumar,Male,1983-10-26,5,111,2017-10-31,Active,Mumbai,Diploma,11547
13635,Rahul Patel,Male,1981-03-21,1,101,2022-05-10,Active,Delhi,Bachelor's,13695
13636,Mohit Sharma,Male,1965-04-27,5,111,2021-09-25,Active,Mumbai,Bachelor's,14027
13637,Simran Kumar,Female,1977-06-03,7,115,2016-05-23,Active,Hyderabad,Bachelor's,14019
13638,Aditya Joshi,Male,2000-12-26,7,115,2020-06-25,Active,Hyderabad,Master's,12780
13639,Mohit Patel,Male,1984-04-27,1,102,2017-01-03,Active,Delhi,Master's,10476
13640,Akash Patel,Male,1970-04-05,8,117,2016-07-26,Active,Pune,PhD,10503
13641,Ankit Joshi,Male,1987-11-15,5,111,2024-12-23,Active,Mumbai,Bachelor's,10608
13642,Shreya Shah,Female,1988-06-18,2,103,2021-07-29,Active,Mumbai,Master's,14136
13643,Ankit Agarwal,Male,1969-10-12,1,102,2020-05-01,Active,Delhi,Master's,14229
13644,Varun Nair,Male,1996-08-20,2,103,2023-11-13,Active,Mumbai,Bachelor's,11076
13645,Simran Iyer,Female,1981-07-23,6,113,2023-06-17,Active,Pune,Master's,14364
13646,Vivek Verma,Male,1975-12-14,1,101,2018-05-20,Active,Delhi,Master's,13514
13647,Varun Shah,Male,1991-10-11,3,107,2025-12-24,Terminated,Bengaluru,Bachelor's,10396
13648,Karan Agarwal,Male,1968-11-02,6,112,2016-09-22,Active,Pune,Master's,11778
13649,Aanya Verma,Female,1987-07-28,4,108,2025-08-06,Active,Delhi,Master's,13343
13650,Divya Reddy,Female,1987-01-12,6,113,2025-05-10,Active,Pune,PhD,10615
13651,Riya Verma,Female,1998-02-21,6,113,2016-07-31,Active,Pune,Master's,12398
13652,Vivek Patel,Male,1985-08-28,1,102,2022-02-15,Resigned,Delhi,Master's,14325
13653,Riya Iyer,Female,1986-07-03,7,114,2016-12-20,Resigned,Hyderabad,Master's,10244
13654,Manish Desai,Male,1965-10-25,3,105,2020-11-16,Active,Bengaluru,Master's,11693
13655,Karan Mishra,Male,1996-12-05,4,108,2019-01-14,Active,Delhi,PhD,12174
13656,Karan Mishra,Male,1992-03-07,5,110,2025-06-21,Active,Mumbai,Master's,14021
13657,Manish Bansal,Male,1982-04-17,2,103,2016-01-07,Terminated,Mumbai,Master's,12759
13658,Akash Nair,Male,1971-05-27,8,116,2019-03-02,Active,Pune,Bachelor's,11393
13659,Nisha Nair,Female,2002-08-15,4,108,2022-07-21,Active,Delhi,Master's,12859
13660,Ananya Mishra,Female,1970-12-20,1,102,2019-09-17,Active,Delhi,Bachelor's,10962
13661,Manish Malhotra,Male,1978-07-08,7,114,2025-04-28,Active,Hyderabad,Bachelor's,14250
13662,Nikhil Malhotra,Male,1994-09-11,4,109,2025-12-06,Resigned,Delhi,Bachelor's,12210
13663,Manish Singh,Male,1978-09-21,5,111,2020-01-04,Resigned,Mumbai,Bachelor's,12958
13664,Mohit Sinha,Male,1973-06-23,4,108,2020-09-13,Active,Delhi,Bachelor's,12507
13665,Akash Iyer,Male,1995-10-18,6,112,2024-12-03,Resigned,Pune,Master's,14753
13666,Varun Kumar,Male,1966-09-16,1,101,2019-12-08,Resigned,Delhi,Master's,14396
13667,Sneha Desai,Female,1982-01-22,3,107,2024-06-13,Resigned,Bengaluru,Bachelor's,14298
13668,Akash Desai,Male,1969-06-23,4,109,2017-06-14,Active,Delhi,Master's,11065
13669,Ankit Reddy,Male,1990-02-13,1,101,2023-03-28,Active,Delhi,PhD,12379
13670,Vivek Mehta,Male,1987-06-06,5,111,2021-10-25,Active,Mumbai,Bachelor's,13762
13671,Rohan Verma,Male,1976-09-14,3,107,2025-01-01,Resigned,Bengaluru,Bachelor's,12795
13672,Akash Bansal,Male,1978-08-21,3,106,2020-05-28,Active,Bengaluru,Bachelor's,10043
13673,Aanya Sinha,Female,1977-07-23,1,102,2020-05-02,Active,Delhi,Master's,14728
13674,Arjun Mishra,Male,1999-05-07,6,113,2021-08-11,Active,Pune,Bachelor's,12882
13675,Shreya Reddy,Female,1979-03-23,6,113,2022-09-03,Active,Pune,PhD,12078
13676,Ankit Sharma,Male,1999-06-12,3,106,2017-06-25,Active,Bengaluru,Bachelor's,10380
13677,Manish Gupta,Male,1983-06-02,4,108,2017-05-09,Active,Delhi,Bachelor's,12653
13678,Varun Verma,Male,1979-02-23,3,107,2024-08-16,Active,Bengaluru,Bachelor's,11694
13679,Tanya Sharma,Female,1972-01-25,5,110,2024-02-13,Active,Mumbai,Bachelor's,12232
13680,Mohit Mishra,Male,1987-03-22,1,102,2025-05-16,Active,Delhi,Master's,13403
13681,Tanya Singh,Female,1977-03-28,4,108,2018-04-21,Active,Delhi,Bachelor's,13854
13682,Varun Sharma,Male,1987-09-10,5,111,2020-01-23,Active,Mumbai,Bachelor's,10065
13683,Aanya Joshi,Female,1995-12-23,7,115,2024-11-25,Active,Hyderabad,Bachelor's,14895
13684,Arjun Sinha,Male,1994-01-04,3,105,2020-02-09,Active,Bengaluru,Master's,10990
13685,Isha Shah,Female,1966-05-23,6,113,2025-10-26,Resigned,Pune,Master's,12817
13686,Kavya Mishra,Female,1975-07-05,5,110,2022-06-09,Active,Mumbai,Master's,11736
13687,Shreya Chopra,Female,1989-12-17,7,115,2020-04-08,Active,Hyderabad,PhD,14654
13688,Aarav Bansal,Male,1993-05-05,3,107,2023-02-04,Active,Bengaluru,Bachelor's,11927
13689,Manish Desai,Male,1986-04-22,3,106,2018-02-08,Active,Bengaluru,Diploma,14625
13690,Manish Desai,Male,1983-08-10,7,114,2023-09-14,Active,Hyderabad,Bachelor's,13835
13691,Tanya Singh,Female,1973-05-14,1,101,2022-11-22,Active,Delhi,Bachelor's,13704
13692,Vivek Verma,Male,2002-08-28,2,104,2021-08-27,Active,Mumbai,Bachelor's,10050
13693,Meera Nair,Female,1993-05-13,2,104,2016-03-12,Active,Mumbai,Master's,14190
13694,Arjun Sinha,Male,1974-03-08,7,115,2023-11-21,Resigned,Hyderabad,Master's,14222
13695,Akash Iyer,Male,1986-12-20,1,101,2024-09-19,Active,Delhi,Bachelor's,12131
13696,Yash Desai,Male,1988-03-19,7,114,2018-10-14,Active,Hyderabad,Bachelor's,11244
13697,Isha Desai,Female,1972-06-08,4,109,2019-05-30,Active,Delhi,Master's,14436
13698,Nisha Kapoor,Female,1970-10-21,1,101,2016-09-17,Active,Delhi,PhD,11530
13699,Shreya Patel,Female,1971-01-01,3,107,2022-03-21,Active,Bengaluru,Diploma,10265
13700,Mohit Desai,Male,1984-03-12,3,106,2024-05-18,Active,Bengaluru,Bachelor's,14695
13701,Sneha Shah,Female,1981-12-22,5,110,2020-03-15,Active,Mumbai,PhD,10892
13702,Priya Reddy,Female,2000-02-17,5,110,2025-04-21,Active,Mumbai,PhD,14499
13703,Siddharth Kumar,Male,1972-07-14,4,108,2025-10-11,Active,Delhi,Bachelor's,14211
13704,Isha Verma,Female,1977-12-16,1,102,2022-06-24,Active,Delhi,Diploma,11131
13705,Riya Kumar,Female,1988-02-08,5,110,2017-06-12,Active,Mumbai,Bachelor's,13751
13706,Meera Shah,Female,1995-02-11,7,115,2017-08-13,Active,Hyderabad,Master's,13252
13707,Priya Joshi,Female,1987-01-10,6,112,2023-03-11,Resigned,Pune,Bachelor's,12047
13708,Arjun Chopra,Male,1981-02-16,6,112,2022-08-23,Active,Pune,Master's,14047
13709,Rahul Nair,Male,1988-02-23,3,105,2016-08-13,Resigned,Bengaluru,Bachelor's,12466
13710,Nisha Kapoor,Female,1974-01-16,7,114,2021-03-21,Active,Hyderabad,Master's,11154
13711,Siddharth Verma,Male,1995-03-05,3,105,2019-09-08,Terminated,Bengaluru,Master's,11012
13712,Tanya Joshi,Female,1984-12-23,1,102,2021-05-24,Terminated,Delhi,Bachelor's,12316
13713,Simran Patel,Female,1980-06-24,7,114,2024-07-07,Active,Hyderabad,Bachelor's,12292
13714,Kavya Desai,Female,1978-01-16,8,116,2021-10-30,Active,Pune,Bachelor's,10319
13715,Priya Gupta,Female,1967-07-16,5,110,2025-07-03,Active,Mumbai,Master's,11305
13716,Arjun Iyer,Male,1994-09-23,3,107,2021-10-03,Active,Bengaluru,Bachelor's,10915
13717,Aditya Desai,Male,1982-06-16,3,106,2021-02-02,Resigned,Bengaluru,Master's,12402
13718,Karan Joshi,Male,1970-09-04,4,108,2023-07-18,Active,Delhi,Master's,13249
13719,Aarav Iyer,Male,1984-12-26,7,114,2019-12-03,Active,Hyderabad,Bachelor's,13363
13720,Vivek Mishra,Male,1999-06-06,2,103,2025-10-09,Active,Mumbai,Master's,14206
13721,Rohan Sinha,Male,1983-10-14,6,112,2025-12-10,Active,Pune,Master's,13825
13722,Divya Sinha,Female,1990-03-23,3,105,2025-09-27,Resigned,Bengaluru,Master's,12813
13723,Divya Joshi,Female,1999-01-11,6,112,2025-03-21,Terminated,Pune,Bachelor's,11237
13724,Mohit Gupta,Male,1976-08-08,7,114,2024-03-29,Active,Hyderabad,Master's,10405
13725,Akash Reddy,Male,1972-08-25,4,108,2018-05-29,Active,Delhi,Bachelor's,13662
13726,Isha Sinha,Female,2001-04-15,3,107,2021-06-27,Active,Bengaluru,Master's,10710
13727,Manish Kumar,Male,1974-06-11,6,113,2018-07-24,Active,Pune,Diploma,12715
13728,Varun Reddy,Male,1985-12-07,4,109,2017-05-22,Resigned,Delhi,Master's,13484
13729,Aarav Chopra,Male,1993-02-06,5,110,2019-08-28,Active,Mumbai,Master's,12611
13730,Riya Nair,Female,1995-08-04,5,110,2024-11-29,Active,Mumbai,Bachelor's,10603
13731,Mohit Patel,Male,1971-05-24,2,103,2024-08-09,Active,Mumbai,Diploma,12560
13732,Shreya Mehta,Female,1998-03-06,7,115,2019-04-25,Active,Hyderabad,Bachelor's,13958
13733,Karan Singh,Male,1998-01-20,3,107,2021-12-31,Active,Bengaluru,Bachelor's,11103
13734,Arjun Patel,Male,1994-06-03,7,114,2022-08-14,Active,Hyderabad,Master's,10567
13735,Akash Iyer,Male,1968-01-22,3,106,2023-05-24,Active,Bengaluru,Master's,12825
13736,Yash Chopra,Male,1994-03-24,6,113,2020-09-05,Active,Pune,Diploma,14957
13737,Simran Kumar,Female,1989-07-11,3,107,2023-12-31,Active,Bengaluru,Bachelor's,14764
13738,Aanya Iyer,Female,1978-07-13,3,105,2020-01-10,Active,Bengaluru,Master's,14125
13739,Meera Singh,Female,1988-12-24,3,107,2023-01-02,Active,Bengaluru,Bachelor's,11061
13740,Simran Agarwal,Female,1995-07-21,6,112,2023-09-16,Resigned,Pune,PhD,12129
13741,Pooja Singh,Female,2003-10-24,4,109,2023-08-03,Resigned,Delhi,Bachelor's,11971
13742,Aanya Mehta,Female,1992-08-11,7,115,2017-01-05,Active,Hyderabad,Master's,14054
13743,Divya Verma,Female,1989-08-12,3,107,2017-02-10,Active,Bengaluru,Bachelor's,13200
13744,Siddharth Agarwal,Male,1983-10-22,5,111,2021-05-22,Active,Mumbai,Bachelor's,14857
13745,Ankit Kumar,Male,1968-02-24,6,112,2024-04-07,Active,Pune,Bachelor's,12118
13746,Rahul Chopra,Male,1998-10-17,2,104,2020-01-19,Resigned,Mumbai,Master's,12546
13747,Divya Kapoor,Female,1996-09-25,3,105,2025-04-30,Active,Bengaluru,Bachelor's,13268
13748,Nikhil Mehta,Male,1989-06-10,4,108,2019-10-23,Active,Delhi,Master's,10052
13749,Karan Mehta,Male,1986-06-06,3,106,2020-01-15,Active,Bengaluru,Bachelor's,13548
13750,Meera Mehta,Female,1992-11-20,3,106,2023-09-06,Active,Bengaluru,Bachelor's,11770
13751,Kavya Verma,Female,1982-01-17,5,111,2017-01-18,Terminated,Mumbai,Bachelor's,14889
13752,Nisha Mishra,Female,1971-01-05,3,106,2018-03-26,Resigned,Bengaluru,Bachelor's,10009
13753,Mohit Shah,Male,1975-07-01,5,111,2017-01-23,Resigned,Mumbai,Bachelor's,14842
13754,Kavya Bansal,Female,1975-01-14,7,114,2016-07-02,Active,Hyderabad,Bachelor's,11739
13755,Siddharth Reddy,Male,1973-12-11,4,108,2023-05-08,Active,Delhi,Master's,11876
13756,Siddharth Verma,Male,1999-12-06,5,111,2018-06-02,Active,Mumbai,PhD,14097
13757,Manish Sharma,Male,2001-11-02,1,101,2019-04-25,Active,Delhi,Master's,10445
13758,Nikhil Iyer,Male,1987-02-12,7,114,2024-05-14,Active,Hyderabad,Bachelor's,13546
13759,Siddharth Patel,Male,1997-07-15,3,107,2016-01-26,Terminated,Bengaluru,Bachelor's,14688
13760,Aanya Desai,Female,1965-09-08,5,110,2025-02-13,Active,Mumbai,Diploma,10978
13761,Akash Shah,Male,1984-02-16,8,117,2016-09-06,Active,Pune,Bachelor's,10661
13762,Riya Kumar,Female,1969-07-21,5,110,2019-01-10,Active,Mumbai,Bachelor's,13849
13763,Manish Reddy,Male,1993-11-10,6,112,2019-10-19,Active,Pune,Bachelor's,10153
13764,Varun Sharma,Male,1990-12-20,4,108,2022-09-14,Resigned,Delhi,Bachelor's,11262
13765,Rohan Chopra,Male,2002-12-10,1,101,2021-08-22,Active,Delhi,Bachelor's,14141
13766,Nikhil Mehta,Male,1967-04-15,6,113,2016-08-03,Terminated,Pune,Bachelor's,10997
13767,Nisha Chopra,Female,1985-04-09,1,101,2018-03-09,Active,Delhi,Bachelor's,14053
13768,Ankit Gupta,Male,1977-07-07,5,110,2025-02-18,Terminated,Mumbai,Bachelor's,11335
13769,Karan Iyer,Male,1995-04-09,1,101,2019-03-12,Active,Delhi,Master's,14784
13770,Aditya Mishra,Male,1981-08-10,7,115,2024-12-02,Active,Hyderabad,Bachelor's,12125
13771,Manish Desai,Male,1999-04-13,2,104,2019-10-31,Active,Mumbai,Bachelor's,14827
13772,Sneha Patel,Female,1987-06-04,4,108,2025-06-06,Active,Delhi,Diploma,14416
13773,Karan Patel,Male,1967-01-21,5,110,2023-09-12,Active,Mumbai,Bachelor's,11395
13774,Ananya Singh,Female,1966-10-14,4,109,2016-08-17,Active,Delhi,Master's,14496
13775,Priya Shah,Female,1967-11-03,3,105,2018-04-10,Active,Bengaluru,Diploma,13455
13776,Divya Mishra,Female,1984-01-18,4,109,2023-12-28,Terminated,Delhi,Bachelor's,14381
13777,Pooja Verma,Female,1973-02-08,3,105,2024-11-18,Active,Bengaluru,Master's,11617
13778,Sneha Reddy,Female,1968-04-19,4,108,2019-03-05,Resigned,Delhi,Bachelor's,10336
13779,Neha Nair,Female,1989-04-10,3,105,2024-04-22,Active,Bengaluru,Master's,12957
13780,Meera Nair,Female,1965-01-17,4,108,2021-03-18,Active,Delhi,Master's,14520
13781,Ankit Sinha,Male,2003-05-07,3,105,2023-02-09,Active,Bengaluru,Diploma,10614
13782,Manish Shah,Male,1976-09-07,8,117,2025-01-22,Terminated,Pune,Bachelor's,12391
13783,Vivek Desai,Male,1988-11-21,4,109,2019-06-21,Active,Delhi,Master's,10407
13784,Shreya Desai,Female,1973-03-24,3,105,2024-05-15,Active,Bengaluru,PhD,14276
13785,Priya Gupta,Female,1984-12-23,4,108,2022-06-10,Active,Delhi,Master's,13605
13786,Yash Iyer,Male,1969-04-17,7,114,2024-05-02,Active,Hyderabad,Bachelor's,10662
13787,Shreya Patel,Female,1984-03-11,1,101,2019-04-21,Resigned,Delhi,Bachelor's,10262
13788,Nikhil Kumar,Male,1985-08-02,5,111,2017-11-21,Active,Mumbai,Master's,12745
13789,Akash Singh,Male,1966-09-14,4,109,2017-03-27,Active,Delhi,Bachelor's,10071
13790,Pooja Iyer,Female,1985-04-16,2,104,2018-02-21,Active,Mumbai,Bachelor's,10548
13791,Karan Joshi,Male,1988-07-10,6,112,2024-09-17,Active,Pune,Master's,12019
13792,Aditya Verma,Male,1973-12-23,3,105,2025-03-11,Active,Bengaluru,Bachelor's,13444
13793,Nisha Joshi,Female,2003-12-08,3,106,2023-01-29,Active,Bengaluru,Master's,13792
13794,Sneha Sinha,Female,1994-07-11,6,112,2021-10-12,Resigned,Pune,Master's,11027
13795,Aarav Verma,Male,1982-04-13,5,110,2018-12-20,Active,Mumbai,Bachelor's,12441
13796,Isha Mishra,Female,1974-12-07,7,115,2019-08-16,Active,Hyderabad,Master's,13383
13797,Mohit Sinha,Male,1985-05-12,5,110,2017-06-01,Active,Mumbai,Master's,11285
13798,Ankit Sinha,Male,1986-10-07,6,113,2018-09-21,Resigned,Pune,Bachelor's,13588
13799,Yash Chopra,Male,1981-03-26,6,112,2017-02-15,Active,Pune,Bachelor's,11814
13800,Pooja Chopra,Female,1969-11-07,1,101,2021-04-17,Active,Delhi,Diploma,11786
13801,Vivek Chopra,Male,1970-07-18,6,112,2024-02-18,Active,Pune,Master's,12570
13802,Aanya Nair,Female,1974-08-23,5,110,2024-11-05,Active,Mumbai,Bachelor's,12024
13803,Ananya Iyer,Female,1966-09-12,1,101,2024-02-14,Active,Delhi,Diploma,11811
13804,Divya Reddy,Female,1971-04-25,4,109,2016-11-10,Active,Delhi,Bachelor's,11996
13805,Ankit Joshi,Male,1968-01-05,2,104,2018-04-13,Resigned,Mumbai,Diploma,14723
13806,Ananya Bansal,Female,2001-10-07,6,112,2016-09-13,Active,Pune,Diploma,13798
13807,Mohit Chopra,Male,1983-04-07,4,108,2019-10-07,Active,Delhi,Bachelor's,13044
13808,Aditya Sharma,Male,1992-12-25,8,117,2024-06-03,Active,Pune,Bachelor's,14497
13809,Yash Kapoor,Male,1984-05-21,3,107,2017-12-27,Active,Bengaluru,Bachelor's,14006
13810,Yash Reddy,Male,1994-02-14,5,111,2017-12-30,Active,Mumbai,Master's,11540
13811,Aanya Reddy,Female,2002-05-08,3,106,2023-11-20,Active,Bengaluru,Master's,14144
13812,Aditya Reddy,Male,1966-04-02,5,111,2025-11-14,Active,Mumbai,Bachelor's,13857
13813,Arjun Desai,Male,1967-08-20,6,112,2025-06-06,Active,Pune,Master's,11135
13814,Kavya Verma,Female,2003-05-12,6,113,2018-04-01,Resigned,Pune,Bachelor's,13727
13815,Ankit Shah,Male,1989-07-27,6,113,2016-07-09,Active,Pune,Bachelor's,11712
13816,Kavya Desai,Female,1966-05-13,7,115,2019-07-25,Active,Hyderabad,Bachelor's,10829
13817,Vivek Sinha,Male,2003-10-04,1,102,2016-11-11,Active,Delhi,Bachelor's,13919
13818,Ananya Malhotra,Female,1979-07-13,3,107,2021-05-29,Active,Bengaluru,Bachelor's,10632
13819,Sneha Gupta,Female,1967-04-26,5,111,2022-05-01,Active,Mumbai,Diploma,12452
13820,Arjun Sharma,Male,1969-12-20,4,109,2018-09-25,Resigned,Delhi,Bachelor's,10223
13821,Akash Reddy,Male,2000-02-05,3,106,2016-09-20,Active,Bengaluru,Bachelor's,10002
13822,Manish Iyer,Male,2002-08-04,4,108,2020-03-10,Active,Delhi,Bachelor's,14218
13823,Divya Sinha,Female,2001-11-02,3,105,2020-06-08,Resigned,Bengaluru,PhD,11883
13824,Siddharth Chopra,Male,1991-09-06,3,105,2024-09-13,Active,Bengaluru,Bachelor's,12421
13825,Arjun Joshi,Male,1969-03-14,6,113,2022-04-04,Active,Pune,Master's,13685
13826,Aarav Nair,Male,1981-10-11,3,106,2019-12-28,Active,Bengaluru,Bachelor's,11825
13827,Vivek Mehta,Male,2002-05-22,1,102,2018-02-21,Active,Delhi,Bachelor's,11144
13828,Varun Verma,Male,1976-09-21,1,101,2018-11-03,Active,Delhi,PhD,10857
13829,Aanya Mishra,Female,1995-09-17,7,115,2019-12-29,Terminated,Hyderabad,Master's,11380
13830,Karan Agarwal,Male,1997-12-15,8,117,2021-09-22,Active,Pune,Bachelor's,14191
13831,Yash Sinha,Male,1993-10-04,5,110,2022-10-09,Active,Mumbai,Bachelor's,10804
13832,Shreya Verma,Female,2002-01-18,3,105,2019-11-19,Active,Bengaluru,Bachelor's,12384
13833,Divya Kumar,Female,1967-02-10,7,114,2017-04-20,Active,Hyderabad,Master's,13710
13834,Mohit Joshi,Male,2002-11-21,5,110,2020-02-16,Active,Mumbai,Diploma,10858
13835,Arjun Malhotra,Male,1994-01-10,7,114,2023-04-26,Active,Hyderabad,Master's,10427
13836,Karan Singh,Male,1986-03-27,6,112,2025-11-30,Active,Pune,Master's,14653
13837,Simran Singh,Female,2002-06-17,3,106,2016-08-26,Resigned,Bengaluru,Bachelor's,14068
13838,Varun Singh,Male,1996-12-11,4,108,2016-07-09,Active,Delhi,Master's,13044
13839,Simran Desai,Female,1974-01-03,3,106,2023-02-14,Active,Bengaluru,Master's,13993
13840,Divya Joshi,Female,1996-09-18,3,106,2019-08-07,Active,Bengaluru,Bachelor's,13981
13841,Nikhil Shah,Male,1968-12-06,6,112,2024-02-12,Active,Pune,Bachelor's,12078
13842,Vivek Mehta,Male,1993-03-06,7,114,2025-01-28,Active,Hyderabad,Master's,12903
13843,Karan Patel,Male,1972-11-11,6,113,2025-10-22,Active,Pune,Bachelor's,13736
13844,Varun Shah,Male,1984-07-13,4,109,2024-04-24,Resigned,Delhi,Master's,11704
13845,Manish Desai,Male,1971-07-14,2,104,2020-09-29,Resigned,Mumbai,Bachelor's,12498
13846,Divya Nair,Female,1965-02-03,1,101,2024-01-28,Active,Delhi,Bachelor's,14055
13847,Nisha Desai,Female,1989-04-08,3,106,2021-07-27,Resigned,Bengaluru,PhD,11741
13848,Ananya Nair,Female,1990-05-01,4,108,2017-09-21,Active,Delhi,Bachelor's,12677
13849,Kavya Sinha,Female,1973-09-17,5,111,2019-04-15,Active,Mumbai,Bachelor's,12288
13850,Rahul Kumar,Male,1987-02-07,1,102,2021-02-02,Resigned,Delhi,Master's,14012
13851,Aditya Mehta,Male,1966-11-03,8,117,2016-04-10,Active,Pune,Master's,13520
13852,Varun Mishra,Male,1990-06-16,3,107,2023-11-30,Active,Bengaluru,Bachelor's,11086
13853,Meera Mishra,Female,1978-08-05,7,114,2020-09-13,Active,Hyderabad,Master's,10027
13854,Sneha Reddy,Female,1995-01-26,4,109,2018-10-12,Active,Delhi,Diploma,12695
13855,Simran Gupta,Female,1990-12-19,2,104,2022-02-11,Active,Mumbai,Master's,12117
13856,Aditya Joshi,Male,1983-11-18,6,113,2022-01-29,Active,Pune,Bachelor's,11590
13857,Arjun Bansal,Male,2002-06-05,5,110,2023-06-23,Resigned,Mumbai,Bachelor's,14928
13858,Rohan Mishra,Male,1969-07-18,4,108,2020-11-10,Active,Delhi,Master's,12666
13859,Vivek Reddy,Male,1970-06-11,4,108,2018-11-30,Active,Delhi,Master's,14725
13860,Ananya Sinha,Female,1999-05-22,2,103,2025-04-17,Active,Mumbai,Master's,12559
13861,Aanya Verma,Female,1980-05-07,5,110,2022-05-06,Active,Mumbai,Bachelor's,10452
13862,Riya Verma,Female,1995-05-07,7,115,2018-03-15,Active,Hyderabad,Master's,11488
13863,Rohan Malhotra,Male,1982-01-09,2,104,2016-07-08,Active,Mumbai,Bachelor's,10310
13864,Mohit Shah,Male,1978-06-09,3,105,2022-07-04,Active,Bengaluru,Bachelor's,14938
13865,Vivek Sinha,Male,1989-01-02,7,115,2018-07-26,Active,Hyderabad,Master's,14240
13866,Rohan Sinha,Male,1979-07-20,3,105,2017-01-11,Terminated,Bengaluru,Diploma,13302
13867,Arjun Joshi,Male,1990-10-17,5,110,2023-10-16,Active,Mumbai,Bachelor's,12939
13868,Isha Agarwal,Female,2000-05-20,4,109,2020-01-08,Terminated,Delhi,PhD,11705
13869,Riya Kumar,Female,1975-06-23,5,111,2025-08-31,Active,Mumbai,PhD,10833
13870,Ankit Verma,Male,2001-11-19,3,107,2022-10-24,Active,Bengaluru,Master's,13566
13871,Rohan Mishra,Male,2001-06-02,3,105,2016-04-27,Active,Bengaluru,Bachelor's,13632
13872,Karan Kapoor,Male,1971-12-26,1,102,2022-08-23,Active,Delhi,Bachelor's,14053
13873,Varun Reddy,Male,1982-04-10,6,112,2020-03-29,Resigned,Pune,Bachelor's,13316
13874,Kavya Mehta,Female,1984-09-13,6,112,2025-07-07,Active,Pune,Bachelor's,11749
13875,Karan Singh,Male,1966-07-18,5,110,2021-02-18,Active,Mumbai,Bachelor's,12285
13876,Rohan Iyer,Male,1990-06-14,5,111,2021-04-07,Active,Mumbai,Diploma,13584
13877,Yash Singh,Male,1987-04-08,3,105,2023-06-15,Active,Bengaluru,Bachelor's,13711
13878,Tanya Malhotra,Female,1996-12-08,1,101,2022-04-16,Active,Delhi,Bachelor's,14943
13879,Manish Nair,Male,1977-01-24,6,112,2024-10-02,Active,Pune,Master's,13801
13880,Rahul Mishra,Male,1977-10-07,4,108,2025-04-11,Active,Delhi,Bachelor's,12734
13881,Aarav Singh,Male,1981-01-19,3,107,2016-09-08,Resigned,Bengaluru,Master's,11180
13882,Priya Mehta,Female,1989-05-19,2,103,2017-09-08,Active,Mumbai,Bachelor's,12684
13883,Ananya Mishra,Female,1986-03-01,1,101,2017-10-31,Resigned,Delhi,Bachelor's,11623
13884,Rahul Agarwal,Male,1991-08-09,3,106,2024-08-26,Active,Bengaluru,Bachelor's,10442
13885,Ananya Iyer,Female,1981-05-01,6,113,2018-09-17,Active,Pune,Bachelor's,13017
13886,Kavya Iyer,Female,1990-01-25,7,115,2021-11-28,Active,Hyderabad,Bachelor's,14227
13887,Priya Iyer,Female,2002-01-09,7,114,2018-11-24,Active,Hyderabad,Master's,11922
13888,Nisha Gupta,Female,1978-03-03,7,115,2022-03-26,Active,Hyderabad,Bachelor's,11958
13889,Riya Desai,Female,1978-04-05,7,115,2018-02-28,Active,Hyderabad,Master's,10600
13890,Rohan Kapoor,Male,1976-06-14,4,108,2021-01-11,Active,Delhi,Master's,12268
13891,Neha Desai,Female,1969-06-26,3,106,2024-05-13,Active,Bengaluru,Bachelor's,12809
13892,Mohit Mehta,Male,2001-09-17,6,112,2022-04-22,Active,Pune,Bachelor's,10162
13893,Nisha Mishra,Female,1968-09-04,3,105,2021-05-03,Active,Bengaluru,Master's,11061
13894,Karan Sinha,Male,1993-07-15,3,107,2017-09-06,Terminated,Bengaluru,Master's,13412
13895,Riya Desai,Female,1989-06-25,3,107,2020-01-01,Resigned,Bengaluru,Master's,11521
13896,Kavya Reddy,Female,1968-02-15,4,109,2020-03-17,Resigned,Delhi,Master's,14134
13897,Vivek Sinha,Male,1980-11-18,3,105,2021-05-20,Active,Bengaluru,Diploma,14070
13898,Riya Joshi,Female,1966-07-15,2,103,2019-10-02,Active,Mumbai,Bachelor's,13074
13899,Arjun Shah,Male,1987-12-25,4,109,2019-05-24,Active,Delhi,Master's,14474
13900,Divya Kumar,Female,1968-05-23,7,114,2023-06-14,Active,Hyderabad,Bachelor's,10839
13901,Manish Patel,Male,1984-11-24,4,109,2018-04-11,Active,Delhi,Bachelor's,10373
13902,Aditya Sharma,Male,1981-08-04,7,114,2022-01-20,Active,Hyderabad,Master's,11107
13903,Shreya Nair,Female,1970-10-07,3,105,2023-10-24,Active,Bengaluru,Bachelor's,13620
13904,Yash Kapoor,Male,1982-01-20,2,103,2016-02-19,Active,Mumbai,Bachelor's,12491
13905,Sneha Patel,Female,1984-12-13,4,108,2022-03-16,Active,Delhi,Master's,14482
13906,Ankit Shah,Male,2003-05-14,4,108,2022-05-01,Terminated,Delhi,Bachelor's,10308
13907,Ankit Verma,Male,1998-10-13,5,110,2019-09-30,Active,Mumbai,Master's,14747
13908,Mohit Reddy,Male,1988-12-23,6,112,2021-04-26,Resigned,Pune,Master's,13791
13909,Nisha Nair,Female,1982-12-22,6,112,2021-11-12,Active,Pune,Bachelor's,12233
13910,Manish Sharma,Male,1994-04-15,8,117,2025-04-30,Active,Pune,Bachelor's,10322
13911,Varun Desai,Male,1965-03-11,3,106,2022-01-09,Active,Bengaluru,Master's,14656
13912,Aditya Patel,Male,1987-06-26,3,107,2021-08-14,Active,Bengaluru,Bachelor's,14814
13913,Ankit Sinha,Male,1993-12-21,4,109,2017-08-22,Active,Delhi,Diploma,14954
13914,Nisha Gupta,Female,1996-12-19,2,104,2020-03-23,Active,Mumbai,Master's,12646
13915,Pooja Shah,Female,1966-04-18,3,105,2016-08-03,Active,Bengaluru,Master's,12113
13916,Varun Iyer,Male,2000-09-16,3,107,2019-03-04,Active,Bengaluru,Bachelor's,13566
13917,Shreya Nair,Female,1981-07-28,3,106,2018-04-19,Active,Bengaluru,Bachelor's,10083
13918,Ankit Sharma,Male,1966-10-19,2,104,2018-11-19,Active,Mumbai,PhD,10304
13919,Simran Joshi,Female,1968-08-24,1,102,2021-08-23,Active,Delhi,Master's,13443
13920,Meera Kapoor,Female,1998-11-17,5,111,2025-04-20,Active,Mumbai,Bachelor's,14418
13921,Shreya Bansal,Female,1965-05-05,5,111,2019-07-11,Resigned,Mumbai,Master's,10585
13922,Siddharth Singh,Male,1987-12-19,5,110,2022-06-29,Active,Mumbai,Bachelor's,10921
13923,Sneha Kumar,Female,1970-02-01,5,111,2018-03-31,Active,Mumbai,Bachelor's,10778
13924,Mohit Malhotra,Male,1980-04-28,2,103,2017-01-15,Active,Mumbai,Bachelor's,11082
13925,Ananya Kapoor,Female,1966-11-26,3,105,2025-10-26,Active,Bengaluru,Bachelor's,11701
13926,Rahul Shah,Male,1976-02-21,2,104,2018-07-16,Active,Mumbai,Master's,11312
13927,Simran Verma,Female,1991-12-27,7,115,2016-02-22,Resigned,Hyderabad,Bachelor's,13887
13928,Priya Sharma,Female,1983-10-12,6,113,2016-12-13,Active,Pune,Master's,13499
13929,Riya Bansal,Female,1992-02-01,3,106,2017-03-25,Active,Bengaluru,Bachelor's,14740
13930,Nikhil Verma,Male,1999-10-10,3,105,2019-09-22,Resigned,Bengaluru,Bachelor's,11185
13931,Meera Malhotra,Female,1968-12-26,8,117,2021-10-29,Active,Pune,Bachelor's,12132
13932,Arjun Chopra,Male,1971-10-25,5,111,2017-03-15,Active,Mumbai,Bachelor's,12963
13933,Nisha Agarwal,Female,2001-02-26,6,112,2021-03-22,Active,Pune,Bachelor's,11057
13934,Aarav Singh,Male,1989-04-03,3,106,2025-08-20,Active,Bengaluru,Bachelor's,13307
13935,Manish Joshi,Male,1981-01-24,3,106,2023-10-16,Resigned,Bengaluru,Master's,14718
13936,Aarav Shah,Male,1978-02-11,6,113,2021-02-01,Active,Pune,Master's,14071
13937,Aarav Agarwal,Male,2001-08-12,5,110,2022-12-23,Active,Mumbai,Master's,13474
13938,Vivek Desai,Male,1966-01-06,5,111,2016-12-09,Resigned,Mumbai,Master's,12471
13939,Rohan Bansal,Male,1988-04-03,4,108,2016-12-10,Active,Delhi,Master's,14470
13940,Yash Patel,Male,1979-01-26,4,109,2017-07-03,Active,Delhi,Bachelor's,12711
13941,Simran Bansal,Female,1997-11-16,6,113,2019-09-29,Active,Pune,PhD,11597
13942,Divya Kapoor,Female,1976-12-01,3,107,2022-01-28,Active,Bengaluru,Bachelor's,13473
13943,Rohan Patel,Male,1983-11-23,3,106,2016-01-05,Resigned,Bengaluru,Master's,12470
13944,Nikhil Patel,Male,1969-06-19,7,115,2024-03-15,Terminated,Hyderabad,Master's,14997
13945,Mohit Desai,Male,1965-12-28,3,107,2019-06-16,Active,Bengaluru,Bachelor's,10822
13946,Aarav Kapoor,Male,1973-02-10,4,109,2021-10-24,Resigned,Delhi,PhD,14247
13947,Neha Sharma,Female,2003-03-28,5,111,2019-02-26,Active,Mumbai,Bachelor's,14865
13948,Pooja Mishra,Female,1998-08-11,8,116,2019-07-07,Active,Pune,Bachelor's,10825
13949,Nikhil Sinha,Male,1993-07-16,4,108,2019-10-17,Active,Delhi,Bachelor's,10094
13950,Karan Reddy,Male,1966-12-13,4,109,2024-09-11,Active,Delhi,Bachelor's,12614
13951,Nikhil Desai,Male,1983-07-05,7,115,2025-10-16,Active,Hyderabad,Master's,12538
13952,Simran Shah,Female,1992-12-10,6,113,2023-09-30,Active,Pune,Diploma,10895
13953,Aanya Mehta,Female,1999-03-17,6,112,2017-07-01,Active,Pune,Master's,13499
13954,Rahul Kumar,Male,1986-01-22,4,108,2021-10-26,Resigned,Delhi,Master's,15000
13955,Karan Desai,Male,1968-04-23,3,106,2018-01-08,Terminated,Bengaluru,Bachelor's,10933
13956,Divya Chopra,Female,1972-10-10,5,111,2020-06-20,Active,Mumbai,Bachelor's,13597
13957,Pooja Agarwal,Female,1965-10-17,7,115,2016-10-26,Active,Hyderabad,Bachelor's,12193
13958,Yash Kumar,Male,2000-06-23,7,114,2022-02-01,Resigned,Hyderabad,Master's,14004
13959,Siddharth Shah,Male,1971-01-02,2,103,2022-07-14,Active,Mumbai,Master's,12074
13960,Yash Bansal,Male,1989-09-25,4,108,2017-08-10,Resigned,Delhi,Bachelor's,14893
13961,Pooja Verma,Female,1993-06-27,4,109,2022-08-15,Active,Delhi,Diploma,13949
13962,Rahul Gupta,Male,1965-04-07,8,117,2017-09-23,Active,Pune,Bachelor's,14859
13963,Karan Singh,Male,1982-05-19,5,111,2023-12-28,Active,Mumbai,Bachelor's,13788
13964,Aanya Kumar,Female,1968-04-18,3,107,2024-04-07,Active,Bengaluru,Master's,14213
13965,Karan Sinha,Male,1984-06-03,1,102,2023-01-11,Active,Delhi,Master's,13066
13966,Nisha Gupta,Female,1972-07-04,4,108,2020-08-23,Active,Delhi,Bachelor's,14134
13967,Akash Kumar,Male,1991-08-27,2,104,2025-09-21,Active,Mumbai,Master's,14088
13968,Nikhil Verma,Male,2003-01-09,6,112,2021-04-25,Active,Pune,Bachelor's,14075
13969,Shreya Chopra,Female,1999-03-03,6,113,2024-12-31,Active,Pune,Bachelor's,14564
13970,Mohit Nair,Male,1989-05-26,4,109,2020-02-19,Resigned,Delhi,Master's,13249
13971,Sneha Bansal,Female,1978-01-19,4,108,2022-03-02,Active,Delhi,Diploma,12422
13972,Yash Shah,Male,1995-04-14,7,115,2017-03-26,Active,Hyderabad,Bachelor's,12617
13973,Nikhil Bansal,Male,1969-02-12,3,105,2025-10-31,Resigned,Bengaluru,Bachelor's,10538
13974,Meera Nair,Female,1981-06-10,3,106,2021-10-15,Active,Bengaluru,Bachelor's,10922
13975,Mohit Reddy,Male,1974-04-16,7,115,2020-10-09,Active,Hyderabad,Bachelor's,12130
13976,Neha Mishra,Female,1980-01-03,6,113,2017-05-06,Active,Pune,Master's,12716
13977,Aarav Mehta,Male,1968-07-03,6,112,2019-09-21,Active,Pune,Bachelor's,12705
13978,Siddharth Verma,Male,1969-06-27,3,105,2023-06-26,Active,Bengaluru,Bachelor's,13752
13979,Ankit Bansal,Male,1984-06-16,2,104,2018-05-15,Active,Mumbai,Bachelor's,12526
13980,Rahul Sharma,Male,1970-01-02,1,102,2024-03-12,Active,Delhi,Bachelor's,12141
13981,Kavya Shah,Female,1975-10-11,3,107,2021-05-26,Active,Bengaluru,Bachelor's,13784
13982,Pooja Reddy,Female,1981-12-27,6,113,2021-08-08,Active,Pune,Master's,10017
13983,Akash Chopra,Male,1967-06-18,3,106,2024-01-21,Active,Bengaluru,Master's,13608
13984,Aarav Kumar,Male,1980-02-20,6,112,2016-06-07,Active,Pune,Bachelor's,12051
13985,Isha Joshi,Female,2000-12-14,3,105,2021-05-23,Active,Bengaluru,Master's,12353
13986,Isha Sharma,Female,1990-08-06,3,106,2021-07-14,Active,Bengaluru,Bachelor's,12413
13987,Mohit Sinha,Male,1988-08-15,8,116,2021-11-08,Active,Pune,Bachelor's,10290
13988,Aditya Nair,Male,1998-04-27,3,105,2023-07-06,Resigned,Bengaluru,Master's,11896
13989,Akash Shah,Male,1984-03-07,3,106,2023-11-30,Active,Bengaluru,Master's,10609
13990,Riya Verma,Female,1981-07-02,3,105,2022-05-02,Resigned,Bengaluru,Diploma,12819
13991,Rohan Sinha,Male,1984-01-11,2,103,2019-02-22,Active,Mumbai,Bachelor's,10388
13992,Varun Sinha,Male,1980-08-03,4,109,2021-03-30,Active,Delhi,Diploma,13519
13993,Simran Nair,Female,1968-06-23,3,105,2024-07-20,Active,Bengaluru,Bachelor's,11601
13994,Akash Kumar,Male,1982-08-22,5,110,2024-02-20,Terminated,Mumbai,Bachelor's,10516
13995,Varun Desai,Male,2000-07-21,6,113,2018-05-02,Terminated,Pune,Master's,10436
13996,Karan Kumar,Male,1999-03-18,4,109,2019-11-15,Terminated,Delhi,Bachelor's,12954
13997,Nikhil Malhotra,Male,1994-07-16,1,101,2025-04-29,Resigned,Delhi,Diploma,14011
13998,Akash Singh,Male,1982-08-14,5,111,2018-07-07,Active,Mumbai,Bachelor's,12405
13999,Aarav Verma,Male,1985-08-13,1,101,2020-05-14,Active,Delhi,Master's,14260
14000,Ankit Chopra,Male,1996-03-02,5,110,2017-01-22,Active,Mumbai,Bachelor's,11220
14001,Isha Mehta,Female,1969-09-22,5,110,2020-04-29,Active,Mumbai,Bachelor's,11084
14002,Divya Verma,Female,1987-10-03,3,105,2024-09-19,Active,Bengaluru,Bachelor's,11542
14003,Ananya Sharma,Female,1994-05-01,6,113,2020-09-08,Active,Pune,Master's,13969
14004,Karan Desai,Male,1991-02-25,7,115,2018-04-14,Active,Hyderabad,Bachelor's,11182
14005,Siddharth Chopra,Male,1979-10-11,6,112,2024-10-23,Active,Pune,Diploma,10017
14006,Ankit Gupta,Male,1978-10-03,3,105,2021-05-17,Active,Bengaluru,Bachelor's,12155
14007,Rahul Kumar,Male,1985-08-26,4,108,2022-03-07,Active,Delhi,Bachelor's,13655
14008,Vivek Mehta,Male,1998-08-15,7,115,2019-06-26,Resigned,Hyderabad,Bachelor's,14829
14009,Pooja Kumar,Female,1990-05-08,3,107,2020-11-06,Active,Bengaluru,Diploma,14934
14010,Aditya Joshi,Male,1989-02-18,6,113,2025-01-23,Active,Pune,Bachelor's,14081
14011,Akash Iyer,Male,1995-12-04,1,101,2023-07-10,Active,Delhi,Master's,10412
14012,Karan Gupta,Male,1970-08-02,1,102,2020-02-29,Resigned,Delhi,Bachelor's,13800
14013,Riya Sharma,Female,1968-04-24,6,113,2025-05-18,Active,Pune,Master's,14595
14014,Aarav Chopra,Male,1988-03-08,6,112,2020-03-22,Active,Pune,Bachelor's,14414
14015,Pooja Kapoor,Female,1995-12-02,6,113,2017-03-20,Active,Pune,PhD,11773
14016,Mohit Chopra,Male,1983-01-14,7,115,2019-01-20,Active,Hyderabad,PhD,12215
14017,Ananya Kumar,Female,1975-06-08,2,103,2021-01-06,Active,Mumbai,Master's,10310
14018,Meera Sharma,Female,1993-09-10,3,107,2017-03-21,Active,Bengaluru,PhD,11274
14019,Vivek Malhotra,Male,1969-08-18,7,114,2020-06-18,Active,Hyderabad,Bachelor's,14062
14020,Yash Sinha,Male,1982-01-07,2,103,2023-04-20,Active,Mumbai,Master's,10823
14021,Varun Gupta,Male,1967-07-13,5,110,2021-11-01,Active,Mumbai,Bachelor's,11607
14022,Siddharth Sinha,Male,1975-12-19,4,108,2024-12-04,Resigned,Delhi,Master's,13778
14023,Sneha Chopra,Female,1985-06-07,2,104,2025-07-25,Active,Mumbai,Bachelor's,11946
14024,Priya Singh,Female,1994-09-17,3,105,2021-04-29,Active,Bengaluru,Bachelor's,10818
14025,Isha Iyer,Female,1983-03-05,4,108,2021-01-29,Active,Delhi,PhD,12955
14026,Meera Verma,Female,1989-03-24,7,114,2016-03-05,Active,Hyderabad,Bachelor's,12486
14027,Aarav Gupta,Male,1999-10-22,5,111,2025-05-25,Active,Mumbai,Master's,10507
14028,Nikhil Mishra,Male,1976-02-17,5,110,2022-12-30,Active,Mumbai,Master's,14310
14029,Pooja Malhotra,Female,1990-10-21,4,108,2017-09-17,Resigned,Delhi,Bachelor's,10583
14030,Siddharth Sinha,Male,1969-11-25,3,107,2021-06-02,Active,Bengaluru,Bachelor's,11283
14031,Sneha Mishra,Female,1983-10-09,2,104,2017-04-16,Resigned,Mumbai,Bachelor's,14377
14032,Akash Bansal,Male,1991-01-19,3,107,2020-05-02,Active,Bengaluru,Master's,11480
14033,Karan Patel,Male,2002-06-21,1,101,2025-07-01,Resigned,Delhi,PhD,12092
14034,Kavya Malhotra,Female,1993-04-18,3,105,2025-04-21,Active,Bengaluru,Master's,14059
14035,Rahul Nair,Male,1976-12-28,4,109,2021-03-21,Active,Delhi,Master's,14574
14036,Neha Mehta,Female,1983-12-04,3,107,2023-12-06,Active,Bengaluru,Diploma,11625
14037,Meera Desai,Female,1973-05-12,1,102,2020-02-07,Active,Delhi,Bachelor's,10262
14038,Priya Kapoor,Female,1982-02-26,4,108,2023-12-25,Active,Delhi,Bachelor's,12400
14039,Sneha Malhotra,Female,1993-01-23,4,109,2021-07-06,Resigned,Delhi,Bachelor's,12144
14040,Simran Mehta,Female,1967-07-24,1,101,2023-09-05,Resigned,Delhi,Bachelor's,10571
14041,Riya Sharma,Female,1987-10-06,8,117,2022-08-20,Active,Pune,Bachelor's,12748
14042,Vivek Bansal,Male,1994-01-08,2,103,2019-05-29,Active,Mumbai,Master's,10426
14043,Mohit Iyer,Male,1988-02-12,7,114,2019-08-17,Terminated,Hyderabad,Bachelor's,12486
14044,Nisha Reddy,Female,2001-03-24,1,101,2018-03-03,Active,Delhi,Bachelor's,14588
14045,Arjun Agarwal,Male,2001-04-21,7,115,2023-12-27,Active,Hyderabad,Diploma,13889
14046,Yash Nair,Male,1968-09-27,1,102,2018-11-06,Active,Delhi,Master's,10311
14047,Karan Agarwal,Male,1992-07-26,6,112,2016-07-20,Terminated,Pune,Bachelor's,10515
14048,Priya Mehta,Female,1980-12-07,3,105,2020-09-10,Resigned,Bengaluru,Bachelor's,14979
14049,Tanya Malhotra,Female,1977-01-17,6,113,2017-09-26,Active,Pune,Master's,11069
14050,Yash Joshi,Male,1972-08-10,3,105,2021-12-25,Active,Bengaluru,Bachelor's,13974
14051,Ananya Shah,Female,1989-01-16,1,102,2024-05-01,Active,Delhi,Bachelor's,14619
14052,Shreya Sharma,Female,1966-10-15,6,113,2024-12-06,Active,Pune,Master's,10466
14053,Ananya Singh,Female,1994-02-04,1,102,2023-03-21,Active,Delhi,Bachelor's,12379
14054,Ankit Singh,Male,1967-09-07,7,115,2021-01-18,Active,Hyderabad,Bachelor's,14373
14055,Ananya Shah,Female,1987-12-23,1,102,2019-08-12,Active,Delhi,Bachelor's,14301
14056,Arjun Sinha,Male,1993-12-26,4,108,2022-05-20,Active,Delhi,Bachelor's,10674
14057,Ananya Kumar,Female,1994-07-21,6,113,2017-11-09,Active,Pune,Bachelor's,12329
14058,Rohan Joshi,Male,1975-01-21,3,106,2017-03-25,Terminated,Bengaluru,Diploma,11756
14059,Pooja Gupta,Female,1985-08-28,3,107,2021-11-03,Active,Bengaluru,Master's,13494
14060,Ananya Kapoor,Female,1991-12-23,6,113,2016-05-07,Active,Pune,Bachelor's,12755
14061,Akash Malhotra,Male,1988-07-15,6,113,2025-09-25,Resigned,Pune,Bachelor's,14013
14062,Akash Kumar,Male,1995-02-01,7,114,2024-04-01,Active,Hyderabad,Bachelor's,14262
14063,Shreya Desai,Female,1994-04-08,3,105,2022-12-10,Active,Bengaluru,Master's,13577
14064,Siddharth Agarwal,Male,1965-01-18,4,109,2017-03-27,Active,Delhi,Master's,11188
14065,Kavya Nair,Female,1965-07-05,3,107,2025-08-19,Active,Bengaluru,Bachelor's,10764
14066,Aditya Patel,Male,1972-06-12,3,106,2021-07-12,Terminated,Bengaluru,Bachelor's,14626
14067,Aditya Singh,Male,1998-08-28,6,112,2019-08-06,Active,Pune,Bachelor's,13285
14068,Nisha Shah,Female,1980-09-15,3,106,2017-07-21,Active,Bengaluru,Bachelor's,10654
14069,Simran Chopra,Female,1991-08-12,4,108,2025-07-26,Resigned,Delhi,Bachelor's,14064
14070,Nisha Verma,Female,1968-01-14,3,105,2024-08-11,Active,Bengaluru,Bachelor's,10420
14071,Vivek Chopra,Male,1983-11-20,6,113,2025-04-21,Resigned,Pune,Bachelor's,12974
14072,Riya Joshi,Female,1993-05-13,7,115,2024-02-09,Active,Hyderabad,Diploma,12800
14073,Isha Agarwal,Female,1967-09-06,5,110,2024-05-31,Active,Mumbai,Diploma,12109
14074,Ananya Joshi,Female,1975-06-03,4,109,2018-01-06,Active,Delhi,Bachelor's,14985
14075,Shreya Mishra,Female,1972-12-14,6,112,2019-09-25,Active,Pune,Bachelor's,10136
14076,Isha Kumar,Female,2003-02-18,5,110,2025-02-05,Active,Mumbai,Master's,12652
14077,Siddharth Kumar,Male,1997-07-05,1,101,2019-12-14,Active,Delhi,Master's,14108
14078,Arjun Mehta,Male,1972-12-26,2,103,2017-02-10,Active,Mumbai,PhD,11719
14079,Divya Joshi,Female,1989-01-12,1,102,2019-06-24,Active,Delhi,Bachelor's,14699
14080,Siddharth Chopra,Male,1988-05-11,4,109,2019-11-29,Active,Delhi,Bachelor's,11022
14081,Simran Sinha,Female,1990-01-09,6,113,2017-08-04,Active,Pune,Master's,13159
14082,Mohit Nair,Male,1990-08-14,3,106,2022-03-22,Active,Bengaluru,Bachelor's,13263
14083,Meera Iyer,Female,1981-04-11,3,106,2017-10-03,Active,Bengaluru,Bachelor's,10732
14084,Shreya Joshi,Female,1991-01-27,7,115,2017-05-25,Active,Hyderabad,Bachelor's,13617
14085,Mohit Kapoor,Male,1993-08-21,6,112,2024-01-10,Resigned,Pune,Bachelor's,14589
14086,Akash Kapoor,Male,2003-01-18,5,111,2016-06-12,Active,Mumbai,Master's,10627
14087,Arjun Chopra,Male,1973-05-25,3,107,2022-02-14,Active,Bengaluru,Master's,11263
14088,Shreya Kumar,Female,1978-10-08,2,103,2017-03-23,Active,Mumbai,PhD,11493
14089,Simran Shah,Female,1969-11-26,1,101,2022-05-21,Active,Delhi,Master's,12256
14090,Mohit Shah,Male,1994-08-09,2,104,2017-02-19,Active,Mumbai,Bachelor's,10263
14091,Neha Chopra,Female,1992-02-07,3,105,2020-08-31,Active,Bengaluru,Diploma,10219
14092,Rahul Malhotra,Male,2001-10-21,4,109,2025-03-04,Active,Delhi,Diploma,11366
14093,Ankit Joshi,Male,1972-03-10,1,101,2022-11-20,Active,Delhi,Bachelor's,12493
14094,Riya Gupta,Female,1979-08-18,2,104,2022-08-22,Terminated,Mumbai,Diploma,10297
14095,Karan Sinha,Male,1992-04-12,3,106,2021-03-06,Active,Bengaluru,Bachelor's,14156
14096,Ankit Sharma,Male,2000-05-05,5,111,2017-11-19,Active,Mumbai,Diploma,12288
14097,Karan Iyer,Male,1997-04-19,5,110,2024-01-24,Active,Mumbai,Master's,13402
14098,Arjun Chopra,Male,1970-03-05,4,109,2022-08-21,Active,Delhi,Bachelor's,10186
14099,Arjun Sinha,Male,1976-12-26,3,106,2019-06-19,Active,Bengaluru,Bachelor's,11613
14100,Akash Iyer,Male,1971-06-17,3,105,2021-02-06,Active,Bengaluru,Bachelor's,13294
14101,Divya Iyer,Female,1992-11-20,2,104,2020-05-16,Active,Mumbai,Master's,14281
14102,Vivek Reddy,Male,1971-10-14,3,106,2023-03-17,Active,Bengaluru,Master's,14233
14103,Vivek Iyer,Male,1965-10-06,7,115,2020-10-14,Active,Hyderabad,Bachelor's,11826
14104,Siddharth Mishra,Male,1988-02-10,8,117,2022-02-24,Active,Pune,Master's,10721
14105,Aditya Iyer,Male,1983-05-27,5,111,2020-10-20,Active,Mumbai,Bachelor's,14578
14106,Aanya Iyer,Female,1996-09-19,7,114,2021-05-29,Active,Hyderabad,Master's,12840
14107,Kavya Agarwal,Female,1994-03-09,5,111,2024-02-10,Active,Mumbai,Bachelor's,14609
14108,Rahul Reddy,Male,1965-03-20,1,101,2019-01-20,Active,Delhi,Bachelor's,13276
14109,Nisha Mehta,Female,1996-12-25,8,117,2024-07-18,Active,Pune,Diploma,12861
14110,Isha Bansal,Female,1984-04-05,2,103,2016-08-11,Active,Mumbai,Bachelor's,12580
14111,Isha Shah,Female,1985-02-08,5,110,2023-03-04,Active,Mumbai,Master's,11974
14112,Nikhil Nair,Male,1983-09-10,3,105,2017-05-08,Active,Bengaluru,Master's,11891
14113,Nikhil Iyer,Male,1994-04-19,3,106,2020-03-12,Resigned,Bengaluru,Bachelor's,10055
14114,Aditya Reddy,Male,1992-04-13,5,111,2019-04-02,Resigned,Mumbai,Bachelor's,10090
14115,Ananya Mishra,Female,1996-07-17,4,108,2025-04-09,Active,Delhi,Bachelor's,10261
14116,Rahul Gupta,Male,1994-11-11,3,106,2023-02-01,Active,Bengaluru,Diploma,10147
14117,Divya Sinha,Female,1987-02-26,3,107,2025-07-23,Active,Bengaluru,Master's,12477
14118,Nikhil Verma,Male,1991-05-25,3,107,2020-12-01,Active,Bengaluru,Bachelor's,10156
14119,Manish Mehta,Male,2001-06-03,8,117,2024-02-03,Active,Pune,Bachelor's,12807
14120,Kavya Reddy,Female,1990-03-23,6,112,2017-07-27,Active,Pune,Master's,12484
14121,Aditya Iyer,Male,1967-03-16,4,109,2022-01-09,Active,Delhi,Bachelor's,11318
14122,Vivek Malhotra,Male,1995-10-03,3,107,2018-12-05,Active,Bengaluru,Bachelor's,11857
14123,Kavya Sinha,Female,1966-10-28,6,112,2021-03-14,Active,Pune,Bachelor's,12031
14124,Meera Malhotra,Female,1974-07-25,2,104,2024-06-11,Active,Mumbai,Bachelor's,10029
14125,Riya Malhotra,Female,2002-09-19,3,107,2021-07-20,Active,Bengaluru,Bachelor's,11576
14126,Divya Mishra,Female,1983-08-01,3,105,2023-07-22,Active,Bengaluru,Diploma,12201
14127,Tanya Reddy,Female,1995-12-24,7,114,2025-01-15,Active,Hyderabad,Master's,14992
14128,Tanya Shah,Female,1993-11-18,2,103,2016-02-19,Active,Mumbai,Master's,10034
14129,Mohit Sinha,Male,1989-04-07,2,103,2021-12-04,Resigned,Mumbai,Master's,13230
14130,Karan Sharma,Male,1996-06-12,4,109,2024-09-19,Resigned,Delhi,Master's,12944
14131,Aarav Patel,Male,1981-09-24,3,107,2019-03-19,Active,Bengaluru,Bachelor's,13339
14132,Ankit Malhotra,Male,1987-02-13,4,108,2016-11-13,Active,Delhi,Bachelor's,12907
14133,Meera Kumar,Female,1982-04-01,4,108,2025-01-28,Active,Delhi,Master's,12859
14134,Meera Shah,Female,1975-07-15,4,108,2016-11-16,Active,Delhi,Bachelor's,13146
14135,Isha Mehta,Female,1984-04-08,2,104,2022-06-16,Active,Mumbai,Diploma,14469
14136,Yash Kumar,Male,1977-02-15,2,103,2025-12-17,Active,Mumbai,Diploma,14256
14137,Nisha Kumar,Female,1988-08-02,6,113,2020-06-28,Terminated,Pune,Master's,11259
14138,Aditya Agarwal,Male,1984-11-08,7,115,2019-01-16,Active,Hyderabad,Diploma,12403
14139,Neha Nair,Female,1992-01-18,3,105,2025-01-16,Active,Bengaluru,Bachelor's,11758
14140,Rohan Gupta,Male,1999-05-01,2,103,2023-01-04,Active,Mumbai,Bachelor's,10348
14141,Akash Bansal,Male,1985-12-05,1,102,2016-07-09,Active,Delhi,Master's,13554
14142,Siddharth Kumar,Male,1970-05-16,5,111,2017-09-04,Resigned,Mumbai,Bachelor's,10171
14143,Rahul Kumar,Male,1971-07-18,6,113,2019-01-16,Active,Pune,Bachelor's,14891
14144,Riya Sinha,Female,1993-02-15,3,105,2017-03-17,Active,Bengaluru,Master's,12825
14145,Priya Desai,Female,1987-12-22,5,111,2023-12-30,Active,Mumbai,Master's,10598
14146,Shreya Mishra,Female,1969-11-10,6,112,2025-10-18,Active,Pune,Bachelor's,14531
14147,Vivek Reddy,Male,1986-03-13,7,115,2017-07-24,Active,Hyderabad,Bachelor's,13067
14148,Mohit Iyer,Male,1973-08-03,1,102,2020-11-14,Resigned,Delhi,Bachelor's,10897
14149,Priya Patel,Female,1996-10-04,3,105,2019-04-05,Active,Bengaluru,Master's,10818
14150,Meera Kumar,Female,1974-07-17,1,101,2025-05-17,Resigned,Delhi,Diploma,13134
14151,Varun Agarwal,Male,1992-01-25,7,115,2021-12-26,Active,Hyderabad,Bachelor's,10536
14152,Aditya Reddy,Male,1975-12-22,6,112,2019-07-11,Active,Pune,Bachelor's,14848
14153,Ananya Malhotra,Female,1971-05-02,4,108,2020-08-27,Terminated,Delhi,Master's,13141
14154,Aarav Gupta,Male,1994-02-07,2,104,2024-06-12,Resigned,Mumbai,Master's,11834
14155,Yash Malhotra,Male,2002-06-28,3,105,2023-05-06,Resigned,Bengaluru,Bachelor's,11009
14156,Vivek Iyer,Male,1998-08-03,3,107,2025-07-29,Active,Bengaluru,Bachelor's,12207
14157,Manish Chopra,Male,1992-03-13,4,109,2025-08-15,Active,Delhi,Master's,11733
14158,Ananya Iyer,Female,1996-05-26,3,106,2018-12-07,Active,Bengaluru,Master's,13942
14159,Divya Joshi,Female,1980-04-16,1,101,2022-01-29,Active,Delhi,Master's,13698
14160,Ananya Bansal,Female,2003-12-08,6,112,2021-02-01,Active,Pune,Master's,11479
14161,Karan Chopra,Male,1965-06-08,3,107,2022-03-05,Active,Bengaluru,Bachelor's,12664
14162,Arjun Sharma,Male,1998-07-02,4,109,2018-11-12,Resigned,Delhi,Bachelor's,11531
14163,Varun Nair,Male,1987-09-27,2,104,2024-10-13,Active,Mumbai,Master's,14541
14164,Aditya Mehta,Male,1984-06-27,6,112,2017-03-23,Resigned,Pune,Bachelor's,12294
14165,Sneha Kumar,Female,1982-11-22,4,108,2025-04-16,Active,Delhi,Bachelor's,11397
14166,Vivek Shah,Male,1982-12-02,7,114,2024-12-23,Resigned,Hyderabad,Bachelor's,13687
14167,Mohit Malhotra,Male,1985-09-01,4,109,2020-01-21,Active,Delhi,Master's,13173
14168,Aditya Malhotra,Male,1972-06-24,8,117,2023-06-07,Active,Pune,Diploma,13948
14169,Yash Sinha,Male,1998-02-03,7,114,2021-04-06,Active,Hyderabad,Bachelor's,12326
14170,Manish Mishra,Male,1975-10-15,4,108,2024-03-22,Resigned,Delhi,Master's,10080
14171,Arjun Chopra,Male,1974-10-07,7,114,2018-08-11,Terminated,Hyderabad,Master's,13067
14172,Nisha Kumar,Female,1972-11-12,3,107,2022-12-02,Active,Bengaluru,Master's,12444
14173,Arjun Mehta,Male,1972-01-21,3,106,2021-05-30,Active,Bengaluru,Bachelor's,10794
14174,Aditya Chopra,Male,1983-11-22,1,101,2019-03-11,Active,Delhi,Diploma,12316
14175,Nisha Chopra,Female,1965-10-07,4,108,2023-10-12,Active,Delhi,Bachelor's,10111
14176,Meera Mishra,Female,1967-10-10,6,113,2019-07-27,Active,Pune,Master's,12746
14177,Pooja Desai,Female,1996-07-19,6,112,2024-08-11,Active,Pune,Bachelor's,14562
14178,Tanya Sharma,Female,1980-07-17,2,103,2017-10-22,Active,Mumbai,Master's,10195
14179,Varun Joshi,Male,1994-11-20,4,108,2022-06-21,Active,Delhi,Bachelor's,10031
14180,Ankit Malhotra,Male,1992-07-23,2,103,2025-07-18,Active,Mumbai,Diploma,11225
14181,Arjun Reddy,Male,1992-04-17,5,110,2023-12-02,Active,Mumbai,Bachelor's,10260
14182,Ananya Shah,Female,1980-08-04,2,103,2019-11-29,Resigned,Mumbai,Master's,10947
14183,Neha Kapoor,Female,1997-02-20,7,115,2017-01-27,Active,Hyderabad,PhD,13458
14184,Varun Reddy,Male,1989-08-08,3,105,2017-02-06,Active,Bengaluru,Master's,13201
14185,Rahul Kumar,Male,1982-05-16,3,106,2022-04-25,Active,Bengaluru,Bachelor's,11224
14186,Sneha Sinha,Female,1990-02-23,7,114,2025-10-20,Active,Hyderabad,Master's,10125
14187,Karan Kumar,Male,1970-03-06,4,108,2016-04-27,Terminated,Delhi,Master's,13905
14188,Ananya Iyer,Female,2002-09-16,1,101,2020-07-20,Active,Delhi,Diploma,10941
14189,Neha Gupta,Female,1967-05-09,4,108,2023-12-20,Resigned,Delhi,PhD,10107
14190,Isha Malhotra,Female,1970-04-25,2,104,2019-02-18,Resigned,Mumbai,Bachelor's,10473
14191,Pooja Shah,Female,1978-01-04,8,117,2019-07-27,Active,Pune,PhD,11898
14192,Nisha Desai,Female,1982-11-14,4,109,2025-07-05,Active,Delhi,Master's,11148
14193,Aditya Verma,Male,1980-01-28,3,107,2016-03-18,Resigned,Bengaluru,Bachelor's,14600
14194,Isha Singh,Female,1988-09-24,4,109,2024-12-03,Resigned,Delhi,Bachelor's,14873
14195,Riya Shah,Female,1977-08-14,1,101,2022-05-17,Terminated,Delhi,Bachelor's,14077
14196,Nikhil Nair,Male,1965-07-25,6,113,2020-03-02,Resigned,Pune,Bachelor's,13578
14197,Mohit Sharma,Male,2002-11-11,7,114,2016-06-28,Active,Hyderabad,Bachelor's,10435
14198,Manish Nair,Male,1978-03-07,7,115,2016-03-27,Active,Hyderabad,Master's,14197
14199,Yash Verma,Male,1981-06-05,3,106,2019-09-07,Active,Bengaluru,Bachelor's,10332
14200,Nisha Chopra,Female,1977-09-20,3,105,2021-06-02,Active,Bengaluru,Diploma,11770
14201,Pooja Sinha,Female,1977-03-13,1,102,2017-11-27,Active,Delhi,PhD,13327
14202,Akash Mishra,Male,1973-11-19,5,111,2016-10-03,Active,Mumbai,Bachelor's,14519
14203,Karan Sinha,Male,1970-02-01,4,108,2019-03-01,Active,Delhi,Master's,11130
14204,Tanya Iyer,Female,1970-03-24,4,109,2024-01-21,Resigned,Delhi,Diploma,13236
14205,Siddharth Malhotra,Male,1994-12-06,7,115,2022-01-16,Active,Hyderabad,Master's,11873
14206,Rahul Patel,Male,2001-02-24,2,104,2020-04-03,Active,Mumbai,Bachelor's,13501
14207,Nisha Desai,Female,1978-05-12,1,102,2016-07-26,Active,Delhi,Master's,12823
14208,Mohit Singh,Male,1968-04-14,1,101,2018-03-06,Active,Delhi,Master's,10191
14209,Aditya Nair,Male,1998-01-12,3,105,2022-02-26,Active,Bengaluru,Master's,13016
14210,Mohit Gupta,Male,1966-01-20,1,102,2016-11-28,Resigned,Delhi,Bachelor's,14044
14211,Aditya Chopra,Male,1981-12-15,4,108,2022-05-10,Active,Delhi,Bachelor's,12993
14212,Kavya Mehta,Female,1978-09-26,3,107,2020-11-11,Active,Bengaluru,Master's,12513
14213,Ankit Mishra,Male,1981-10-06,3,106,2023-01-10,Active,Bengaluru,Bachelor's,10995
14214,Aditya Sinha,Male,1994-01-12,6,113,2023-05-14,Active,Pune,Bachelor's,14307
14215,Kavya Reddy,Female,1993-08-28,3,107,2024-09-09,Active,Bengaluru,Bachelor's,13985
14216,Pooja Bansal,Female,1971-09-02,5,111,2018-10-01,Active,Mumbai,Bachelor's,14577
14217,Arjun Chopra,Male,1973-06-23,3,106,2019-08-18,Active,Bengaluru,Bachelor's,10697
14218,Yash Sinha,Male,1987-11-01,4,109,2021-05-20,Active,Delhi,Bachelor's,12669
14219,Neha Mishra,Female,2000-11-21,7,115,2021-03-06,Active,Hyderabad,Bachelor's,11809
14220,Rahul Verma,Male,1978-11-11,1,101,2023-10-21,Active,Delhi,Bachelor's,14188
14221,Aditya Malhotra,Male,1984-05-03,4,108,2021-07-20,Active,Delhi,Bachelor's,14134
14222,Pooja Malhotra,Female,1981-02-14,7,114,2020-09-01,Terminated,Hyderabad,Master's,11053
14223,Ananya Sinha,Female,1996-01-06,4,108,2016-04-11,Active,Delhi,Master's,13613
14224,Nisha Sharma,Female,1989-07-02,3,106,2020-09-29,Active,Bengaluru,Bachelor's,14697
14225,Priya Sharma,Female,1994-02-15,3,106,2023-12-25,Active,Bengaluru,Master's,11446
14226,Riya Mishra,Female,1991-05-05,5,111,2019-04-07,Active,Mumbai,Master's,14545
14227,Nikhil Nair,Male,1991-03-19,7,114,2017-02-16,Active,Hyderabad,Master's,10326
14228,Pooja Malhotra,Female,1995-01-03,1,101,2019-07-22,Active,Delhi,PhD,13980
14229,Varun Iyer,Male,1990-09-18,1,101,2016-08-27,Active,Delhi,Bachelor's,13846
14230,Mohit Nair,Male,1978-01-25,3,106,2016-01-04,Terminated,Bengaluru,Master's,13955
14231,Nisha Patel,Female,1985-05-08,3,106,2019-09-03,Active,Bengaluru,Master's,10096
14232,Siddharth Verma,Male,1992-11-20,3,106,2025-06-26,Active,Bengaluru,Bachelor's,13019
14233,Karan Kapoor,Male,1979-08-28,3,107,2016-08-29,Active,Bengaluru,Master's,12189
14234,Tanya Joshi,Female,1994-05-06,3,105,2017-10-30,Active,Bengaluru,Bachelor's,12305
14235,Varun Patel,Male,1989-06-06,2,103,2025-03-07,Active,Mumbai,Bachelor's,14839
14236,Yash Desai,Male,1975-02-10,7,115,2021-02-08,Resigned,Hyderabad,Bachelor's,13610
14237,Varun Desai,Male,1975-10-09,2,103,2016-11-08,Resigned,Mumbai,Master's,11760
14238,Tanya Kapoor,Female,1992-07-03,3,107,2024-04-06,Active,Bengaluru,Master's,10807
14239,Riya Chopra,Female,1969-02-04,3,105,2018-05-02,Resigned,Bengaluru,Bachelor's,12809
14240,Nikhil Kapoor,Male,1992-08-09,7,115,2025-11-03,Active,Hyderabad,Bachelor's,12279
14241,Aanya Chopra,Female,1972-10-02,6,113,2018-12-27,Active,Pune,Bachelor's,11505
14242,Arjun Mishra,Male,1990-06-08,6,113,2018-12-12,Active,Pune,Bachelor's,11021
14243,Shreya Malhotra,Female,1970-03-11,2,103,2018-12-01,Active,Mumbai,Master's,11243
14244,Karan Mishra,Male,1996-09-20,6,112,2020-10-21,Active,Pune,Master's,11023
14245,Nikhil Malhotra,Male,1996-05-12,3,105,2024-03-16,Resigned,Bengaluru,Master's,12668
14246,Pooja Joshi,Female,1976-07-27,3,105,2016-01-02,Active,Bengaluru,PhD,14232
14247,Mohit Reddy,Male,1970-11-05,4,109,2021-02-18,Resigned,Delhi,Master's,14956
14248,Aditya Joshi,Male,1977-04-20,6,112,2021-01-17,Active,Pune,Bachelor's,11297
14249,Nisha Mehta,Female,2003-05-03,6,113,2018-01-19,Active,Pune,Bachelor's,13115
14250,Kavya Iyer,Female,1998-09-28,7,114,2016-08-16,Active,Hyderabad,Bachelor's,11250
14251,Yash Desai,Male,1987-02-12,7,115,2022-04-24,Active,Hyderabad,Bachelor's,10342
14252,Varun Joshi,Male,1981-07-04,3,105,2021-06-03,Terminated,Bengaluru,Master's,14621
14253,Ankit Joshi,Male,1965-08-07,4,108,2025-09-09,Active,Delhi,Bachelor's,14345
14254,Vivek Malhotra,Male,1971-08-20,1,102,2025-12-23,Active,Delhi,Master's,12889
14255,Siddharth Shah,Male,1977-11-02,7,114,2017-09-01,Active,Hyderabad,Bachelor's,11878
14256,Kavya Mehta,Female,1978-07-12,2,104,2019-06-28,Active,Mumbai,Master's,10657
14257,Pooja Reddy,Female,1981-09-06,7,114,2023-06-19,Active,Hyderabad,Diploma,14479
14258,Aarav Mishra,Male,1994-07-06,3,107,2018-07-02,Active,Bengaluru,Diploma,12255
14259,Vivek Verma,Male,1998-02-13,3,107,2022-07-27,Active,Bengaluru,Master's,10490
14260,Akash Mehta,Male,1991-09-21,1,101,2024-04-26,Active,Delhi,Master's,13228
14261,Aarav Shah,Male,1989-12-19,3,105,2022-04-12,Terminated,Bengaluru,Master's,14200
14262,Priya Kapoor,Female,1999-04-04,7,115,2024-09-01,Resigned,Hyderabad,Master's,13458
14263,Arjun Verma,Male,1973-12-25,1,101,2017-07-12,Active,Delhi,Bachelor's,14093
14264,Siddharth Chopra,Male,1970-11-21,3,106,2018-01-23,Active,Bengaluru,Bachelor's,14018
14265,Kavya Bansal,Female,1990-02-06,1,102,2022-08-31,Active,Delhi,Master's,12862
14266,Varun Chopra,Male,2002-12-23,3,107,2020-02-27,Resigned,Bengaluru,Bachelor's,11269
14267,Simran Singh,Female,2003-08-05,2,104,2025-02-21,Active,Mumbai,Master's,13376
14268,Nikhil Singh,Male,1991-08-24,3,106,2017-12-25,Active,Bengaluru,Bachelor's,10048
14269,Priya Gupta,Female,1995-04-23,7,115,2017-07-25,Active,Hyderabad,Bachelor's,14654
14270,Aanya Reddy,Female,1967-12-09,4,109,2018-06-25,Active,Delhi,Bachelor's,10387
14271,Kavya Mishra,Female,1988-10-04,3,107,2022-06-28,Active,Bengaluru,Master's,12884
14272,Divya Patel,Female,1979-09-12,4,109,2019-10-24,Resigned,Delhi,Master's,11933
14273,Rohan Joshi,Male,1970-04-17,2,104,2016-09-26,Active,Mumbai,Master's,13564
14274,Akash Verma,Male,1975-04-02,3,107,2019-12-22,Active,Bengaluru,Bachelor's,11181
14275,Sneha Reddy,Female,1994-06-13,4,109,2025-05-07,Active,Delhi,Bachelor's,11071
14276,Riya Nair,Female,1999-08-06,3,107,2020-06-16,Resigned,Bengaluru,PhD,13043
14277,Yash Joshi,Male,2002-09-22,5,110,2018-09-28,Active,Mumbai,Bachelor's,12122
14278,Siddharth Malhotra,Male,1993-11-23,4,109,2022-04-19,Active,Delhi,Bachelor's,11947
14279,Vivek Nair,Male,1987-12-21,6,113,2024-05-30,Resigned,Pune,Bachelor's,13012
14280,Arjun Chopra,Male,1967-08-02,8,116,2016-10-20,Active,Pune,Bachelor's,13552
14281,Akash Chopra,Male,1990-02-11,2,103,2017-09-07,Active,Mumbai,Bachelor's,11121
14282,Simran Singh,Female,1978-08-06,3,105,2018-05-02,Active,Bengaluru,Master's,13934
14283,Aditya Sinha,Male,1983-02-22,3,107,2017-07-06,Active,Bengaluru,PhD,14720
14284,Yash Nair,Male,1985-11-24,2,104,2022-08-28,Active,Mumbai,Bachelor's,11197
14285,Akash Sharma,Male,1985-06-09,6,112,2018-03-16,Resigned,Pune,Diploma,13674
14286,Isha Desai,Female,1973-06-14,6,112,2017-01-17,Active,Pune,Master's,14085
14287,Isha Kapoor,Female,1977-03-25,4,108,2019-05-17,Active,Delhi,Bachelor's,14939
14288,Nisha Verma,Female,2001-10-21,4,109,2020-05-27,Active,Delhi,PhD,11443
14289,Manish Mehta,Male,2002-06-20,1,101,2018-01-10,Active,Delhi,Diploma,11729
14290,Aanya Sharma,Female,1988-03-10,4,108,2018-03-09,Active,Delhi,Bachelor's,14345
14291,Aditya Joshi,Male,2002-05-12,6,113,2016-09-15,Active,Pune,Master's,11408
14292,Mohit Mishra,Male,1975-03-02,4,109,2023-04-24,Resigned,Delhi,Master's,14708
14293,Neha Verma,Female,1993-06-08,3,107,2017-06-16,Resigned,Bengaluru,Bachelor's,13106
14294,Meera Agarwal,Female,2002-03-06,5,110,2017-03-24,Active,Mumbai,Bachelor's,10505
14295,Arjun Iyer,Male,1981-11-09,3,105,2022-01-17,Active,Bengaluru,Bachelor's,11389
14296,Manish Agarwal,Male,1990-01-19,4,109,2023-06-08,Active,Delhi,Bachelor's,13854
14297,Aditya Iyer,Male,1990-02-28,4,109,2021-05-03,Active,Delhi,Bachelor's,13249
14298,Aarav Patel,Male,1976-08-25,3,105,2016-03-26,Active,Bengaluru,Master's,11184
14299,Manish Desai,Male,1982-10-22,6,112,2020-05-14,Active,Pune,Diploma,12047
14300,Aanya Kapoor,Female,1973-03-10,7,114,2017-01-17,Active,Hyderabad,Bachelor's,14311
14301,Ankit Mehta,Male,1967-08-26,1,102,2019-01-25,Resigned,Delhi,Master's,12379
14302,Sneha Kumar,Female,1974-07-02,7,114,2021-01-15,Active,Hyderabad,Diploma,11437
14303,Meera Joshi,Female,1966-11-07,4,108,2022-07-15,Resigned,Delhi,Master's,13493
14304,Simran Kapoor,Female,1972-01-24,5,111,2016-09-02,Active,Mumbai,Master's,10640
14305,Isha Kapoor,Female,1982-12-05,7,114,2017-10-27,Active,Hyderabad,Diploma,12341
14306,Aditya Mishra,Male,2003-09-12,4,109,2020-11-13,Active,Delhi,Master's,10053
14307,Aarav Reddy,Male,1995-11-12,6,113,2018-03-22,Resigned,Pune,Bachelor's,13445
14308,Divya Chopra,Female,1978-03-12,2,103,2018-08-02,Active,Mumbai,Master's,13547
14309,Sneha Reddy,Female,2003-07-24,2,104,2022-05-07,Resigned,Mumbai,Master's,13274
14310,Divya Mehta,Female,1997-01-06,5,111,2021-06-19,Active,Mumbai,Master's,13753
14311,Rahul Malhotra,Male,1993-11-02,7,114,2019-08-01,Active,Hyderabad,Bachelor's,13034
14312,Riya Shah,Female,1997-08-22,7,115,2018-02-25,Active,Hyderabad,Bachelor's,12976
14313,Aarav Iyer,Male,1999-11-27,5,111,2020-04-15,Resigned,Mumbai,Bachelor's,12097
14314,Meera Joshi,Female,1966-12-19,4,108,2023-12-13,Active,Delhi,Master's,14854
14315,Aanya Sharma,Female,1999-04-23,3,105,2020-09-05,Resigned,Bengaluru,Master's,12052
14316,Rahul Kumar,Male,1996-09-11,8,116,2021-12-15,Active,Pune,Diploma,11382
14317,Isha Verma,Female,2000-10-18,3,107,2022-02-05,Active,Bengaluru,Diploma,13942
14318,Siddharth Mishra,Male,1987-09-15,6,112,2016-08-06,Active,Pune,Master's,10022
14319,Vivek Patel,Male,1969-06-18,4,109,2016-03-09,Active,Delhi,Bachelor's,13681
14320,Rahul Bansal,Male,1980-08-04,5,111,2016-04-03,Active,Mumbai,Bachelor's,11573
14321,Sneha Mishra,Female,1988-11-13,3,105,2021-07-10,Active,Bengaluru,Bachelor's,10048
14322,Pooja Sinha,Female,1992-08-16,8,116,2019-10-29,Active,Pune,Bachelor's,14533
14323,Tanya Mishra,Female,1989-11-23,4,108,2018-10-28,Resigned,Delhi,PhD,12095
14324,Aditya Shah,Male,1971-07-27,7,114,2020-03-21,Active,Hyderabad,PhD,13696
14325,Meera Kapoor,Female,2002-07-18,1,102,2021-08-26,Active,Delhi,Bachelor's,10502
14326,Divya Verma,Female,1971-08-02,4,108,2017-10-17,Resigned,Delhi,PhD,12277
14327,Manish Gupta,Male,1986-03-10,6,112,2022-12-30,Active,Pune,Bachelor's,10448
14328,Simran Agarwal,Female,1986-07-23,6,113,2024-11-06,Active,Pune,Master's,11757
14329,Siddharth Kapoor,Male,1991-12-07,7,115,2018-05-11,Active,Hyderabad,Bachelor's,11380
14330,Isha Chopra,Female,1997-04-21,1,101,2023-09-11,Active,Delhi,Master's,14289
14331,Mohit Desai,Male,1996-07-08,1,102,2021-01-03,Active,Delhi,Bachelor's,14207
14332,Siddharth Kapoor,Male,2003-03-22,4,109,2022-03-21,Active,Delhi,Bachelor's,14675
14333,Vivek Malhotra,Male,1996-12-25,1,101,2019-03-23,Active,Delhi,Master's,12251
14334,Shreya Patel,Female,1965-10-14,8,117,2020-12-12,Active,Pune,Bachelor's,13714
14335,Ankit Agarwal,Male,1974-11-12,3,105,2018-07-26,Active,Bengaluru,PhD,13081
14336,Aarav Kapoor,Male,1968-05-20,4,109,2022-03-28,Active,Delhi,Bachelor's,11727
14337,Aanya Joshi,Female,1993-09-04,1,102,2018-09-21,Active,Delhi,Diploma,11482
14338,Meera Chopra,Female,1971-03-07,4,109,2021-01-03,Active,Delhi,Master's,12634
14339,Rahul Reddy,Male,2002-05-01,3,106,2016-01-07,Active,Bengaluru,Bachelor's,13981
14340,Vivek Kumar,Male,1970-08-11,1,101,2023-05-29,Resigned,Delhi,Bachelor's,13443
14341,Siddharth Kapoor,Male,1975-01-25,3,105,2016-08-24,Active,Bengaluru,Diploma,12796
14342,Yash Joshi,Male,1973-01-04,3,107,2018-12-10,Resigned,Bengaluru,Bachelor's,12113
14343,Kavya Verma,Female,1994-10-04,8,117,2017-08-18,Active,Pune,Bachelor's,10918
14344,Tanya Bansal,Female,1986-11-25,3,106,2025-01-25,Active,Bengaluru,Bachelor's,10224
14345,Sneha Bansal,Female,2003-01-10,4,108,2025-09-23,Active,Delhi,Master's,10080
14346,Vivek Gupta,Male,1973-09-04,8,117,2022-09-01,Active,Pune,Master's,10750
14347,Priya Desai,Female,2002-07-25,6,113,2016-06-08,Active,Pune,PhD,12169
14348,Rahul Agarwal,Male,1997-11-07,8,116,2017-11-24,Active,Pune,Master's,11204
14349,Isha Gupta,Female,1990-02-22,8,117,2018-08-26,Resigned,Pune,Bachelor's,10760
14350,Sneha Patel,Female,1980-06-19,4,108,2022-08-01,Resigned,Delhi,Bachelor's,10312
14351,Pooja Agarwal,Female,1973-04-06,5,111,2016-05-12,Active,Mumbai,Bachelor's,14477
14352,Sneha Shah,Female,1987-11-22,2,104,2019-10-30,Active,Mumbai,Bachelor's,11911
14353,Rahul Mehta,Male,1979-01-26,4,109,2017-03-27,Active,Delhi,Bachelor's,14498
14354,Ananya Kapoor,Female,1983-08-09,6,113,2025-04-06,Active,Pune,Master's,10299
14355,Arjun Singh,Male,1980-02-20,4,109,2023-04-27,Active,Delhi,Master's,13145
14356,Priya Iyer,Female,1989-11-06,5,111,2022-09-25,Active,Mumbai,Master's,12232
14357,Aditya Desai,Male,1999-02-27,6,112,2017-01-01,Active,Pune,Bachelor's,12365
14358,Isha Malhotra,Female,1977-07-22,3,105,2023-10-29,Active,Bengaluru,Bachelor's,13903
14359,Isha Kumar,Female,1971-08-15,7,115,2018-09-30,Active,Hyderabad,Master's,12840
14360,Mohit Singh,Male,1998-07-16,4,109,2024-06-15,Active,Delhi,Master's,14687
14361,Mohit Shah,Male,1978-10-01,3,105,2019-04-19,Terminated,Bengaluru,Master's,10933
14362,Simran Kumar,Female,1987-10-10,7,114,2017-06-14,Resigned,Hyderabad,Diploma,14300
14363,Neha Iyer,Female,1987-05-06,3,105,2018-06-24,Active,Bengaluru,Master's,10703
14364,Akash Sinha,Male,1981-07-04,6,113,2025-02-06,Active,Pune,Master's,13909
14365,Rohan Patel,Male,1977-09-17,4,109,2016-09-02,Active,Delhi,Diploma,11531
14366,Neha Nair,Female,1991-03-26,3,106,2018-05-25,Active,Bengaluru,Bachelor's,12112
14367,Akash Mishra,Male,1966-02-18,6,112,2019-10-31,Active,Pune,Master's,12455
14368,Akash Malhotra,Male,2001-01-13,4,108,2022-08-24,Active,Delhi,Bachelor's,12771
14369,Yash Joshi,Male,1994-03-10,3,107,2019-11-10,Active,Bengaluru,Master's,11920
14370,Akash Kumar,Male,1968-05-22,2,104,2025-06-22,Active,Mumbai,Bachelor's,11743
14371,Rahul Sinha,Male,1994-08-04,7,115,2018-09-22,Active,Hyderabad,Diploma,12187
14372,Aditya Mehta,Male,1967-01-28,1,101,2020-03-25,Active,Delhi,Bachelor's,13362
14373,Arjun Mehta,Male,1978-09-19,7,115,2021-04-06,Active,Hyderabad,Bachelor's,14458
14374,Aarav Reddy,Male,1975-08-14,3,105,2025-05-14,Resigned,Bengaluru,Bachelor's,14636
14375,Rohan Patel,Male,1987-04-27,5,110,2020-05-10,Active,Mumbai,Master's,13849
14376,Akash Desai,Male,1996-03-03,7,115,2021-10-19,Active,Hyderabad,Master's,11380
14377,Karan Joshi,Male,1967-04-20,2,104,2023-05-06,Resigned,Mumbai,PhD,11040
14378,Priya Nair,Female,1965-12-07,4,108,2025-12-26,Active,Delhi,Diploma,12860
14379,Arjun Sinha,Male,1973-02-08,6,113,2025-01-31,Active,Pune,Bachelor's,12246
14380,Akash Nair,Male,1973-11-14,6,112,2017-01-01,Active,Pune,Diploma,14526
14381,Manish Malhotra,Male,1976-02-01,4,109,2021-08-31,Resigned,Delhi,Bachelor's,14675
14382,Akash Patel,Male,1965-08-20,5,110,2018-05-09,Active,Mumbai,Bachelor's,13601
14383,Nisha Mehta,Female,1980-06-13,6,112,2023-02-02,Active,Pune,Master's,13248
14384,Neha Agarwal,Female,1994-01-19,7,115,2025-06-14,Active,Hyderabad,Bachelor's,13527
14385,Neha Reddy,Female,1972-07-23,6,113,2024-09-28,Resigned,Pune,Bachelor's,13125
14386,Vivek Singh,Male,1974-11-24,3,105,2018-07-07,Active,Bengaluru,Bachelor's,12145
14387,Tanya Iyer,Female,1997-02-07,8,116,2024-12-28,Active,Pune,Bachelor's,10377
14388,Vivek Verma,Male,2002-04-22,4,108,2022-11-24,Active,Delhi,Master's,11354
14389,Ankit Reddy,Male,1986-04-15,1,101,2025-07-08,Active,Delhi,Master's,14657
14390,Varun Reddy,Male,1980-09-14,3,107,2023-04-27,Active,Bengaluru,Bachelor's,10156
14391,Nikhil Nair,Male,1983-01-17,2,104,2021-07-27,Active,Mumbai,Master's,10669
14392,Rohan Nair,Male,1975-05-21,2,103,2024-05-28,Active,Mumbai,Bachelor's,13547
14393,Shreya Chopra,Female,1975-11-24,3,105,2019-04-08,Active,Bengaluru,Bachelor's,10719
14394,Ankit Mishra,Male,1978-07-27,1,102,2017-11-01,Active,Delhi,Diploma,13371
14395,Priya Nair,Female,2003-03-24,5,111,2019-02-14,Active,Mumbai,Master's,14886
14396,Tanya Reddy,Female,1990-04-19,1,101,2025-08-08,Active,Delhi,Diploma,10736
14397,Karan Bansal,Male,1984-02-25,3,105,2021-10-23,Active,Bengaluru,Bachelor's,11986
14398,Arjun Kapoor,Male,1984-12-23,2,104,2022-07-12,Active,Mumbai,Diploma,14136
14399,Rahul Gupta,Male,1969-05-25,1,101,2016-03-26,Active,Delhi,Bachelor's,12276
14400,Rohan Shah,Male,1965-03-13,3,106,2023-05-05,Active,Bengaluru,Master's,14630
14401,Varun Gupta,Male,1975-06-24,4,109,2019-01-12,Active,Delhi,Master's,13508
14402,Vivek Chopra,Male,1974-09-20,8,116,2020-02-10,Active,Pune,Master's,10918
14403,Aditya Shah,Male,1992-01-24,7,114,2018-12-11,Active,Hyderabad,PhD,11055
14404,Rohan Nair,Male,1998-10-03,7,114,2019-05-19,Active,Hyderabad,Master's,13091
14405,Shreya Gupta,Female,1977-06-16,2,103,2019-11-16,Active,Mumbai,Bachelor's,13198
14406,Ananya Kumar,Female,1989-04-06,3,107,2023-06-08,Resigned,Bengaluru,Bachelor's,11428
14407,Ananya Gupta,Female,1987-12-03,1,102,2024-07-22,Active,Delhi,Bachelor's,12080
14408,Varun Iyer,Male,2000-07-18,6,113,2020-07-30,Resigned,Pune,Bachelor's,11814
14409,Rohan Singh,Male,1976-05-03,1,102,2023-09-14,Active,Delhi,Bachelor's,14079
14410,Aarav Verma,Male,1966-05-19,4,109,2022-06-05,Active,Delhi,Master's,10385
14411,Manish Shah,Male,1984-09-24,3,105,2023-05-20,Active,Bengaluru,Diploma,14979
14412,Akash Verma,Male,1980-02-08,3,105,2024-04-10,Active,Bengaluru,Master's,11496
14413,Divya Iyer,Female,1978-08-10,8,116,2021-07-23,Active,Pune,Bachelor's,12667
14414,Pooja Mishra,Female,1966-03-10,6,112,2018-08-11,Active,Pune,Diploma,10279
14415,Varun Sharma,Male,1980-05-02,6,112,2021-01-12,Active,Pune,Bachelor's,13235
14416,Mohit Reddy,Male,1968-10-22,4,108,2023-02-13,Resigned,Delhi,Bachelor's,13259
14417,Nikhil Nair,Male,1977-02-04,7,115,2023-03-21,Active,Hyderabad,Diploma,13829
14418,Rohan Joshi,Male,2002-03-17,5,110,2024-04-25,Active,Mumbai,Bachelor's,11141
14419,Mohit Iyer,Male,1965-08-24,8,116,2021-09-09,Terminated,Pune,Bachelor's,12690
14420,Ankit Sinha,Male,1973-01-28,3,106,2018-11-01,Active,Bengaluru,Diploma,10093
14421,Mohit Kapoor,Male,1985-06-12,5,110,2025-01-05,Terminated,Mumbai,Master's,10884
14422,Kavya Desai,Female,1982-01-13,5,110,2020-06-13,Active,Mumbai,Bachelor's,11341
14423,Ananya Singh,Female,1996-09-01,3,107,2017-07-24,Resigned,Bengaluru,Master's,14660
14424,Pooja Singh,Female,1998-03-09,7,114,2018-12-12,Terminated,Hyderabad,Bachelor's,12341
14425,Rahul Malhotra,Male,1984-01-15,8,117,2021-11-12,Terminated,Pune,Bachelor's,12801
14426,Varun Mehta,Male,1966-02-04,4,109,2019-04-10,Active,Delhi,Master's,14962
14427,Rahul Patel,Male,1968-07-08,3,106,2022-11-23,Resigned,Bengaluru,Master's,10815
14428,Manish Agarwal,Male,2002-01-01,4,109,2020-02-04,Active,Delhi,Master's,10708
14429,Karan Agarwal,Male,1971-05-08,7,115,2023-03-11,Active,Hyderabad,Bachelor's,10273
14430,Shreya Chopra,Female,1986-01-03,5,111,2017-09-25,Active,Mumbai,Diploma,10452
14431,Meera Mehta,Female,1984-06-17,1,101,2022-06-11,Active,Delhi,Master's,10817
14432,Mohit Nair,Male,1999-03-28,4,108,2024-02-09,Active,Delhi,Bachelor's,14345
14433,Rohan Bansal,Male,1968-01-04,1,102,2021-05-07,Active,Delhi,Master's,14399
14434,Meera Nair,Female,1984-09-13,6,113,2018-05-09,Terminated,Pune,Bachelor's,13287
14435,Nikhil Joshi,Male,1999-05-14,3,106,2016-04-05,Active,Bengaluru,Bachelor's,11521
14436,Varun Nair,Male,1997-03-26,4,109,2019-11-05,Resigned,Delhi,Bachelor's,13789
14437,Varun Chopra,Male,1985-07-14,6,112,2019-11-04,Resigned,Pune,Master's,12936
14438,Tanya Mishra,Female,1978-06-27,1,101,2025-06-18,Active,Delhi,Bachelor's,12823
14439,Priya Nair,Female,1995-09-04,2,103,2025-04-24,Active,Mumbai,Master's,12680
14440,Yash Bansal,Male,1986-04-09,3,106,2023-05-02,Active,Bengaluru,Bachelor's,11891
14441,Shreya Desai,Female,1994-02-10,3,107,2018-11-02,Active,Bengaluru,Master's,12028
14442,Aanya Nair,Female,1993-02-25,3,107,2017-01-22,Active,Bengaluru,Bachelor's,14139
14443,Rohan Kapoor,Male,2000-07-21,8,116,2017-02-09,Active,Pune,Master's,10841
14444,Aarav Kumar,Male,1993-05-25,6,113,2025-05-24,Active,Pune,Diploma,11557
14445,Rohan Iyer,Male,1971-10-05,7,114,2016-10-31,Active,Hyderabad,Master's,13527
14446,Ananya Desai,Female,1996-09-08,7,114,2018-02-12,Active,Hyderabad,Bachelor's,12831
14447,Karan Gupta,Male,1977-06-21,3,106,2022-07-22,Active,Bengaluru,Bachelor's,11646
14448,Riya Mehta,Female,1977-05-05,3,107,2016-08-17,Active,Bengaluru,Bachelor's,11997
14449,Siddharth Joshi,Male,1978-01-27,3,106,2017-01-10,Active,Bengaluru,Master's,11988
14450,Priya Kumar,Female,1970-05-19,6,113,2019-05-11,Active,Pune,Bachelor's,14143
14451,Varun Mishra,Male,1980-06-25,5,110,2022-05-31,Terminated,Mumbai,Bachelor's,12752
14452,Isha Singh,Female,1985-12-15,3,105,2022-05-23,Active,Bengaluru,Bachelor's,13894
14453,Shreya Kapoor,Female,1980-03-01,3,107,2024-11-06,Active,Bengaluru,Diploma,10485
14454,Neha Chopra,Female,1969-08-12,4,109,2024-07-23,Active,Delhi,Master's,13032
14455,Simran Agarwal,Female,1988-09-10,4,108,2024-11-21,Resigned,Delhi,Bachelor's,12034
14456,Karan Nair,Male,1965-04-26,7,115,2024-03-19,Active,Hyderabad,Bachelor's,13611
14457,Nisha Reddy,Female,1974-05-03,3,107,2022-11-20,Active,Bengaluru,Bachelor's,10538
14458,Arjun Gupta,Male,1999-08-19,7,115,2023-10-29,Active,Hyderabad,Bachelor's,12125
14459,Siddharth Nair,Male,1995-04-10,4,109,2022-12-10,Active,Delhi,Bachelor's,10518
14460,Siddharth Gupta,Male,1979-12-23,6,113,2021-09-22,Active,Pune,Bachelor's,12103
14461,Nikhil Sinha,Male,1975-02-01,7,115,2024-10-17,Active,Hyderabad,Bachelor's,10335
14462,Siddharth Agarwal,Male,1973-04-08,7,115,2017-11-17,Active,Hyderabad,Bachelor's,13786
14463,Tanya Desai,Female,1966-01-26,1,101,2022-10-03,Active,Delhi,Master's,13304
14464,Varun Agarwal,Male,1994-03-04,3,105,2018-05-12,Active,Bengaluru,Diploma,12931
14465,Sneha Sharma,Female,1980-04-16,4,109,2024-05-21,Active,Delhi,Master's,10623
14466,Siddharth Patel,Male,1965-03-19,4,108,2016-10-08,Active,Delhi,Bachelor's,12739
14467,Nikhil Kapoor,Male,1970-07-24,5,111,2022-06-14,Resigned,Mumbai,Master's,10232
14468,Akash Verma,Male,1975-10-14,8,117,2023-05-02,Resigned,Pune,Bachelor's,10973
14469,Ananya Verma,Female,1997-04-11,2,104,2023-12-01,Active,Mumbai,Bachelor's,11725
14470,Priya Shah,Female,1981-11-15,4,109,2025-08-05,Active,Delhi,Master's,13082
14471,Sneha Patel,Female,1998-08-24,3,107,2025-10-20,Terminated,Bengaluru,Master's,13154
14472,Ananya Verma,Female,1989-06-17,7,114,2023-12-10,Active,Hyderabad,Bachelor's,10255
14473,Yash Agarwal,Male,1986-07-23,8,116,2022-03-01,Active,Pune,Bachelor's,12093
14474,Akash Nair,Male,1990-05-06,4,108,2021-11-18,Active,Delhi,Diploma,12731
14475,Divya Kumar,Female,1991-09-03,2,103,2023-11-22,Active,Mumbai,Master's,14991
14476,Karan Kapoor,Male,2002-12-04,6,112,2020-12-28,Active,Pune,Master's,13621
14477,Vivek Reddy,Male,1973-09-15,5,111,2025-10-30,Active,Mumbai,Bachelor's,10260
14478,Vivek Agarwal,Male,2001-10-28,3,105,2020-11-01,Active,Bengaluru,Master's,12496
14479,Sneha Reddy,Female,1969-02-14,7,115,2016-07-16,Resigned,Hyderabad,Bachelor's,10182
14480,Riya Singh,Female,1982-09-05,8,117,2018-07-18,Terminated,Pune,Master's,10247
14481,Nikhil Chopra,Male,1986-03-08,4,108,2020-12-24,Active,Delhi,Bachelor's,14646
14482,Siddharth Desai,Male,1976-09-17,4,108,2016-09-07,Active,Delhi,Bachelor's,11653
14483,Aditya Chopra,Male,1986-05-09,3,107,2020-01-31,Active,Bengaluru,Diploma,14803
14484,Isha Singh,Female,1970-11-02,4,108,2023-04-26,Terminated,Delhi,PhD,13905
14485,Vivek Malhotra,Male,2000-01-08,4,109,2025-09-27,Active,Delhi,Master's,13188
14486,Neha Bansal,Female,1991-06-02,3,106,2020-07-31,Active,Bengaluru,Master's,12465
14487,Manish Mehta,Male,1979-03-21,1,102,2025-11-18,Active,Delhi,Bachelor's,11811
14488,Ankit Singh,Male,1981-01-18,3,105,2021-01-16,Active,Bengaluru,Bachelor's,14968
14489,Tanya Patel,Female,1967-11-28,3,107,2018-05-02,Active,Bengaluru,Bachelor's,14390
14490,Pooja Patel,Female,1974-01-14,4,109,2019-10-07,Active,Delhi,Master's,11095
14491,Rohan Mehta,Male,1989-11-23,5,111,2025-07-22,Active,Mumbai,Master's,10833
14492,Simran Sinha,Female,1985-07-26,5,111,2016-03-27,Active,Mumbai,Bachelor's,11831
14493,Ananya Malhotra,Female,1973-05-26,3,106,2022-08-08,Active,Bengaluru,Master's,14988
14494,Kavya Mehta,Female,1988-06-19,4,108,2016-08-12,Active,Delhi,Master's,10545
14495,Tanya Iyer,Female,1996-11-02,6,113,2017-03-15,Active,Pune,Bachelor's,13625
14496,Tanya Patel,Female,1967-10-13,4,109,2016-04-06,Active,Delhi,Bachelor's,12859
14497,Rohan Joshi,Male,1997-09-02,8,117,2019-08-04,Active,Pune,Bachelor's,14168
14498,Vivek Iyer,Male,1976-01-09,4,108,2019-01-11,Active,Delhi,Master's,14454
14499,Mohit Reddy,Male,1993-08-08,5,111,2021-09-03,Active,Mumbai,Master's,10507
14500,Nikhil Iyer,Male,1985-07-25,1,102,2017-06-21,Active,Delhi,Master's,14337
14501,Tanya Agarwal,Female,2003-11-16,5,110,2020-03-08,Active,Mumbai,Master's,14658
14502,Yash Kapoor,Male,1998-03-24,7,114,2020-08-22,Terminated,Hyderabad,Bachelor's,14084
14503,Siddharth Gupta,Male,1997-01-01,8,116,2019-04-12,Active,Pune,Master's,10522
14504,Akash Gupta,Male,1996-11-13,8,116,2017-01-28,Active,Pune,Master's,11626
14505,Arjun Agarwal,Male,1984-06-15,3,107,2023-07-28,Active,Bengaluru,Master's,11664
14506,Aditya Nair,Male,1967-12-24,4,108,2017-03-28,Active,Delhi,Bachelor's,12177
14507,Simran Sinha,Female,1968-08-26,4,108,2022-04-16,Active,Delhi,Master's,12210
14508,Karan Kapoor,Male,1981-01-11,4,109,2024-04-03,Active,Delhi,Master's,11014
14509,Neha Desai,Female,1981-01-25,2,103,2025-09-19,Active,Mumbai,Master's,13133
14510,Shreya Kapoor,Female,1983-09-07,7,115,2023-02-23,Active,Hyderabad,Master's,12512
14511,Manish Sinha,Male,1968-01-26,7,115,2017-07-05,Active,Hyderabad,Bachelor's,12950
14512,Karan Nair,Male,1993-02-08,4,108,2023-12-05,Resigned,Delhi,Master's,12894
14513,Karan Singh,Male,1981-08-11,3,106,2019-08-28,Active,Bengaluru,Bachelor's,13903
14514,Ananya Reddy,Female,1986-05-18,2,103,2024-08-17,Active,Mumbai,Diploma,12023
14515,Varun Gupta,Male,1966-03-21,5,110,2022-06-20,Active,Mumbai,Master's,14313
14516,Rahul Verma,Male,1976-03-26,3,106,2024-04-08,Active,Bengaluru,Bachelor's,11803
14517,Aditya Sharma,Male,1975-01-22,7,115,2016-12-21,Active,Hyderabad,Bachelor's,11346
14518,Tanya Sharma,Female,1993-05-19,5,111,2021-11-22,Resigned,Mumbai,PhD,13087
14519,Vivek Joshi,Male,1984-09-26,5,111,2025-11-23,Resigned,Mumbai,Diploma,12372
14520,Rohan Bansal,Male,1969-08-07,4,108,2024-07-19,Active,Delhi,Master's,12005
14521,Tanya Sharma,Female,1989-12-14,1,102,2018-03-06,Active,Delhi,Bachelor's,14877
14522,Kavya Iyer,Female,1998-11-18,7,115,2021-07-10,Active,Hyderabad,Bachelor's,12935
14523,Shreya Bansal,Female,1976-10-21,5,111,2017-12-04,Active,Mumbai,Bachelor's,11450
14524,Meera Shah,Female,1992-05-06,8,117,2025-09-24,Active,Pune,Master's,14884
14525,Meera Chopra,Female,1998-06-03,4,108,2019-08-17,Active,Delhi,Bachelor's,10983
14526,Vivek Bansal,Male,1970-11-04,6,112,2022-03-31,Active,Pune,PhD,12221
14527,Ananya Bansal,Female,1983-01-11,1,102,2024-04-07,Active,Delhi,Master's,11232
14528,Nisha Kumar,Female,1976-01-05,5,111,2021-01-25,Active,Mumbai,Master's,13744
14529,Nisha Kapoor,Female,1989-12-20,6,112,2021-12-05,Active,Pune,Bachelor's,12134
14530,Aditya Malhotra,Male,1977-07-07,6,112,2016-11-15,Active,Pune,Bachelor's,14014
14531,Arjun Joshi,Male,1981-04-26,6,112,2021-06-19,Terminated,Pune,Master's,12830
14532,Mohit Bansal,Male,1976-02-10,3,105,2025-08-26,Active,Bengaluru,Bachelor's,13775
14533,Rahul Sharma,Male,1967-04-24,8,117,2018-09-20,Active,Pune,Bachelor's,12921
14534,Vivek Sinha,Male,1988-02-05,8,117,2022-03-21,Active,Pune,Bachelor's,12587
14535,Ankit Sharma,Male,1972-07-10,1,101,2018-09-04,Active,Delhi,Master's,14079
14536,Priya Shah,Female,2000-06-13,7,114,2022-07-31,Active,Hyderabad,Bachelor's,14472
14537,Manish Sharma,Male,1990-09-18,3,106,2017-12-31,Active,Bengaluru,Bachelor's,10096
14538,Neha Nair,Female,1972-04-23,5,111,2016-05-28,Active,Mumbai,Master's,13418
14539,Yash Kapoor,Male,1996-12-08,3,107,2017-01-20,Active,Bengaluru,Master's,10442
14540,Akash Singh,Male,1996-05-21,8,117,2016-06-09,Active,Pune,Diploma,10872
14541,Aarav Mehta,Male,1965-04-25,2,103,2017-07-05,Resigned,Mumbai,Bachelor's,10976
14542,Rahul Verma,Male,1967-12-16,4,109,2019-11-28,Active,Delhi,Bachelor's,14064
14543,Ankit Reddy,Male,1965-10-20,4,109,2020-01-16,Resigned,Delhi,Diploma,10636
14544,Yash Joshi,Male,1979-03-25,3,105,2025-09-05,Active,Bengaluru,Bachelor's,12218
14545,Aarav Kumar,Male,1984-07-25,5,111,2024-07-19,Active,Mumbai,Bachelor's,12519
14546,Shreya Sinha,Female,1967-04-19,2,103,2022-01-16,Active,Mumbai,Bachelor's,11197
14547,Rahul Sinha,Male,1979-10-08,6,113,2021-12-07,Active,Pune,Bachelor's,13856
14548,Priya Nair,Female,2001-04-10,8,116,2022-12-10,Active,Pune,Bachelor's,12579
14549,Simran Kumar,Female,1985-03-16,6,112,2016-02-05,Active,Pune,Master's,10584
14550,Priya Reddy,Female,2003-12-20,7,114,2019-11-04,Resigned,Hyderabad,Bachelor's,11609
14551,Neha Singh,Female,1987-02-28,3,107,2016-06-01,Active,Bengaluru,Bachelor's,11137
14552,Varun Iyer,Male,1999-11-20,3,105,2020-11-26,Active,Bengaluru,Bachelor's,10859
14553,Arjun Verma,Male,1982-07-13,4,109,2019-01-01,Active,Delhi,Bachelor's,14952
14554,Divya Sinha,Female,1981-03-17,1,102,2023-06-16,Active,Delhi,Master's,14150
14555,Aditya Verma,Male,1995-10-08,8,116,2023-07-25,Active,Pune,Master's,11595
14556,Ananya Iyer,Female,1990-06-14,2,103,2018-01-29,Active,Mumbai,Bachelor's,11178
14557,Simran Joshi,Female,1986-03-24,7,115,2020-09-20,Active,Hyderabad,Master's,11543
14558,Divya Shah,Female,2000-06-01,2,104,2022-07-18,Active,Mumbai,Master's,13539
14559,Nisha Bansal,Female,1999-09-11,6,113,2023-05-02,Active,Pune,Bachelor's,11913
14560,Sneha Shah,Female,1975-09-25,2,103,2023-12-04,Active,Mumbai,Bachelor's,11161
14561,Tanya Chopra,Female,1991-12-22,1,102,2023-10-18,Active,Delhi,Master's,12257
14562,Ankit Malhotra,Male,1998-06-04,6,112,2020-02-21,Active,Pune,PhD,12398
14563,Shreya Singh,Female,1982-08-09,3,105,2025-02-01,Active,Bengaluru,Bachelor's,13560
14564,Rahul Mehta,Male,1991-12-07,6,112,2023-07-21,Resigned,Pune,Bachelor's,13175
14565,Rohan Verma,Male,1968-07-13,4,109,2017-12-12,Active,Delhi,Master's,13254
14566,Sneha Mehta,Female,1981-02-02,2,104,2021-10-28,Active,Mumbai,Bachelor's,12722
14567,Aarav Shah,Male,1970-12-15,7,115,2017-12-28,Resigned,Hyderabad,Master's,11488
14568,Karan Malhotra,Male,1975-10-16,4,108,2020-10-13,Active,Delhi,Diploma,12556
14569,Varun Chopra,Male,1969-11-02,6,112,2021-11-21,Active,Pune,Diploma,12108
14570,Divya Sinha,Female,1982-04-25,4,109,2018-10-11,Active,Delhi,Bachelor's,12529
14571,Rohan Sinha,Male,1989-05-02,5,111,2020-01-28,Resigned,Mumbai,Master's,14603
14572,Sneha Desai,Female,1974-04-07,3,107,2024-10-16,Active,Bengaluru,Bachelor's,11421
14573,Akash Mehta,Male,1980-05-11,3,107,2021-10-25,Active,Bengaluru,Master's,12857
14574,Neha Iyer,Female,1974-08-17,4,108,2016-08-15,Active,Delhi,Bachelor's,13358
14575,Tanya Singh,Female,1974-05-04,4,108,2021-12-20,Active,Delhi,Bachelor's,14796
14576,Akash Mishra,Male,2000-03-07,3,107,2024-12-08,Active,Bengaluru,Bachelor's,10742
14577,Aditya Kumar,Male,1985-10-11,5,110,2025-03-19,Resigned,Mumbai,Master's,11831
14578,Karan Kumar,Male,1978-01-22,5,111,2025-12-25,Active,Mumbai,Master's,13869
14579,Sneha Sinha,Female,1972-08-18,1,102,2020-10-11,Active,Delhi,Diploma,11890
14580,Shreya Gupta,Female,1965-06-27,3,106,2016-10-24,Resigned,Bengaluru,Bachelor's,13598
14581,Nisha Gupta,Female,1980-01-16,3,106,2021-11-17,Active,Bengaluru,Master's,13894
14582,Varun Kapoor,Male,1990-06-06,2,103,2023-11-10,Active,Mumbai,Bachelor's,14154
14583,Priya Sharma,Female,1970-05-23,3,107,2018-11-23,Active,Bengaluru,Bachelor's,14720
14584,Nisha Kapoor,Female,2003-05-08,1,101,2023-12-30,Resigned,Delhi,Bachelor's,11229
14585,Aanya Singh,Female,1966-02-06,8,116,2024-11-18,Active,Pune,PhD,11223
14586,Sneha Patel,Female,1973-05-10,6,112,2016-06-08,Active,Pune,Master's,14891
14587,Varun Bansal,Male,1969-02-27,2,104,2017-05-22,Terminated,Mumbai,Diploma,12250
14588,Manish Bansal,Male,1969-07-20,1,102,2025-02-09,Active,Delhi,Bachelor's,10850
14589,Simran Mishra,Female,1972-06-21,6,112,2022-05-12,Active,Pune,Master's,12063
14590,Shreya Patel,Female,1969-04-13,4,109,2021-02-03,Active,Delhi,Bachelor's,14575
14591,Riya Singh,Female,1969-02-13,6,112,2025-08-11,Active,Pune,Bachelor's,12528
14592,Rahul Sinha,Male,1981-07-05,7,114,2018-03-12,Active,Hyderabad,Bachelor's,11437
14593,Varun Iyer,Male,1973-03-06,5,110,2021-11-20,Active,Mumbai,Diploma,11353
14594,Rahul Iyer,Male,1998-08-27,3,107,2018-09-11,Active,Bengaluru,Master's,10643
14595,Rahul Agarwal,Male,1997-10-26,6,112,2017-08-07,Active,Pune,Bachelor's,13618
14596,Divya Kumar,Female,1986-12-02,8,117,2018-07-10,Resigned,Pune,Bachelor's,10569
14597,Simran Sharma,Female,1985-11-26,4,109,2023-06-25,Active,Delhi,Bachelor's,11980
14598,Varun Chopra,Male,1979-12-20,5,110,2024-10-30,Resigned,Mumbai,Master's,14097
14599,Vivek Sharma,Male,1965-03-23,3,105,2025-04-28,Resigned,Bengaluru,Master's,14298
14600,Vivek Verma,Male,1971-10-08,3,106,2019-06-25,Active,Bengaluru,Bachelor's,14900
14601,Ankit Agarwal,Male,1987-08-14,6,112,2020-02-06,Active,Pune,Master's,12961
14602,Sneha Kapoor,Female,1970-04-15,7,114,2019-05-20,Active,Hyderabad,Bachelor's,12950
14603,Divya Kumar,Female,1984-10-18,5,110,2020-12-10,Resigned,Mumbai,Master's,13875
14604,Vivek Desai,Male,1990-06-15,6,113,2019-04-07,Active,Pune,Bachelor's,10814
14605,Neha Verma,Female,1976-03-24,2,103,2020-10-02,Active,Mumbai,Bachelor's,13979
14606,Isha Kapoor,Female,1977-03-02,3,107,2019-01-04,Resigned,Bengaluru,Bachelor's,11089
14607,Kavya Kumar,Female,1977-09-09,4,109,2025-09-10,Active,Delhi,Bachelor's,10776
14608,Karan Reddy,Male,1966-09-03,2,103,2024-12-20,Resigned,Mumbai,Master's,10168
14609,Divya Chopra,Female,1996-02-14,5,110,2018-04-11,Active,Mumbai,Master's,11695
14610,Rahul Reddy,Male,1995-04-02,3,107,2024-04-05,Resigned,Bengaluru,Master's,14386
14611,Arjun Malhotra,Male,1975-08-26,6,113,2020-01-12,Active,Pune,Diploma,10986
14612,Varun Iyer,Male,2001-01-18,6,112,2024-08-22,Active,Pune,PhD,13353
14613,Vivek Joshi,Male,1968-06-09,4,108,2018-07-12,Resigned,Delhi,Bachelor's,10021
14614,Mohit Mishra,Male,1998-10-12,3,106,2020-12-25,Active,Bengaluru,Master's,12633
14615,Aditya Agarwal,Male,1980-05-21,5,110,2024-10-14,Active,Mumbai,Master's,14142
14616,Varun Sinha,Male,1995-03-08,8,117,2023-10-25,Active,Pune,Bachelor's,14975
14617,Priya Iyer,Female,1989-12-22,5,111,2018-04-17,Resigned,Mumbai,Master's,11564
14618,Tanya Patel,Female,2003-10-28,1,102,2017-07-19,Active,Delhi,Diploma,11329
14619,Siddharth Sinha,Male,1972-02-12,1,101,2016-03-23,Resigned,Delhi,Bachelor's,12237
14620,Shreya Nair,Female,1972-12-21,3,106,2018-12-09,Active,Bengaluru,Master's,10302
14621,Shreya Singh,Female,1998-04-27,3,107,2020-03-24,Active,Bengaluru,Bachelor's,10298
14622,Aanya Singh,Female,1979-10-09,6,113,2023-11-28,Active,Pune,Bachelor's,14564
14623,Karan Sinha,Male,1969-04-24,7,115,2018-01-29,Active,Hyderabad,Bachelor's,12689
14624,Divya Bansal,Female,1983-01-05,3,105,2023-12-05,Active,Bengaluru,Bachelor's,10524
14625,Sneha Kapoor,Female,1974-09-03,3,107,2023-12-23,Active,Bengaluru,Diploma,11605
14626,Riya Kumar,Female,1973-11-13,3,105,2025-02-02,Active,Bengaluru,Master's,13781
14627,Vivek Chopra,Male,1993-06-11,7,114,2018-03-17,Active,Hyderabad,Diploma,13690
14628,Yash Reddy,Male,2001-10-06,4,109,2019-03-16,Resigned,Delhi,Master's,12777
14629,Neha Iyer,Female,1983-11-22,5,111,2017-12-15,Active,Mumbai,Master's,11564
14630,Yash Sinha,Male,1977-04-07,3,105,2018-02-03,Terminated,Bengaluru,Bachelor's,14516
14631,Aarav Bansal,Male,1980-03-22,5,111,2018-11-03,Active,Mumbai,Master's,14629
14632,Nikhil Chopra,Male,1994-10-05,3,106,2018-12-21,Active,Bengaluru,Bachelor's,14238
14633,Isha Kapoor,Female,1969-03-18,3,107,2023-12-12,Active,Bengaluru,Bachelor's,14516
14634,Ananya Agarwal,Female,1997-12-17,5,110,2017-01-31,Active,Mumbai,Bachelor's,10472
14635,Vivek Mishra,Male,1983-08-01,5,110,2020-02-03,Active,Mumbai,Bachelor's,11271
14636,Shreya Malhotra,Female,1983-05-21,3,106,2017-09-02,Active,Bengaluru,PhD,12381
14637,Yash Chopra,Male,1981-01-25,2,103,2021-06-16,Resigned,Mumbai,Bachelor's,14308
14638,Sneha Malhotra,Female,1988-05-09,3,106,2017-09-12,Active,Bengaluru,Master's,13169
14639,Ananya Joshi,Female,1992-11-22,3,106,2018-04-14,Active,Bengaluru,Master's,11931
14640,Pooja Mehta,Female,2001-07-07,5,111,2018-10-04,Active,Mumbai,Diploma,13682
14641,Riya Mehta,Female,1986-02-14,7,115,2018-06-25,Active,Hyderabad,Master's,11782
14642,Rohan Sinha,Male,2003-05-18,1,101,2025-03-14,Active,Delhi,PhD,11728
14643,Divya Malhotra,Female,1980-04-12,3,106,2022-05-26,Active,Bengaluru,Master's,10968
14644,Nikhil Bansal,Male,1999-03-28,3,107,2019-04-09,Active,Bengaluru,Bachelor's,14087
14645,Tanya Mishra,Female,1991-11-06,4,109,2022-05-05,Active,Delhi,Bachelor's,14029
14646,Ananya Patel,Female,1976-11-15,4,108,2021-08-31,Resigned,Delhi,Bachelor's,10927
14647,Riya Sharma,Female,1992-05-17,6,112,2018-12-18,Active,Pune,Master's,10566
14648,Varun Kumar,Male,1965-02-13,3,105,2022-03-12,Active,Bengaluru,Bachelor's,11140
14649,Tanya Singh,Female,2003-07-25,5,111,2021-12-30,Active,Mumbai,Master's,10491
14650,Rahul Agarwal,Male,1982-01-04,7,114,2025-12-27,Active,Hyderabad,Master's,12215
14651,Rahul Nair,Male,1987-11-03,7,115,2018-09-04,Resigned,Hyderabad,Bachelor's,11301
14652,Riya Sinha,Female,1986-12-12,8,116,2017-12-11,Active,Pune,Bachelor's,10503
14653,Arjun Desai,Male,1968-11-16,6,112,2024-03-07,Active,Pune,PhD,14701
14654,Meera Shah,Female,1975-05-21,7,114,2021-01-04,Active,Hyderabad,Bachelor's,14222
14655,Rahul Sharma,Male,1982-12-10,3,107,2021-05-27,Active,Bengaluru,Bachelor's,12048
14656,Vivek Nair,Male,1971-10-11,3,106,2020-08-30,Active,Bengaluru,Diploma,11004
14657,Divya Patel,Female,1985-02-05,1,102,2019-12-21,Resigned,Delhi,Bachelor's,12709
14658,Yash Kumar,Male,1999-04-13,5,110,2019-04-10,Active,Mumbai,Bachelor's,14142
14659,Siddharth Mishra,Male,2001-01-12,7,114,2023-06-12,Active,Hyderabad,Diploma,12538
14660,Pooja Bansal,Female,1994-01-01,3,107,2019-08-16,Active,Bengaluru,Diploma,12060
14661,Aditya Nair,Male,1981-08-16,5,111,2020-10-31,Resigned,Mumbai,Bachelor's,13594
14662,Priya Shah,Female,1997-03-25,6,112,2021-03-16,Active,Pune,Bachelor's,13499
14663,Siddharth Reddy,Male,1980-10-02,7,114,2018-11-05,Active,Hyderabad,Diploma,12203
14664,Aanya Mishra,Female,1979-09-27,5,111,2021-10-07,Active,Mumbai,Master's,11345
14665,Neha Nair,Female,1977-09-04,8,116,2020-01-14,Active,Pune,Bachelor's,11344
14666,Riya Gupta,Female,2003-04-20,3,107,2017-06-20,Active,Bengaluru,Bachelor's,10691
14667,Aarav Nair,Male,1967-12-17,3,107,2020-04-25,Resigned,Bengaluru,Master's,14447
14668,Isha Kumar,Female,1988-05-22,4,108,2025-07-06,Active,Delhi,Bachelor's,12758
14669,Meera Mehta,Female,1987-04-08,3,106,2019-03-25,Active,Bengaluru,Bachelor's,13489
14670,Kavya Shah,Female,1965-03-11,1,102,2018-05-11,Active,Delhi,Master's,14618
14671,Ankit Iyer,Male,1996-09-13,6,113,2016-04-06,Resigned,Pune,Bachelor's,13159
14672,Pooja Sinha,Female,1997-07-08,6,112,2021-03-10,Active,Pune,Master's,12850
14673,Isha Reddy,Female,1994-07-09,6,112,2022-06-09,Active,Pune,Master's,10690
14674,Aarav Joshi,Male,1966-02-20,3,107,2022-05-04,Active,Bengaluru,Bachelor's,14161
14675,Manish Shah,Male,1982-02-08,4,108,2025-06-10,Terminated,Delhi,Diploma,13216
14676,Sneha Iyer,Female,1994-02-24,3,106,2018-10-06,Active,Bengaluru,Diploma,10265
14677,Yash Patel,Male,1982-06-07,1,101,2020-06-12,Active,Delhi,Bachelor's,10016
14678,Tanya Agarwal,Female,1969-11-22,4,109,2018-12-26,Active,Delhi,Master's,14133
14679,Pooja Nair,Female,1969-12-25,2,103,2020-08-28,Active,Mumbai,Bachelor's,13926
14680,Sneha Kumar,Female,1972-04-01,2,104,2025-03-03,Resigned,Mumbai,Diploma,10317
14681,Rohan Patel,Male,1973-09-16,6,113,2020-12-09,Active,Pune,Bachelor's,14787
14682,Mohit Iyer,Male,1996-10-24,1,101,2021-10-15,Active,Delhi,Bachelor's,13390
14683,Meera Shah,Female,1978-01-10,8,116,2025-09-21,Active,Pune,Bachelor's,12126
14684,Manish Kumar,Male,1977-06-14,4,109,2024-05-18,Active,Delhi,Bachelor's,13090
14685,Nisha Chopra,Female,1982-10-28,8,116,2021-07-13,Active,Pune,Master's,13111
14686,Vivek Kumar,Male,1968-12-15,1,101,2025-10-18,Active,Delhi,Diploma,13691
14687,Aarav Agarwal,Male,1986-04-27,4,108,2022-08-20,Active,Delhi,Bachelor's,13037
14688,Yash Malhotra,Male,1984-02-19,3,107,2022-07-04,Active,Bengaluru,Diploma,10421
14689,Rahul Reddy,Male,1979-12-13,7,114,2021-07-12,Active,Hyderabad,Bachelor's,13046
14690,Riya Joshi,Female,1971-12-25,3,106,2024-05-24,Resigned,Bengaluru,Bachelor's,14390
14691,Karan Sharma,Male,1977-05-23,3,106,2023-06-21,Resigned,Bengaluru,Diploma,11293
14692,Mohit Mehta,Male,1998-02-08,7,115,2018-05-13,Active,Hyderabad,Bachelor's,12488
14693,Rahul Iyer,Male,1994-03-01,3,105,2023-01-02,Active,Bengaluru,Bachelor's,14644
14694,Ankit Reddy,Male,1969-08-11,1,101,2019-09-11,Terminated,Delhi,Bachelor's,13041
14695,Rohan Bansal,Male,1965-11-09,3,106,2025-04-17,Active,Bengaluru,Master's,12374
14696,Nisha Sinha,Female,1995-08-17,5,111,2019-06-07,Active,Mumbai,Bachelor's,10345
14697,Aditya Bansal,Male,1984-12-07,3,107,2020-06-10,Active,Bengaluru,Master's,13870
14698,Siddharth Shah,Male,1983-07-04,4,108,2017-02-28,Active,Delhi,Bachelor's,13966
14699,Akash Patel,Male,1993-12-24,1,102,2024-10-05,Active,Delhi,Master's,13443
14700,Pooja Mishra,Female,2002-05-12,4,108,2021-09-21,Resigned,Delhi,Bachelor's,10184
14701,Akash Joshi,Male,1974-04-05,6,112,2021-09-10,Active,Pune,Bachelor's,13167
14702,Yash Shah,Male,1993-11-02,3,106,2022-09-13,Active,Bengaluru,Master's,14341
14703,Isha Mishra,Female,1995-04-10,4,109,2017-02-21,Active,Delhi,Master's,14092
14704,Meera Joshi,Female,1975-08-07,2,103,2025-03-16,Terminated,Mumbai,PhD,10426
14705,Karan Shah,Male,1987-12-08,3,106,2024-10-13,Active,Bengaluru,Diploma,14006
14706,Manish Gupta,Male,1994-07-23,2,103,2019-08-02,Resigned,Mumbai,Bachelor's,14124
14707,Tanya Gupta,Female,1989-11-23,4,108,2018-08-10,Active,Delhi,Bachelor's,14956
14708,Karan Nair,Male,1980-02-03,4,108,2022-12-02,Active,Delhi,Master's,10983
14709,Divya Nair,Female,1987-01-15,8,117,2019-03-30,Active,Pune,PhD,11125
14710,Sneha Chopra,Female,1997-02-10,1,101,2018-08-11,Resigned,Delhi,Bachelor's,14728
14711,Aditya Kumar,Male,2001-06-02,5,111,2017-03-24,Active,Mumbai,Master's,12430
14712,Manish Mehta,Male,1992-01-16,4,109,2025-01-01,Resigned,Delhi,Bachelor's,14336
14713,Nikhil Joshi,Male,1991-08-25,4,109,2018-06-26,Active,Delhi,Bachelor's,13229
14714,Ananya Nair,Female,1970-07-19,7,114,2018-07-15,Resigned,Hyderabad,Bachelor's,11424
14715,Arjun Sinha,Male,2002-01-04,3,105,2020-04-02,Active,Bengaluru,Diploma,10259
14716,Aditya Iyer,Male,2001-10-11,1,102,2016-09-17,Active,Delhi,Bachelor's,11563
14717,Pooja Verma,Female,1970-03-15,5,110,2025-04-08,Active,Mumbai,Bachelor's,14631
14718,Riya Agarwal,Female,1989-11-03,3,105,2023-10-07,Active,Bengaluru,Bachelor's,14453
14719,Arjun Shah,Male,1977-02-11,1,102,2017-09-05,Active,Delhi,Bachelor's,14554
14720,Tanya Malhotra,Female,1997-10-03,3,106,2023-08-26,Active,Bengaluru,Master's,11559
14721,Mohit Reddy,Male,1997-11-05,3,107,2025-12-02,Active,Bengaluru,Bachelor's,11428
14722,Karan Malhotra,Male,1989-04-17,5,111,2018-03-04,Active,Mumbai,Bachelor's,13920
14723,Vivek Sharma,Male,1978-01-01,2,104,2016-07-06,Active,Mumbai,Bachelor's,10229
14724,Arjun Singh,Male,2002-12-10,3,105,2024-01-10,Active,Bengaluru,Master's,11628
14725,Akash Singh,Male,1973-09-09,4,109,2019-09-18,Resigned,Delhi,Diploma,10052
14726,Arjun Mehta,Male,1982-09-26,4,109,2025-11-28,Active,Delhi,PhD,12386
14727,Priya Iyer,Female,1979-04-20,8,117,2018-05-13,Active,Pune,Bachelor's,12004
14728,Divya Desai,Female,1968-10-23,1,102,2025-03-28,Active,Delhi,Bachelor's,10226
14729,Simran Kapoor,Female,1998-03-10,8,117,2017-05-13,Active,Pune,Bachelor's,12055
14730,Aarav Mehta,Male,2002-03-20,4,108,2025-02-08,Active,Delhi,Diploma,12244
14731,Varun Chopra,Male,1981-11-22,6,113,2018-11-04,Active,Pune,Bachelor's,11085
14732,Rahul Mehta,Male,1971-01-27,4,108,2017-05-01,Active,Delhi,Bachelor's,14247
14733,Tanya Patel,Female,1996-03-12,4,108,2023-05-26,Active,Delhi,Bachelor's,12400
14734,Riya Kapoor,Female,1987-05-27,7,114,2021-07-22,Active,Hyderabad,Bachelor's,14654
14735,Siddharth Mehta,Male,1984-04-24,7,114,2022-05-10,Active,Hyderabad,Master's,14567
14736,Mohit Nair,Male,1966-09-08,3,105,2021-09-15,Resigned,Bengaluru,Master's,11987
14737,Rohan Reddy,Male,1985-11-27,3,106,2019-10-20,Active,Bengaluru,Bachelor's,13929
14738,Aditya Sinha,Male,1976-09-16,4,109,2018-05-22,Active,Delhi,Bachelor's,12515
14739,Yash Reddy,Male,1991-08-10,7,114,2017-01-07,Active,Hyderabad,Bachelor's,13559
14740,Riya Verma,Female,1974-01-23,3,107,2024-11-17,Resigned,Bengaluru,Diploma,11751
14741,Aanya Nair,Female,1972-09-17,5,110,2020-07-04,Active,Mumbai,Master's,10035
14742,Yash Patel,Male,1985-10-17,5,111,2023-06-09,Active,Mumbai,Master's,11093
14743,Mohit Malhotra,Male,1986-10-13,6,113,2016-09-04,Active,Pune,Bachelor's,10655
14744,Priya Verma,Female,1977-02-13,4,109,2023-11-12,Active,Delhi,Bachelor's,11944
14745,Rohan Gupta,Male,1976-05-28,3,107,2017-04-11,Resigned,Bengaluru,Bachelor's,14217
14746,Aarav Chopra,Male,1981-08-13,8,116,2025-07-25,Active,Pune,Master's,12296
14747,Akash Chopra,Male,1973-08-10,5,111,2016-04-17,Resigned,Mumbai,Bachelor's,10173
14748,Vivek Gupta,Male,1976-04-07,6,112,2017-11-27,Resigned,Pune,PhD,13175
14749,Aarav Mishra,Male,1973-07-09,3,106,2016-05-02,Active,Bengaluru,PhD,11461
14750,Shreya Singh,Female,1994-09-03,5,111,2025-06-20,Active,Mumbai,Master's,10345
14751,Manish Sharma,Male,1970-11-08,3,107,2019-05-08,Resigned,Bengaluru,Bachelor's,13678
14752,Aarav Nair,Male,1989-05-21,3,105,2025-07-22,Active,Bengaluru,Bachelor's,11936
14753,Isha Mehta,Female,1992-08-06,6,112,2018-12-30,Active,Pune,Bachelor's,11195
14754,Arjun Nair,Male,1974-10-26,4,108,2024-03-13,Resigned,Delhi,PhD,13613
14755,Tanya Mishra,Female,1992-01-20,5,110,2017-11-28,Active,Mumbai,Bachelor's,14635
14756,Isha Kapoor,Female,1993-09-21,3,105,2025-07-13,Active,Bengaluru,Master's,13273
14757,Ankit Bansal,Male,2000-04-27,5,110,2020-09-03,Resigned,Mumbai,PhD,13087
14758,Pooja Mishra,Female,1975-10-01,4,109,2020-10-10,Active,Delhi,Master's,12473
14759,Varun Agarwal,Male,1985-09-24,5,110,2020-03-10,Active,Mumbai,Bachelor's,13397
14760,Ananya Iyer,Female,2002-03-09,3,106,2023-05-03,Active,Bengaluru,Bachelor's,12265
14761,Aarav Gupta,Male,1990-01-15,6,112,2022-07-16,Resigned,Pune,Bachelor's,14547
14762,Meera Malhotra,Female,1982-04-05,6,113,2023-04-15,Resigned,Pune,Bachelor's,11856
14763,Neha Patel,Female,1968-04-04,3,106,2020-12-17,Active,Bengaluru,PhD,10624
14764,Aarav Kapoor,Male,1979-09-15,3,105,2020-08-24,Active,Bengaluru,Master's,14118
14765,Aarav Singh,Male,1987-05-17,5,111,2019-12-04,Active,Mumbai,Bachelor's,11536
14766,Tanya Iyer,Female,1970-07-06,5,111,2024-11-29,Resigned,Mumbai,Bachelor's,14615
14767,Nisha Mehta,Female,1971-09-20,5,110,2019-12-10,Active,Mumbai,Bachelor's,12629
14768,Varun Sinha,Male,1979-10-06,5,110,2021-06-03,Active,Mumbai,Bachelor's,13164
14769,Nisha Joshi,Female,1973-10-23,3,105,2018-04-12,Resigned,Bengaluru,Bachelor's,11987
14770,Yash Mehta,Male,1994-04-28,3,105,2017-03-19,Active,Bengaluru,Bachelor's,11446
14771,Akash Kapoor,Male,1992-09-13,3,107,2024-09-25,Terminated,Bengaluru,PhD,14158
14772,Arjun Singh,Male,1994-01-01,2,103,2025-07-13,Terminated,Mumbai,PhD,10676
14773,Yash Agarwal,Male,1972-03-09,5,110,2022-07-13,Resigned,Mumbai,Bachelor's,13849
14774,Pooja Gupta,Female,1999-05-17,2,103,2023-08-12,Active,Mumbai,Master's,12802
14775,Yash Gupta,Male,1999-12-05,7,115,2023-01-23,Active,Hyderabad,Bachelor's,11281
14776,Tanya Kumar,Female,1990-06-20,6,112,2017-01-02,Active,Pune,Master's,12394
14777,Aarav Chopra,Male,1994-07-11,7,115,2018-07-17,Active,Hyderabad,Diploma,12303
14778,Aarav Reddy,Male,1999-03-21,7,114,2020-08-17,Active,Hyderabad,Bachelor's,14517
14779,Nikhil Mehta,Male,2002-06-23,3,105,2022-10-11,Resigned,Bengaluru,Diploma,12060
14780,Arjun Mishra,Male,1975-10-15,7,114,2025-02-07,Active,Hyderabad,Bachelor's,10851
14781,Vivek Kapoor,Male,1984-02-21,2,103,2025-08-03,Active,Mumbai,Master's,14078
14782,Nikhil Patel,Male,1995-07-23,1,102,2023-03-28,Active,Delhi,PhD,11049
14783,Nikhil Bansal,Male,1998-12-03,6,113,2020-08-14,Active,Pune,Master's,13477
14784,Aditya Reddy,Male,1976-08-16,1,101,2020-01-19,Resigned,Delhi,Master's,12623
14785,Akash Chopra,Male,1992-01-04,8,117,2023-07-05,Active,Pune,Bachelor's,12541
14786,Rohan Bansal,Male,1967-03-04,5,110,2020-12-28,Active,Mumbai,Bachelor's,13144
14787,Ananya Nair,Female,1969-11-25,6,113,2016-07-05,Active,Pune,Master's,10895
14788,Meera Verma,Female,1977-11-12,3,105,2019-07-21,Active,Bengaluru,Bachelor's,13233
14789,Arjun Reddy,Male,1976-08-27,5,111,2024-03-01,Active,Mumbai,Diploma,14001
14790,Nikhil Nair,Male,1965-04-24,1,102,2025-02-21,Active,Delhi,Master's,13569
14791,Vivek Iyer,Male,1983-01-28,6,113,2017-08-15,Active,Pune,Bachelor's,13167
14792,Isha Sharma,Female,1993-08-26,2,103,2017-07-01,Active,Mumbai,Diploma,11852
14793,Ankit Singh,Male,2003-02-22,5,111,2023-10-19,Resigned,Mumbai,Bachelor's,13762
14794,Mohit Singh,Male,1989-06-19,3,105,2025-04-12,Active,Bengaluru,Diploma,13632
14795,Akash Verma,Male,1980-05-02,1,102,2024-05-12,Resigned,Delhi,Master's,12649
14796,Rohan Bansal,Male,1981-11-24,4,108,2025-02-10,Resigned,Delhi,Master's,11014
14797,Nikhil Shah,Male,1992-08-13,2,103,2022-01-15,Active,Mumbai,Bachelor's,12560
14798,Shreya Desai,Female,2003-05-23,6,112,2018-01-24,Active,Pune,PhD,10318
14799,Karan Sinha,Male,1969-08-11,3,106,2018-01-23,Resigned,Bengaluru,Master's,12828
14800,Isha Gupta,Female,1965-04-18,3,107,2025-12-01,Resigned,Bengaluru,Bachelor's,12909
14801,Karan Desai,Male,1967-05-23,4,108,2021-04-17,Active,Delhi,Master's,11127
14802,Manish Shah,Male,1988-12-04,3,105,2022-07-20,Active,Bengaluru,Bachelor's,11270
14803,Riya Joshi,Female,1993-04-20,3,106,2017-01-31,Active,Bengaluru,Master's,11006
14804,Ankit Mehta,Male,1979-09-09,6,113,2017-02-22,Active,Pune,Master's,13022
14805,Priya Malhotra,Female,1968-11-26,2,104,2019-07-06,Active,Mumbai,Bachelor's,14352
14806,Vivek Singh,Male,1965-08-27,2,104,2019-06-13,Active,Mumbai,Master's,12150
14807,Yash Patel,Male,1979-08-23,3,105,2016-07-08,Active,Bengaluru,Master's,14800
14808,Isha Patel,Female,1988-01-24,4,108,2018-04-24,Active,Delhi,Bachelor's,13614
14809,Karan Malhotra,Male,1995-11-27,4,108,2025-09-25,Resigned,Delhi,Diploma,14973
14810,Kavya Malhotra,Female,1984-04-17,3,105,2023-02-11,Resigned,Bengaluru,Diploma,10401
14811,Aditya Kapoor,Male,1974-01-19,6,113,2019-05-04,Terminated,Pune,Bachelor's,11479
14812,Divya Singh,Female,1975-03-26,1,102,2018-09-06,Active,Delhi,Diploma,11530
14813,Vivek Chopra,Male,1982-01-24,4,108,2021-02-13,Active,Delhi,Bachelor's,11699
14814,Mohit Sharma,Male,1998-04-12,3,107,2020-01-20,Resigned,Bengaluru,Bachelor's,12322
14815,Aanya Shah,Female,1992-04-14,5,111,2020-06-06,Active,Mumbai,Bachelor's,14395
14816,Riya Joshi,Female,2002-06-09,8,117,2022-12-04,Active,Pune,Master's,14898
14817,Simran Agarwal,Female,1980-09-12,4,108,2018-03-06,Active,Delhi,PhD,11347
14818,Sneha Bansal,Female,1988-08-17,8,116,2023-03-10,Resigned,Pune,Master's,13714
14819,Neha Gupta,Female,2003-12-10,3,105,2016-04-13,Active,Bengaluru,Bachelor's,11938
14820,Yash Kapoor,Male,1976-10-02,1,102,2022-02-16,Active,Delhi,Master's,11655
14821,Aarav Chopra,Male,1971-03-27,2,104,2023-11-18,Active,Mumbai,Master's,10300
14822,Siddharth Desai,Male,2000-05-16,3,105,2021-09-23,Resigned,Bengaluru,Master's,11865
14823,Vivek Verma,Male,1981-05-13,3,105,2025-08-20,Active,Bengaluru,Master's,11224
14824,Manish Mehta,Male,1968-10-24,2,103,2018-01-12,Active,Mumbai,Master's,14190
14825,Aarav Singh,Male,2001-02-02,4,109,2019-08-30,Active,Delhi,Bachelor's,10410
14826,Siddharth Singh,Male,1997-08-01,3,107,2021-10-09,Active,Bengaluru,Diploma,10242
14827,Shreya Patel,Female,1983-09-18,2,103,2016-08-16,Active,Mumbai,Bachelor's,14858
14828,Akash Desai,Male,1990-12-05,3,107,2022-02-09,Active,Bengaluru,Diploma,14823
14829,Mohit Shah,Male,1975-03-05,7,115,2017-12-28,Terminated,Hyderabad,PhD,12011
14830,Arjun Reddy,Male,1995-12-08,3,106,2025-06-26,Resigned,Bengaluru,Bachelor's,12408
14831,Simran Sharma,Female,1965-08-22,6,112,2022-06-07,Active,Pune,PhD,10347
14832,Pooja Sinha,Female,2000-09-07,5,110,2024-07-01,Active,Mumbai,Master's,14629
14833,Tanya Verma,Female,1993-02-01,4,108,2017-02-07,Active,Delhi,Bachelor's,11545
14834,Aditya Patel,Male,1989-08-01,3,106,2018-07-09,Resigned,Bengaluru,Bachelor's,14688
14835,Siddharth Iyer,Male,1982-08-28,3,106,2024-01-09,Active,Bengaluru,Bachelor's,10586
14836,Rahul Verma,Male,1967-09-17,5,110,2025-12-24,Active,Mumbai,Master's,11020
14837,Karan Gupta,Male,1982-07-05,3,107,2022-12-07,Active,Bengaluru,Master's,12388
14838,Aarav Gupta,Male,1971-08-20,3,107,2023-12-24,Active,Bengaluru,PhD,10860
14839,Manish Joshi,Male,1992-02-23,2,103,2019-06-28,Active,Mumbai,Bachelor's,12589
14840,Mohit Gupta,Male,1981-07-24,7,114,2025-04-22,Active,Hyderabad,Bachelor's,14907
14841,Tanya Nair,Female,1989-09-14,4,108,2023-01-27,Active,Delhi,Diploma,11149
14842,Shreya Kapoor,Female,1982-06-03,5,110,2022-04-01,Resigned,Mumbai,Bachelor's,12441
14843,Karan Joshi,Male,1967-05-14,4,108,2021-06-02,Resigned,Delhi,Master's,11492
14844,Mohit Patel,Male,1989-03-10,7,114,2020-09-17,Active,Hyderabad,Bachelor's,10289
14845,Aditya Mehta,Male,1971-09-21,4,108,2019-06-01,Active,Delhi,Bachelor's,11129
14846,Akash Singh,Male,1974-07-26,4,108,2020-05-03,Active,Delhi,Bachelor's,13807
14847,Ananya Chopra,Female,1983-07-07,7,115,2017-06-19,Active,Hyderabad,Bachelor's,14147
14848,Varun Verma,Male,1979-12-26,6,112,2019-02-21,Active,Pune,Master's,14177
14849,Shreya Sharma,Female,1985-04-20,2,103,2019-10-19,Active,Mumbai,Bachelor's,10869
14850,Aditya Joshi,Male,1985-03-20,2,104,2022-06-14,Resigned,Mumbai,Bachelor's,13004
14851,Meera Malhotra,Female,2001-09-21,6,112,2017-10-06,Active,Pune,Master's,10183
14852,Varun Reddy,Male,1992-06-20,6,113,2023-10-17,Active,Pune,Bachelor's,12398
14853,Neha Shah,Female,1996-01-23,4,109,2021-04-18,Active,Delhi,Master's,13593
14854,Karan Kapoor,Male,1991-07-06,4,108,2022-12-08,Active,Delhi,PhD,14628
14855,Pooja Mishra,Female,1987-04-26,5,110,2022-05-11,Active,Mumbai,Master's,10726
14856,Siddharth Desai,Male,1974-08-28,4,109,2021-11-02,Resigned,Delhi,Bachelor's,10684
14857,Rohan Malhotra,Male,1970-08-17,5,110,2025-02-14,Active,Mumbai,Master's,12480
14858,Tanya Shah,Female,1988-09-24,2,103,2018-01-29,Resigned,Mumbai,Master's,10999
14859,Isha Desai,Female,1982-02-25,8,116,2020-11-22,Active,Pune,Bachelor's,10542
14860,Riya Shah,Female,1974-04-26,6,113,2023-06-21,Resigned,Pune,Master's,12714
14861,Aanya Joshi,Female,1979-12-22,5,111,2025-03-21,Active,Mumbai,Bachelor's,11096
14862,Meera Kumar,Female,1998-02-10,3,107,2022-04-01,Active,Bengaluru,Master's,11400
14863,Manish Reddy,Male,1972-04-02,2,103,2018-03-21,Active,Mumbai,Bachelor's,12074
14864,Yash Singh,Male,1999-12-25,3,106,2024-07-27,Active,Bengaluru,Master's,13199
14865,Varun Sinha,Male,1991-09-15,5,110,2020-09-10,Resigned,Mumbai,Bachelor's,10680
14866,Divya Agarwal,Female,1989-05-19,5,110,2020-02-06,Active,Mumbai,Bachelor's,10491
14867,Ankit Singh,Male,1967-03-17,3,105,2024-07-10,Active,Bengaluru,Bachelor's,13048
14868,Rohan Verma,Male,1985-08-03,5,111,2021-05-10,Resigned,Mumbai,Bachelor's,13122
14869,Ananya Kapoor,Female,2003-12-04,6,113,2016-06-14,Active,Pune,Bachelor's,12715
14870,Divya Shah,Female,1996-02-24,1,101,2016-07-06,Active,Delhi,Diploma,13569
14871,Aditya Nair,Male,1985-03-14,4,109,2020-02-14,Resigned,Delhi,Bachelor's,11002
14872,Rahul Mishra,Male,1973-12-11,6,112,2019-08-26,Resigned,Pune,Bachelor's,10793
14873,Siddharth Kapoor,Male,1965-02-01,4,108,2017-05-20,Active,Delhi,Bachelor's,13961
14874,Mohit Bansal,Male,1968-10-18,5,110,2018-06-28,Active,Mumbai,Diploma,13449
14875,Akash Iyer,Male,1968-02-13,4,108,2018-06-16,Terminated,Delhi,Bachelor's,12666
14876,Aanya Nair,Female,1990-04-27,8,116,2022-05-12,Active,Pune,Bachelor's,11330
14877,Divya Sharma,Female,1998-01-15,1,102,2016-05-11,Active,Delhi,Bachelor's,10197
14878,Aanya Agarwal,Female,1991-01-06,4,109,2017-09-22,Active,Delhi,Bachelor's,14336
14879,Aditya Sinha,Male,1979-05-01,2,103,2024-07-13,Active,Mumbai,Bachelor's,12660
14880,Ananya Sinha,Female,1996-06-16,2,104,2016-12-27,Active,Mumbai,Diploma,13372
14881,Vivek Chopra,Male,1971-08-05,3,105,2025-04-04,Active,Bengaluru,Bachelor's,12928
14882,Vivek Sharma,Male,1978-03-03,2,104,2017-01-25,Active,Mumbai,Bachelor's,14391
14883,Isha Malhotra,Female,1987-11-12,8,117,2023-08-07,Resigned,Pune,Bachelor's,14168
14884,Siddharth Joshi,Male,1965-02-09,8,117,2018-12-09,Active,Pune,Bachelor's,14503
14885,Karan Agarwal,Male,1996-09-23,3,106,2017-09-26,Active,Bengaluru,Bachelor's,11059
14886,Kavya Verma,Female,1990-01-17,5,110,2023-01-02,Active,Mumbai,Master's,11353
14887,Arjun Kumar,Male,1973-04-28,4,109,2020-04-08,Resigned,Delhi,Master's,14853
14888,Kavya Iyer,Female,1980-02-03,6,113,2021-05-08,Active,Pune,PhD,11709
14889,Manish Desai,Male,1995-02-15,5,111,2025-11-07,Active,Mumbai,Bachelor's,13705
14890,Divya Gupta,Female,1966-01-03,1,102,2019-02-01,Terminated,Delhi,Bachelor's,12217
14891,Karan Joshi,Male,1996-07-10,6,113,2023-04-04,Terminated,Pune,Master's,10690
14892,Aditya Patel,Male,1974-09-26,6,113,2024-10-30,Active,Pune,Bachelor's,13537
14893,Aanya Singh,Female,1989-09-08,4,109,2016-09-27,Active,Delhi,Bachelor's,10146
14894,Karan Shah,Male,1982-06-01,7,115,2022-12-21,Active,Hyderabad,Bachelor's,14127
14895,Yash Verma,Male,1998-08-24,7,114,2022-03-27,Active,Hyderabad,Bachelor's,10181
14896,Arjun Sharma,Male,1993-12-25,4,108,2016-10-17,Resigned,Delhi,Diploma,12995
14897,Arjun Mehta,Male,1988-10-11,5,110,2022-04-15,Active,Mumbai,Master's,10971
14898,Siddharth Sinha,Male,1967-12-22,8,117,2024-03-07,Active,Pune,PhD,12132
14899,Aarav Reddy,Male,1979-03-06,3,107,2021-08-02,Active,Bengaluru,Diploma,10062
14900,Meera Kapoor,Female,1967-08-23,3,105,2021-12-19,Active,Bengaluru,Master's,14112
14901,Aditya Kumar,Male,1995-08-19,3,105,2025-07-02,Active,Bengaluru,Bachelor's,14807
14902,Ankit Shah,Male,1974-08-21,7,115,2019-07-25,Resigned,Hyderabad,Bachelor's,11313
14903,Arjun Iyer,Male,2002-07-13,6,112,2018-01-09,Active,Pune,Master's,14998
14904,Vivek Kapoor,Male,1986-04-03,2,103,2018-09-23,Active,Mumbai,Diploma,11112
14905,Ananya Bansal,Female,1978-06-25,8,116,2017-11-25,Active,Pune,Bachelor's,14616
14906,Arjun Joshi,Male,1973-04-28,6,112,2024-10-06,Active,Pune,Diploma,12645
14907,Ananya Singh,Female,1982-09-03,7,114,2016-01-01,Active,Hyderabad,Bachelor's,12007
14908,Karan Kapoor,Male,1972-06-12,1,101,2018-03-18,Terminated,Delhi,Bachelor's,13371
14909,Isha Sinha,Female,2002-05-25,4,108,2018-10-20,Active,Delhi,Master's,10963
14910,Varun Sharma,Male,1979-06-18,5,111,2023-08-27,Active,Mumbai,Master's,13357
14911,Ananya Nair,Female,1979-04-14,4,108,2018-09-17,Active,Delhi,Bachelor's,11379
14912,Mohit Mishra,Male,1970-05-11,5,110,2024-02-26,Active,Mumbai,Bachelor's,11977
14913,Rahul Iyer,Male,1976-11-09,6,113,2018-11-16,Active,Pune,Master's,12528
14914,Aditya Kumar,Male,1983-01-12,3,106,2020-08-19,Active,Bengaluru,Master's,10737
14915,Nikhil Reddy,Male,1969-09-26,7,115,2016-12-10,Active,Hyderabad,Bachelor's,13732
14916,Kavya Joshi,Female,1991-01-01,2,103,2025-09-15,Active,Mumbai,Bachelor's,14904
14917,Mohit Shah,Male,1974-04-22,3,105,2021-06-27,Active,Bengaluru,Bachelor's,13989
14918,Aditya Chopra,Male,1978-02-17,1,101,2025-06-18,Active,Delhi,Bachelor's,14890
14919,Kavya Malhotra,Female,1998-12-20,3,106,2018-03-15,Active,Bengaluru,Master's,12444
14920,Yash Patel,Male,1979-08-22,3,105,2024-04-08,Active,Bengaluru,Bachelor's,12518
14921,Priya Desai,Female,1993-12-05,6,112,2016-07-29,Resigned,Pune,PhD,10996
14922,Riya Sinha,Female,1990-01-19,5,111,2017-04-05,Resigned,Mumbai,Bachelor's,12476
14923,Neha Malhotra,Female,1991-07-15,4,109,2025-10-24,Terminated,Delhi,Bachelor's,14165
14924,Sneha Kumar,Female,1967-10-03,5,110,2024-01-31,Active,Mumbai,Diploma,10035
14925,Aditya Agarwal,Male,1967-05-06,1,102,2025-10-20,Active,Delhi,Bachelor's,13065
14926,Manish Kapoor,Male,1999-09-11,3,105,2020-07-03,Active,Bengaluru,Bachelor's,11073
14927,Rohan Sharma,Male,1999-03-22,5,111,2023-03-03,Active,Mumbai,Bachelor's,14202
14928,Varun Sinha,Male,1970-11-02,5,110,2023-06-16,Active,Mumbai,PhD,12977
14929,Tanya Chopra,Female,1978-09-12,6,112,2022-09-03,Active,Pune,Bachelor's,12194
14930,Isha Joshi,Female,1990-09-23,3,105,2017-06-05,Active,Bengaluru,Bachelor's,14230
14931,Aarav Iyer,Male,1967-11-09,6,113,2020-12-19,Active,Pune,Bachelor's,13558
14932,Karan Gupta,Male,1997-04-16,5,111,2017-01-04,Terminated,Mumbai,Bachelor's,11875
14933,Divya Gupta,Female,1977-10-17,8,117,2022-08-12,Active,Pune,Bachelor's,14322
14934,Nikhil Nair,Male,1993-01-02,3,106,2021-05-02,Active,Bengaluru,Bachelor's,11925
14935,Akash Desai,Male,1973-10-11,4,108,2016-03-26,Resigned,Delhi,Bachelor's,13315
14936,Vivek Chopra,Male,1996-03-02,5,110,2019-06-27,Active,Mumbai,Master's,13876
14937,Sneha Joshi,Female,1986-04-08,8,116,2023-11-24,Resigned,Pune,Bachelor's,12861
14938,Kavya Patel,Female,1986-03-20,3,107,2022-02-06,Active,Bengaluru,Master's,12754
14939,Sneha Nair,Female,1998-02-01,4,109,2018-09-15,Active,Delhi,Diploma,14825
14940,Tanya Desai,Female,1974-08-23,3,106,2021-10-03,Active,Bengaluru,Bachelor's,13870
14941,Akash Singh,Male,1989-10-02,4,109,2025-08-31,Active,Delhi,Bachelor's,11704
14942,Siddharth Mehta,Male,1976-08-10,3,107,2025-01-26,Active,Bengaluru,Diploma,14760
14943,Shreya Shah,Female,1967-03-07,1,102,2024-09-05,Active,Delhi,Bachelor's,13569
14944,Vivek Mehta,Male,1983-01-28,4,109,2018-04-09,Active,Delhi,Bachelor's,11284
14945,Tanya Reddy,Female,1997-03-25,3,105,2018-12-25,Resigned,Bengaluru,PhD,13620
14946,Neha Desai,Female,1990-04-17,3,107,2025-07-13,Resigned,Bengaluru,Master's,10369
14947,Ananya Agarwal,Female,1977-11-06,3,105,2020-07-30,Active,Bengaluru,Bachelor's,11184
14948,Priya Kapoor,Female,1971-01-10,1,102,2016-02-05,Active,Delhi,Bachelor's,14554
14949,Aanya Sinha,Female,1998-01-18,8,116,2022-02-20,Active,Pune,Diploma,12026
14950,Pooja Mishra,Female,1986-03-18,4,108,2017-12-07,Resigned,Delhi,Diploma,12514
14951,Yash Mehta,Male,1984-08-22,6,112,2017-05-01,Terminated,Pune,Master's,13984
14952,Mohit Agarwal,Male,1987-01-22,4,108,2021-01-11,Active,Delhi,Master's,11370
14953,Siddharth Verma,Male,1978-01-09,7,114,2020-12-05,Active,Hyderabad,Bachelor's,11111
14954,Nisha Shah,Female,1994-03-12,4,108,2025-08-19,Active,Delhi,Bachelor's,10363
14955,Aditya Malhotra,Male,1987-01-17,4,109,2018-08-07,Active,Delhi,Bachelor's,10558
14956,Neha Iyer,Female,1983-02-06,4,109,2025-02-17,Active,Delhi,Master's,14565
14957,Vivek Gupta,Male,2003-01-23,6,112,2023-08-30,Active,Pune,Bachelor's,12978
14958,Divya Gupta,Female,2000-11-12,4,109,2025-10-29,Active,Delhi,PhD,13330
14959,Vivek Kapoor,Male,1970-04-23,3,105,2022-12-18,Active,Bengaluru,Master's,13154
14960,Neha Gupta,Female,1987-04-11,2,104,2017-11-28,Resigned,Mumbai,PhD,14514
14961,Vivek Joshi,Male,1974-04-20,5,110,2020-10-21,Active,Mumbai,Bachelor's,11643
14962,Vivek Nair,Male,1999-10-28,4,109,2017-06-25,Active,Delhi,Bachelor's,10747
14963,Yash Mehta,Male,1985-10-08,2,103,2021-11-03,Resigned,Mumbai,Master's,11834
14964,Aanya Singh,Female,1996-02-08,3,107,2016-04-28,Terminated,Bengaluru,Master's,12769
14965,Ankit Joshi,Male,1994-10-27,4,109,2020-07-21,Active,Delhi,Diploma,11676
14966,Akash Shah,Male,1997-01-23,6,112,2021-09-23,Active,Pune,PhD,12858
14967,Isha Nair,Female,1970-07-22,1,102,2022-03-18,Active,Delhi,Master's,14579
14968,Aanya Singh,Female,1969-04-21,3,107,2019-10-27,Active,Bengaluru,Bachelor's,14361
14969,Meera Mishra,Female,1979-01-02,6,112,2019-09-10,Active,Pune,Bachelor's,14906
14970,Arjun Mehta,Male,1989-10-23,5,110,2018-03-04,Active,Mumbai,Bachelor's,11683
14971,Nikhil Mishra,Male,1977-02-08,3,105,2020-01-03,Active,Bengaluru,Master's,11175
14972,Kavya Agarwal,Female,1970-07-26,7,115,2024-04-03,Active,Hyderabad,Master's,11855
14973,Vivek Sharma,Male,2001-08-20,4,109,2016-06-17,Active,Delhi,Bachelor's,12924
14974,Divya Bansal,Female,1966-01-23,4,109,2022-01-30,Active,Delhi,Diploma,14474
14975,Mohit Kumar,Male,1981-01-07,8,117,2018-04-18,Active,Pune,Bachelor's,13630
14976,Varun Shah,Male,1988-09-05,8,117,2020-10-02,Active,Pune,Diploma,14818
14977,Nikhil Reddy,Male,1976-02-11,3,107,2022-10-20,Active,Bengaluru,Bachelor's,14390
14978,Aarav Mehta,Male,1978-01-24,2,103,2017-12-18,Resigned,Mumbai,Master's,10752
14979,Vivek Mehta,Male,1971-04-24,3,105,2021-11-06,Active,Bengaluru,Master's,10729
14980,Ankit Agarwal,Male,1990-02-14,1,102,2019-11-12,Active,Delhi,Bachelor's,14870
14981,Divya Kapoor,Female,1996-03-03,1,101,2018-07-12,Resigned,Delhi,Master's,13408
14982,Yash Joshi,Male,1993-04-25,3,106,2020-05-14,Active,Bengaluru,Bachelor's,11717
14983,Kavya Kapoor,Female,2003-09-21,8,116,2016-01-06,Active,Pune,Bachelor's,14949
14984,Ananya Nair,Female,1973-07-14,7,114,2025-06-25,Active,Hyderabad,Master's,10285
14985,Siddharth Kapoor,Male,1978-09-17,4,109,2017-05-27,Active,Delhi,Bachelor's,10164
14986,Rohan Chopra,Male,1981-02-14,4,108,2018-02-03,Active,Delhi,Bachelor's,11318
14987,Shreya Sinha,Female,1989-06-16,1,102,2023-02-06,Active,Delhi,Bachelor's,11143
14988,Priya Singh,Female,1994-03-16,3,107,2020-12-31,Active,Bengaluru,Bachelor's,10998
14989,Neha Nair,Female,1993-11-28,1,102,2018-07-31,Resigned,Delhi,Master's,14399
14990,Shreya Reddy,Female,1993-11-14,6,112,2020-02-18,Active,Pune,Bachelor's,12898
14991,Isha Malhotra,Female,1982-07-05,2,104,2016-08-19,Active,Mumbai,Bachelor's,11813
14992,Tanya Bansal,Female,1995-10-08,7,114,2021-10-10,Active,Hyderabad,Master's,12803
14993,Yash Malhotra,Male,1983-01-25,5,110,2025-11-23,Resigned,Mumbai,Diploma,10198
14994,Divya Shah,Female,1981-11-10,3,106,2023-11-15,Active,Bengaluru,Bachelor's,10860
14995,Varun Kumar,Male,1970-06-12,2,104,2024-01-06,Active,Mumbai,Bachelor's,12015
14996,Sneha Singh,Female,1976-05-08,5,110,2016-03-18,Active,Mumbai,Master's,14634
14997,Aditya Reddy,Male,2002-12-12,7,114,2017-06-27,Active,Hyderabad,Master's,10979
14998,Rohan Gupta,Male,1967-04-28,6,112,2019-08-09,Active,Pune,Bachelor's,10161
14999,Shreya Chopra,Female,1999-09-21,3,105,2022-10-26,Active,Bengaluru,Master's,12120
15000,Aanya Shah,Female,1997-01-24,4,108,2016-10-23,Active,Delhi,Bachelor's,13901
