leave_id,employee_id,leave_type,start_date,leave_days,leave_status
950001,14098,Sick,2025-09-24,1,Approved
950002,13245,Casual,2025-02-17,5,Approved
950003,12935,Casual,2025-11-27,1,Approved
950004,13675,Sick,2025-05-18,5,Pending
950005,11969,Casual,2025-12-19,4,Approved
950006,10276,Earned,2025-04-28,1,Approved
950007,11069,Casual,2025-08-02,1,Rejected
950008,14064,Sick,2025-04-28,3,Approved
950009,12481,Earned,2025-02-17,2,Approved
950010,12112,Earned,2025-05-16,2,Rejected
950011,12284,Casual,2025-02-25,3,Approved
950012,10332,Earned,2025-08-05,1,Approved
950013,10433,Earned,2025-03-29,1,Approved
950014,11590,Sick,2025-06-22,4,Pending
950015,12945,Sick,2025-12-23,2,Rejected
950016,14491,Unpaid,2025-01-18,2,Approved
950017,14903,Earned,2025-12-11,1,Pending
950018,14061,Sick,2025-10-19,2,Approved
950019,12667,Unpaid,2025-03-30,1,Pending
950020,13125,Sick,2025-05-20,2,Pending
950021,12796,Unpaid,2025-07-17,1,Approved
950022,14851,Casual,2025-06-28,1,Rejected
950023,10284,Casual,2025-04-27,2,Approved
950024,14444,Unpaid,2025-05-09,1,Approved
950025,11225,Earned,2025-03-29,3,Approved
950026,13309,Earned,2025-10-29,1,Approved
950027,10428,Earned,2025-01-23,1,Rejected
950028,12772,Casual,2025-08-08,1,Approved
950029,10961,Casual,2025-04-13,3,Approved
950030,13851,Sick,2025-05-12,4,Approved
950031,11320,Casual,2025-05-11,1,Approved
950032,11074,Sick,2025-02-07,1,Approved
950033,10163,Sick,2025-11-09,1,Approved
950034,12945,Casual,2025-01-05,1,Pending
950035,14408,Earned,2025-03-13,3,Pending
950036,10707,Sick,2025-08-08,1,Rejected
950037,13445,Earned,2025-08-13,4,Pending
950038,10255,Unpaid,2025-06-22,1,Rejected
950039,14656,Casual,2025-05-31,3,Approved
950040,14105,Earned,2025-01-06,4,Approved
950041,13998,Sick,2025-10-03,2,Approved
950042,11813,Casual,2025-05-26,2,Approved
950043,12320,Earned,2025-05-24,1,Approved
950044,12919,Sick,2025-07-28,1,Approved
950045,14782,Earned,2025-06-23,2,Pending
950046,11564,Earned,2025-08-07,2,Approved
950047,10853,Sick,2025-01-21,5,Approved
950048,14525,Casual,2025-06-05,2,Rejected
950049,11581,Casual,2025-05-10,4,Approved
950050,10459,Unpaid,2025-07-10,1,Approved
950051,10289,Unpaid,2025-06-06,2,Rejected
950052,12788,Casual,2025-05-28,5,Approved
950053,11932,Casual,2025-05-06,5,Pending
950054,11245,Unpaid,2025-01-05,1,Approved
950055,10752,Earned,2025-02-18,1,Approved
950056,13999,Earned,2025-05-19,1,Rejected
950057,10482,Sick,2025-01-04,1,Pending
950058,13371,Casual,2025-05-30,1,Approved
950059,11221,Sick,2025-10-12,2,Approved
950060,14502,Casual,2025-03-02,2,Approved
950061,14390,Earned,2025-06-23,1,Approved
950062,13605,Sick,2025-05-25,2,Approved
950063,11986,Earned,2025-10-26,1,Approved
950064,12181,Earned,2025-03-17,1,Approved
950065,14895,Earned,2025-03-31,1,Rejected
950066,10706,Earned,2025-02-04,3,Approved
950067,10919,Earned,2025-03-13,3,Approved
950068,13579,Earned,2025-07-26,4,Approved
950069,13424,Unpaid,2025-12-14,4,Approved
950070,11416,Earned,2025-05-28,5,Approved
950071,11369,Earned,2025-10-29,1,Approved
950072,14068,Sick,2025-07-23,1,Pending
950073,11144,Earned,2025-03-09,2,Approved
950074,12686,Earned,2025-08-06,1,Pending
950075,11937,Sick,2025-11-17,2,Approved
950076,10883,Sick,2025-08-31,1,Approved
950077,10359,Earned,2025-05-09,3,Approved
950078,14330,Earned,2025-06-03,2,Approved
950079,12060,Sick,2025-10-23,2,Approved
950080,11204,Sick,2025-08-06,2,Approved
950081,10418,Sick,2025-01-07,1,Approved
950082,11115,Casual,2025-01-16,2,Approved
950083,13721,Casual,2025-09-04,3,Approved
950084,14924,Casual,2025-07-13,2,Approved
950085,11220,Earned,2025-04-21,1,Approved
950086,14837,Unpaid,2025-10-01,1,Approved
950087,11018,Earned,2025-07-16,4,Approved
950088,14096,Earned,2025-01-22,4,Approved
950089,10523,Earned,2025-01-30,4,Approved
950090,10468,Earned,2025-07-23,3,Approved
950091,11360,Casual,2025-06-09,1,Approved
950092,13739,Sick,2025-02-15,2,Approved
950093,10812,Sick,2025-08-13,2,Approved
950094,13490,Sick,2025-10-09,3,Approved
950095,12305,Earned,2025-02-08,2,Approved
950096,10375,Casual,2025-10-05,2,Approved
950097,12174,Sick,2025-06-08,2,Approved
950098,14933,Unpaid,2025-05-20,2,Pending
950099,12388,Earned,2025-04-30,2,Approved
950100,11527,Earned,2025-09-29,4,Approved
950101,14621,Sick,2025-03-25,1,Approved
950102,11888,Earned,2025-10-28,2,Approved
950103,10388,Sick,2025-04-22,1,Approved
950104,10860,Casual,2025-06-13,1,Approved
950105,14547,Sick,2025-08-26,1,Pending
950106,10060,Casual,2025-08-24,2,Approved
950107,11270,Earned,2025-04-12,2,Approved
950108,14493,Casual,2025-03-04,1,Approved
950109,11988,Earned,2025-10-13,2,Approved
950110,12884,Unpaid,2025-06-07,3,Approved
950111,14837,Earned,2025-09-17,1,Approved
950112,14897,Earned,2025-03-21,2,Approved
950113,13966,Sick,2025-05-16,4,Pending
950114,14093,Unpaid,2025-04-01,2,Approved
950115,13384,Earned,2025-12-01,1,Pending
950116,12331,Unpaid,2025-06-16,1,Approved
950117,14522,Earned,2025-01-14,1,Approved
950118,11702,Earned,2025-02-27,1,Approved
950119,12641,Casual,2025-08-14,1,Approved
950120,12272,Sick,2025-07-27,2,Pending
950121,10870,Earned,2025-04-16,2,Approved
950122,11754,Casual,2025-07-20,1,Approved
950123,14080,Casual,2025-06-21,2,Approved
950124,11378,Unpaid,2025-10-02,2,Approved
950125,11151,Sick,2025-02-25,1,Rejected
950126,11209,Casual,2025-02-18,2,Approved
950127,10539,Sick,2025-04-30,3,Approved
950128,14414,Casual,2025-02-23,3,Approved
950129,13787,Casual,2025-07-26,1,Pending
950130,11848,Casual,2025-05-20,1,Pending
950131,11777,Casual,2025-02-08,2,Rejected
950132,14848,Sick,2025-07-31,2,Approved
950133,14543,Sick,2025-05-05,2,Approved
950134,13918,Casual,2025-06-29,1,Approved
950135,10535,Casual,2025-02-07,3,Approved
950136,10376,Earned,2025-11-05,2,Approved
950137,13593,Earned,2025-11-25,2,Approved
950138,11620,Casual,2025-06-13,1,Pending
950139,10112,Sick,2025-07-16,2,Approved
950140,12463,Casual,2025-07-31,4,Approved
950141,14617,Unpaid,2025-05-09,2,Pending
950142,10009,Earned,2025-03-26,1,Rejected
950143,10749,Sick,2025-01-25,2,Approved
950144,11342,Earned,2025-12-31,1,Approved
950145,14608,Sick,2025-01-29,4,Pending
950146,11648,Earned,2025-12-11,2,Approved
950147,13224,Earned,2025-07-06,3,Approved
950148,14329,Sick,2025-09-10,1,Approved
950149,14305,Sick,2025-06-29,1,Approved
950150,11650,Casual,2025-01-30,2,Approved
950151,10132,Casual,2025-04-12,1,Approved
950152,12166,Sick,2025-06-12,1,Approved
950153,13009,Sick,2025-01-12,4,Approved
950154,14897,Casual,2025-05-21,1,Approved
950155,10427,Sick,2025-08-08,2,Approved
950156,12221,Earned,2025-06-13,4,Approved
950157,14471,Casual,2025-12-12,1,Pending
950158,10105,Casual,2025-12-23,3,Approved
950159,12427,Earned,2025-12-14,1,Approved
950160,11596,Earned,2025-01-30,4,Rejected
950161,10522,Sick,2025-10-03,2,Approved
950162,10149,Earned,2025-10-31,1,Approved
950163,13030,Sick,2025-09-25,2,Approved
950164,11413,Sick,2025-07-16,2,Approved
950165,10195,Casual,2025-10-02,2,Approved
950166,12014,Sick,2025-05-30,3,Approved
950167,12624,Sick,2025-07-15,5,Approved
950168,12119,Casual,2025-04-24,1,Approved
950169,11306,Casual,2025-01-11,2,Approved
950170,13006,Sick,2025-01-24,1,Approved
950171,13345,Casual,2025-01-13,2,Approved
950172,14091,Unpaid,2025-03-21,5,Pending
950173,12413,Earned,2025-08-28,1,Pending
950174,13271,Unpaid,2025-05-28,3,Approved
950175,10669,Casual,2025-03-06,1,Rejected
950176,14877,Casual,2025-08-07,4,Approved
950177,11239,Casual,2025-05-25,1,Pending
950178,13378,Earned,2025-01-23,3,Pending
950179,13973,Sick,2025-05-02,3,Approved
950180,13008,Casual,2025-12-13,1,Approved
950181,12092,Sick,2025-11-02,3,Approved
950182,12249,Sick,2025-11-07,2,Approved
950183,13021,Sick,2025-09-03,1,Pending
950184,13451,Earned,2025-12-11,1,Rejected
950185,13264,Unpaid,2025-07-02,1,Rejected
950186,13274,Earned,2025-07-13,1,Approved
950187,14929,Earned,2025-02-08,2,Approved
950188,12439,Casual,2025-02-21,2,Approved
950189,11559,Earned,2025-07-10,1,Rejected
950190,12186,Casual,2025-01-06,1,Pending
950191,14937,Casual,2025-05-20,3,Approved
950192,13375,Earned,2025-09-22,1,Approved
950193,10649,Earned,2025-01-13,1,Approved
950194,11365,Earned,2025-09-26,2,Rejected
950195,13597,Earned,2025-08-05,3,Approved
950196,11640,Earned,2025-02-23,2,Rejected
950197,11369,Earned,2025-12-13,2,Approved
950198,12918,Casual,2025-04-10,3,Approved
950199,12775,Earned,2025-05-15,4,Approved
950200,12648,Casual,2025-02-21,3,Approved
950201,13491,Earned,2025-02-24,1,Rejected
950202,12382,Earned,2025-10-24,1,Approved
950203,10372,Earned,2025-02-20,1,Approved
950204,12810,Casual,2025-07-30,1,Approved
950205,10327,Earned,2025-10-17,1,Approved
950206,14728,Casual,2025-02-18,2,Rejected
950207,13116,Casual,2025-06-29,1,Pending
950208,14785,Sick,2025-01-05,3,Pending
950209,12170,Earned,2025-05-30,5,Rejected
950210,12525,Sick,2025-02-20,3,Approved
950211,14824,Sick,2025-04-08,3,Approved
950212,10915,Earned,2025-02-03,2,Rejected
950213,10138,Earned,2025-08-01,1,Approved
950214,11945,Sick,2025-08-19,1,Approved
950215,12252,Sick,2025-02-10,2,Approved
950216,10306,Casual,2025-01-29,1,Approved
950217,10265,Earned,2025-08-15,2,Approved
950218,10017,Sick,2025-12-09,2,Approved
950219,13534,Earned,2025-10-02,2,Approved
950220,13904,Casual,2025-09-03,1,Pending
950221,10780,Earned,2025-06-04,1,Approved
950222,12348,Casual,2025-04-13,1,Approved
950223,11386,Casual,2025-11-11,1,Approved
950224,10733,Sick,2025-02-04,3,Approved
950225,11361,Earned,2025-11-05,1,Approved
950226,13380,Unpaid,2025-01-13,1,Approved
950227,11117,Earned,2025-05-11,2,Approved
950228,14317,Earned,2025-09-19,3,Approved
950229,11492,Casual,2025-09-30,1,Approved
950230,13921,Earned,2025-07-25,1,Approved
950231,14322,Earned,2025-06-30,1,Pending
950232,12432,Earned,2025-03-14,3,Approved
950233,12903,Sick,2025-09-08,2,Approved
950234,12221,Sick,2025-02-04,1,Approved
950235,14393,Earned,2025-10-29,1,Approved
950236,14619,Earned,2025-07-20,1,Approved
950237,12132,Earned,2025-11-09,3,Approved
950238,10569,Casual,2025-06-02,3,Approved
950239,13597,Earned,2025-03-06,4,Approved
950240,14156,Sick,2025-10-25,1,Approved
950241,13901,Casual,2025-10-21,1,Pending
950242,12189,Unpaid,2025-10-13,1,Approved
950243,10133,Unpaid,2025-07-11,1,Pending
950244,10491,Casual,2025-04-25,2,Approved
950245,14060,Earned,2025-12-20,1,Approved
950246,13404,Earned,2025-05-31,1,Approved
950247,11481,Sick,2025-10-09,4,Approved
950248,12006,Earned,2025-06-04,3,Approved
950249,13078,Sick,2025-09-06,1,Approved
950250,14698,Casual,2025-01-26,1,Approved
950251,11913,Sick,2025-05-10,2,Approved
950252,12618,Casual,2025-09-22,3,Rejected
950253,13801,Casual,2025-03-30,2,Approved
950254,13053,Unpaid,2025-10-15,1,Approved
950255,10250,Sick,2025-01-21,5,Approved
950256,10682,Casual,2025-09-10,1,Approved
950257,11624,Earned,2025-08-17,1,Approved
950258,12365,Casual,2025-12-06,1,Approved
950259,11698,Sick,2025-12-23,1,Rejected
950260,14410,Earned,2025-08-06,2,Approved
950261,12115,Casual,2025-01-27,1,Approved
950262,10519,Earned,2025-07-15,4,Approved
950263,14280,Casual,2025-11-19,3,Approved
950264,14980,Casual,2025-11-03,1,Approved
950265,14684,Sick,2025-06-20,1,Approved
950266,10628,Casual,2025-04-25,3,Approved
950267,12708,Earned,2025-03-22,1,Approved
950268,11744,Earned,2025-08-11,2,Approved
950269,11266,Earned,2025-07-01,2,Pending
950270,14158,Casual,2025-02-02,2,Approved
950271,12971,Casual,2025-05-09,2,Approved
950272,11917,Unpaid,2025-12-16,1,Approved
950273,13348,Earned,2025-08-25,2,Approved
950274,11494,Sick,2025-05-20,3,Approved
950275,10718,Earned,2025-11-15,2,Approved
950276,12122,Casual,2025-01-03,1,Rejected
950277,14652,Earned,2025-03-14,1,Approved
950278,11257,Earned,2025-12-22,1,Approved
950279,12278,Unpaid,2025-10-17,1,Approved
950280,11748,Unpaid,2025-11-13,1,Approved
950281,14266,Unpaid,2025-03-31,4,Approved
950282,13802,Sick,2025-12-13,1,Approved
950283,11134,Sick,2025-11-02,4,Approved
950284,10258,Sick,2025-08-10,2,Approved
950285,10668,Sick,2025-11-28,1,Approved
950286,12839,Unpaid,2025-10-14,1,Approved
950287,12882,Earned,2025-01-28,5,Approved
950288,11043,Casual,2025-11-10,1,Approved
950289,12724,Earned,2025-07-02,1,Approved
950290,12566,Earned,2025-02-18,4,Approved
950291,13489,Casual,2025-01-02,2,Approved
950292,10089,Earned,2025-05-29,1,Approved
950293,11150,Unpaid,2025-07-06,3,Approved
950294,10430,Sick,2025-02-22,1,Approved
950295,11831,Casual,2025-03-11,1,Approved
950296,11372,Casual,2025-07-11,3,Approved
950297,13323,Earned,2025-09-21,1,Pending
950298,10958,Casual,2025-12-27,4,Approved
950299,14060,Casual,2025-01-06,3,Pending
950300,11462,Earned,2025-03-27,1,Approved
950301,14137,Sick,2025-01-22,1,Approved
950302,12918,Sick,2025-01-21,2,Approved
950303,13726,Earned,2025-11-01,1,Pending
950304,14771,Casual,2025-10-19,1,Approved
950305,13095,Earned,2025-04-05,2,Approved
950306,12298,Casual,2025-01-30,2,Approved
950307,10480,Sick,2025-01-09,1,Approved
950308,11542,Earned,2025-04-24,4,Rejected
950309,10968,Sick,2025-01-02,1,Approved
950310,13328,Casual,2025-12-30,1,Approved
950311,10675,Casual,2025-06-29,3,Approved
950312,13852,Casual,2025-10-17,2,Approved
950313,11912,Earned,2025-04-04,1,Approved
950314,12198,Sick,2025-11-13,1,Approved
950315,14152,Sick,2025-12-24,2,Rejected
950316,11803,Casual,2025-02-05,2,Approved
950317,12895,Casual,2025-04-12,1,Pending
950318,11562,Sick,2025-12-26,1,Approved
950319,11573,Earned,2025-04-06,1,Pending
950320,10993,Casual,2025-08-18,1,Approved
950321,10612,Sick,2025-02-09,1,Approved
950322,10860,Casual,2025-08-30,1,Approved
950323,14047,Sick,2025-11-15,1,Approved
950324,11755,Unpaid,2025-07-15,1,Approved
950325,14876,Earned,2025-10-19,4,Rejected
950326,11960,Casual,2025-04-27,2,Approved
950327,14237,Sick,2025-05-18,2,Rejected
950328,12083,Earned,2025-09-12,1,Approved
950329,10706,Earned,2025-02-19,1,Approved
950330,12731,Casual,2025-10-05,1,Approved
950331,13196,Earned,2025-04-06,1,Approved
950332,11724,Casual,2025-01-01,2,Approved
950333,10111,Unpaid,2025-06-29,1,Approved
950334,13315,Earned,2025-08-04,4,Approved
950335,11206,Sick,2025-08-09,1,Pending
950336,13949,Earned,2025-06-22,3,Approved
950337,13698,Sick,2025-12-15,1,Approved
950338,11678,Casual,2025-09-08,5,Approved
950339,13906,Casual,2025-04-22,1,Pending
950340,11691,Earned,2025-10-18,4,Approved
950341,14813,Unpaid,2025-01-12,3,Rejected
950342,11184,Earned,2025-06-24,1,Approved
950343,11967,Casual,2025-10-21,4,Approved
950344,13468,Earned,2025-04-10,1,Approved
950345,10163,Earned,2025-01-16,1,Approved
950346,10100,Sick,2025-12-25,2,Approved
950347,11437,Unpaid,2025-09-14,3,Approved
950348,13031,Unpaid,2025-11-11,1,Approved
950349,13248,Sick,2025-05-14,1,Approved
950350,10242,Casual,2025-10-19,1,Approved
950351,14724,Earned,2025-02-28,3,Rejected
950352,14702,Sick,2025-10-23,2,Approved
950353,14309,Sick,2025-08-25,2,Pending
950354,10018,Sick,2025-05-14,1,Approved
950355,10803,Earned,2025-03-13,1,Approved
950356,14664,Sick,2025-02-05,2,Approved
950357,12724,Earned,2025-06-08,5,Rejected
950358,14544,Casual,2025-08-27,1,Approved
950359,11369,Earned,2025-11-01,4,Rejected
950360,10749,Sick,2025-12-16,4,Approved
950361,14746,Earned,2025-02-28,3,Approved
950362,11686,Earned,2025-09-07,2,Rejected
950363,13845,Casual,2025-03-26,2,Pending
950364,14736,Casual,2025-02-08,1,Approved
950365,14492,Earned,2025-07-12,1,Approved
950366,13532,Earned,2025-03-30,1,Approved
950367,14037,Sick,2025-03-30,2,Approved
950368,10175,Casual,2025-01-23,2,Rejected
950369,10136,Sick,2025-08-26,1,Approved
950370,11743,Earned,2025-07-27,3,Approved
950371,10668,Casual,2025-10-16,1,Approved
950372,11657,Earned,2025-01-08,3,Pending
950373,14881,Unpaid,2025-10-29,1,Approved
950374,14853,Sick,2025-12-22,4,Approved
950375,11569,Earned,2025-11-25,3,Approved
950376,11008,Sick,2025-10-06,2,Approved
950377,10785,Casual,2025-01-12,1,Approved
950378,13927,Earned,2025-06-29,1,Approved
950379,14626,Sick,2025-03-05,2,Approved
950380,10075,Unpaid,2025-01-13,3,Approved
950381,12688,Sick,2025-09-30,1,Pending
950382,14319,Unpaid,2025-03-28,3,Approved
950383,10637,Unpaid,2025-03-01,3,Approved
950384,11531,Earned,2025-02-16,2,Approved
950385,14769,Sick,2025-01-27,2,Approved
950386,14415,Earned,2025-07-10,1,Pending
950387,10466,Earned,2025-04-21,1,Approved
950388,13886,Earned,2025-08-08,2,Approved
950389,10237,Earned,2025-07-08,1,Approved
950390,13796,Earned,2025-12-23,2,Approved
950391,12663,Earned,2025-06-06,2,Approved
950392,12560,Unpaid,2025-06-07,1,Approved
950393,13219,Earned,2025-06-24,1,Approved
950394,14914,Casual,2025-10-25,4,Approved
950395,11577,Casual,2025-10-05,4,Approved
950396,12709,Sick,2025-10-21,1,Approved
950397,10208,Sick,2025-06-21,5,Approved
950398,12199,Sick,2025-11-09,2,Approved
950399,12677,Earned,2025-12-01,1,Rejected
950400,12067,Unpaid,2025-08-18,2,Rejected
950401,11088,Casual,2025-11-22,1,Approved
950402,14360,Sick,2025-11-22,4,Pending
950403,10174,Earned,2025-09-19,2,Approved
950404,11796,Casual,2025-07-07,3,Approved
950405,10544,Casual,2025-04-23,2,Approved
950406,13794,Casual,2025-12-12,1,Approved
950407,13893,Casual,2025-10-18,1,Approved
950408,13296,Earned,2025-06-16,2,Approved
950409,13393,Sick,2025-04-22,1,Approved
950410,13639,Earned,2025-09-29,1,Approved
950411,11048,Earned,2025-04-22,1,Pending
950412,10334,Sick,2025-02-28,2,Pending
950413,10657,Casual,2025-10-28,2,Approved
950414,14144,Sick,2025-11-25,5,Pending
950415,14942,Earned,2025-05-19,1,Pending
950416,12170,Earned,2025-02-05,1,Approved
950417,12825,Casual,2025-02-24,2,Approved
950418,10698,Casual,2025-10-25,2,Approved
950419,10634,Earned,2025-02-28,1,Approved
950420,10059,Sick,2025-10-16,1,Approved
950421,10702,Earned,2025-11-28,1,Approved
950422,13434,Earned,2025-11-23,1,Rejected
950423,12481,Earned,2025-02-02,4,Approved
950424,11545,Casual,2025-05-21,4,Approved
950425,13916,Unpaid,2025-03-26,2,Approved
950426,10043,Sick,2025-03-15,4,Approved
950427,11246,Casual,2025-02-24,1,Pending
950428,10960,Casual,2025-04-23,1,Approved
950429,12880,Earned,2025-06-20,1,Approved
950430,14112,Sick,2025-12-05,1,Approved
950431,13156,Earned,2025-05-26,2,Pending
950432,14737,Sick,2025-11-24,2,Approved
950433,11906,Sick,2025-04-18,2,Rejected
950434,13656,Casual,2025-08-21,4,Approved
950435,10708,Earned,2025-03-20,2,Approved
950436,11589,Earned,2025-11-06,2,Approved
950437,14292,Earned,2025-08-29,1,Approved
950438,10129,Earned,2025-09-24,1,Approved
950439,13824,Casual,2025-07-29,1,Rejected
950440,13917,Earned,2025-09-19,2,Approved
950441,11081,Sick,2025-09-10,2,Rejected
950442,14279,Casual,2025-12-09,2,Approved
950443,14434,Earned,2025-03-01,2,Rejected
950444,13285,Sick,2025-04-29,1,Approved
950445,12944,Sick,2025-12-15,2,Pending
950446,13368,Earned,2025-08-20,2,Approved
950447,10672,Casual,2025-11-09,3,Pending
950448,12763,Sick,2025-09-04,1,Approved
950449,13999,Casual,2025-09-14,1,Approved
950450,14762,Sick,2025-07-16,2,Approved
950451,11736,Sick,2025-08-22,3,Approved
950452,13887,Casual,2025-08-26,5,Approved
950453,12473,Earned,2025-08-17,2,Approved
950454,11030,Casual,2025-10-31,3,Approved
950455,11657,Casual,2025-03-03,2,Pending
950456,14297,Unpaid,2025-10-26,1,Approved
950457,13385,Sick,2025-02-17,4,Approved
950458,14731,Sick,2025-03-18,2,Approved
950459,12163,Casual,2025-03-29,1,Approved
950460,10870,Earned,2025-03-05,1,Rejected
950461,12225,Earned,2025-08-07,1,Pending
950462,12945,Sick,2025-12-16,4,Approved
950463,14034,Casual,2025-01-11,2,Approved
950464,11611,Earned,2025-05-04,2,Approved
950465,12150,Casual,2025-06-27,1,Approved
950466,14795,Casual,2025-11-29,1,Approved
950467,13625,Casual,2025-11-17,1,Approved
950468,12622,Earned,2025-07-04,2,Pending
950469,12718,Earned,2025-10-06,1,Approved
950470,12185,Sick,2025-08-02,1,Approved
950471,10212,Sick,2025-03-02,3,Pending
950472,14292,Earned,2025-06-28,2,Approved
950473,14775,Sick,2025-03-12,1,Rejected
950474,13583,Sick,2025-02-08,2,Approved
950475,11416,Casual,2025-09-13,2,Approved
950476,11909,Earned,2025-03-04,2,Approved
950477,13806,Casual,2025-05-04,2,Approved
950478,10292,Earned,2025-03-12,1,Approved
950479,11882,Earned,2025-05-16,1,Approved
950480,12949,Sick,2025-04-03,1,Rejected
950481,12178,Earned,2025-10-04,2,Approved
950482,10338,Casual,2025-07-09,2,Approved
950483,13854,Casual,2025-11-30,2,Approved
950484,10332,Casual,2025-05-27,2,Approved
950485,13875,Casual,2025-02-23,4,Approved
950486,14219,Earned,2025-01-06,1,Pending
950487,13391,Unpaid,2025-12-20,2,Approved
950488,11441,Sick,2025-12-25,2,Approved
950489,12900,Earned,2025-11-20,2,Approved
950490,10906,Sick,2025-07-15,1,Approved
950491,11392,Casual,2025-07-15,2,Rejected
950492,11964,Sick,2025-09-06,3,Approved
950493,14341,Earned,2025-12-02,1,Pending
950494,13386,Casual,2025-06-13,1,Rejected
950495,14005,Unpaid,2025-05-15,2,Approved
950496,14778,Sick,2025-08-19,1,Approved
950497,11261,Casual,2025-12-05,1,Approved
950498,13476,Sick,2025-01-06,2,Approved
950499,13079,Sick,2025-10-18,4,Approved
950500,11647,Sick,2025-12-12,1,Pending
950501,12392,Earned,2025-09-30,2,Approved
950502,12060,Earned,2025-01-07,1,Approved
950503,14748,Casual,2025-12-23,1,Approved
950504,12151,Unpaid,2025-02-05,2,Approved
950505,13595,Casual,2025-03-21,1,Approved
950506,12871,Earned,2025-04-20,5,Pending
950507,13332,Unpaid,2025-08-03,1,Rejected
950508,14055,Unpaid,2025-01-27,3,Approved
950509,14585,Earned,2025-04-16,2,Approved
950510,10636,Sick,2025-05-15,1,Approved
950511,13305,Sick,2025-09-07,1,Pending
950512,13318,Sick,2025-11-23,1,Approved
950513,10878,Casual,2025-10-09,1,Approved
950514,10485,Earned,2025-10-06,2,Approved
950515,11972,Casual,2025-10-17,3,Approved
950516,13631,Casual,2025-11-03,3,Pending
950517,14283,Casual,2025-11-14,2,Approved
950518,14130,Sick,2025-10-26,1,Approved
950519,14811,Casual,2025-09-26,1,Pending
950520,13757,Casual,2025-02-24,1,Approved
950521,14510,Sick,2025-06-13,3,Approved
950522,12682,Sick,2025-04-23,3,Approved
950523,10219,Earned,2025-05-25,1,Approved
950524,14458,Earned,2025-04-13,3,Approved
950525,14440,Sick,2025-12-30,2,Approved
950526,14814,Casual,2025-12-13,4,Pending
950527,12908,Earned,2025-09-26,1,Approved
950528,11974,Earned,2025-09-06,3,Approved
950529,10555,Earned,2025-11-30,2,Approved
950530,12699,Sick,2025-06-09,5,Approved
950531,14184,Casual,2025-01-25,2,Rejected
950532,14664,Sick,2025-02-23,2,Approved
950533,13551,Casual,2025-10-06,2,Rejected
950534,11175,Unpaid,2025-09-02,5,Approved
950535,12259,Unpaid,2025-07-22,3,Approved
950536,13527,Earned,2025-01-02,4,Pending
950537,12263,Unpaid,2025-08-05,5,Approved
950538,13618,Casual,2025-01-22,3,Approved
950539,11276,Sick,2025-04-23,1,Pending
950540,14239,Earned,2025-08-29,3,Rejected
950541,13130,Sick,2025-02-26,1,Approved
950542,12854,Earned,2025-08-09,1,Approved
950543,12417,Casual,2025-10-12,5,Approved
950544,12611,Casual,2025-01-11,2,Pending
950545,14593,Earned,2025-08-05,2,Approved
950546,12555,Casual,2025-06-15,2,Approved
950547,14497,Casual,2025-12-11,1,Approved
950548,14304,Casual,2025-12-25,1,Approved
950549,12404,Earned,2025-05-04,1,Approved
950550,13038,Sick,2025-09-30,3,Rejected
950551,14869,Sick,2025-10-13,1,Approved
950552,13427,Casual,2025-11-20,1,Approved
950553,14078,Earned,2025-08-28,2,Approved
950554,12142,Casual,2025-11-03,2,Approved
950555,12195,Unpaid,2025-06-13,1,Approved
950556,12066,Earned,2025-02-01,1,Approved
950557,11451,Earned,2025-03-06,3,Approved
950558,11353,Sick,2025-11-15,2,Approved
950559,13359,Casual,2025-04-23,5,Rejected
950560,10465,Sick,2025-04-26,3,Approved
950561,10567,Sick,2025-08-03,1,Approved
950562,14098,Unpaid,2025-06-27,2,Approved
950563,13128,Casual,2025-01-14,2,Approved
950564,13455,Unpaid,2025-04-22,1,Approved
950565,10031,Earned,2025-05-29,3,Approved
950566,14391,Casual,2025-11-21,1,Approved
950567,10359,Earned,2025-06-02,1,Approved
950568,14391,Unpaid,2025-04-02,1,Approved
950569,12528,Sick,2025-06-11,5,Approved
950570,10382,Sick,2025-12-29,2,Approved
950571,11211,Sick,2025-04-28,1,Approved
950572,14593,Earned,2025-11-03,2,Approved
950573,14393,Sick,2025-11-14,5,Approved
950574,14287,Sick,2025-05-15,1,Pending
950575,11603,Casual,2025-07-13,1,Approved
950576,12954,Unpaid,2025-06-30,1,Approved
950577,13090,Unpaid,2025-08-01,1,Approved
950578,14195,Sick,2025-05-30,1,Approved
950579,10654,Earned,2025-03-11,1,Approved
950580,13576,Earned,2025-10-14,2,Approved
950581,10356,Casual,2025-05-14,4,Rejected
950582,10362,Sick,2025-05-07,1,Approved
950583,14438,Earned,2025-10-16,5,Rejected
950584,12285,Unpaid,2025-05-11,2,Approved
950585,10029,Casual,2025-09-14,1,Rejected
950586,10757,Casual,2025-01-26,1,Approved
950587,14591,Earned,2025-10-14,1,Rejected
950588,14455,Casual,2025-11-01,2,Approved
950589,11572,Unpaid,2025-08-18,3,Approved
950590,10747,Casual,2025-03-31,1,Approved
950591,11475,Unpaid,2025-09-07,3,Pending
950592,12401,Sick,2025-12-25,3,Approved
950593,13030,Unpaid,2025-02-11,1,Approved
950594,10413,Unpaid,2025-10-12,3,Approved
950595,13719,Earned,2025-07-12,3,Approved
950596,11249,Earned,2025-03-19,1,Approved
950597,14358,Earned,2025-01-16,1,Pending
950598,12141,Earned,2025-05-22,5,Pending
950599,14724,Sick,2025-12-16,1,Approved
950600,10721,Unpaid,2025-12-28,1,Approved
950601,11575,Casual,2025-04-03,2,Approved
950602,11872,Earned,2025-05-21,3,Approved
950603,14987,Casual,2025-07-20,2,Approved
950604,10926,Earned,2025-08-19,4,Approved
950605,13644,Sick,2025-06-30,3,Pending
950606,14942,Sick,2025-02-23,4,Approved
950607,10067,Earned,2025-12-25,3,Approved
950608,13078,Casual,2025-09-04,2,Approved
950609,10746,Casual,2025-07-10,1,Approved
950610,12335,Earned,2025-05-02,1,Pending
950611,12108,Earned,2025-05-01,1,Pending
950612,12556,Casual,2025-09-16,4,Approved
950613,11750,Sick,2025-11-27,4,Approved
950614,14417,Casual,2025-02-28,1,Approved
950615,14751,Sick,2025-01-23,2,Approved
950616,13882,Earned,2025-07-10,3,Approved
950617,13803,Casual,2025-04-17,1,Approved
950618,12125,Earned,2025-06-16,5,Approved
950619,11099,Unpaid,2025-08-27,2,Approved
950620,14155,Earned,2025-01-22,1,Approved
950621,12841,Earned,2025-07-07,2,Approved
950622,11784,Earned,2025-05-03,2,Approved
950623,14103,Sick,2025-09-20,1,Rejected
950624,14160,Earned,2025-01-22,2,Approved
950625,13426,Earned,2025-02-27,2,Rejected
950626,11742,Casual,2025-10-21,1,Approved
950627,14628,Casual,2025-01-28,1,Rejected
950628,11280,Sick,2025-08-31,2,Approved
950629,11341,Casual,2025-09-08,1,Approved
950630,13997,Casual,2025-12-15,1,Approved
950631,11076,Sick,2025-11-06,2,Approved
950632,12976,Sick,2025-12-04,1,Approved
950633,12237,Earned,2025-10-31,4,Approved
950634,13245,Casual,2025-01-30,1,Approved
950635,14709,Unpaid,2025-02-20,2,Approved
950636,11247,Casual,2025-02-17,2,Approved
950637,14197,Earned,2025-11-22,2,Approved
950638,13161,Earned,2025-06-30,1,Approved
950639,11210,Sick,2025-04-15,1,Approved
950640,12330,Unpaid,2025-02-17,1,Pending
950641,10273,Casual,2025-01-31,1,Approved
950642,12771,Sick,2025-04-29,2,Approved
950643,12140,Casual,2025-08-04,2,Approved
950644,12174,Casual,2025-07-01,2,Approved
950645,13302,Casual,2025-11-04,1,Approved
950646,12334,Sick,2025-08-07,1,Approved
950647,11522,Sick,2025-06-27,1,Pending
950648,10654,Casual,2025-01-05,3,Approved
950649,12346,Earned,2025-01-30,3,Pending
950650,13357,Unpaid,2025-05-08,2,Approved
950651,10354,Casual,2025-10-12,4,Approved
950652,13583,Sick,2025-01-25,1,Approved
950653,14231,Sick,2025-04-03,2,Approved
950654,11973,Sick,2025-07-15,3,Approved
950655,13279,Casual,2025-09-08,2,Approved
950656,10264,Casual,2025-11-03,1,Approved
950657,11720,Sick,2025-06-24,2,Approved
950658,10017,Sick,2025-04-02,2,Approved
950659,14344,Sick,2025-04-23,2,Approved
950660,14364,Earned,2025-06-07,4,Approved
950661,14151,Sick,2025-06-30,5,Approved
950662,10090,Earned,2025-11-14,2,Approved
950663,13198,Earned,2025-11-11,5,Approved
950664,14605,Casual,2025-08-11,4,Approved
950665,11411,Unpaid,2025-09-16,1,Approved
950666,14887,Earned,2025-06-22,3,Approved
950667,11321,Earned,2025-10-05,1,Approved
950668,13735,Sick,2025-12-26,3,Approved
950669,10660,Earned,2025-09-28,1,Approved
950670,11396,Sick,2025-04-08,1,Pending
950671,13926,Casual,2025-03-06,5,Pending
950672,14435,Casual,2025-02-05,1,Approved
950673,10099,Casual,2025-11-16,2,Rejected
950674,12774,Unpaid,2025-04-22,1,Rejected
950675,11899,Earned,2025-03-30,2,Approved
950676,14618,Unpaid,2025-02-05,2,Approved
950677,11866,Sick,2025-01-04,3,Approved
950678,13788,Casual,2025-12-23,2,Approved
950679,11024,Unpaid,2025-07-29,2,Approved
950680,11911,Sick,2025-11-18,1,Approved
950681,12904,Casual,2025-12-04,1,Pending
950682,12781,Casual,2025-02-08,2,Approved
950683,14449,Casual,2025-05-02,1,Approved
950684,10025,Earned,2025-04-18,4,Rejected
950685,11562,Casual,2025-06-24,4,Approved
950686,14703,Earned,2025-01-07,2,Pending
950687,12934,Casual,2025-03-21,1,Approved
950688,10247,Earned,2025-08-21,1,Approved
950689,14484,Earned,2025-10-09,4,Approved
950690,12066,Earned,2025-08-05,3,Approved
950691,14082,Earned,2025-05-28,2,Approved
950692,10890,Earned,2025-03-12,1,Approved
950693,10886,Casual,2025-06-23,1,Approved
950694,13920,Earned,2025-04-22,2,Approved
950695,11684,Casual,2025-01-30,2,Approved
950696,10008,Unpaid,2025-02-05,2,Approved
950697,13350,Casual,2025-04-24,2,Approved
950698,12121,Sick,2025-04-25,1,Approved
950699,14038,Casual,2025-07-31,1,Approved
950700,11843,Unpaid,2025-01-23,5,Rejected
950701,10366,Casual,2025-03-14,1,Approved
950702,12187,Earned,2025-01-15,3,Approved
950703,14974,Unpaid,2025-02-13,1,Approved
950704,14671,Earned,2025-08-03,4,Approved
950705,12620,Unpaid,2025-09-06,2,Approved
950706,13599,Earned,2025-12-02,1,Approved
950707,10280,Sick,2025-09-19,4,Approved
950708,13786,Earned,2025-03-06,1,Approved
950709,12946,Sick,2025-11-21,2,Rejected
950710,13091,Casual,2025-11-30,3,Approved
950711,10450,Earned,2025-03-19,3,Rejected
950712,14383,Earned,2025-02-05,4,Approved
950713,13354,Earned,2025-02-11,1,Approved
950714,12285,Unpaid,2025-04-20,1,Approved
950715,13807,Earned,2025-01-23,1,Approved
950716,12531,Unpaid,2025-02-19,2,Approved
950717,11564,Casual,2025-09-16,1,Approved
950718,13852,Unpaid,2025-10-04,2,Rejected
950719,11229,Earned,2025-09-29,1,Approved
950720,11931,Casual,2025-04-17,5,Pending
950721,10467,Sick,2025-10-12,2,Approved
950722,10825,Unpaid,2025-06-04,1,Approved
950723,14322,Sick,2025-11-28,1,Approved
950724,14530,Unpaid,2025-03-15,2,Approved
950725,14614,Unpaid,2025-03-25,2,Approved
950726,14727,Earned,2025-02-07,1,Approved
950727,10020,Casual,2025-02-03,2,Approved
950728,10056,Earned,2025-10-10,1,Approved
950729,11678,Casual,2025-07-04,1,Approved
950730,14473,Sick,2025-12-16,1,Approved
950731,11150,Casual,2025-08-04,3,Approved
950732,14568,Earned,2025-05-12,1,Approved
950733,11309,Earned,2025-06-06,3,Approved
950734,14889,Casual,2025-10-02,2,Approved
950735,12569,Unpaid,2025-01-26,1,Approved
950736,13863,Casual,2025-03-30,1,Approved
950737,13499,Casual,2025-12-18,2,Approved
950738,13997,Sick,2025-06-13,1,Approved
950739,11870,Sick,2025-10-21,2,Approved
950740,11114,Earned,2025-06-27,1,Approved
950741,10276,Sick,2025-12-11,2,Rejected
950742,10121,Casual,2025-08-19,1,Approved
950743,13560,Earned,2025-07-11,1,Approved
950744,14876,Sick,2025-06-18,1,Approved
950745,12895,Earned,2025-07-30,3,Pending
950746,12102,Casual,2025-09-21,1,Approved
950747,13254,Earned,2025-11-23,5,Approved
950748,10029,Earned,2025-08-04,3,Approved
950749,14790,Casual,2025-10-20,2,Approved
950750,12984,Sick,2025-11-27,1,Approved
950751,11248,Unpaid,2025-11-21,1,Approved
950752,12381,Sick,2025-04-18,1,Approved
950753,12300,Sick,2025-12-29,3,Pending
950754,15000,Unpaid,2025-03-13,3,Approved
950755,11183,Sick,2025-01-02,3,Pending
950756,14048,Casual,2025-03-29,2,Approved
950757,13421,Sick,2025-09-03,1,Approved
950758,14765,Casual,2025-02-26,3,Approved
950759,13845,Casual,2025-02-16,1,Approved
950760,11200,Sick,2025-02-08,3,Approved
950761,11115,Sick,2025-11-10,1,Pending
950762,10119,Casual,2025-12-04,2,Approved
950763,14986,Sick,2025-08-31,1,Approved
950764,10509,Sick,2025-05-08,2,Approved
950765,11201,Sick,2025-09-20,1,Approved
950766,12351,Casual,2025-04-04,4,Pending
950767,10742,Casual,2025-10-31,1,Approved
950768,14458,Sick,2025-08-06,2,Approved
950769,14747,Sick,2025-02-08,1,Approved
950770,14778,Casual,2025-01-02,2,Approved
950771,14807,Casual,2025-02-01,2,Rejected
950772,13354,Unpaid,2025-05-30,1,Rejected
950773,11092,Casual,2025-06-23,1,Approved
950774,13814,Casual,2025-05-19,2,Approved
950775,11187,Sick,2025-03-26,1,Rejected
950776,13976,Earned,2025-08-09,3,Approved
950777,13093,Sick,2025-05-06,2,Approved
950778,13389,Casual,2025-11-28,1,Pending
950779,10572,Casual,2025-01-31,2,Approved
950780,12617,Unpaid,2025-05-23,1,Approved
950781,14618,Earned,2025-09-20,1,Approved
950782,12795,Casual,2025-08-12,1,Approved
950783,12403,Sick,2025-09-07,1,Rejected
950784,10964,Sick,2025-08-06,2,Approved
950785,14940,Casual,2025-04-18,4,Rejected
950786,11454,Casual,2025-12-18,1,Approved
950787,14687,Sick,2025-02-21,1,Approved
950788,11881,Sick,2025-02-14,2,Approved
950789,12746,Earned,2025-06-28,2,Approved
950790,11639,Sick,2025-05-30,1,Approved
950791,11205,Earned,2025-11-08,1,Approved
950792,10208,Unpaid,2025-12-04,1,Approved
950793,13627,Sick,2025-06-14,2,Pending
950794,13275,Casual,2025-09-30,1,Approved
950795,12540,Casual,2025-11-03,1,Approved
950796,13959,Casual,2025-02-12,3,Pending
950797,11799,Unpaid,2025-09-12,2,Approved
950798,12962,Sick,2025-01-22,3,Approved
950799,10670,Earned,2025-01-04,1,Approved
950800,13871,Sick,2025-07-05,2,Approved
950801,14636,Casual,2025-01-03,2,Approved
950802,10839,Sick,2025-10-26,4,Approved
950803,13399,Sick,2025-01-17,1,Approved
950804,12357,Casual,2025-01-06,4,Approved
950805,13377,Casual,2025-07-08,1,Approved
950806,10306,Earned,2025-10-25,1,Pending
950807,13069,Sick,2025-09-14,1,Rejected
950808,14702,Casual,2025-04-12,4,Approved
950809,13481,Casual,2025-05-08,1,Approved
950810,11965,Sick,2025-10-11,2,Rejected
950811,13409,Unpaid,2025-04-05,2,Approved
950812,10429,Sick,2025-08-11,3,Approved
950813,13964,Casual,2025-08-21,1,Rejected
950814,11568,Sick,2025-02-16,1,Approved
950815,12854,Casual,2025-03-29,1,Approved
950816,10540,Earned,2025-09-29,1,Approved
950817,13675,Casual,2025-06-02,2,Approved
950818,11960,Sick,2025-02-06,1,Approved
950819,13596,Earned,2025-12-29,2,Approved
950820,11280,Sick,2025-09-21,1,Approved
950821,12212,Earned,2025-09-26,4,Approved
950822,10937,Sick,2025-08-07,3,Approved
950823,13101,Earned,2025-09-24,1,Approved
950824,12800,Earned,2025-12-18,3,Approved
950825,14930,Earned,2025-12-16,3,Rejected
950826,13367,Unpaid,2025-01-02,1,Approved
950827,14668,Unpaid,2025-05-18,2,Approved
950828,14994,Casual,2025-02-25,1,Approved
950829,12823,Casual,2025-12-18,1,Rejected
950830,12184,Unpaid,2025-02-17,2,Approved
950831,10339,Sick,2025-09-03,2,Approved
950832,10254,Unpaid,2025-05-01,2,Approved
950833,12001,Casual,2025-07-06,1,Pending
950834,10150,Earned,2025-03-15,1,Approved
950835,13768,Earned,2025-09-18,1,Approved
950836,13744,Casual,2025-08-08,2,Approved
950837,10075,Casual,2025-02-06,1,Approved
950838,12177,Unpaid,2025-02-12,5,Pending
950839,11465,Earned,2025-06-07,1,Pending
950840,14610,Earned,2025-04-22,1,Pending
950841,14232,Casual,2025-01-24,2,Approved
950842,13149,Unpaid,2025-07-28,2,Approved
950843,10913,Casual,2025-08-05,2,Rejected
950844,11935,Casual,2025-12-18,3,Approved
950845,12136,Unpaid,2025-11-28,3,Approved
950846,13143,Casual,2025-03-30,4,Approved
950847,12971,Earned,2025-10-07,2,Approved
950848,10813,Earned,2025-03-04,1,Approved
950849,13424,Earned,2025-09-26,2,Approved
950850,10548,Casual,2025-10-26,3,Rejected
950851,11753,Casual,2025-04-14,3,Approved
950852,12820,Earned,2025-06-07,1,Approved
950853,10282,Sick,2025-03-30,1,Approved
950854,14206,Unpaid,2025-02-10,1,Approved
950855,12372,Casual,2025-03-01,3,Approved
950856,12256,Casual,2025-11-28,1,Approved
950857,11413,Casual,2025-01-22,1,Approved
950858,12462,Sick,2025-03-02,1,Approved
950859,12144,Earned,2025-12-19,2,Pending
950860,14944,Earned,2025-03-16,1,Approved
950861,10271,Sick,2025-09-05,3,Approved
950862,10840,Earned,2025-11-21,2,Approved
950863,12501,Casual,2025-01-04,1,Approved
950864,13588,Earned,2025-07-23,1,Approved
950865,12207,Sick,2025-02-28,1,Approved
950866,12231,Earned,2025-10-27,1,Rejected
950867,14011,Casual,2025-07-11,4,Approved
950868,12279,Sick,2025-08-02,2,Approved
950869,13713,Sick,2025-01-07,1,Approved
950870,12104,Earned,2025-12-03,2,Approved
950871,13173,Sick,2025-06-04,2,Approved
950872,13796,Casual,2025-02-28,2,Pending
950873,14707,Earned,2025-12-07,3,Approved
950874,11646,Earned,2025-01-19,1,Approved
950875,12000,Sick,2025-09-07,4,Approved
950876,12371,Casual,2025-03-06,2,Pending
950877,11079,Earned,2025-05-27,2,Pending
950878,14082,Earned,2025-09-06,3,Approved
950879,14576,Sick,2025-07-02,1,Approved
950880,11930,Earned,2025-02-12,1,Approved
950881,13711,Sick,2025-06-04,1,Approved
950882,12925,Earned,2025-10-04,2,Approved
950883,11972,Earned,2025-07-05,1,Approved
950884,10338,Earned,2025-12-19,5,Approved
950885,10073,Unpaid,2025-10-28,4,Approved
950886,13253,Earned,2025-01-18,1,Approved
950887,10687,Unpaid,2025-07-12,4,Approved
950888,11303,Earned,2025-05-01,3,Approved
950889,11214,Earned,2025-05-25,1,Approved
950890,14774,Casual,2025-06-12,2,Approved
950891,12408,Casual,2025-12-12,1,Approved
950892,12000,Casual,2025-02-16,2,Pending
950893,14831,Casual,2025-05-07,2,Approved
950894,10508,Earned,2025-05-21,3,Approved
950895,12737,Sick,2025-01-31,1,Approved
950896,12758,Casual,2025-01-09,2,Pending
950897,10630,Earned,2025-08-15,3,Approved
950898,10568,Casual,2025-04-23,1,Approved
950899,14271,Casual,2025-01-16,2,Rejected
950900,12726,Casual,2025-09-24,2,Approved
950901,11429,Casual,2025-02-25,1,Approved
950902,13157,Earned,2025-03-11,2,Approved
950903,11669,Casual,2025-10-27,1,Approved
950904,11070,Unpaid,2025-08-25,4,Approved
950905,10154,Sick,2025-02-04,4,Approved
950906,10303,Casual,2025-10-24,3,Approved
950907,14544,Casual,2025-06-10,1,Approved
950908,10673,Earned,2025-10-07,5,Pending
950909,14393,Sick,2025-10-23,1,Approved
950910,10175,Sick,2025-06-01,4,Approved
950911,14773,Casual,2025-02-12,1,Approved
950912,10153,Earned,2025-06-18,1,Approved
950913,12826,Sick,2025-03-20,2,Approved
950914,13370,Casual,2025-08-31,2,Approved
950915,10546,Sick,2025-08-16,2,Approved
950916,13628,Sick,2025-10-05,3,Approved
950917,10113,Unpaid,2025-08-17,1,Approved
950918,10355,Sick,2025-02-07,1,Approved
950919,12569,Sick,2025-12-21,3,Approved
950920,12860,Sick,2025-05-28,2,Rejected
950921,10284,Earned,2025-11-02,1,Approved
950922,13106,Casual,2025-02-26,1,Rejected
950923,11834,Sick,2025-09-22,1,Approved
950924,12911,Earned,2025-09-15,1,Approved
950925,13494,Unpaid,2025-02-10,2,Rejected
950926,14209,Earned,2025-08-29,1,Pending
950927,14520,Casual,2025-08-19,2,Approved
950928,13314,Sick,2025-10-14,2,Approved
950929,14223,Unpaid,2025-06-28,1,Approved
950930,13406,Casual,2025-06-11,4,Approved
950931,12424,Unpaid,2025-07-08,2,Rejected
950932,12827,Casual,2025-04-08,3,Approved
950933,13365,Sick,2025-01-03,2,Approved
950934,13464,Casual,2025-03-29,3,Approved
950935,10217,Earned,2025-08-04,2,Approved
950936,14421,Earned,2025-03-21,2,Approved
950937,11723,Sick,2025-04-27,1,Rejected
950938,11308,Casual,2025-02-12,1,Approved
950939,12914,Sick,2025-12-15,1,Approved
950940,14470,Casual,2025-02-19,1,Approved
950941,11572,Earned,2025-10-23,2,Pending
950942,14852,Sick,2025-07-29,1,Approved
950943,13793,Casual,2025-05-04,1,Approved
950944,13378,Sick,2025-11-18,3,Approved
950945,10396,Earned,2025-09-12,1,Approved
950946,12696,Earned,2025-10-19,3,Approved
950947,14328,Casual,2025-01-09,3,Rejected
950948,10422,Unpaid,2025-03-04,3,Approved
950949,11853,Earned,2025-01-29,1,Approved
950950,11016,Earned,2025-02-06,1,Approved
950951,12767,Earned,2025-08-25,1,Pending
950952,11292,Earned,2025-01-02,3,Approved
950953,11880,Sick,2025-03-19,5,Pending
950954,12204,Sick,2025-11-01,2,Approved
950955,10260,Sick,2025-05-12,1,Approved
950956,12175,Earned,2025-06-15,1,Approved
950957,11995,Earned,2025-04-20,3,Approved
950958,14335,Sick,2025-01-25,1,Approved
950959,11252,Earned,2025-03-16,1,Pending
950960,14327,Sick,2025-09-07,3,Approved
950961,11969,Casual,2025-10-08,1,Approved
950962,14314,Sick,2025-06-18,2,Approved
950963,12782,Earned,2025-09-15,1,Approved
950964,10838,Earned,2025-06-19,1,Approved
950965,14871,Casual,2025-11-24,1,Pending
950966,11227,Sick,2025-09-17,1,Approved
950967,13147,Casual,2025-07-31,4,Approved
950968,13463,Sick,2025-03-26,1,Approved
950969,12266,Earned,2025-07-29,2,Approved
950970,13611,Unpaid,2025-02-03,4,Approved
950971,12396,Earned,2025-01-17,4,Approved
950972,11537,Unpaid,2025-07-21,1,Approved
950973,11143,Sick,2025-02-16,3,Approved
950974,14585,Casual,2025-02-20,1,Pending
950975,10950,Earned,2025-11-06,1,Pending
950976,12183,Earned,2025-08-04,2,Approved
950977,13688,Sick,2025-01-06,4,Approved
950978,13820,Sick,2025-06-07,1,Approved
950979,12175,Casual,2025-05-08,1,Approved
950980,14308,Casual,2025-02-09,1,Approved
950981,11458,Unpaid,2025-01-11,1,Approved
950982,13764,Casual,2025-08-22,1,Approved
950983,10746,Unpaid,2025-04-07,1,Pending
950984,14304,Casual,2025-06-30,1,Approved
950985,13448,Earned,2025-08-19,1,Rejected
950986,13515,Casual,2025-11-13,2,Pending
950987,13789,Earned,2025-01-07,1,Approved
950988,14037,Unpaid,2025-12-26,3,Rejected
950989,11605,Earned,2025-09-19,3,Approved
950990,11259,Casual,2025-11-06,2,Approved
950991,14708,Earned,2025-01-02,3,Approved
950992,13686,Earned,2025-05-16,1,Rejected
950993,11590,Sick,2025-05-29,1,Approved
950994,13145,Earned,2025-12-04,2,Approved
950995,10245,Earned,2025-08-10,4,Approved
950996,11147,Sick,2025-07-19,2,Pending
950997,11039,Casual,2025-02-02,1,Approved
950998,12824,Earned,2025-07-02,1,Approved
950999,11331,Earned,2025-08-29,5,Rejected
951000,14980,Unpaid,2025-10-01,1,Approved
951001,14930,Earned,2025-11-22,1,Approved
951002,10631,Casual,2025-06-04,1,Approved
951003,12362,Casual,2025-06-04,2,Approved
951004,11030,Earned,2025-11-24,1,Rejected
951005,14100,Casual,2025-05-10,1,Approved
951006,13539,Sick,2025-10-19,5,Approved
951007,11406,Casual,2025-08-30,1,Approved
951008,13865,Earned,2025-03-29,2,Approved
951009,13812,Casual,2025-04-14,1,Approved
951010,12946,Sick,2025-11-15,1,Rejected
951011,11029,Casual,2025-06-24,3,Approved
951012,10539,Casual,2025-08-06,2,Approved
951013,12124,Casual,2025-04-26,2,Approved
951014,12772,Sick,2025-07-14,2,Approved
951015,12492,Casual,2025-03-08,1,Pending
951016,11935,Earned,2025-12-04,3,Approved
951017,12084,Earned,2025-08-20,3,Approved
951018,14942,Earned,2025-05-21,1,Pending
951019,13623,Earned,2025-03-26,3,Approved
951020,11448,Sick,2025-01-26,4,Rejected
951021,10005,Earned,2025-07-20,1,Approved
951022,14446,Earned,2025-01-27,2,Approved
951023,14463,Earned,2025-08-19,2,Approved
951024,14346,Sick,2025-11-06,1,Approved
951025,14067,Earned,2025-09-02,1,Approved
951026,14590,Sick,2025-03-28,1,Approved
951027,11518,Sick,2025-01-01,5,Approved
951028,14335,Sick,2025-09-06,2,Approved
951029,14516,Earned,2025-07-03,2,Approved
951030,10290,Casual,2025-06-04,2,Rejected
951031,12167,Sick,2025-03-20,2,Approved
951032,14051,Sick,2025-04-16,1,Approved
951033,11216,Sick,2025-01-01,1,Approved
951034,11600,Sick,2025-04-12,1,Pending
951035,13926,Sick,2025-03-27,1,Approved
951036,12549,Earned,2025-09-28,1,Approved
951037,14745,Casual,2025-08-11,2,Approved
951038,14186,Casual,2025-10-30,1,Approved
951039,12792,Unpaid,2025-10-05,2,Rejected
951040,14876,Sick,2025-09-30,1,Approved
951041,10594,Casual,2025-01-03,2,Approved
951042,12989,Sick,2025-11-29,2,Approved
951043,12727,Earned,2025-05-29,2,Approved
951044,14745,Earned,2025-10-16,4,Approved
951045,14411,Earned,2025-01-11,5,Approved
951046,11126,Earned,2025-10-14,5,Approved
951047,14197,Earned,2025-09-06,1,Rejected
951048,12747,Earned,2025-12-13,1,Approved
951049,10174,Casual,2025-06-10,1,Pending
951050,12282,Sick,2025-06-10,1,Pending
951051,14545,Earned,2025-01-24,1,Pending
951052,14436,Earned,2025-05-06,2,Approved
951053,10621,Casual,2025-12-09,2,Approved
951054,13409,Unpaid,2025-11-13,1,Approved
951055,10066,Earned,2025-04-15,3,Approved
951056,14298,Earned,2025-02-04,1,Approved
951057,11933,Unpaid,2025-05-04,2,Approved
951058,12390,Earned,2025-08-23,3,Pending
951059,14843,Sick,2025-03-31,1,Approved
951060,10172,Sick,2025-11-30,1,Approved
951061,11461,Earned,2025-10-03,1,Approved
951062,11953,Earned,2025-04-23,4,Approved
951063,12650,Casual,2025-01-23,1,Approved
951064,13438,Earned,2025-08-15,1,Approved
951065,14516,Earned,2025-05-23,3,Approved
951066,11244,Casual,2025-11-13,2,Approved
951067,12862,Casual,2025-09-13,1,Approved
951068,12808,Casual,2025-04-28,2,Approved
951069,14815,Sick,2025-09-08,3,Pending
951070,12851,Casual,2025-05-18,3,Approved
951071,13653,Casual,2025-08-24,3,Approved
951072,11234,Unpaid,2025-01-03,2,Approved
951073,14872,Earned,2025-04-21,2,Pending
951074,12682,Earned,2025-01-24,2,Rejected
951075,11127,Casual,2025-12-13,1,Approved
951076,13475,Casual,2025-10-13,1,Pending
951077,14299,Sick,2025-07-16,1,Approved
951078,12814,Earned,2025-04-21,3,Approved
951079,10406,Sick,2025-10-26,5,Approved
951080,13826,Sick,2025-02-18,2,Approved
951081,11696,Casual,2025-04-24,2,Approved
951082,12126,Unpaid,2025-10-27,1,Approved
951083,13487,Casual,2025-12-12,1,Rejected
951084,12642,Sick,2025-05-06,3,Approved
951085,10533,Earned,2025-09-04,1,Rejected
951086,12324,Sick,2025-09-16,3,Approved
951087,13878,Earned,2025-11-22,2,Approved
951088,12986,Unpaid,2025-09-22,1,Pending
951089,13880,Earned,2025-03-13,2,Approved
951090,12765,Earned,2025-12-10,3,Approved
951091,12941,Casual,2025-10-02,1,Rejected
951092,13980,Earned,2025-06-01,1,Approved
951093,10810,Earned,2025-04-17,1,Approved
951094,10614,Earned,2025-06-11,1,Approved
951095,10497,Sick,2025-08-01,3,Approved
951096,14328,Unpaid,2025-07-24,1,Pending
951097,10346,Sick,2025-06-03,1,Approved
951098,10261,Sick,2025-09-08,2,Approved
951099,14822,Sick,2025-04-28,2,Pending
951100,12282,Casual,2025-12-28,2,Approved
951101,11693,Sick,2025-04-23,2,Approved
951102,12268,Sick,2025-03-14,2,Rejected
951103,11453,Sick,2025-11-30,2,Approved
951104,14726,Casual,2025-12-11,4,Pending
951105,13716,Casual,2025-10-09,1,Rejected
951106,14264,Earned,2025-05-14,2,Approved
951107,12964,Earned,2025-03-11,1,Approved
951108,13149,Sick,2025-11-22,4,Approved
951109,10729,Earned,2025-04-23,3,Approved
951110,11370,Earned,2025-08-12,4,Approved
951111,10930,Casual,2025-02-19,1,Approved
951112,13086,Casual,2025-10-25,3,Approved
951113,13319,Earned,2025-04-25,1,Approved
951114,11395,Casual,2025-01-26,4,Approved
951115,14950,Unpaid,2025-10-26,4,Rejected
951116,13967,Casual,2025-11-21,3,Approved
951117,11279,Casual,2025-07-04,1,Approved
951118,12679,Earned,2025-04-05,1,Pending
951119,14131,Sick,2025-06-19,3,Approved
951120,12596,Sick,2025-07-26,4,Approved
951121,11187,Casual,2025-02-15,1,Approved
951122,10643,Casual,2025-03-04,1,Approved
951123,11961,Unpaid,2025-12-13,2,Approved
951124,11021,Sick,2025-11-16,1,Pending
951125,10320,Earned,2025-02-21,2,Rejected
951126,12329,Casual,2025-09-22,2,Approved
951127,12628,Casual,2025-02-22,1,Approved
951128,12712,Sick,2025-05-10,2,Approved
951129,11459,Casual,2025-02-17,1,Approved
951130,10661,Earned,2025-10-21,1,Rejected
951131,14340,Sick,2025-06-09,1,Approved
951132,10096,Unpaid,2025-06-30,2,Approved
951133,14376,Earned,2025-08-08,1,Rejected
951134,12942,Sick,2025-03-03,2,Approved
951135,14857,Earned,2025-10-03,1,Approved
951136,12496,Earned,2025-06-03,1,Rejected
951137,12929,Earned,2025-11-29,3,Approved
951138,12687,Earned,2025-12-31,2,Pending
951139,12386,Casual,2025-02-07,5,Approved
951140,12597,Earned,2025-07-10,1,Approved
951141,14189,Casual,2025-01-19,1,Approved
951142,14999,Sick,2025-11-02,3,Approved
951143,10162,Casual,2025-12-18,1,Approved
951144,11979,Sick,2025-06-08,1,Approved
951145,10860,Sick,2025-02-22,1,Approved
951146,13838,Unpaid,2025-07-09,2,Rejected
951147,13091,Casual,2025-12-25,2,Approved
951148,10891,Unpaid,2025-11-07,2,Rejected
951149,10719,Casual,2025-12-02,1,Approved
951150,12132,Sick,2025-05-15,1,Approved
951151,14899,Earned,2025-01-13,1,Approved
951152,14863,Sick,2025-05-09,2,Rejected
951153,14721,Casual,2025-03-28,3,Approved
951154,12054,Casual,2025-12-29,1,Approved
951155,12646,Earned,2025-10-15,1,Approved
951156,14541,Earned,2025-11-15,1,Rejected
951157,14450,Casual,2025-11-29,1,Approved
951158,10846,Casual,2025-07-17,2,Approved
951159,11425,Earned,2025-08-13,1,Approved
951160,13145,Casual,2025-02-24,2,Approved
951161,13875,Earned,2025-05-12,2,Approved
951162,11979,Sick,2025-10-30,4,Approved
951163,14665,Sick,2025-12-11,3,Approved
951164,11045,Casual,2025-07-24,1,Approved
951165,12689,Sick,2025-12-13,2,Approved
951166,14862,Sick,2025-05-12,2,Approved
951167,12189,Unpaid,2025-06-22,2,Pending
951168,13308,Sick,2025-11-16,2,Approved
951169,13245,Unpaid,2025-06-08,1,Approved
951170,10261,Casual,2025-06-19,4,Approved
951171,14430,Earned,2025-12-28,2,Pending
951172,10088,Casual,2025-09-22,1,Approved
951173,13666,Casual,2025-04-14,3,Approved
951174,12924,Earned,2025-11-09,1,Approved
951175,13618,Earned,2025-09-01,1,Approved
951176,11770,Earned,2025-01-19,1,Approved
951177,12963,Casual,2025-08-12,2,Approved
951178,12019,Earned,2025-09-21,4,Approved
951179,12220,Earned,2025-08-25,3,Rejected
951180,13802,Earned,2025-06-20,1,Approved
951181,10313,Casual,2025-11-11,3,Rejected
951182,13462,Earned,2025-07-06,4,Pending
951183,13683,Casual,2025-04-10,1,Approved
951184,11746,Casual,2025-09-30,5,Approved
951185,13741,Earned,2025-07-10,1,Approved
951186,11577,Casual,2025-09-24,3,Approved
951187,14827,Casual,2025-05-10,1,Approved
951188,12771,Unpaid,2025-07-14,1,Approved
951189,13602,Unpaid,2025-06-20,3,Pending
951190,11693,Casual,2025-12-26,1,Rejected
951191,14469,Earned,2025-07-05,1,Approved
951192,11375,Unpaid,2025-12-26,3,Approved
951193,10467,Earned,2025-10-08,2,Pending
951194,12543,Earned,2025-05-19,2,Approved
951195,14775,Unpaid,2025-06-21,1,Approved
951196,14057,Earned,2025-05-22,2,Approved
951197,12432,Earned,2025-01-21,1,Approved
951198,13555,Casual,2025-08-05,1,Pending
951199,12875,Earned,2025-01-18,1,Approved
951200,11592,Earned,2025-10-26,1,Approved
951201,12418,Earned,2025-12-29,2,Approved
951202,14667,Sick,2025-01-15,1,Approved
951203,12255,Earned,2025-11-07,2,Approved
951204,14359,Earned,2025-09-16,2,Approved
951205,13404,Sick,2025-06-14,2,Pending
951206,12044,Earned,2025-03-07,1,Approved
951207,11492,Sick,2025-10-18,3,Approved
951208,12362,Earned,2025-05-22,1,Approved
951209,14294,Sick,2025-10-24,1,Pending
951210,11760,Earned,2025-11-10,4,Approved
951211,14255,Unpaid,2025-01-18,1,Pending
951212,12834,Casual,2025-09-07,1,Rejected
951213,12627,Unpaid,2025-07-27,2,Pending
951214,12009,Casual,2025-05-11,2,Approved
951215,11195,Casual,2025-11-04,1,Approved
951216,14061,Earned,2025-07-03,1,Rejected
951217,14090,Earned,2025-04-12,3,Approved
951218,12476,Sick,2025-09-29,4,Approved
951219,10517,Casual,2025-01-31,1,Approved
951220,13453,Earned,2025-12-22,1,Approved
951221,10494,Casual,2025-04-10,2,Approved
951222,14724,Earned,2025-02-13,2,Rejected
951223,14825,Casual,2025-07-11,2,Pending
951224,11402,Earned,2025-05-17,2,Rejected
951225,11478,Casual,2025-08-08,3,Approved
951226,14301,Earned,2025-08-23,3,Approved
951227,12936,Unpaid,2025-12-29,1,Approved
951228,12646,Earned,2025-12-30,5,Approved
951229,14451,Sick,2025-12-31,1,Approved
951230,14679,Sick,2025-04-17,1,Approved
951231,12727,Sick,2025-12-10,1,Approved
951232,12624,Sick,2025-10-01,1,Approved
951233,10289,Earned,2025-04-11,2,Approved
951234,12143,Sick,2025-09-22,2,Rejected
951235,11824,Sick,2025-08-12,1,Approved
951236,13845,Earned,2025-11-20,2,Approved
951237,14746,Casual,2025-09-11,2,Rejected
951238,12508,Unpaid,2025-06-18,1,Approved
951239,14390,Unpaid,2025-06-26,3,Pending
951240,12557,Casual,2025-06-28,3,Approved
951241,10537,Earned,2025-07-16,1,Approved
951242,13912,Casual,2025-12-14,2,Approved
951243,14117,Sick,2025-02-25,2,Approved
951244,12733,Casual,2025-09-10,5,Approved
951245,13425,Unpaid,2025-11-08,3,Approved
951246,10420,Sick,2025-08-09,3,Approved
951247,11588,Casual,2025-07-14,3,Approved
951248,10702,Earned,2025-06-28,2,Approved
951249,14180,Earned,2025-12-25,1,Rejected
951250,11395,Earned,2025-07-29,1,Approved
951251,13787,Casual,2025-06-14,3,Rejected
951252,11748,Casual,2025-01-06,1,Approved
951253,14697,Earned,2025-12-02,2,Rejected
951254,12928,Earned,2025-03-24,1,Approved
951255,12696,Earned,2025-11-30,1,Approved
951256,14122,Earned,2025-07-05,1,Approved
951257,14420,Earned,2025-01-12,1,Approved
951258,10761,Unpaid,2025-04-07,1,Approved
951259,13510,Casual,2025-02-17,1,Approved
951260,13294,Earned,2025-08-25,5,Rejected
951261,11889,Casual,2025-07-18,1,Approved
951262,14873,Earned,2025-06-05,2,Approved
951263,14521,Earned,2025-08-03,5,Approved
951264,14773,Sick,2025-03-10,2,Pending
951265,11411,Sick,2025-03-04,4,Approved
951266,14921,Earned,2025-06-23,2,Approved
951267,14201,Earned,2025-07-07,1,Pending
951268,13710,Earned,2025-08-26,2,Rejected
951269,12038,Casual,2025-12-30,1,Approved
951270,14513,Earned,2025-11-21,3,Approved
951271,11553,Earned,2025-06-18,1,Pending
951272,14250,Earned,2025-06-23,1,Rejected
951273,10045,Earned,2025-04-14,3,Rejected
951274,12239,Sick,2025-10-09,3,Approved
951275,11178,Earned,2025-04-05,3,Approved
951276,11258,Casual,2025-07-22,1,Approved
951277,11850,Earned,2025-09-08,1,Approved
951278,14720,Earned,2025-09-13,1,Approved
951279,10553,Sick,2025-01-07,1,Approved
951280,11748,Earned,2025-09-09,2,Approved
951281,10369,Casual,2025-03-31,5,Approved
951282,10073,Sick,2025-09-16,4,Approved
951283,14112,Sick,2025-11-18,2,Approved
951284,14472,Sick,2025-08-10,1,Rejected
951285,13633,Unpaid,2025-08-02,2,Pending
951286,11676,Earned,2025-12-25,2,Approved
951287,12513,Sick,2025-08-14,3,Pending
951288,12843,Casual,2025-01-27,5,Approved
951289,14815,Casual,2025-12-31,3,Pending
951290,14585,Sick,2025-09-08,3,Approved
951291,12883,Unpaid,2025-08-29,3,Approved
951292,11680,Sick,2025-05-13,1,Approved
951293,14682,Sick,2025-12-04,1,Approved
951294,14460,Earned,2025-11-15,4,Approved
951295,11734,Casual,2025-08-16,1,Approved
951296,10098,Casual,2025-09-03,4,Approved
951297,12126,Casual,2025-04-22,1,Rejected
951298,10915,Sick,2025-10-05,1,Pending
951299,11531,Unpaid,2025-10-24,1,Approved
951300,12366,Sick,2025-02-23,2,Rejected
951301,14179,Earned,2025-05-30,2,Approved
951302,10194,Earned,2025-08-20,1,Approved
951303,10087,Unpaid,2025-12-21,2,Approved
951304,12616,Earned,2025-09-01,2,Approved
951305,11875,Casual,2025-04-04,1,Approved
951306,12901,Sick,2025-09-27,1,Rejected
951307,14693,Sick,2025-01-14,2,Rejected
951308,13080,Sick,2025-03-06,2,Approved
951309,10502,Sick,2025-08-18,1,Approved
951310,14797,Unpaid,2025-07-08,3,Approved
951311,10677,Casual,2025-06-09,2,Approved
951312,11288,Earned,2025-11-21,5,Pending
951313,10642,Unpaid,2025-02-06,1,Approved
951314,12879,Casual,2025-12-03,2,Approved
951315,12854,Sick,2025-06-10,1,Approved
951316,13063,Sick,2025-05-08,1,Approved
951317,12445,Earned,2025-09-20,4,Approved
951318,13093,Earned,2025-10-14,2,Approved
951319,11567,Casual,2025-08-25,1,Approved
951320,13080,Earned,2025-01-14,2,Approved
951321,10795,Unpaid,2025-07-28,2,Approved
951322,11298,Sick,2025-10-28,3,Approved
951323,12428,Casual,2025-08-04,2,Approved
951324,12960,Casual,2025-05-19,5,Rejected
951325,11291,Sick,2025-06-10,1,Approved
951326,11950,Casual,2025-06-13,2,Approved
951327,12972,Earned,2025-03-14,1,Approved
951328,14609,Earned,2025-08-09,2,Rejected
951329,14726,Earned,2025-08-31,3,Approved
951330,12048,Casual,2025-10-30,2,Approved
951331,13119,Sick,2025-10-26,2,Approved
951332,13926,Casual,2025-10-15,3,Approved
951333,12077,Earned,2025-03-26,3,Approved
951334,12748,Earned,2025-11-10,3,Approved
951335,11379,Sick,2025-06-27,2,Approved
951336,12297,Earned,2025-12-19,2,Approved
951337,12325,Sick,2025-07-15,4,Approved
951338,12314,Casual,2025-10-14,4,Rejected
951339,13411,Sick,2025-05-02,1,Approved
951340,12870,Sick,2025-09-14,1,Approved
951341,12976,Casual,2025-08-21,1,Approved
951342,11301,Earned,2025-12-30,1,Approved
951343,13258,Casual,2025-05-22,1,Approved
951344,14163,Casual,2025-11-14,1,Approved
951345,11605,Earned,2025-05-11,2,Approved
951346,13222,Unpaid,2025-11-30,2,Approved
951347,11042,Unpaid,2025-07-09,1,Approved
951348,12991,Unpaid,2025-02-06,1,Pending
951349,14514,Casual,2025-06-02,3,Approved
951350,13226,Sick,2025-05-09,1,Pending
951351,10882,Casual,2025-10-25,1,Approved
951352,12563,Earned,2025-07-26,4,Pending
951353,10302,Earned,2025-01-30,3,Approved
951354,11063,Casual,2025-05-12,4,Approved
951355,11210,Earned,2025-05-09,3,Approved
951356,14220,Casual,2025-06-17,3,Approved
951357,14957,Casual,2025-10-13,1,Approved
951358,10953,Earned,2025-03-10,3,Approved
951359,11571,Casual,2025-04-22,1,Approved
951360,10266,Earned,2025-12-01,4,Approved
951361,10065,Sick,2025-06-20,2,Approved
951362,13520,Sick,2025-10-26,3,Approved
951363,12693,Casual,2025-05-13,5,Approved
951364,10438,Casual,2025-05-13,4,Approved
951365,13852,Earned,2025-07-08,1,Pending
951366,13114,Sick,2025-08-08,2,Approved
951367,14405,Sick,2025-01-28,1,Approved
951368,11792,Sick,2025-01-12,2,Rejected
951369,11320,Sick,2025-12-19,1,Approved
951370,10659,Casual,2025-04-09,1,Approved
951371,12930,Casual,2025-07-01,2,Approved
951372,11349,Sick,2025-03-28,2,Approved
951373,10214,Sick,2025-07-11,2,Approved
951374,13603,Earned,2025-03-26,1,Approved
951375,14135,Unpaid,2025-02-08,1,Rejected
951376,13372,Casual,2025-08-05,2,Approved
951377,10325,Sick,2025-11-11,4,Approved
951378,11868,Sick,2025-03-22,4,Pending
951379,10574,Casual,2025-02-17,1,Pending
951380,14443,Earned,2025-08-04,2,Approved
951381,14925,Casual,2025-01-07,1,Approved
951382,10737,Earned,2025-03-07,3,Approved
951383,11939,Earned,2025-11-11,4,Approved
951384,14666,Earned,2025-06-04,2,Approved
951385,14308,Casual,2025-07-29,2,Rejected
951386,11033,Unpaid,2025-11-11,5,Approved
951387,10414,Earned,2025-05-14,2,Approved
951388,13859,Unpaid,2025-03-05,3,Approved
951389,11967,Sick,2025-08-14,2,Approved
951390,11380,Earned,2025-11-12,2,Rejected
951391,14160,Casual,2025-12-23,3,Rejected
951392,14282,Earned,2025-01-01,3,Approved
951393,11753,Earned,2025-08-29,2,Approved
951394,12844,Earned,2025-10-03,5,Approved
951395,13070,Earned,2025-12-12,1,Approved
951396,13308,Casual,2025-04-02,1,Approved
951397,13725,Casual,2025-07-31,2,Approved
951398,13087,Casual,2025-01-16,2,Approved
951399,12717,Sick,2025-05-17,4,Approved
951400,10495,Sick,2025-02-02,1,Approved
951401,14441,Casual,2025-07-10,2,Approved
951402,10395,Sick,2025-03-01,1,Approved
951403,14126,Casual,2025-12-12,1,Approved
951404,12304,Sick,2025-01-07,4,Approved
951405,14687,Casual,2025-06-28,2,Approved
951406,14197,Earned,2025-02-27,1,Approved
951407,12753,Earned,2025-05-15,2,Approved
951408,11585,Earned,2025-02-09,2,Approved
951409,13109,Sick,2025-01-28,1,Approved
951410,12051,Earned,2025-10-28,1,Approved
951411,10628,Earned,2025-07-01,5,Approved
951412,13098,Casual,2025-06-13,3,Approved
951413,13350,Sick,2025-03-29,2,Approved
951414,12213,Unpaid,2025-11-25,2,Approved
951415,13159,Casual,2025-07-28,1,Approved
951416,10347,Earned,2025-01-30,3,Approved
951417,10504,Earned,2025-01-31,4,Pending
951418,13604,Earned,2025-07-07,2,Approved
951419,11188,Casual,2025-12-27,1,Approved
951420,11537,Unpaid,2025-05-15,3,Approved
951421,10988,Unpaid,2025-12-04,2,Pending
951422,10628,Sick,2025-02-16,1,Approved
951423,13146,Sick,2025-12-10,1,Approved
951424,14056,Casual,2025-09-20,2,Pending
951425,12682,Sick,2025-08-09,2,Rejected
951426,13348,Unpaid,2025-09-22,2,Approved
951427,13035,Casual,2025-06-17,1,Approved
951428,14093,Sick,2025-05-29,3,Approved
951429,10870,Earned,2025-03-05,1,Approved
951430,10423,Earned,2025-02-26,1,Approved
951431,14082,Earned,2025-09-18,3,Pending
951432,10597,Earned,2025-07-20,3,Pending
951433,12330,Earned,2025-03-16,2,Approved
951434,10457,Earned,2025-11-06,1,Approved
951435,13955,Earned,2025-10-19,1,Approved
951436,13103,Sick,2025-05-02,1,Rejected
951437,13422,Earned,2025-12-21,1,Approved
951438,13264,Casual,2025-05-12,2,Approved
951439,10942,Unpaid,2025-11-09,2,Approved
951440,14932,Sick,2025-10-20,1,Approved
951441,10512,Earned,2025-01-05,2,Approved
951442,14371,Casual,2025-12-28,1,Pending
951443,12541,Earned,2025-07-15,1,Approved
951444,13801,Earned,2025-10-20,1,Approved
951445,11527,Sick,2025-10-30,2,Approved
951446,11121,Unpaid,2025-06-26,3,Approved
951447,10600,Earned,2025-11-22,2,Approved
951448,11357,Casual,2025-11-20,1,Approved
951449,13050,Earned,2025-02-06,3,Approved
951450,12419,Casual,2025-11-19,1,Approved
951451,14617,Earned,2025-02-12,3,Approved
951452,14647,Sick,2025-05-02,1,Rejected
951453,12179,Unpaid,2025-01-29,5,Approved
951454,13532,Sick,2025-03-02,2,Approved
951455,10336,Sick,2025-07-04,1,Pending
951456,12172,Sick,2025-09-08,2,Approved
951457,14797,Sick,2025-04-23,1,Rejected
951458,14213,Casual,2025-09-02,1,Approved
951459,11874,Sick,2025-12-20,1,Approved
951460,11000,Earned,2025-07-24,1,Approved
951461,11786,Earned,2025-07-22,1,Approved
951462,10461,Earned,2025-08-25,2,Approved
951463,14676,Earned,2025-06-05,1,Approved
951464,12051,Casual,2025-05-19,4,Approved
951465,10222,Earned,2025-07-18,1,Approved
951466,12611,Sick,2025-02-03,2,Approved
951467,11370,Unpaid,2025-03-12,1,Approved
951468,10840,Unpaid,2025-06-20,1,Pending
951469,11162,Earned,2025-04-22,2,Approved
951470,10584,Casual,2025-05-17,1,Approved
951471,10305,Sick,2025-07-17,1,Pending
951472,12520,Earned,2025-09-05,3,Approved
951473,14225,Sick,2025-09-19,2,Approved
951474,14665,Earned,2025-03-23,1,Approved
951475,11732,Unpaid,2025-08-01,1,Pending
951476,13258,Sick,2025-08-16,1,Rejected
951477,11615,Earned,2025-05-16,1,Approved
951478,14592,Sick,2025-03-01,3,Approved
951479,14420,Earned,2025-09-13,1,Approved
951480,11330,Earned,2025-12-01,2,Approved
951481,11857,Earned,2025-02-25,1,Approved
951482,13999,Casual,2025-09-18,1,Approved
951483,12458,Casual,2025-05-25,3,Approved
951484,11527,Casual,2025-08-10,2,Approved
951485,12765,Sick,2025-12-20,1,Approved
951486,13348,Casual,2025-05-12,3,Pending
951487,14933,Casual,2025-12-30,1,Pending
951488,14126,Casual,2025-09-18,1,Approved
951489,14911,Casual,2025-08-18,1,Rejected
951490,14668,Sick,2025-05-18,4,Approved
951491,14874,Earned,2025-11-27,3,Approved
951492,10965,Casual,2025-06-13,1,Approved
951493,12580,Casual,2025-01-18,3,Approved
951494,12261,Casual,2025-02-04,1,Approved
951495,11037,Earned,2025-11-24,1,Approved
951496,10919,Sick,2025-11-02,2,Approved
951497,13628,Casual,2025-03-12,1,Pending
951498,14465,Unpaid,2025-03-14,2,Pending
951499,11553,Casual,2025-08-02,2,Approved
951500,12446,Sick,2025-01-15,3,Pending
951501,12248,Sick,2025-04-24,1,Rejected
951502,14663,Sick,2025-08-09,2,Approved
951503,14245,Unpaid,2025-10-28,1,Approved
951504,14800,Sick,2025-03-17,1,Approved
951505,11761,Sick,2025-05-12,3,Approved
951506,11912,Sick,2025-03-27,3,Approved
951507,13806,Earned,2025-04-24,1,Approved
951508,13686,Sick,2025-10-19,1,Approved
951509,13222,Unpaid,2025-09-04,2,Approved
951510,14486,Casual,2025-05-14,1,Approved
951511,10971,Unpaid,2025-03-27,1,Approved
951512,11578,Earned,2025-09-03,1,Approved
951513,11356,Earned,2025-07-18,2,Pending
951514,14551,Earned,2025-09-08,1,Approved
951515,13866,Earned,2025-01-11,2,Approved
951516,14976,Casual,2025-12-09,2,Approved
951517,12424,Casual,2025-02-13,2,Approved
951518,11940,Earned,2025-09-19,1,Approved
951519,11233,Unpaid,2025-09-09,1,Approved
951520,11916,Earned,2025-08-07,3,Approved
951521,11362,Sick,2025-08-01,1,Pending
951522,11332,Earned,2025-06-11,1,Approved
951523,14526,Casual,2025-06-12,3,Pending
951524,11623,Sick,2025-08-21,2,Approved
951525,12189,Unpaid,2025-12-18,2,Approved
951526,14770,Earned,2025-09-12,2,Approved
951527,14739,Sick,2025-08-16,2,Approved
951528,14891,Earned,2025-02-02,1,Rejected
951529,12539,Casual,2025-12-12,2,Approved
951530,12049,Earned,2025-11-16,1,Approved
951531,14176,Earned,2025-07-18,1,Approved
951532,11735,Earned,2025-03-11,1,Approved
951533,12790,Earned,2025-03-24,3,Approved
951534,14746,Sick,2025-05-20,1,Approved
951535,11936,Casual,2025-09-18,4,Approved
951536,10679,Unpaid,2025-08-10,1,Approved
951537,14311,Casual,2025-04-18,3,Approved
951538,11725,Casual,2025-04-25,1,Approved
951539,11095,Sick,2025-11-30,3,Approved
951540,10945,Sick,2025-01-24,3,Approved
951541,13469,Earned,2025-06-02,1,Pending
951542,14138,Sick,2025-05-19,2,Approved
951543,10575,Casual,2025-12-15,1,Approved
951544,12281,Sick,2025-05-12,3,Pending
951545,14070,Sick,2025-08-15,4,Rejected
951546,11757,Sick,2025-07-26,1,Approved
951547,11793,Sick,2025-09-27,2,Approved
951548,12324,Earned,2025-01-05,2,Rejected
951549,11154,Casual,2025-11-01,3,Approved
951550,11610,Casual,2025-12-27,1,Rejected
951551,11755,Sick,2025-07-29,4,Approved
951552,12522,Sick,2025-06-10,3,Approved
951553,13975,Earned,2025-10-09,3,Approved
951554,14987,Sick,2025-06-05,1,Approved
951555,10920,Casual,2025-08-14,2,Approved
951556,13161,Earned,2025-03-11,2,Approved
951557,11390,Sick,2025-11-11,1,Rejected
951558,10502,Unpaid,2025-07-30,2,Pending
951559,13601,Earned,2025-08-20,1,Approved
951560,11881,Unpaid,2025-05-03,3,Pending
951561,13870,Casual,2025-08-07,2,Approved
951562,11161,Sick,2025-11-21,1,Approved
951563,10209,Earned,2025-06-05,1,Approved
951564,14028,Earned,2025-05-27,1,Rejected
951565,14748,Sick,2025-05-11,1,Approved
951566,14481,Casual,2025-05-14,5,Approved
951567,11219,Earned,2025-10-15,1,Pending
951568,10988,Sick,2025-06-26,1,Approved
951569,14434,Sick,2025-08-05,3,Approved
951570,12840,Earned,2025-07-01,1,Approved
951571,10082,Casual,2025-08-05,1,Approved
951572,12483,Casual,2025-12-17,4,Approved
951573,13194,Casual,2025-12-26,2,Approved
951574,14868,Earned,2025-06-18,1,Approved
951575,12234,Casual,2025-06-29,1,Approved
951576,11778,Sick,2025-04-14,1,Rejected
951577,11888,Earned,2025-03-18,2,Rejected
951578,13736,Casual,2025-11-28,1,Approved
951579,10349,Sick,2025-08-03,1,Approved
951580,10848,Earned,2025-01-18,2,Pending
951581,13593,Earned,2025-02-05,1,Approved
951582,11845,Casual,2025-02-13,2,Approved
951583,10230,Sick,2025-02-05,4,Pending
951584,13030,Earned,2025-03-16,3,Approved
951585,11450,Sick,2025-03-19,1,Approved
951586,14550,Sick,2025-10-12,2,Pending
951587,12236,Earned,2025-07-21,1,Approved
951588,10498,Casual,2025-04-19,2,Approved
951589,14817,Sick,2025-07-20,4,Rejected
951590,12750,Unpaid,2025-04-10,2,Approved
951591,14526,Earned,2025-01-10,1,Approved
951592,14065,Casual,2025-06-21,3,Approved
951593,10869,Earned,2025-08-26,3,Approved
951594,14317,Casual,2025-04-25,1,Rejected
951595,12923,Earned,2025-03-14,2,Rejected
951596,13997,Earned,2025-03-06,4,Approved
951597,14217,Earned,2025-07-21,4,Approved
951598,10928,Casual,2025-11-17,5,Approved
951599,13056,Unpaid,2025-09-02,2,Approved
951600,11058,Earned,2025-07-18,5,Approved
951601,12177,Sick,2025-11-06,1,Approved
951602,10538,Sick,2025-09-14,1,Approved
951603,13686,Earned,2025-07-30,2,Approved
951604,12983,Unpaid,2025-07-27,1,Pending
951605,12878,Unpaid,2025-06-25,1,Approved
951606,10318,Earned,2025-03-19,1,Approved
951607,14396,Sick,2025-04-06,1,Approved
951608,11171,Casual,2025-01-28,3,Approved
951609,13372,Sick,2025-07-06,4,Approved
951610,13735,Casual,2025-10-16,4,Rejected
951611,13021,Earned,2025-04-23,1,Approved
951612,13113,Sick,2025-07-20,3,Approved
951613,14038,Sick,2025-05-11,1,Approved
951614,12017,Casual,2025-06-17,2,Pending
951615,10200,Casual,2025-01-30,3,Approved
951616,10715,Earned,2025-09-22,1,Approved
951617,11346,Sick,2025-10-06,1,Approved
951618,13035,Unpaid,2025-12-21,2,Approved
951619,12071,Casual,2025-01-13,1,Approved
951620,10658,Unpaid,2025-07-22,3,Approved
951621,12179,Earned,2025-12-09,1,Approved
951622,12604,Earned,2025-09-27,4,Approved
951623,13077,Unpaid,2025-07-31,4,Approved
951624,13816,Casual,2025-09-16,1,Pending
951625,13115,Earned,2025-09-22,3,Pending
951626,11337,Earned,2025-11-15,1,Rejected
951627,10605,Earned,2025-02-23,4,Pending
951628,10247,Earned,2025-01-13,3,Approved
951629,11144,Casual,2025-07-15,2,Approved
951630,11776,Casual,2025-11-03,1,Approved
951631,11345,Sick,2025-04-11,1,Pending
951632,14047,Casual,2025-10-31,3,Rejected
951633,14853,Unpaid,2025-01-28,3,Approved
951634,11003,Sick,2025-08-07,2,Approved
951635,10112,Earned,2025-04-07,1,Approved
951636,11174,Sick,2025-03-16,1,Approved
951637,14896,Casual,2025-08-16,1,Approved
951638,13186,Earned,2025-03-31,1,Approved
951639,11362,Sick,2025-08-27,1,Approved
951640,11585,Earned,2025-12-10,1,Approved
951641,11881,Earned,2025-11-17,3,Rejected
951642,10909,Earned,2025-09-26,1,Rejected
951643,11444,Casual,2025-03-08,5,Approved
951644,10767,Earned,2025-01-14,1,Approved
951645,14392,Casual,2025-03-20,3,Approved
951646,14453,Earned,2025-10-22,1,Pending
951647,10225,Casual,2025-11-01,1,Approved
951648,12401,Sick,2025-06-14,1,Approved
951649,14028,Earned,2025-02-04,2,Approved
951650,10396,Casual,2025-02-13,3,Approved
951651,14145,Unpaid,2025-02-13,1,Approved
951652,13772,Unpaid,2025-09-16,1,Pending
951653,11317,Sick,2025-07-23,2,Approved
951654,12487,Earned,2025-11-27,1,Approved
951655,14134,Casual,2025-07-29,2,Pending
951656,11439,Casual,2025-10-20,1,Approved
951657,14508,Earned,2025-04-30,1,Pending
951658,10648,Sick,2025-05-13,5,Rejected
951659,11379,Earned,2025-05-04,3,Approved
951660,12835,Unpaid,2025-07-09,1,Approved
951661,12590,Unpaid,2025-06-08,2,Approved
951662,10863,Earned,2025-03-30,3,Approved
951663,10271,Sick,2025-08-01,5,Approved
951664,13285,Earned,2025-07-03,2,Approved
951665,11680,Earned,2025-10-07,4,Approved
951666,11454,Earned,2025-01-02,2,Approved
951667,14610,Earned,2025-03-15,1,Approved
951668,13800,Earned,2025-06-17,3,Approved
951669,11516,Sick,2025-03-25,3,Pending
951670,12784,Earned,2025-08-15,1,Approved
951671,14341,Earned,2025-07-29,4,Approved
951672,13762,Earned,2025-07-23,1,Approved
951673,13389,Casual,2025-01-22,2,Approved
951674,14339,Casual,2025-05-20,3,Approved
951675,14625,Sick,2025-10-14,1,Approved
951676,11027,Earned,2025-05-05,1,Approved
951677,14816,Unpaid,2025-08-16,4,Pending
951678,11224,Earned,2025-04-21,2,Pending
951679,12216,Sick,2025-08-11,1,Approved
951680,14704,Sick,2025-12-12,1,Approved
951681,13425,Sick,2025-06-18,1,Approved
951682,11396,Sick,2025-05-03,1,Rejected
951683,10844,Casual,2025-08-21,2,Approved
951684,11378,Casual,2025-09-14,2,Approved
951685,10412,Earned,2025-04-04,4,Approved
951686,12321,Sick,2025-08-02,1,Approved
951687,14553,Sick,2025-11-16,1,Pending
951688,10176,Earned,2025-02-20,2,Approved
951689,10997,Sick,2025-01-28,2,Pending
951690,12692,Casual,2025-07-14,2,Approved
951691,14293,Sick,2025-09-24,1,Approved
951692,10310,Sick,2025-01-19,1,Approved
951693,14605,Earned,2025-05-12,2,Approved
951694,14186,Casual,2025-10-24,1,Approved
951695,13334,Earned,2025-06-17,2,Approved
951696,14229,Casual,2025-07-10,2,Rejected
951697,12401,Earned,2025-03-17,2,Rejected
951698,13200,Casual,2025-06-06,1,Rejected
951699,12856,Unpaid,2025-10-18,1,Approved
951700,12579,Sick,2025-02-26,2,Approved
951701,12846,Sick,2025-09-11,2,Approved
951702,11206,Sick,2025-02-13,2,Approved
951703,11370,Earned,2025-06-26,2,Approved
951704,13685,Casual,2025-07-10,1,Approved
951705,11700,Casual,2025-02-04,1,Approved
951706,12121,Earned,2025-12-05,1,Approved
951707,12256,Unpaid,2025-12-30,4,Pending
951708,14909,Casual,2025-04-07,4,Approved
951709,12196,Earned,2025-02-11,1,Pending
951710,11653,Unpaid,2025-03-01,1,Approved
951711,11236,Casual,2025-11-05,2,Approved
951712,10970,Sick,2025-10-03,2,Approved
951713,11233,Earned,2025-08-09,2,Approved
951714,14621,Earned,2025-09-12,3,Rejected
951715,11385,Earned,2025-01-23,1,Rejected
951716,13034,Earned,2025-04-20,4,Pending
951717,10736,Casual,2025-05-03,3,Approved
951718,11240,Casual,2025-12-07,1,Pending
951719,11525,Casual,2025-01-21,1,Pending
951720,13429,Sick,2025-11-25,2,Approved
951721,10415,Sick,2025-11-03,2,Approved
951722,14652,Casual,2025-02-15,4,Approved
951723,12653,Unpaid,2025-09-17,1,Approved
951724,12705,Casual,2025-09-16,2,Approved
951725,12857,Earned,2025-12-24,3,Approved
951726,14917,Earned,2025-06-22,1,Approved
951727,13992,Sick,2025-05-13,2,Approved
951728,12482,Sick,2025-05-31,1,Approved
951729,11725,Unpaid,2025-12-25,3,Approved
951730,11905,Casual,2025-08-14,1,Approved
951731,12775,Casual,2025-03-20,5,Approved
951732,12777,Casual,2025-11-03,1,Approved
951733,14936,Earned,2025-01-03,1,Approved
951734,14883,Casual,2025-02-10,1,Approved
951735,13862,Sick,2025-04-18,5,Approved
951736,13383,Casual,2025-12-20,1,Approved
951737,13124,Unpaid,2025-08-21,1,Approved
951738,11578,Earned,2025-01-11,1,Approved
951739,12784,Earned,2025-02-21,1,Approved
951740,12502,Unpaid,2025-08-06,5,Approved
951741,10894,Casual,2025-01-29,3,Approved
951742,13936,Casual,2025-07-25,1,Approved
951743,13264,Earned,2025-04-30,2,Approved
951744,12428,Casual,2025-05-27,1,Approved
951745,10045,Earned,2025-02-27,2,Approved
951746,12822,Earned,2025-10-22,3,Pending
951747,11524,Sick,2025-09-20,4,Approved
951748,10392,Earned,2025-05-07,1,Pending
951749,11374,Casual,2025-05-12,1,Approved
951750,10204,Sick,2025-09-02,1,Approved
951751,13974,Earned,2025-07-06,2,Approved
951752,14802,Sick,2025-09-14,1,Approved
951753,12701,Earned,2025-07-27,1,Approved
951754,13851,Earned,2025-12-10,2,Approved
951755,12253,Sick,2025-12-11,2,Approved
951756,12278,Casual,2025-06-28,1,Approved
951757,11348,Sick,2025-09-01,5,Pending
951758,14424,Casual,2025-08-25,2,Rejected
951759,12979,Sick,2025-11-17,3,Approved
951760,13550,Sick,2025-08-02,1,Approved
951761,12848,Casual,2025-10-26,2,Approved
951762,10601,Earned,2025-03-27,1,Approved
951763,14640,Casual,2025-11-09,1,Approved
951764,11276,Unpaid,2025-10-04,2,Approved
951765,12911,Unpaid,2025-12-25,1,Approved
951766,10012,Unpaid,2025-08-13,2,Approved
951767,14037,Earned,2025-12-30,1,Approved
951768,10266,Casual,2025-06-02,1,Approved
951769,10675,Unpaid,2025-08-11,3,Approved
951770,10163,Casual,2025-01-30,2,Pending
951771,12238,Earned,2025-09-12,2,Approved
951772,10338,Casual,2025-08-25,5,Pending
951773,14188,Earned,2025-03-14,2,Approved
951774,10550,Sick,2025-10-07,1,Approved
951775,13794,Casual,2025-01-12,1,Approved
951776,10815,Casual,2025-11-29,2,Pending
951777,13760,Earned,2025-06-07,1,Approved
951778,14610,Casual,2025-05-06,1,Approved
951779,11205,Earned,2025-12-19,2,Approved
951780,11511,Unpaid,2025-11-14,3,Approved
951781,10271,Sick,2025-01-24,4,Approved
951782,11592,Casual,2025-03-20,2,Approved
951783,13186,Casual,2025-05-24,2,Rejected
951784,14791,Casual,2025-10-03,2,Approved
951785,12084,Sick,2025-03-24,1,Approved
951786,12328,Earned,2025-06-22,2,Approved
951787,13027,Earned,2025-08-29,1,Approved
951788,11085,Earned,2025-11-11,3,Approved
951789,11725,Sick,2025-05-27,1,Approved
951790,14795,Earned,2025-01-25,1,Approved
951791,13975,Earned,2025-02-19,1,Approved
951792,11483,Casual,2025-09-11,2,Approved
951793,10119,Sick,2025-06-07,3,Approved
951794,11540,Casual,2025-11-25,2,Approved
951795,14430,Sick,2025-02-18,4,Approved
951796,10632,Unpaid,2025-07-21,1,Approved
951797,12809,Earned,2025-10-15,5,Rejected
951798,12119,Casual,2025-01-07,5,Approved
951799,12791,Earned,2025-11-13,1,Approved
951800,10590,Earned,2025-04-07,2,Approved
951801,12183,Earned,2025-07-21,1,Approved
951802,14075,Casual,2025-10-20,1,Approved
951803,13812,Casual,2025-03-11,1,Approved
951804,14699,Casual,2025-12-01,3,Approved
951805,12419,Earned,2025-09-30,3,Approved
951806,14824,Earned,2025-07-19,1,Approved
951807,11700,Casual,2025-02-07,2,Approved
951808,10010,Earned,2025-03-14,1,Approved
951809,13381,Casual,2025-12-07,1,Approved
951810,10571,Unpaid,2025-12-29,2,Approved
951811,13306,Sick,2025-07-28,1,Approved
951812,14532,Casual,2025-12-04,1,Approved
951813,14226,Unpaid,2025-06-19,1,Approved
951814,14297,Unpaid,2025-12-10,2,Approved
951815,13516,Unpaid,2025-12-16,2,Approved
951816,12806,Casual,2025-04-10,2,Approved
951817,10282,Casual,2025-06-12,5,Approved
951818,13356,Sick,2025-11-27,4,Rejected
951819,12305,Casual,2025-10-06,1,Rejected
951820,10807,Sick,2025-04-09,1,Approved
951821,12987,Earned,2025-01-13,3,Approved
951822,13556,Casual,2025-09-20,2,Pending
951823,11151,Casual,2025-06-01,1,Approved
951824,12463,Sick,2025-01-27,1,Pending
951825,14388,Casual,2025-09-10,1,Pending
951826,12406,Earned,2025-10-05,3,Approved
951827,14967,Sick,2025-04-25,3,Rejected
951828,11288,Casual,2025-07-14,1,Approved
951829,10861,Casual,2025-09-07,2,Approved
951830,12429,Sick,2025-09-21,2,Approved
951831,13869,Earned,2025-06-30,1,Approved
951832,14674,Earned,2025-11-29,1,Pending
951833,12643,Earned,2025-02-26,2,Rejected
951834,12289,Casual,2025-03-16,1,Approved
951835,11912,Casual,2025-12-28,3,Approved
951836,10904,Earned,2025-07-11,3,Approved
951837,10839,Sick,2025-10-02,1,Pending
951838,13021,Sick,2025-01-10,2,Approved
951839,14158,Casual,2025-12-20,3,Rejected
951840,13138,Casual,2025-11-08,3,Approved
951841,11259,Earned,2025-12-03,1,Approved
951842,13238,Earned,2025-07-12,1,Approved
951843,10416,Earned,2025-11-23,2,Approved
951844,11451,Earned,2025-09-02,3,Approved
951845,12892,Earned,2025-03-16,1,Approved
951846,12812,Sick,2025-08-13,1,Approved
951847,12450,Earned,2025-06-02,1,Approved
951848,12451,Casual,2025-03-10,4,Approved
951849,12595,Sick,2025-09-03,1,Approved
951850,14520,Casual,2025-04-12,2,Approved
951851,10788,Casual,2025-12-27,3,Approved
951852,10508,Unpaid,2025-08-13,1,Rejected
951853,14443,Sick,2025-07-30,3,Approved
951854,13646,Earned,2025-09-25,2,Approved
951855,12402,Sick,2025-02-02,2,Rejected
951856,12277,Casual,2025-09-01,3,Approved
951857,10204,Earned,2025-06-07,3,Approved
951858,14720,Earned,2025-02-20,2,Approved
951859,10612,Sick,2025-06-22,1,Approved
951860,14711,Casual,2025-06-07,2,Rejected
951861,11785,Unpaid,2025-09-29,2,Approved
951862,14122,Earned,2025-12-31,4,Pending
951863,13857,Earned,2025-12-07,3,Approved
951864,13511,Unpaid,2025-05-17,2,Rejected
951865,13422,Earned,2025-03-23,1,Approved
951866,13785,Sick,2025-05-07,4,Approved
951867,14149,Casual,2025-06-09,2,Approved
951868,10212,Sick,2025-02-01,1,Approved
951869,11841,Sick,2025-07-07,1,Approved
951870,13841,Casual,2025-05-01,1,Approved
951871,12492,Earned,2025-08-20,1,Approved
951872,14249,Sick,2025-06-13,1,Approved
951873,12219,Sick,2025-11-22,1,Pending
951874,10113,Earned,2025-11-19,1,Approved
951875,11151,Sick,2025-12-06,2,Pending
951876,13355,Earned,2025-05-13,2,Approved
951877,12048,Casual,2025-02-17,1,Approved
951878,10915,Casual,2025-11-09,4,Rejected
951879,10233,Casual,2025-07-08,4,Approved
951880,10346,Sick,2025-12-25,1,Approved
951881,12576,Earned,2025-03-05,2,Approved
951882,10076,Earned,2025-05-19,1,Pending
951883,10815,Sick,2025-09-30,1,Approved
951884,11055,Earned,2025-05-28,2,Approved
951885,13551,Sick,2025-08-24,3,Approved
951886,14933,Casual,2025-08-10,3,Approved
951887,13794,Earned,2025-05-24,3,Rejected
951888,13557,Casual,2025-11-09,3,Approved
951889,11766,Casual,2025-05-12,2,Approved
951890,12293,Earned,2025-07-31,1,Approved
951891,14851,Earned,2025-12-28,1,Approved
951892,14638,Sick,2025-02-04,3,Approved
951893,11561,Sick,2025-06-15,1,Approved
951894,10829,Casual,2025-05-29,2,Approved
951895,14172,Unpaid,2025-08-01,1,Pending
951896,12394,Unpaid,2025-05-22,1,Approved
951897,12583,Earned,2025-11-26,1,Pending
951898,14400,Earned,2025-10-13,2,Approved
951899,12102,Earned,2025-06-26,1,Approved
951900,10567,Casual,2025-12-31,3,Approved
951901,13002,Earned,2025-05-03,1,Approved
951902,13603,Earned,2025-08-02,1,Rejected
951903,10326,Unpaid,2025-03-11,4,Approved
951904,13295,Casual,2025-06-19,1,Pending
951905,13095,Sick,2025-10-06,3,Rejected
951906,12268,Casual,2025-08-27,3,Approved
951907,14643,Casual,2025-10-03,1,Approved
951908,14755,Casual,2025-09-30,3,Pending
951909,10998,Casual,2025-05-08,1,Approved
951910,12927,Casual,2025-03-18,1,Approved
951911,14194,Earned,2025-10-26,3,Approved
951912,14854,Sick,2025-09-08,3,Approved
951913,12803,Earned,2025-08-18,5,Rejected
951914,11347,Casual,2025-08-28,3,Approved
951915,13891,Earned,2025-08-31,2,Approved
951916,14794,Sick,2025-12-21,4,Approved
951917,12732,Earned,2025-08-14,3,Approved
951918,12030,Sick,2025-08-02,1,Rejected
951919,11254,Casual,2025-12-18,3,Approved
951920,12341,Unpaid,2025-09-29,1,Approved
951921,12182,Casual,2025-10-15,2,Approved
951922,13810,Sick,2025-10-27,1,Approved
951923,11820,Earned,2025-06-13,2,Approved
951924,10279,Earned,2025-05-15,2,Approved
951925,14797,Unpaid,2025-11-17,4,Approved
951926,12815,Earned,2025-06-25,1,Approved
951927,13369,Unpaid,2025-06-26,1,Pending
951928,12090,Earned,2025-06-16,2,Approved
951929,10909,Earned,2025-05-04,2,Approved
951930,13611,Earned,2025-12-06,2,Pending
951931,12890,Earned,2025-04-12,2,Approved
951932,11612,Sick,2025-04-20,4,Approved
951933,10811,Unpaid,2025-08-09,2,Approved
951934,14920,Sick,2025-05-18,1,Approved
951935,10561,Casual,2025-07-19,1,Approved
951936,10376,Earned,2025-08-23,2,Approved
951937,14885,Sick,2025-03-04,4,Approved
951938,14561,Casual,2025-08-09,2,Approved
951939,14418,Casual,2025-10-23,1,Approved
951940,12374,Earned,2025-10-22,5,Pending
951941,12338,Sick,2025-12-30,1,Approved
951942,11368,Casual,2025-02-07,4,Approved
951943,14951,Unpaid,2025-08-25,1,Approved
951944,12837,Casual,2025-11-20,2,Pending
951945,14306,Earned,2025-12-24,1,Approved
951946,12266,Earned,2025-09-29,3,Approved
951947,11745,Unpaid,2025-05-07,1,Pending
951948,12472,Earned,2025-01-04,2,Approved
951949,10371,Earned,2025-01-13,1,Approved
951950,13890,Earned,2025-04-28,1,Approved
951951,13511,Earned,2025-10-05,1,Approved
951952,11140,Earned,2025-12-28,2,Approved
951953,12516,Casual,2025-09-15,2,Rejected
951954,12429,Earned,2025-10-08,2,Approved
951955,13380,Sick,2025-11-22,3,Approved
951956,12940,Earned,2025-11-11,1,Pending
951957,10475,Unpaid,2025-03-26,1,Approved
951958,11806,Casual,2025-05-28,2,Approved
951959,10035,Earned,2025-11-08,1,Approved
951960,12767,Unpaid,2025-05-21,2,Pending
951961,11087,Sick,2025-03-28,1,Approved
951962,12548,Casual,2025-05-12,1,Approved
951963,14575,Unpaid,2025-03-04,1,Approved
951964,14184,Sick,2025-06-22,1,Rejected
951965,13895,Sick,2025-05-14,4,Approved
951966,13490,Casual,2025-09-04,3,Approved
951967,11751,Casual,2025-03-01,1,Approved
951968,13398,Earned,2025-10-12,1,Approved
951969,10110,Casual,2025-08-02,2,Approved
951970,12091,Sick,2025-02-03,2,Approved
951971,11752,Casual,2025-08-29,1,Approved
951972,14244,Casual,2025-04-26,3,Approved
951973,13586,Sick,2025-04-27,3,Approved
951974,13238,Earned,2025-01-25,1,Approved
951975,12651,Casual,2025-07-11,1,Approved
951976,13721,Earned,2025-04-11,1,Approved
951977,11812,Earned,2025-05-28,1,Approved
951978,13116,Sick,2025-10-20,4,Approved
951979,10039,Casual,2025-08-04,1,Approved
951980,13324,Sick,2025-07-30,5,Approved
951981,14857,Earned,2025-07-05,1,Approved
951982,14246,Casual,2025-10-22,3,Approved
951983,12874,Earned,2025-07-31,1,Rejected
951984,14271,Casual,2025-12-20,1,Approved
951985,10567,Casual,2025-06-01,1,Approved
951986,11629,Earned,2025-11-13,2,Approved
951987,10153,Earned,2025-03-12,2,Approved
951988,10442,Earned,2025-03-05,1,Approved
951989,12280,Sick,2025-10-09,1,Approved
951990,13448,Sick,2025-06-04,4,Approved
951991,14251,Earned,2025-11-13,1,Pending
951992,12713,Casual,2025-06-17,1,Approved
951993,13340,Earned,2025-09-01,3,Approved
951994,14181,Casual,2025-05-07,1,Approved
951995,12355,Sick,2025-04-11,2,Approved
951996,14907,Earned,2025-06-29,1,Approved
951997,14895,Sick,2025-07-30,1,Approved
951998,11450,Sick,2025-12-05,3,Approved
951999,14432,Sick,2025-11-20,1,Approved
952000,11748,Casual,2025-05-14,1,Approved
952001,14163,Unpaid,2025-10-28,2,Approved
952002,10584,Sick,2025-06-05,4,Approved
952003,11470,Sick,2025-12-19,2,Approved
952004,11004,Earned,2025-11-12,2,Approved
952005,12899,Unpaid,2025-05-16,1,Pending
952006,11434,Earned,2025-01-01,1,Approved
952007,12479,Earned,2025-01-09,1,Approved
952008,14827,Sick,2025-03-23,1,Approved
952009,13791,Sick,2025-01-16,1,Approved
952010,12239,Casual,2025-06-01,2,Rejected
952011,13744,Earned,2025-01-19,2,Approved
952012,10100,Sick,2025-08-30,1,Approved
952013,10982,Unpaid,2025-03-24,1,Approved
952014,10838,Unpaid,2025-10-05,5,Approved
952015,12716,Casual,2025-05-11,2,Approved
952016,13525,Earned,2025-06-11,1,Pending
952017,13152,Sick,2025-04-22,3,Approved
952018,10435,Earned,2025-06-30,2,Approved
952019,12470,Earned,2025-05-22,1,Approved
952020,10059,Earned,2025-07-23,3,Pending
952021,14167,Casual,2025-04-02,3,Approved
952022,11298,Unpaid,2025-03-10,3,Approved
952023,14143,Earned,2025-08-17,1,Approved
952024,11348,Casual,2025-04-10,2,Approved
952025,12785,Casual,2025-06-09,1,Approved
952026,10892,Sick,2025-12-07,4,Pending
952027,11422,Earned,2025-10-23,1,Rejected
952028,12441,Earned,2025-10-23,4,Pending
952029,14187,Sick,2025-02-23,5,Approved
952030,13448,Earned,2025-04-21,5,Approved
952031,11609,Sick,2025-06-27,4,Pending
952032,12261,Earned,2025-06-02,1,Approved
952033,14310,Unpaid,2025-05-11,3,Rejected
952034,14149,Earned,2025-01-26,2,Pending
952035,13399,Sick,2025-06-17,3,Approved
952036,10067,Sick,2025-07-12,4,Approved
952037,10252,Sick,2025-05-26,2,Approved
952038,12580,Casual,2025-07-08,3,Approved
952039,12273,Sick,2025-04-18,1,Approved
952040,12856,Earned,2025-10-17,3,Approved
952041,14476,Casual,2025-01-11,1,Approved
952042,14860,Casual,2025-03-31,1,Approved
952043,13354,Casual,2025-01-15,2,Approved
952044,11981,Earned,2025-01-24,2,Approved
952045,13535,Unpaid,2025-08-08,1,Pending
952046,10869,Earned,2025-02-08,1,Pending
952047,12320,Casual,2025-02-11,1,Approved
952048,12185,Unpaid,2025-10-30,1,Approved
952049,12847,Earned,2025-03-12,1,Approved
952050,14070,Casual,2025-06-25,3,Approved
952051,11458,Sick,2025-11-29,3,Approved
952052,12550,Earned,2025-02-05,2,Approved
952053,12527,Earned,2025-07-30,1,Approved
952054,13951,Sick,2025-02-09,1,Rejected
952055,11516,Sick,2025-07-31,1,Rejected
952056,11932,Earned,2025-05-14,2,Approved
952057,10505,Unpaid,2025-02-08,1,Approved
952058,12437,Earned,2025-11-02,1,Approved
952059,14837,Earned,2025-03-12,2,Approved
952060,11305,Earned,2025-12-05,1,Approved
952061,13559,Casual,2025-05-09,2,Approved
952062,11770,Earned,2025-03-02,5,Rejected
952063,13944,Earned,2025-01-20,1,Approved
952064,11374,Earned,2025-04-05,2,Approved
952065,13743,Casual,2025-05-05,1,Approved
952066,12217,Earned,2025-05-25,2,Approved
952067,14062,Unpaid,2025-08-07,2,Approved
952068,14151,Sick,2025-05-05,2,Approved
952069,10510,Sick,2025-09-25,3,Rejected
952070,13138,Earned,2025-02-12,2,Approved
952071,12312,Earned,2025-04-20,1,Rejected
952072,10413,Casual,2025-07-25,1,Approved
952073,10982,Earned,2025-05-04,1,Approved
952074,13337,Earned,2025-10-28,3,Approved
952075,13955,Sick,2025-01-05,1,Approved
952076,12566,Earned,2025-05-29,2,Approved
952077,10076,Casual,2025-12-12,2,Approved
952078,12467,Sick,2025-07-23,2,Pending
952079,14365,Casual,2025-10-30,3,Approved
952080,11122,Casual,2025-08-02,3,Approved
952081,13864,Casual,2025-12-15,1,Approved
952082,13685,Sick,2025-06-08,1,Approved
952083,14817,Earned,2025-12-16,2,Approved
952084,14176,Earned,2025-05-09,4,Approved
952085,11653,Earned,2025-09-27,1,Rejected
952086,11057,Earned,2025-11-23,4,Approved
952087,14000,Unpaid,2025-04-19,3,Approved
952088,12612,Casual,2025-06-19,5,Approved
952089,12266,Casual,2025-10-03,1,Approved
952090,10099,Casual,2025-07-08,1,Approved
952091,13480,Sick,2025-10-19,3,Approved
952092,12879,Sick,2025-07-01,1,Pending
952093,10020,Earned,2025-11-18,5,Rejected
952094,11186,Casual,2025-07-24,1,Approved
952095,12181,Casual,2025-10-26,1,Pending
952096,11147,Earned,2025-06-27,2,Approved
952097,10012,Casual,2025-11-15,1,Rejected
952098,12147,Casual,2025-09-26,1,Approved
952099,11613,Sick,2025-06-04,4,Approved
952100,14942,Unpaid,2025-04-20,1,Approved
952101,13396,Unpaid,2025-04-10,2,Approved
952102,12618,Earned,2025-10-06,1,Rejected
952103,12009,Sick,2025-03-07,3,Approved
952104,12316,Casual,2025-08-31,1,Approved
952105,12386,Casual,2025-05-07,2,Approved
952106,10166,Earned,2025-05-26,2,Approved
952107,12194,Earned,2025-09-12,2,Rejected
952108,14276,Earned,2025-03-13,2,Approved
952109,14150,Casual,2025-08-29,1,Approved
952110,11932,Casual,2025-03-06,2,Pending
952111,12208,Sick,2025-08-04,1,Approved
952112,14178,Earned,2025-10-08,1,Approved
952113,13358,Casual,2025-03-18,2,Pending
952114,11177,Sick,2025-09-28,1,Approved
952115,12340,Earned,2025-10-26,1,Rejected
952116,14175,Earned,2025-05-03,2,Approved
952117,11504,Casual,2025-02-19,3,Approved
952118,14711,Sick,2025-03-13,1,Approved
952119,10373,Earned,2025-05-25,2,Pending
952120,12564,Earned,2025-02-08,1,Approved
952121,11595,Sick,2025-12-22,1,Approved
952122,11661,Sick,2025-05-02,2,Approved
952123,13229,Casual,2025-02-02,2,Approved
952124,10175,Casual,2025-10-18,1,Approved
952125,11186,Casual,2025-05-20,1,Rejected
952126,10160,Earned,2025-12-10,3,Approved
952127,14139,Sick,2025-08-26,1,Approved
952128,11885,Unpaid,2025-07-12,1,Approved
952129,13271,Earned,2025-05-24,1,Approved
952130,13732,Earned,2025-02-09,3,Pending
952131,14671,Earned,2025-06-18,2,Approved
952132,12274,Sick,2025-10-28,3,Approved
952133,10483,Earned,2025-01-26,1,Approved
952134,10050,Earned,2025-03-03,1,Approved
952135,11936,Earned,2025-11-19,2,Rejected
952136,13449,Casual,2025-10-08,2,Approved
952137,14713,Casual,2025-03-29,2,Approved
952138,12636,Unpaid,2025-11-13,4,Rejected
952139,13566,Earned,2025-10-05,1,Pending
952140,13932,Earned,2025-06-13,1,Pending
952141,13311,Unpaid,2025-10-11,1,Approved
952142,12300,Unpaid,2025-06-27,1,Approved
952143,13232,Earned,2025-08-03,1,Pending
952144,10123,Unpaid,2025-01-21,4,Approved
952145,12144,Earned,2025-02-22,1,Approved
952146,11111,Earned,2025-02-22,5,Approved
952147,14760,Casual,2025-06-07,3,Approved
952148,13896,Unpaid,2025-07-15,2,Approved
952149,10283,Earned,2025-08-14,2,Approved
952150,10619,Earned,2025-10-07,1,Approved
952151,10583,Sick,2025-08-26,3,Approved
952152,11527,Sick,2025-12-02,1,Approved
952153,11266,Casual,2025-09-30,2,Approved
952154,14833,Unpaid,2025-01-28,1,Approved
952155,12769,Casual,2025-06-17,1,Approved
952156,12315,Earned,2025-03-26,1,Pending
952157,13298,Casual,2025-01-30,1,Approved
952158,13032,Earned,2025-02-04,5,Approved
952159,12598,Unpaid,2025-12-03,1,Approved
952160,11075,Sick,2025-11-03,1,Approved
952161,14735,Sick,2025-04-28,2,Rejected
952162,14599,Casual,2025-10-04,1,Approved
952163,10403,Earned,2025-01-05,4,Pending
952164,13653,Earned,2025-07-07,4,Approved
952165,11015,Unpaid,2025-03-26,1,Approved
952166,10385,Sick,2025-11-20,2,Approved
952167,13143,Earned,2025-06-24,1,Approved
952168,13260,Casual,2025-09-20,2,Pending
952169,13532,Earned,2025-01-07,2,Approved
952170,13528,Casual,2025-12-28,1,Approved
952171,11107,Sick,2025-11-03,2,Pending
952172,12067,Casual,2025-10-31,2,Approved
952173,12771,Earned,2025-09-08,1,Approved
952174,13867,Unpaid,2025-05-02,2,Approved
952175,12481,Earned,2025-01-01,1,Pending
952176,12614,Sick,2025-11-14,2,Approved
952177,10330,Earned,2025-12-12,1,Approved
952178,10794,Earned,2025-12-08,2,Approved
952179,14104,Sick,2025-03-30,1,Approved
952180,10537,Casual,2025-12-18,1,Approved
952181,12171,Earned,2025-02-06,2,Approved
952182,14018,Earned,2025-03-04,5,Approved
952183,12563,Earned,2025-03-10,2,Approved
952184,11078,Earned,2025-01-30,1,Approved
952185,11767,Earned,2025-07-10,1,Approved
952186,13908,Casual,2025-06-20,2,Approved
952187,11532,Earned,2025-05-02,2,Approved
952188,10150,Earned,2025-03-07,2,Approved
952189,10168,Earned,2025-09-08,1,Approved
952190,12899,Casual,2025-06-25,2,Rejected
952191,10601,Sick,2025-07-27,2,Approved
952192,11910,Sick,2025-02-07,1,Approved
952193,11170,Earned,2025-10-30,2,Approved
952194,11267,Sick,2025-07-10,2,Approved
952195,14975,Unpaid,2025-05-02,1,Approved
952196,11212,Earned,2025-09-25,4,Approved
952197,12227,Sick,2025-11-11,3,Approved
952198,12560,Casual,2025-07-17,1,Approved
952199,14391,Casual,2025-12-20,1,Approved
952200,13675,Unpaid,2025-01-19,2,Approved
952201,12523,Sick,2025-03-12,1,Approved
952202,14456,Casual,2025-03-16,3,Approved
952203,11009,Casual,2025-09-27,1,Pending
952204,11385,Casual,2025-07-13,3,Approved
952205,10159,Sick,2025-10-04,1,Approved
952206,12015,Sick,2025-07-16,1,Approved
952207,12392,Sick,2025-03-28,4,Approved
952208,14457,Casual,2025-06-20,1,Approved
952209,10921,Unpaid,2025-05-05,2,Approved
952210,14823,Earned,2025-05-30,1,Rejected
952211,11292,Sick,2025-06-10,1,Approved
952212,10243,Sick,2025-12-06,1,Rejected
952213,12957,Sick,2025-04-20,1,Approved
952214,10592,Sick,2025-11-30,1,Approved
952215,10319,Earned,2025-09-01,1,Approved
952216,14740,Sick,2025-12-20,2,Rejected
952217,12369,Earned,2025-03-30,2,Approved
952218,10279,Sick,2025-04-06,2,Approved
952219,11473,Earned,2025-03-06,1,Approved
952220,14795,Casual,2025-05-27,2,Approved
952221,13221,Earned,2025-09-09,2,Approved
952222,11826,Earned,2025-11-25,2,Approved
952223,14327,Casual,2025-06-04,2,Approved
952224,13414,Sick,2025-08-28,4,Approved
952225,13769,Earned,2025-11-05,1,Approved
952226,10336,Earned,2025-12-26,1,Approved
952227,13602,Earned,2025-11-02,1,Approved
952228,14340,Sick,2025-08-28,2,Approved
952229,12749,Earned,2025-01-12,2,Approved
952230,12281,Casual,2025-08-11,3,Approved
952231,12654,Casual,2025-12-25,1,Approved
952232,13736,Sick,2025-09-09,2,Rejected
952233,11197,Casual,2025-12-17,2,Pending
952234,11319,Earned,2025-01-26,2,Approved
952235,13881,Earned,2025-04-16,3,Approved
952236,14633,Casual,2025-09-18,2,Approved
952237,13670,Sick,2025-10-15,3,Approved
952238,13287,Earned,2025-08-31,3,Pending
952239,13162,Casual,2025-08-18,1,Approved
952240,11234,Casual,2025-02-18,2,Approved
952241,14555,Earned,2025-04-30,1,Approved
952242,13108,Sick,2025-11-30,1,Approved
952243,11849,Casual,2025-09-16,4,Approved
952244,10636,Casual,2025-03-09,1,Approved
952245,11783,Casual,2025-05-17,4,Approved
952246,10231,Earned,2025-03-07,3,Pending
952247,10215,Sick,2025-09-14,5,Pending
952248,10171,Earned,2025-02-11,1,Approved
952249,10193,Sick,2025-04-20,1,Pending
952250,12947,Earned,2025-09-15,1,Approved
952251,13537,Earned,2025-12-19,4,Approved
952252,12577,Earned,2025-04-25,1,Approved
952253,14222,Casual,2025-03-18,1,Approved
952254,14327,Sick,2025-03-05,1,Approved
952255,12756,Earned,2025-05-02,2,Approved
952256,14101,Unpaid,2025-10-18,1,Approved
952257,10182,Earned,2025-01-26,2,Approved
952258,11337,Earned,2025-10-31,2,Approved
952259,13678,Casual,2025-03-15,2,Approved
952260,10906,Earned,2025-09-01,2,Pending
952261,13878,Casual,2025-07-13,5,Approved
952262,11667,Unpaid,2025-03-19,3,Rejected
952263,14361,Earned,2025-10-25,1,Pending
952264,11080,Unpaid,2025-10-09,1,Approved
952265,13657,Earned,2025-03-24,1,Approved
952266,14707,Earned,2025-05-04,1,Approved
952267,14707,Unpaid,2025-04-14,1,Pending
952268,12565,Sick,2025-02-03,1,Approved
952269,14104,Earned,2025-11-15,2,Approved
952270,13089,Casual,2025-06-29,1,Approved
952271,10102,Earned,2025-06-01,1,Approved
952272,11976,Earned,2025-12-23,3,Pending
952273,13129,Casual,2025-02-11,4,Approved
952274,11107,Casual,2025-04-23,1,Approved
952275,11293,Casual,2025-08-14,2,Approved
952276,10933,Earned,2025-09-25,1,Approved
952277,12350,Casual,2025-01-26,2,Approved
952278,12979,Unpaid,2025-03-14,1,Approved
952279,14476,Earned,2025-09-22,2,Approved
952280,10452,Earned,2025-11-07,3,Approved
952281,13801,Sick,2025-04-29,1,Approved
952282,12137,Sick,2025-11-16,3,Approved
952283,13761,Casual,2025-11-23,2,Approved
952284,13229,Earned,2025-08-30,3,Approved
952285,12185,Earned,2025-04-17,1,Approved
952286,10150,Unpaid,2025-02-28,2,Approved
952287,10987,Casual,2025-02-24,1,Approved
952288,11557,Sick,2025-05-15,2,Approved
952289,14784,Earned,2025-03-27,1,Approved
952290,14445,Earned,2025-05-28,1,Approved
952291,10389,Casual,2025-07-15,2,Pending
952292,12703,Casual,2025-10-21,3,Approved
952293,14421,Casual,2025-05-02,1,Approved
952294,11867,Casual,2025-01-10,2,Approved
952295,12620,Sick,2025-03-30,1,Approved
952296,10393,Casual,2025-06-30,1,Approved
952297,14027,Sick,2025-07-25,1,Approved
952298,10847,Casual,2025-10-03,2,Approved
952299,14149,Sick,2025-10-02,2,Approved
952300,13691,Sick,2025-08-11,2,Approved
952301,14391,Earned,2025-11-01,1,Approved
952302,13116,Sick,2025-11-12,1,Approved
952303,11766,Earned,2025-03-22,1,Rejected
952304,13490,Sick,2025-09-19,2,Approved
952305,12525,Casual,2025-12-31,2,Rejected
952306,11163,Earned,2025-01-13,2,Approved
952307,13734,Casual,2025-05-24,2,Approved
952308,11420,Earned,2025-07-04,4,Approved
952309,14136,Unpaid,2025-10-02,4,Approved
952310,10018,Casual,2025-08-05,2,Approved
952311,13337,Earned,2025-02-01,2,Approved
952312,11297,Sick,2025-11-12,1,Pending
952313,11045,Casual,2025-08-24,1,Rejected
952314,10031,Earned,2025-12-02,1,Approved
952315,10845,Casual,2025-10-12,1,Approved
952316,12924,Earned,2025-03-29,1,Pending
952317,10845,Earned,2025-06-16,1,Approved
952318,14690,Sick,2025-10-15,1,Approved
952319,12486,Earned,2025-05-24,3,Approved
952320,13869,Earned,2025-06-29,2,Approved
952321,14954,Earned,2025-03-26,3,Approved
952322,13589,Earned,2025-03-16,1,Rejected
952323,13962,Unpaid,2025-05-24,1,Approved
952324,11314,Earned,2025-09-09,1,Approved
952325,10505,Earned,2025-01-04,3,Pending
952326,10794,Unpaid,2025-03-14,2,Rejected
952327,11987,Earned,2025-11-14,1,Approved
952328,11755,Sick,2025-12-28,5,Pending
952329,13285,Earned,2025-03-11,1,Approved
952330,14157,Sick,2025-09-18,1,Approved
952331,13291,Casual,2025-05-28,2,Approved
952332,13707,Casual,2025-06-28,2,Pending
952333,11024,Casual,2025-09-11,2,Rejected
952334,10283,Sick,2025-08-06,3,Approved
952335,10838,Earned,2025-07-20,1,Rejected
952336,12726,Unpaid,2025-12-22,4,Approved
952337,14826,Earned,2025-10-05,2,Approved
952338,14051,Casual,2025-02-19,1,Approved
952339,10538,Earned,2025-02-05,2,Pending
952340,14392,Casual,2025-10-31,1,Approved
952341,11829,Sick,2025-10-30,2,Approved
952342,13885,Earned,2025-05-02,2,Approved
952343,13612,Casual,2025-03-18,1,Approved
952344,10844,Sick,2025-01-24,2,Approved
952345,14731,Earned,2025-07-15,2,Approved
952346,13342,Earned,2025-02-15,4,Approved
952347,10197,Sick,2025-08-24,4,Approved
952348,12078,Sick,2025-02-18,1,Approved
952349,12014,Casual,2025-05-15,2,Rejected
952350,11167,Earned,2025-10-25,5,Approved
952351,11081,Casual,2025-07-03,1,Approved
952352,12761,Casual,2025-07-12,1,Approved
952353,11096,Sick,2025-06-13,1,Approved
952354,10537,Unpaid,2025-05-25,2,Approved
952355,13367,Casual,2025-11-15,3,Rejected
952356,11374,Earned,2025-12-28,2,Rejected
952357,14376,Casual,2025-09-02,3,Approved
952358,13410,Unpaid,2025-12-05,1,Approved
952359,13257,Earned,2025-12-28,2,Approved
952360,14258,Sick,2025-05-09,3,Approved
952361,14818,Earned,2025-06-06,1,Approved
952362,13658,Earned,2025-05-04,2,Approved
952363,12997,Unpaid,2025-03-24,4,Approved
952364,11308,Casual,2025-08-12,1,Approved
952365,11695,Sick,2025-11-16,1,Approved
952366,13558,Casual,2025-07-18,2,Approved
952367,14331,Earned,2025-06-26,3,Approved
952368,14969,Sick,2025-10-30,5,Approved
952369,12152,Casual,2025-10-14,1,Approved
952370,14417,Earned,2025-08-11,2,Rejected
952371,11076,Sick,2025-01-21,2,Rejected
952372,13645,Earned,2025-07-06,1,Approved
952373,13114,Casual,2025-10-25,1,Approved
952374,11205,Earned,2025-08-07,2,Approved
952375,14079,Unpaid,2025-08-05,1,Approved
952376,12438,Sick,2025-09-01,2,Approved
952377,10259,Earned,2025-04-29,2,Approved
952378,14450,Casual,2025-12-10,2,Approved
952379,13616,Unpaid,2025-03-22,5,Pending
952380,10375,Casual,2025-08-22,1,Pending
952381,11843,Earned,2025-04-13,1,Approved
952382,11096,Earned,2025-02-10,1,Approved
952383,12486,Sick,2025-05-09,1,Approved
952384,12879,Casual,2025-11-10,1,Approved
952385,12972,Sick,2025-10-06,3,Approved
952386,13171,Unpaid,2025-02-25,1,Approved
952387,13909,Earned,2025-03-13,1,Pending
952388,12306,Casual,2025-10-14,2,Rejected
952389,10267,Casual,2025-03-25,4,Approved
952390,10535,Casual,2025-02-20,3,Approved
952391,10550,Sick,2025-06-07,1,Approved
952392,14552,Earned,2025-05-09,1,Approved
952393,14415,Unpaid,2025-03-23,1,Approved
952394,14734,Casual,2025-03-07,1,Approved
952395,10968,Casual,2025-10-15,2,Approved
952396,12342,Casual,2025-02-03,4,Approved
952397,10086,Earned,2025-08-12,3,Rejected
952398,10120,Sick,2025-07-23,3,Approved
952399,10893,Sick,2025-10-18,2,Approved
952400,12769,Sick,2025-06-11,2,Rejected
952401,10857,Sick,2025-04-04,1,Approved
952402,14327,Earned,2025-07-29,2,Approved
952403,14265,Sick,2025-06-07,1,Rejected
952404,11338,Earned,2025-02-04,2,Approved
952405,12330,Sick,2025-05-19,1,Approved
952406,13392,Casual,2025-04-04,3,Approved
952407,11379,Casual,2025-11-29,2,Approved
952408,14146,Casual,2025-05-26,2,Pending
952409,14084,Casual,2025-02-11,3,Approved
952410,13056,Sick,2025-05-12,1,Approved
952411,13152,Sick,2025-07-31,1,Pending
952412,14469,Casual,2025-02-03,1,Approved
952413,14965,Unpaid,2025-10-01,1,Approved
952414,14595,Earned,2025-09-29,2,Approved
952415,10212,Earned,2025-05-23,1,Pending
952416,11082,Unpaid,2025-04-22,2,Approved
952417,10091,Earned,2025-03-09,3,Approved
952418,13553,Casual,2025-08-04,1,Approved
952419,10065,Casual,2025-08-12,2,Pending
952420,14992,Casual,2025-04-19,5,Approved
952421,11495,Casual,2025-01-06,2,Approved
952422,13024,Casual,2025-04-14,2,Rejected
952423,13466,Earned,2025-08-22,1,Approved
952424,14575,Earned,2025-09-28,1,Approved
952425,10108,Unpaid,2025-07-05,4,Approved
952426,13798,Earned,2025-03-24,5,Approved
952427,10301,Sick,2025-04-02,1,Pending
952428,11556,Sick,2025-10-06,1,Pending
952429,12373,Earned,2025-10-28,1,Approved
952430,10150,Casual,2025-10-23,1,Approved
952431,13297,Sick,2025-02-06,3,Approved
952432,13291,Earned,2025-06-06,1,Approved
952433,11729,Unpaid,2025-01-17,2,Approved
952434,11453,Earned,2025-01-18,1,Approved
952435,13219,Sick,2025-10-29,3,Approved
952436,14625,Casual,2025-03-12,1,Approved
952437,13564,Unpaid,2025-03-14,1,Approved
952438,11526,Sick,2025-01-29,1,Approved
952439,13177,Earned,2025-10-09,1,Approved
952440,12346,Sick,2025-02-05,2,Approved
952441,12302,Casual,2025-09-17,2,Rejected
952442,13046,Earned,2025-01-30,1,Pending
952443,13559,Unpaid,2025-11-24,4,Approved
952444,12381,Casual,2025-10-30,2,Approved
952445,14956,Sick,2025-11-24,1,Approved
952446,11323,Earned,2025-08-03,1,Approved
952447,12778,Casual,2025-03-14,2,Approved
952448,10087,Earned,2025-03-01,1,Approved
952449,14574,Earned,2025-10-29,2,Approved
952450,13942,Earned,2025-04-05,1,Approved
952451,13143,Earned,2025-02-10,1,Approved
952452,11158,Casual,2025-04-29,2,Approved
952453,13994,Earned,2025-02-05,3,Rejected
952454,13333,Sick,2025-03-28,1,Approved
952455,11156,Earned,2025-10-04,2,Approved
952456,14149,Casual,2025-05-11,1,Rejected
952457,13007,Casual,2025-11-10,5,Pending
952458,14116,Sick,2025-09-11,3,Approved
952459,12359,Casual,2025-03-09,3,Approved
952460,11424,Sick,2025-05-02,4,Approved
952461,11648,Sick,2025-05-30,2,Rejected
952462,13094,Casual,2025-07-11,3,Approved
952463,11797,Casual,2025-02-06,3,Approved
952464,14568,Sick,2025-08-27,1,Approved
952465,13467,Sick,2025-11-10,5,Rejected
952466,11592,Sick,2025-01-16,2,Approved
952467,11153,Sick,2025-08-09,2,Approved
952468,10805,Earned,2025-03-09,2,Pending
952469,11522,Earned,2025-02-07,2,Approved
952470,10949,Earned,2025-02-04,1,Approved
952471,14181,Unpaid,2025-01-01,4,Approved
952472,10473,Earned,2025-07-01,1,Approved
952473,10561,Casual,2025-07-17,1,Rejected
952474,14290,Casual,2025-03-17,5,Approved
952475,11754,Earned,2025-07-02,1,Approved
952476,13336,Sick,2025-05-29,1,Approved
952477,12758,Casual,2025-02-20,3,Approved
952478,12028,Casual,2025-10-06,1,Approved
952479,13260,Sick,2025-05-17,3,Approved
952480,14338,Earned,2025-11-05,4,Approved
952481,10907,Earned,2025-09-11,1,Pending
952482,11037,Casual,2025-05-25,4,Approved
952483,13091,Sick,2025-11-02,2,Approved
952484,10208,Earned,2025-07-02,2,Approved
952485,13908,Sick,2025-12-07,1,Approved
952486,12678,Earned,2025-05-12,2,Approved
952487,11998,Earned,2025-05-06,3,Approved
952488,13521,Unpaid,2025-08-04,3,Rejected
952489,11185,Earned,2025-08-14,1,Approved
952490,11347,Earned,2025-05-26,2,Approved
952491,11579,Casual,2025-11-01,3,Approved
952492,12032,Casual,2025-06-09,4,Pending
952493,12096,Earned,2025-03-21,1,Approved
952494,10336,Sick,2025-07-02,1,Approved
952495,11308,Casual,2025-03-25,2,Approved
952496,14954,Casual,2025-05-16,4,Approved
952497,14870,Earned,2025-06-20,1,Approved
952498,10585,Sick,2025-08-30,1,Approved
952499,10405,Earned,2025-05-14,4,Approved
952500,10232,Casual,2025-06-02,1,Approved
952501,11701,Unpaid,2025-06-27,2,Approved
952502,13369,Earned,2025-09-03,1,Pending
952503,11762,Sick,2025-09-19,1,Rejected
952504,13600,Earned,2025-03-04,1,Approved
952505,13670,Sick,2025-03-13,1,Approved
952506,14081,Casual,2025-11-23,3,Approved
952507,12001,Sick,2025-07-01,2,Approved
952508,11372,Casual,2025-04-18,1,Approved
952509,10746,Earned,2025-08-28,1,Approved
952510,14690,Earned,2025-12-11,3,Approved
952511,10563,Earned,2025-12-19,1,Approved
952512,10342,Casual,2025-05-16,2,Approved
952513,13696,Earned,2025-12-06,4,Approved
952514,10306,Sick,2025-06-05,1,Approved
952515,10867,Unpaid,2025-05-26,1,Approved
952516,14644,Unpaid,2025-03-20,2,Pending
952517,10935,Earned,2025-09-29,1,Rejected
952518,12477,Earned,2025-09-22,2,Approved
952519,14838,Earned,2025-08-16,5,Approved
952520,14393,Sick,2025-08-25,2,Approved
952521,12461,Sick,2025-09-18,2,Approved
952522,10738,Earned,2025-05-23,1,Approved
952523,10052,Unpaid,2025-11-09,3,Approved
952524,10321,Unpaid,2025-05-25,1,Rejected
952525,14705,Earned,2025-05-06,3,Approved
952526,11215,Casual,2025-08-18,1,Rejected
952527,13226,Earned,2025-04-06,1,Approved
952528,10780,Unpaid,2025-06-07,2,Approved
952529,10742,Earned,2025-04-06,3,Approved
952530,12072,Earned,2025-07-14,1,Approved
952531,10138,Unpaid,2025-08-17,2,Approved
952532,14516,Unpaid,2025-11-15,4,Approved
952533,13580,Casual,2025-07-05,3,Pending
952534,10681,Earned,2025-05-20,4,Pending
952535,12207,Earned,2025-12-13,3,Approved
952536,12084,Unpaid,2025-09-28,1,Approved
952537,10176,Earned,2025-08-01,2,Approved
952538,12900,Earned,2025-03-06,1,Approved
952539,10283,Sick,2025-08-27,4,Approved
952540,14519,Earned,2025-12-09,1,Approved
952541,14634,Sick,2025-04-26,2,Approved
952542,11062,Earned,2025-05-14,2,Rejected
952543,13614,Earned,2025-06-04,1,Approved
952544,10671,Sick,2025-03-02,4,Approved
952545,13229,Sick,2025-12-01,3,Approved
952546,10076,Casual,2025-12-11,1,Approved
952547,12712,Earned,2025-06-09,1,Approved
952548,11522,Sick,2025-02-01,2,Approved
952549,13670,Sick,2025-10-28,5,Rejected
952550,14536,Earned,2025-12-01,3,Approved
952551,14864,Casual,2025-01-26,1,Approved
952552,10224,Unpaid,2025-12-11,1,Approved
952553,11230,Earned,2025-05-26,1,Rejected
952554,13963,Casual,2025-07-30,2,Approved
952555,12215,Earned,2025-11-01,1,Approved
952556,10057,Earned,2025-11-03,2,Approved
952557,12118,Casual,2025-07-31,1,Approved
952558,12878,Sick,2025-11-27,3,Approved
952559,13428,Earned,2025-01-25,1,Approved
952560,11509,Sick,2025-09-17,3,Approved
952561,12537,Sick,2025-12-16,1,Pending
952562,14182,Earned,2025-12-03,1,Approved
952563,13857,Earned,2025-08-01,1,Approved
952564,10394,Sick,2025-11-18,1,Approved
952565,13171,Sick,2025-12-01,2,Approved
952566,14637,Earned,2025-11-11,2,Approved
952567,11211,Earned,2025-12-17,2,Rejected
952568,14032,Sick,2025-04-09,2,Approved
952569,14734,Unpaid,2025-09-25,1,Approved
952570,10754,Casual,2025-01-24,1,Approved
952571,14819,Casual,2025-07-12,1,Approved
952572,14011,Earned,2025-06-19,2,Approved
952573,10476,Earned,2025-01-01,1,Pending
952574,12497,Sick,2025-11-11,2,Approved
952575,13087,Unpaid,2025-12-09,2,Approved
952576,12769,Sick,2025-09-10,1,Approved
952577,12808,Earned,2025-06-15,2,Approved
952578,12811,Sick,2025-11-24,2,Approved
952579,11640,Earned,2025-12-31,1,Approved
952580,12940,Earned,2025-01-30,3,Approved
952581,10018,Sick,2025-05-26,3,Approved
952582,12461,Unpaid,2025-10-14,1,Approved
952583,11229,Sick,2025-11-18,1,Approved
952584,12027,Unpaid,2025-07-13,1,Approved
952585,14728,Sick,2025-10-26,2,Approved
952586,13667,Earned,2025-06-26,1,Approved
952587,12401,Earned,2025-01-04,2,Approved
952588,12063,Sick,2025-04-30,3,Approved
952589,10802,Unpaid,2025-07-21,1,Approved
952590,11956,Earned,2025-06-05,2,Approved
952591,13154,Sick,2025-06-29,1,Approved
952592,10143,Earned,2025-04-08,3,Approved
952593,10453,Earned,2025-03-17,1,Approved
952594,13622,Earned,2025-07-06,1,Pending
952595,12874,Sick,2025-12-04,2,Approved
952596,13579,Casual,2025-05-05,1,Approved
952597,10122,Sick,2025-01-16,2,Approved
952598,11867,Casual,2025-08-23,1,Approved
952599,12294,Casual,2025-10-16,2,Approved
952600,12450,Earned,2025-04-26,2,Approved
952601,11301,Earned,2025-11-16,2,Approved
952602,12090,Sick,2025-06-14,2,Approved
952603,13533,Earned,2025-02-10,2,Approved
952604,14442,Casual,2025-05-25,3,Approved
952605,13260,Sick,2025-07-05,2,Approved
952606,10899,Earned,2025-10-16,2,Approved
952607,12431,Unpaid,2025-06-08,2,Approved
952608,11069,Earned,2025-02-14,4,Pending
952609,12646,Casual,2025-04-25,1,Pending
952610,12822,Sick,2025-03-10,3,Approved
952611,13009,Earned,2025-12-25,2,Approved
952612,10148,Sick,2025-01-22,1,Approved
952613,11209,Casual,2025-03-25,4,Approved
952614,12361,Sick,2025-02-05,2,Approved
952615,14745,Sick,2025-09-05,1,Rejected
952616,10911,Casual,2025-11-19,2,Approved
952617,11719,Casual,2025-03-18,2,Approved
952618,13597,Unpaid,2025-08-14,1,Approved
952619,10900,Earned,2025-05-21,1,Approved
952620,10787,Earned,2025-06-29,2,Approved
952621,12799,Earned,2025-05-29,4,Approved
952622,10557,Earned,2025-08-02,2,Approved
952623,11949,Sick,2025-09-20,2,Approved
952624,11079,Sick,2025-10-19,4,Approved
952625,10721,Earned,2025-03-03,1,Approved
952626,14506,Sick,2025-12-04,1,Approved
952627,10649,Earned,2025-08-29,2,Approved
952628,14971,Casual,2025-06-27,2,Approved
952629,13082,Earned,2025-03-09,4,Approved
952630,13240,Earned,2025-09-13,1,Approved
952631,12090,Casual,2025-02-10,1,Pending
952632,12102,Casual,2025-11-20,1,Pending
952633,11615,Earned,2025-02-16,2,Approved
952634,10322,Sick,2025-10-02,1,Approved
952635,12998,Earned,2025-06-13,2,Approved
952636,10182,Sick,2025-04-07,1,Approved
952637,11853,Sick,2025-06-11,1,Pending
952638,14020,Unpaid,2025-09-11,5,Approved
952639,11594,Earned,2025-07-11,1,Approved
952640,13999,Sick,2025-10-20,3,Approved
952641,14980,Casual,2025-12-25,2,Approved
952642,13095,Casual,2025-08-23,1,Approved
952643,11113,Casual,2025-02-08,1,Approved
952644,12531,Sick,2025-12-29,3,Pending
952645,14411,Casual,2025-05-13,1,Approved
952646,13998,Earned,2025-08-01,3,Approved
952647,11484,Sick,2025-08-21,2,Pending
952648,12412,Sick,2025-02-07,4,Approved
952649,13917,Sick,2025-04-12,2,Approved
952650,12069,Casual,2025-06-28,2,Approved
952651,12108,Earned,2025-10-13,4,Approved
952652,12794,Earned,2025-07-20,1,Approved
952653,12392,Earned,2025-12-04,2,Approved
952654,13683,Casual,2025-06-13,2,Approved
952655,13515,Earned,2025-03-09,1,Approved
952656,14641,Sick,2025-09-23,3,Approved
952657,12249,Earned,2025-02-06,3,Approved
952658,11621,Casual,2025-09-07,3,Rejected
952659,14294,Sick,2025-07-15,5,Approved
952660,11004,Casual,2025-04-11,3,Approved
952661,13038,Casual,2025-11-29,2,Approved
952662,11298,Earned,2025-01-23,1,Approved
952663,12122,Earned,2025-11-06,2,Approved
952664,13832,Casual,2025-07-13,1,Approved
952665,11102,Earned,2025-09-07,2,Rejected
952666,14282,Earned,2025-12-31,3,Approved
952667,13117,Earned,2025-10-28,1,Approved
952668,13644,Earned,2025-06-20,1,Approved
952669,11084,Unpaid,2025-04-26,1,Approved
952670,14131,Unpaid,2025-08-30,5,Pending
952671,11085,Sick,2025-06-23,1,Approved
952672,11194,Earned,2025-04-08,2,Approved
952673,14851,Earned,2025-02-19,1,Approved
952674,11840,Earned,2025-02-25,2,Approved
952675,14751,Casual,2025-03-08,1,Approved
952676,13960,Casual,2025-09-03,2,Approved
952677,11736,Sick,2025-06-04,4,Approved
952678,13792,Casual,2025-09-29,4,Approved
952679,10940,Earned,2025-05-16,1,Approved
952680,10678,Sick,2025-12-25,2,Pending
952681,10798,Casual,2025-06-20,2,Approved
952682,12627,Casual,2025-08-31,2,Approved
952683,11241,Casual,2025-07-07,2,Approved
952684,10591,Casual,2025-04-25,1,Approved
952685,12888,Unpaid,2025-01-16,1,Approved
952686,12252,Unpaid,2025-01-12,2,Approved
952687,14794,Casual,2025-02-07,1,Approved
952688,14487,Sick,2025-06-19,4,Approved
952689,14788,Casual,2025-06-02,4,Rejected
952690,13704,Unpaid,2025-05-30,4,Approved
952691,13737,Unpaid,2025-10-17,1,Approved
952692,10862,Casual,2025-07-13,1,Approved
952693,11106,Earned,2025-06-11,2,Approved
952694,14170,Earned,2025-08-31,1,Approved
952695,14648,Sick,2025-01-22,3,Approved
952696,11021,Earned,2025-02-18,1,Approved
952697,11557,Unpaid,2025-07-29,1,Approved
952698,11244,Earned,2025-03-09,1,Approved
952699,10226,Sick,2025-07-01,1,Approved
952700,10132,Earned,2025-10-02,1,Approved
952701,12017,Earned,2025-10-02,2,Approved
952702,12601,Sick,2025-06-08,2,Approved
952703,14913,Earned,2025-07-18,5,Approved
952704,11951,Casual,2025-01-17,4,Rejected
952705,12249,Casual,2025-01-23,3,Approved
952706,10546,Casual,2025-05-14,1,Pending
952707,12473,Sick,2025-04-27,1,Approved
952708,11321,Unpaid,2025-09-03,1,Approved
952709,14860,Sick,2025-07-06,2,Approved
952710,14565,Earned,2025-01-19,4,Approved
952711,14158,Sick,2025-08-16,3,Approved
952712,12629,Earned,2025-08-16,1,Approved
952713,14273,Unpaid,2025-08-21,1,Approved
952714,10330,Earned,2025-03-20,2,Approved
952715,10773,Earned,2025-04-03,3,Rejected
952716,13208,Earned,2025-02-07,4,Approved
952717,12670,Unpaid,2025-01-11,1,Approved
952718,14848,Casual,2025-09-13,3,Pending
952719,11413,Unpaid,2025-11-25,1,Approved
952720,14738,Sick,2025-11-30,4,Approved
952721,12623,Casual,2025-04-18,2,Pending
952722,12592,Unpaid,2025-10-19,1,Approved
952723,13094,Sick,2025-11-11,5,Approved
952724,11862,Casual,2025-12-28,5,Approved
952725,11788,Earned,2025-06-05,4,Approved
952726,14604,Earned,2025-09-21,2,Approved
952727,14320,Sick,2025-09-07,1,Approved
952728,14636,Casual,2025-09-05,2,Rejected
952729,12208,Earned,2025-05-01,4,Approved
952730,14521,Sick,2025-05-19,3,Approved
952731,10631,Earned,2025-09-10,2,Approved
952732,13871,Casual,2025-11-13,2,Approved
952733,13166,Earned,2025-03-14,4,Approved
952734,11214,Sick,2025-03-27,5,Approved
952735,11588,Casual,2025-09-26,2,Approved
952736,11558,Casual,2025-10-06,1,Pending
952737,12355,Sick,2025-11-28,1,Pending
952738,14933,Earned,2025-02-08,1,Approved
952739,12928,Casual,2025-10-12,1,Approved
952740,11769,Casual,2025-05-07,1,Approved
952741,14090,Sick,2025-05-19,1,Pending
952742,14884,Casual,2025-10-09,1,Approved
952743,13085,Sick,2025-02-07,3,Approved
952744,11078,Casual,2025-04-15,2,Approved
952745,14078,Casual,2025-04-24,1,Approved
952746,12691,Casual,2025-12-15,3,Approved
952747,10339,Earned,2025-06-05,2,Rejected
952748,10632,Casual,2025-02-02,1,Approved
952749,13729,Casual,2025-04-23,1,Approved
952750,10613,Earned,2025-05-21,1,Approved
952751,11181,Casual,2025-04-18,1,Approved
952752,10963,Casual,2025-02-08,1,Pending
952753,13366,Earned,2025-12-15,2,Approved
952754,10249,Sick,2025-02-03,1,Approved
952755,12981,Earned,2025-04-04,1,Approved
952756,12157,Casual,2025-03-16,1,Pending
952757,12601,Sick,2025-09-18,2,Approved
952758,11918,Sick,2025-12-28,1,Pending
952759,11597,Earned,2025-07-21,4,Approved
952760,11096,Earned,2025-10-14,2,Approved
952761,11260,Unpaid,2025-10-22,1,Approved
952762,12258,Casual,2025-06-11,3,Approved
952763,13251,Casual,2025-03-17,3,Approved
952764,11181,Earned,2025-07-23,2,Approved
952765,11380,Sick,2025-08-25,2,Approved
952766,14612,Earned,2025-12-26,4,Rejected
952767,10425,Earned,2025-05-16,1,Approved
952768,14487,Earned,2025-08-03,3,Approved
952769,14517,Earned,2025-07-13,1,Approved
952770,14543,Sick,2025-10-02,1,Approved
952771,10811,Casual,2025-07-25,2,Approved
952772,12672,Casual,2025-12-28,1,Approved
952773,11996,Sick,2025-06-07,1,Pending
952774,13676,Sick,2025-07-18,1,Approved
952775,13437,Casual,2025-08-26,3,Approved
952776,12067,Unpaid,2025-05-29,1,Pending
952777,13188,Casual,2025-10-06,1,Pending
952778,11957,Casual,2025-04-18,1,Pending
952779,13559,Casual,2025-09-17,2,Approved
952780,14173,Earned,2025-04-27,1,Approved
952781,12765,Sick,2025-12-03,4,Approved
952782,11253,Earned,2025-01-09,5,Pending
952783,10337,Unpaid,2025-02-12,1,Approved
952784,11802,Casual,2025-05-26,2,Approved
952785,14010,Casual,2025-05-24,3,Approved
952786,14647,Sick,2025-12-07,2,Approved
952787,11984,Casual,2025-08-07,1,Pending
952788,12449,Earned,2025-11-17,1,Approved
952789,14305,Casual,2025-04-22,2,Approved
952790,11658,Earned,2025-10-24,2,Approved
952791,12101,Sick,2025-10-20,2,Approved
952792,11628,Sick,2025-05-15,2,Pending
952793,14654,Earned,2025-09-16,4,Approved
952794,11113,Sick,2025-10-23,2,Approved
952795,13833,Casual,2025-06-13,1,Approved
952796,14225,Sick,2025-04-17,2,Rejected
952797,10243,Earned,2025-04-29,2,Approved
952798,14643,Earned,2025-02-25,1,Approved
952799,11982,Sick,2025-06-25,3,Approved
952800,10728,Unpaid,2025-10-02,2,Approved
952801,14082,Earned,2025-11-16,1,Approved
952802,13023,Sick,2025-08-26,5,Approved
952803,11004,Earned,2025-09-27,2,Approved
952804,13206,Sick,2025-06-19,1,Approved
952805,11333,Earned,2025-10-20,1,Approved
952806,10252,Casual,2025-01-25,3,Approved
952807,13930,Sick,2025-02-05,1,Approved
952808,12671,Casual,2025-10-03,4,Approved
952809,12497,Casual,2025-05-12,1,Rejected
952810,12790,Earned,2025-06-13,4,Approved
952811,14699,Sick,2025-05-03,2,Approved
952812,12590,Casual,2025-12-29,2,Approved
952813,11725,Earned,2025-05-24,3,Approved
952814,12128,Casual,2025-08-25,4,Pending
952815,12354,Sick,2025-09-30,2,Approved
952816,14825,Earned,2025-09-25,1,Approved
952817,10876,Sick,2025-12-14,1,Approved
952818,10749,Earned,2025-12-25,2,Approved
952819,10101,Earned,2025-05-27,2,Approved
952820,14342,Unpaid,2025-12-08,3,Pending
952821,11600,Casual,2025-07-03,2,Pending
952822,10096,Casual,2025-08-15,1,Rejected
952823,13631,Earned,2025-12-07,2,Approved
952824,11817,Sick,2025-08-09,1,Approved
952825,12828,Earned,2025-03-17,1,Approved
952826,13522,Unpaid,2025-09-26,5,Pending
952827,14743,Casual,2025-12-08,5,Approved
952828,10624,Earned,2025-12-23,5,Pending
952829,10198,Casual,2025-04-03,1,Approved
952830,11762,Earned,2025-10-26,1,Approved
952831,14061,Casual,2025-12-18,5,Approved
952832,10150,Earned,2025-04-02,2,Approved
952833,12037,Earned,2025-04-24,1,Approved
952834,14303,Casual,2025-10-10,2,Approved
952835,10712,Earned,2025-10-03,3,Approved
952836,11948,Unpaid,2025-01-09,2,Approved
952837,12233,Earned,2025-03-08,1,Pending
952838,12463,Sick,2025-06-01,1,Approved
952839,13315,Earned,2025-05-09,2,Rejected
952840,11152,Earned,2025-10-22,1,Approved
952841,14328,Casual,2025-04-07,1,Approved
952842,13935,Sick,2025-10-11,1,Approved
952843,13018,Casual,2025-07-23,2,Pending
952844,14322,Casual,2025-05-10,1,Approved
952845,11035,Earned,2025-05-30,1,Pending
952846,12777,Sick,2025-08-19,5,Approved
952847,11032,Sick,2025-12-01,1,Approved
952848,12921,Earned,2025-12-03,3,Pending
952849,11088,Sick,2025-11-24,2,Approved
952850,12439,Sick,2025-08-09,1,Approved
952851,13704,Casual,2025-01-30,1,Rejected
952852,11603,Casual,2025-08-14,3,Approved
952853,11698,Earned,2025-08-26,1,Pending
952854,12056,Casual,2025-04-03,2,Approved
952855,11075,Casual,2025-01-21,2,Approved
952856,13187,Earned,2025-01-07,1,Approved
952857,10113,Unpaid,2025-04-24,1,Pending
952858,14440,Earned,2025-05-05,1,Approved
952859,13265,Earned,2025-10-03,3,Approved
952860,12303,Earned,2025-03-01,1,Approved
952861,11921,Earned,2025-11-19,3,Approved
952862,12693,Earned,2025-08-05,1,Approved
952863,11972,Earned,2025-05-06,4,Approved
952864,10644,Sick,2025-05-26,1,Approved
952865,12013,Earned,2025-04-22,1,Approved
952866,11936,Casual,2025-07-03,3,Approved
952867,11040,Sick,2025-12-26,4,Approved
952868,10267,Earned,2025-07-13,1,Approved
952869,13809,Earned,2025-01-21,1,Approved
952870,13697,Sick,2025-11-14,3,Approved
952871,13943,Earned,2025-07-07,1,Rejected
952872,10295,Earned,2025-10-24,4,Approved
952873,14638,Sick,2025-05-17,3,Approved
952874,11093,Earned,2025-01-03,2,Approved
952875,11721,Earned,2025-10-05,2,Pending
952876,11290,Casual,2025-07-22,2,Rejected
952877,11970,Casual,2025-11-27,2,Approved
952878,10457,Casual,2025-12-17,2,Approved
952879,13560,Casual,2025-05-19,2,Approved
952880,10461,Sick,2025-01-24,2,Approved
952881,13903,Sick,2025-10-01,1,Approved
952882,12746,Earned,2025-09-23,1,Approved
952883,11104,Casual,2025-07-21,1,Approved
952884,14306,Sick,2025-03-31,1,Approved
952885,11832,Earned,2025-11-25,2,Approved
952886,14867,Earned,2025-12-02,3,Approved
952887,12969,Casual,2025-01-12,2,Approved
952888,14246,Unpaid,2025-10-21,1,Rejected
952889,12635,Casual,2025-06-26,3,Pending
952890,11953,Sick,2025-10-08,4,Approved
952891,13341,Casual,2025-01-05,1,Approved
952892,11913,Casual,2025-10-20,2,Approved
952893,13911,Earned,2025-04-13,2,Approved
952894,10320,Casual,2025-12-16,4,Approved
952895,10442,Unpaid,2025-12-12,3,Approved
952896,11989,Casual,2025-02-16,1,Pending
952897,11670,Unpaid,2025-08-27,5,Approved
952898,11920,Casual,2025-04-15,4,Approved
952899,10161,Casual,2025-03-16,1,Approved
952900,14981,Casual,2025-03-15,5,Approved
952901,10429,Casual,2025-11-03,1,Approved
952902,14490,Earned,2025-10-15,3,Approved
952903,11103,Earned,2025-05-23,2,Approved
952904,13584,Casual,2025-07-21,1,Approved
952905,12238,Casual,2025-06-29,1,Approved
952906,11422,Casual,2025-12-17,1,Rejected
952907,10166,Casual,2025-10-12,1,Rejected
952908,13023,Casual,2025-06-28,4,Approved
952909,14293,Casual,2025-05-13,2,Approved
952910,14079,Earned,2025-03-23,1,Approved
952911,14986,Casual,2025-07-30,2,Approved
952912,10216,Sick,2025-05-02,2,Pending
952913,14973,Sick,2025-04-14,3,Approved
952914,11773,Casual,2025-06-06,1,Approved
952915,11486,Unpaid,2025-05-04,1,Approved
952916,10740,Casual,2025-01-17,4,Rejected
952917,11149,Unpaid,2025-11-27,1,Rejected
952918,12311,Casual,2025-06-26,1,Approved
952919,10800,Sick,2025-06-29,3,Pending
952920,10606,Sick,2025-09-13,1,Approved
952921,12539,Unpaid,2025-08-03,1,Approved
952922,10472,Earned,2025-08-13,3,Approved
952923,10204,Earned,2025-05-21,1,Approved
952924,11465,Sick,2025-09-28,2,Approved
952925,10068,Earned,2025-07-20,1,Approved
952926,11839,Sick,2025-10-01,2,Rejected
952927,12196,Casual,2025-04-25,1,Pending
952928,14221,Casual,2025-05-02,2,Approved
952929,11655,Earned,2025-12-20,2,Approved
952930,13186,Sick,2025-02-04,1,Rejected
952931,11138,Unpaid,2025-03-02,2,Approved
952932,14509,Sick,2025-11-29,3,Approved
952933,11797,Earned,2025-09-26,1,Approved
952934,12660,Earned,2025-10-26,1,Approved
952935,10699,Casual,2025-12-30,2,Approved
952936,11802,Sick,2025-08-29,1,Approved
952937,11701,Sick,2025-05-16,1,Approved
952938,14713,Casual,2025-03-13,1,Approved
952939,13948,Earned,2025-07-29,4,Approved
952940,11633,Casual,2025-05-24,2,Pending
952941,12267,Sick,2025-11-05,1,Pending
952942,13392,Sick,2025-02-27,1,Approved
952943,13481,Sick,2025-10-11,5,Approved
952944,10763,Casual,2025-05-26,4,Approved
952945,14532,Earned,2025-05-31,1,Approved
952946,10951,Casual,2025-07-28,1,Approved
952947,13769,Earned,2025-10-02,2,Rejected
952948,12933,Earned,2025-08-10,2,Pending
952949,10079,Casual,2025-08-27,2,Approved
952950,13022,Sick,2025-01-19,5,Approved
952951,10590,Casual,2025-02-16,1,Approved
952952,10201,Earned,2025-02-23,1,Rejected
952953,14025,Sick,2025-05-23,3,Approved
952954,14855,Casual,2025-03-17,1,Approved
952955,13114,Casual,2025-06-21,1,Approved
952956,13038,Sick,2025-04-07,1,Approved
952957,14861,Earned,2025-06-25,3,Approved
952958,10136,Earned,2025-09-04,1,Approved
952959,12533,Unpaid,2025-06-01,2,Approved
952960,14350,Earned,2025-07-05,2,Pending
952961,10304,Sick,2025-09-08,1,Pending
952962,10948,Sick,2025-05-04,1,Approved
952963,12392,Casual,2025-08-10,1,Pending
952964,13480,Casual,2025-08-17,3,Approved
952965,11275,Earned,2025-11-05,1,Approved
952966,14957,Earned,2025-11-03,4,Approved
952967,14135,Sick,2025-05-26,1,Approved
952968,13136,Sick,2025-09-30,5,Approved
952969,13205,Earned,2025-06-27,4,Approved
952970,12285,Sick,2025-04-25,3,Approved
952971,14713,Sick,2025-06-20,2,Approved
952972,13737,Casual,2025-05-23,2,Approved
952973,10352,Casual,2025-01-30,1,Approved
952974,11709,Sick,2025-05-26,1,Approved
952975,14118,Sick,2025-02-27,1,Approved
952976,13205,Casual,2025-09-28,1,Approved
952977,12523,Unpaid,2025-08-16,1,Approved
952978,12620,Sick,2025-03-18,1,Approved
952979,11474,Earned,2025-02-01,3,Approved
952980,14711,Casual,2025-08-19,1,Approved
952981,11402,Casual,2025-11-20,1,Approved
952982,14965,Earned,2025-12-20,4,Approved
952983,14955,Earned,2025-09-23,1,Approved
952984,12416,Casual,2025-04-29,2,Approved
952985,13471,Earned,2025-04-25,5,Approved
952986,13157,Unpaid,2025-04-01,5,Approved
952987,12306,Casual,2025-08-14,1,Approved
952988,14473,Earned,2025-09-28,1,Approved
952989,12088,Earned,2025-02-01,4,Pending
952990,14595,Casual,2025-10-03,4,Approved
952991,13369,Earned,2025-02-22,1,Approved
952992,10850,Sick,2025-06-14,3,Approved
952993,12862,Casual,2025-05-16,2,Approved
952994,12646,Casual,2025-07-05,1,Approved
952995,12221,Unpaid,2025-02-03,1,Approved
952996,13863,Sick,2025-11-29,1,Approved
952997,12751,Casual,2025-05-04,2,Approved
952998,10364,Casual,2025-08-31,1,Approved
952999,12663,Casual,2025-05-11,3,Approved
953000,11644,Earned,2025-11-22,2,Rejected
953001,10842,Earned,2025-03-23,1,Approved
953002,13568,Earned,2025-02-07,4,Approved
953003,11224,Casual,2025-04-07,1,Approved
953004,10406,Sick,2025-05-12,1,Approved
953005,11687,Casual,2025-01-22,3,Approved
953006,14346,Casual,2025-05-28,1,Rejected
953007,13243,Casual,2025-01-17,4,Approved
953008,12066,Casual,2025-07-02,1,Approved
953009,12703,Casual,2025-01-22,1,Approved
953010,13971,Sick,2025-02-01,2,Approved
953011,13079,Sick,2025-09-04,1,Rejected
953012,12665,Earned,2025-11-25,3,Approved
953013,14082,Casual,2025-03-01,3,Rejected
953014,12941,Casual,2025-04-24,3,Approved
953015,11535,Sick,2025-09-01,1,Approved
953016,14503,Earned,2025-10-22,1,Rejected
953017,10935,Unpaid,2025-05-16,3,Approved
953018,14828,Earned,2025-08-14,4,Approved
953019,10975,Casual,2025-01-21,1,Approved
953020,12991,Earned,2025-08-01,2,Approved
953021,11930,Sick,2025-11-09,3,Approved
953022,10818,Casual,2025-04-21,3,Rejected
953023,13721,Earned,2025-05-02,1,Approved
953024,11249,Earned,2025-06-17,1,Rejected
953025,13288,Sick,2025-10-14,1,Pending
953026,13112,Sick,2025-06-11,2,Approved
953027,12199,Earned,2025-01-02,1,Approved
953028,11110,Unpaid,2025-12-30,4,Approved
953029,14505,Earned,2025-10-11,1,Pending
953030,11087,Casual,2025-07-29,2,Approved
953031,14229,Earned,2025-04-20,1,Approved
953032,11859,Earned,2025-04-29,2,Rejected
953033,10365,Casual,2025-10-16,1,Approved
953034,14886,Casual,2025-11-07,2,Rejected
953035,10187,Earned,2025-10-15,4,Approved
953036,10057,Casual,2025-05-07,3,Approved
953037,11335,Casual,2025-05-31,1,Rejected
953038,12784,Unpaid,2025-08-10,1,Approved
953039,14626,Casual,2025-02-07,2,Approved
953040,11435,Casual,2025-10-11,1,Approved
953041,10232,Casual,2025-04-12,2,Approved
953042,10042,Earned,2025-06-03,2,Approved
953043,12749,Earned,2025-08-14,1,Approved
953044,10472,Earned,2025-09-07,1,Approved
953045,12188,Casual,2025-12-22,3,Approved
953046,13435,Casual,2025-06-13,5,Pending
953047,13883,Earned,2025-07-26,1,Approved
953048,14820,Sick,2025-05-25,1,Rejected
953049,13968,Earned,2025-07-24,1,Approved
953050,12429,Unpaid,2025-11-10,5,Rejected
953051,14829,Casual,2025-09-11,5,Approved
953052,14544,Earned,2025-09-12,1,Approved
953053,10775,Earned,2025-09-22,1,Approved
953054,11571,Earned,2025-09-27,1,Approved
953055,13641,Earned,2025-10-23,2,Rejected
953056,10780,Earned,2025-05-08,1,Pending
953057,12208,Casual,2025-10-11,4,Approved
953058,13868,Casual,2025-05-23,1,Approved
953059,14063,Casual,2025-07-28,2,Rejected
953060,12623,Casual,2025-10-09,3,Approved
953061,13762,Sick,2025-03-16,1,Approved
953062,14511,Earned,2025-01-29,1,Approved
953063,12649,Sick,2025-06-16,2,Approved
953064,12796,Earned,2025-06-22,2,Rejected
953065,10230,Sick,2025-05-16,2,Approved
953066,12992,Sick,2025-01-05,2,Approved
953067,11951,Earned,2025-04-28,3,Approved
953068,12208,Earned,2025-10-08,4,Approved
953069,10765,Earned,2025-01-09,3,Approved
953070,13849,Casual,2025-02-15,3,Approved
953071,11469,Casual,2025-02-20,1,Rejected
953072,10457,Earned,2025-11-24,1,Approved
953073,14531,Sick,2025-08-29,1,Approved
953074,14973,Earned,2025-06-23,1,Approved
953075,11438,Sick,2025-03-23,2,Approved
953076,13567,Earned,2025-03-16,2,Approved
953077,14882,Casual,2025-03-25,1,Rejected
953078,14860,Sick,2025-06-04,5,Approved
953079,12539,Sick,2025-10-20,3,Approved
953080,12342,Casual,2025-12-02,3,Approved
953081,14751,Earned,2025-04-24,2,Approved
953082,12732,Earned,2025-05-13,1,Approved
953083,10895,Casual,2025-06-26,1,Approved
953084,14375,Earned,2025-02-19,1,Rejected
953085,14262,Earned,2025-11-15,3,Pending
953086,11883,Earned,2025-09-22,1,Approved
953087,14916,Sick,2025-03-19,1,Approved
953088,13919,Sick,2025-10-06,4,Approved
953089,10743,Sick,2025-02-28,3,Approved
953090,12674,Earned,2025-03-28,1,Approved
953091,11772,Sick,2025-08-02,1,Rejected
953092,12388,Casual,2025-06-01,1,Approved
953093,14646,Sick,2025-07-21,1,Approved
953094,11921,Earned,2025-02-07,2,Approved
953095,14981,Sick,2025-12-31,2,Approved
953096,11773,Earned,2025-06-30,2,Approved
953097,12779,Earned,2025-11-30,2,Approved
953098,13654,Casual,2025-01-22,3,Approved
953099,12539,Sick,2025-12-26,1,Approved
953100,13714,Sick,2025-11-25,1,Approved
953101,10867,Sick,2025-02-27,3,Approved
953102,10519,Sick,2025-04-13,3,Approved
953103,10531,Earned,2025-04-23,3,Approved
953104,12926,Casual,2025-01-08,1,Approved
953105,11647,Casual,2025-12-20,1,Pending
953106,10395,Earned,2025-06-15,1,Approved
953107,12960,Unpaid,2025-10-09,4,Pending
953108,12568,Unpaid,2025-10-18,1,Approved
953109,13357,Earned,2025-10-23,2,Approved
953110,13415,Earned,2025-03-02,2,Approved
953111,13407,Earned,2025-12-26,1,Approved
953112,12024,Earned,2025-02-01,3,Approved
953113,12106,Earned,2025-01-26,1,Approved
953114,13714,Earned,2025-05-02,1,Approved
953115,12528,Earned,2025-02-18,1,Approved
953116,10622,Casual,2025-02-15,1,Approved
953117,13147,Casual,2025-02-13,3,Approved
953118,10696,Earned,2025-06-16,1,Approved
953119,11941,Unpaid,2025-07-20,2,Rejected
953120,14582,Earned,2025-03-24,2,Rejected
953121,14604,Sick,2025-11-07,1,Approved
953122,13970,Earned,2025-12-17,1,Approved
953123,12710,Earned,2025-03-04,3,Approved
953124,12871,Sick,2025-09-15,4,Approved
953125,11206,Casual,2025-08-30,1,Approved
953126,14138,Sick,2025-04-30,1,Approved
953127,10234,Sick,2025-08-22,5,Approved
953128,13258,Earned,2025-09-07,2,Approved
953129,13830,Earned,2025-12-28,1,Approved
953130,13729,Earned,2025-06-24,1,Approved
953131,11027,Sick,2025-02-13,2,Rejected
953132,14245,Casual,2025-03-12,2,Approved
953133,11984,Sick,2025-11-17,3,Approved
953134,13090,Earned,2025-02-03,1,Approved
953135,12389,Earned,2025-05-26,5,Approved
953136,13909,Casual,2025-03-28,3,Approved
953137,13904,Unpaid,2025-08-13,4,Approved
953138,12872,Earned,2025-04-26,1,Approved
953139,13079,Casual,2025-09-11,3,Approved
953140,12776,Earned,2025-05-27,2,Approved
953141,10594,Casual,2025-11-28,1,Approved
953142,13988,Earned,2025-12-15,3,Rejected
953143,10339,Earned,2025-04-05,3,Approved
953144,13657,Earned,2025-11-14,2,Approved
953145,13115,Unpaid,2025-01-25,5,Pending
953146,11797,Casual,2025-06-25,2,Pending
953147,14023,Earned,2025-09-13,2,Approved
953148,12559,Casual,2025-06-27,2,Approved
953149,10879,Casual,2025-05-04,2,Approved
953150,14798,Casual,2025-09-23,4,Approved
953151,11784,Casual,2025-02-07,4,Pending
953152,11612,Earned,2025-06-06,2,Approved
953153,14746,Casual,2025-11-05,3,Approved
953154,11123,Earned,2025-09-17,1,Approved
953155,11130,Earned,2025-08-24,5,Approved
953156,10125,Earned,2025-12-26,2,Pending
953157,12847,Casual,2025-02-11,4,Rejected
953158,14958,Earned,2025-01-07,2,Approved
953159,13276,Earned,2025-04-24,1,Approved
953160,14372,Earned,2025-10-18,1,Approved
953161,12419,Earned,2025-01-25,2,Approved
953162,11483,Unpaid,2025-01-16,2,Rejected
953163,14772,Sick,2025-11-03,3,Pending
953164,12377,Casual,2025-01-15,1,Approved
953165,11414,Earned,2025-12-27,4,Approved
953166,10644,Casual,2025-03-13,1,Approved
953167,13924,Sick,2025-06-18,3,Pending
953168,14470,Earned,2025-01-19,2,Approved
953169,12786,Earned,2025-02-25,3,Approved
953170,11460,Earned,2025-03-06,2,Rejected
953171,12787,Unpaid,2025-12-02,3,Approved
953172,13327,Unpaid,2025-08-25,2,Approved
953173,11328,Casual,2025-10-22,2,Approved
953174,13995,Unpaid,2025-08-19,1,Rejected
953175,10489,Unpaid,2025-01-22,3,Approved
953176,11654,Unpaid,2025-09-04,1,Pending
953177,12733,Earned,2025-10-10,2,Approved
953178,10863,Earned,2025-05-20,1,Pending
953179,13780,Sick,2025-11-26,5,Approved
953180,12963,Sick,2025-11-21,1,Approved
953181,14649,Earned,2025-03-09,2,Approved
953182,13564,Earned,2025-05-13,3,Approved
953183,13354,Casual,2025-09-06,5,Approved
953184,14954,Earned,2025-11-11,1,Approved
953185,11882,Sick,2025-07-17,3,Approved
953186,12644,Earned,2025-05-18,1,Rejected
953187,12770,Earned,2025-01-22,1,Rejected
953188,12125,Earned,2025-05-14,2,Approved
953189,14836,Casual,2025-12-04,1,Approved
953190,11519,Earned,2025-11-18,2,Approved
953191,14417,Earned,2025-02-06,2,Approved
953192,10080,Earned,2025-07-24,1,Approved
953193,11369,Sick,2025-04-18,1,Pending
953194,13292,Casual,2025-08-22,1,Approved
953195,14871,Unpaid,2025-09-06,2,Approved
953196,11112,Casual,2025-03-02,2,Approved
953197,10504,Sick,2025-12-11,1,Approved
953198,14578,Sick,2025-04-30,1,Pending
953199,10078,Sick,2025-11-06,2,Approved
953200,12487,Sick,2025-10-17,1,Approved
953201,11101,Earned,2025-04-20,3,Approved
953202,13825,Earned,2025-11-02,2,Approved
953203,10259,Casual,2025-05-27,1,Pending
953204,10488,Earned,2025-03-11,1,Approved
953205,12160,Earned,2025-01-11,4,Approved
953206,10391,Casual,2025-02-10,2,Pending
953207,12673,Earned,2025-10-22,3,Approved
953208,12533,Sick,2025-08-03,3,Approved
953209,14999,Sick,2025-11-04,2,Approved
953210,12495,Unpaid,2025-08-06,1,Approved
953211,14582,Casual,2025-09-03,2,Approved
953212,12611,Casual,2025-09-04,1,Rejected
953213,11372,Earned,2025-04-27,2,Approved
953214,14908,Sick,2025-11-26,1,Approved
953215,14482,Sick,2025-11-14,5,Approved
953216,14270,Earned,2025-09-13,4,Approved
953217,13867,Sick,2025-01-09,3,Pending
953218,14101,Sick,2025-01-18,1,Approved
953219,13806,Earned,2025-04-07,2,Approved
953220,12641,Earned,2025-03-06,3,Approved
953221,14032,Casual,2025-10-10,2,Approved
953222,12901,Earned,2025-11-20,3,Approved
953223,14426,Earned,2025-01-27,2,Pending
953224,11208,Casual,2025-09-11,2,Approved
953225,14629,Sick,2025-04-18,2,Approved
953226,11282,Sick,2025-09-13,1,Approved
953227,10943,Casual,2025-03-23,4,Approved
953228,13028,Sick,2025-06-21,1,Approved
953229,12086,Earned,2025-07-09,1,Approved
953230,12249,Unpaid,2025-09-28,2,Approved
953231,14115,Earned,2025-12-17,4,Approved
953232,12714,Casual,2025-01-12,1,Approved
953233,11564,Casual,2025-11-30,1,Rejected
953234,10553,Sick,2025-04-11,2,Approved
953235,11109,Unpaid,2025-12-31,3,Approved
953236,12053,Casual,2025-01-18,2,Approved
953237,11896,Sick,2025-08-01,2,Approved
953238,13774,Unpaid,2025-06-18,4,Approved
953239,11522,Sick,2025-05-16,2,Approved
953240,12672,Unpaid,2025-03-05,1,Approved
953241,11055,Earned,2025-08-06,1,Approved
953242,10407,Casual,2025-04-29,2,Approved
953243,11227,Casual,2025-01-13,1,Approved
953244,12780,Casual,2025-01-10,1,Rejected
953245,12494,Sick,2025-09-14,1,Approved
953246,10522,Earned,2025-06-05,4,Approved
953247,10861,Casual,2025-01-21,1,Approved
953248,13788,Casual,2025-12-08,2,Approved
953249,10276,Casual,2025-03-21,3,Approved
953250,12937,Unpaid,2025-06-10,2,Approved
953251,10035,Casual,2025-03-16,3,Approved
953252,13405,Earned,2025-02-08,4,Approved
953253,12868,Sick,2025-08-15,1,Approved
953254,14111,Earned,2025-11-01,1,Rejected
953255,13870,Sick,2025-07-19,1,Approved
953256,10042,Casual,2025-10-14,4,Rejected
953257,10775,Casual,2025-11-17,2,Approved
953258,12088,Sick,2025-09-08,3,Approved
953259,12361,Casual,2025-03-14,4,Pending
953260,11272,Earned,2025-03-21,1,Approved
953261,11960,Casual,2025-12-11,1,Approved
953262,11451,Sick,2025-01-19,1,Approved
953263,14517,Earned,2025-04-23,5,Approved
953264,14327,Sick,2025-08-05,1,Pending
953265,10722,Sick,2025-04-05,2,Rejected
953266,13407,Sick,2025-10-31,1,Approved
953267,10206,Sick,2025-01-27,2,Approved
953268,13457,Earned,2025-06-17,3,Approved
953269,10283,Casual,2025-03-26,2,Pending
953270,11304,Sick,2025-06-18,2,Rejected
953271,14155,Sick,2025-06-22,1,Approved
953272,11849,Sick,2025-08-23,2,Pending
953273,13644,Earned,2025-07-18,1,Approved
953274,11009,Unpaid,2025-02-22,1,Approved
953275,12503,Casual,2025-11-19,1,Approved
953276,13633,Casual,2025-11-29,1,Pending
953277,14003,Sick,2025-12-22,1,Pending
953278,13405,Earned,2025-09-01,1,Pending
953279,13316,Unpaid,2025-11-02,1,Approved
953280,12450,Casual,2025-10-22,1,Approved
953281,13655,Sick,2025-08-29,2,Approved
953282,11976,Earned,2025-11-15,2,Approved
953283,10643,Sick,2025-11-14,1,Approved
953284,11108,Sick,2025-08-14,1,Approved
953285,10075,Sick,2025-02-22,2,Rejected
953286,12074,Earned,2025-04-16,1,Approved
953287,10696,Earned,2025-08-13,2,Approved
953288,10018,Unpaid,2025-11-13,3,Approved
953289,13780,Casual,2025-06-14,1,Approved
953290,14953,Sick,2025-09-05,3,Approved
953291,13440,Sick,2025-06-29,2,Approved
953292,11159,Earned,2025-01-02,1,Approved
953293,11936,Earned,2025-05-23,2,Approved
953294,12383,Casual,2025-03-27,3,Approved
953295,14657,Earned,2025-04-19,3,Approved
953296,10978,Earned,2025-05-09,2,Approved
953297,12440,Sick,2025-06-08,1,Approved
953298,14060,Earned,2025-01-17,1,Approved
953299,11690,Casual,2025-08-29,1,Approved
953300,13060,Earned,2025-04-18,1,Approved
953301,11498,Sick,2025-02-18,1,Approved
953302,12222,Earned,2025-12-08,2,Rejected
953303,10518,Casual,2025-03-11,1,Approved
953304,12212,Earned,2025-08-10,2,Approved
953305,10681,Earned,2025-06-09,2,Approved
953306,12762,Casual,2025-08-16,2,Approved
953307,14151,Sick,2025-10-28,1,Approved
953308,12179,Earned,2025-12-05,1,Approved
953309,10959,Sick,2025-11-18,1,Approved
953310,11681,Unpaid,2025-11-04,3,Rejected
953311,14664,Casual,2025-08-20,3,Approved
953312,14124,Casual,2025-01-24,1,Approved
953313,14225,Earned,2025-12-26,2,Approved
953314,13435,Casual,2025-02-04,3,Pending
953315,12840,Earned,2025-06-16,1,Pending
953316,11021,Sick,2025-11-11,2,Approved
953317,11762,Casual,2025-07-02,3,Pending
953318,14396,Sick,2025-03-25,1,Approved
953319,11590,Unpaid,2025-12-27,1,Pending
953320,10213,Earned,2025-10-11,4,Approved
953321,10545,Sick,2025-04-19,1,Rejected
953322,14267,Sick,2025-12-10,1,Rejected
953323,14809,Earned,2025-10-25,2,Approved
953324,14560,Earned,2025-02-25,3,Approved
953325,10865,Casual,2025-05-10,5,Approved
953326,14647,Earned,2025-06-19,2,Approved
953327,13302,Sick,2025-01-04,1,Approved
953328,14860,Casual,2025-03-25,1,Rejected
953329,10530,Earned,2025-02-15,2,Approved
953330,12229,Unpaid,2025-03-19,5,Rejected
953331,11557,Earned,2025-05-07,5,Approved
953332,10044,Earned,2025-02-07,2,Approved
953333,13786,Earned,2025-05-19,1,Approved
953334,12365,Earned,2025-02-01,1,Rejected
953335,12054,Sick,2025-12-30,4,Approved
953336,11279,Casual,2025-03-06,2,Approved
953337,12461,Earned,2025-03-15,1,Approved
953338,12193,Earned,2025-10-19,2,Approved
953339,10215,Earned,2025-11-28,2,Approved
953340,10267,Earned,2025-10-10,3,Approved
953341,13931,Casual,2025-12-06,1,Pending
953342,11888,Casual,2025-06-12,3,Approved
953343,11355,Sick,2025-08-29,1,Approved
953344,13899,Casual,2025-02-20,1,Approved
953345,10989,Earned,2025-05-30,2,Approved
953346,10617,Casual,2025-11-07,3,Approved
953347,12818,Casual,2025-05-13,3,Approved
953348,11432,Earned,2025-07-13,1,Approved
953349,13687,Sick,2025-01-11,2,Approved
953350,11702,Earned,2025-03-11,1,Approved
953351,12637,Casual,2025-06-25,2,Pending
953352,14650,Casual,2025-08-03,2,Approved
953353,13590,Sick,2025-01-24,1,Approved
953354,14665,Casual,2025-08-13,4,Approved
953355,10992,Earned,2025-08-29,2,Approved
953356,13950,Earned,2025-12-12,1,Pending
953357,12865,Sick,2025-04-01,2,Approved
953358,10035,Casual,2025-09-16,3,Approved
953359,10548,Earned,2025-05-24,1,Approved
953360,14897,Earned,2025-02-05,4,Approved
953361,10794,Casual,2025-06-10,1,Approved
953362,13867,Casual,2025-07-15,2,Approved
953363,14686,Unpaid,2025-08-08,2,Approved
953364,10117,Earned,2025-03-15,3,Approved
953365,11781,Casual,2025-04-28,1,Approved
953366,13272,Earned,2025-05-23,3,Pending
953367,11184,Casual,2025-11-10,2,Approved
953368,11432,Earned,2025-03-22,3,Pending
953369,10981,Earned,2025-04-05,2,Pending
953370,12085,Sick,2025-08-01,3,Approved
953371,14924,Sick,2025-09-01,3,Rejected
953372,13285,Unpaid,2025-01-10,1,Approved
953373,13432,Earned,2025-08-02,5,Approved
953374,12541,Earned,2025-01-12,5,Approved
953375,11316,Casual,2025-06-08,5,Approved
953376,11903,Sick,2025-12-21,1,Approved
953377,13452,Earned,2025-01-05,3,Approved
953378,12412,Earned,2025-09-24,2,Approved
953379,14154,Earned,2025-06-24,5,Approved
953380,11009,Sick,2025-02-23,2,Approved
953381,13881,Earned,2025-06-13,2,Approved
953382,14765,Sick,2025-12-01,1,Approved
953383,12669,Casual,2025-11-23,1,Approved
953384,10393,Earned,2025-04-27,2,Approved
953385,10927,Earned,2025-09-05,1,Pending
953386,10268,Casual,2025-08-12,1,Approved
953387,11577,Sick,2025-06-13,3,Approved
953388,12267,Casual,2025-01-11,5,Approved
953389,14815,Sick,2025-03-19,5,Approved
953390,13557,Earned,2025-10-12,2,Pending
953391,10259,Earned,2025-04-29,2,Approved
953392,12107,Sick,2025-10-19,1,Rejected
953393,14865,Sick,2025-05-13,1,Approved
953394,11389,Casual,2025-03-02,2,Approved
953395,13847,Sick,2025-07-02,1,Approved
953396,10873,Earned,2025-02-02,4,Approved
953397,10866,Earned,2025-05-23,1,Approved
953398,14541,Earned,2025-04-08,2,Approved
953399,13879,Earned,2025-01-24,4,Pending
953400,11341,Sick,2025-06-14,2,Pending
953401,12442,Earned,2025-06-18,1,Rejected
953402,14932,Earned,2025-03-15,2,Approved
953403,13637,Casual,2025-07-16,2,Approved
953404,12671,Earned,2025-12-30,3,Approved
953405,11021,Casual,2025-09-13,1,Approved
953406,10214,Casual,2025-11-17,4,Approved
953407,13990,Earned,2025-04-16,1,Approved
953408,10969,Earned,2025-02-17,2,Approved
953409,12654,Earned,2025-08-12,2,Approved
953410,10681,Sick,2025-12-16,2,Approved
953411,11586,Casual,2025-09-01,1,Pending
953412,12562,Casual,2025-12-13,2,Approved
953413,13137,Sick,2025-07-08,1,Approved
953414,11055,Earned,2025-04-16,1,Approved
953415,12872,Sick,2025-11-28,4,Approved
953416,11721,Casual,2025-02-21,2,Approved
953417,11230,Sick,2025-02-15,3,Approved
953418,11794,Casual,2025-02-12,1,Approved
953419,11026,Unpaid,2025-07-27,2,Approved
953420,11276,Earned,2025-07-31,2,Approved
953421,11818,Sick,2025-08-12,1,Approved
953422,13897,Sick,2025-05-12,5,Approved
953423,10763,Earned,2025-03-18,2,Approved
953424,13276,Unpaid,2025-11-05,1,Pending
953425,14405,Sick,2025-03-24,2,Approved
953426,12241,Casual,2025-02-03,3,Approved
953427,11661,Unpaid,2025-04-16,1,Approved
953428,11159,Unpaid,2025-06-16,2,Approved
953429,13527,Earned,2025-11-13,4,Approved
953430,12922,Earned,2025-06-28,1,Approved
953431,11829,Casual,2025-08-17,1,Approved
953432,13662,Casual,2025-12-13,5,Pending
953433,12023,Earned,2025-11-15,1,Approved
953434,14064,Earned,2025-02-18,2,Approved
953435,12816,Casual,2025-04-26,2,Approved
953436,12739,Earned,2025-09-01,2,Approved
953437,10043,Sick,2025-08-28,1,Rejected
953438,12173,Earned,2025-08-08,1,Approved
953439,13709,Casual,2025-03-03,1,Approved
953440,12394,Earned,2025-04-17,2,Approved
953441,10832,Earned,2025-01-25,1,Pending
953442,13683,Sick,2025-05-23,1,Approved
953443,11356,Earned,2025-11-27,1,Approved
953444,10353,Earned,2025-11-08,3,Rejected
953445,12483,Sick,2025-02-02,1,Pending
953446,12436,Earned,2025-07-14,2,Approved
953447,12517,Unpaid,2025-12-31,5,Approved
953448,13342,Earned,2025-05-08,1,Approved
953449,11109,Casual,2025-10-07,1,Pending
953450,11367,Earned,2025-09-28,2,Approved
953451,11318,Earned,2025-05-27,1,Approved
953452,14278,Casual,2025-01-25,1,Approved
953453,10654,Earned,2025-01-30,2,Approved
953454,12677,Earned,2025-05-25,2,Approved
953455,13640,Earned,2025-08-18,3,Approved
953456,10557,Earned,2025-12-04,2,Approved
953457,12316,Casual,2025-06-01,1,Approved
953458,13373,Earned,2025-03-13,3,Pending
953459,10605,Sick,2025-06-09,1,Rejected
953460,12456,Casual,2025-04-15,1,Pending
953461,10460,Sick,2025-10-28,1,Approved
953462,10093,Casual,2025-10-21,1,Rejected
953463,13147,Earned,2025-04-30,1,Approved
953464,13507,Earned,2025-07-19,5,Approved
953465,10154,Earned,2025-06-03,1,Approved
953466,12853,Casual,2025-09-20,1,Approved
953467,12352,Casual,2025-06-19,4,Approved
953468,12417,Casual,2025-10-11,1,Approved
953469,10739,Unpaid,2025-10-23,4,Approved
953470,11116,Sick,2025-04-18,1,Approved
953471,13025,Casual,2025-06-12,1,Approved
953472,11469,Sick,2025-04-17,1,Approved
953473,12508,Unpaid,2025-08-16,2,Approved
953474,12845,Unpaid,2025-09-06,5,Approved
953475,11816,Earned,2025-10-30,3,Approved
953476,10520,Sick,2025-02-06,3,Approved
953477,11372,Casual,2025-06-01,2,Approved
953478,11119,Casual,2025-08-18,2,Approved
953479,12312,Casual,2025-09-21,2,Rejected
953480,12085,Casual,2025-06-30,1,Rejected
953481,11286,Earned,2025-01-19,5,Approved
953482,14084,Sick,2025-08-22,4,Approved
953483,10238,Earned,2025-07-23,4,Approved
953484,11229,Sick,2025-07-13,1,Approved
953485,14327,Sick,2025-05-08,3,Approved
953486,14867,Earned,2025-12-22,2,Approved
953487,10179,Earned,2025-10-18,2,Pending
953488,13976,Unpaid,2025-06-19,1,Approved
953489,13292,Sick,2025-12-31,2,Pending
953490,14212,Earned,2025-08-10,2,Approved
953491,13886,Earned,2025-01-04,2,Rejected
953492,12267,Earned,2025-09-01,2,Pending
953493,10987,Casual,2025-03-16,1,Approved
953494,12749,Sick,2025-06-14,1,Approved
953495,12303,Earned,2025-03-27,3,Approved
953496,10623,Casual,2025-08-01,2,Approved
953497,14272,Sick,2025-03-12,2,Approved
953498,14674,Earned,2025-05-06,1,Approved
953499,13179,Sick,2025-03-24,4,Rejected
953500,12744,Sick,2025-09-15,2,Rejected
953501,13366,Sick,2025-07-01,2,Rejected
953502,13923,Unpaid,2025-03-06,1,Approved
953503,10944,Earned,2025-12-06,2,Rejected
953504,12291,Earned,2025-02-03,3,Approved
953505,11946,Sick,2025-07-19,1,Approved
953506,11910,Casual,2025-10-15,4,Approved
953507,10918,Sick,2025-11-29,1,Pending
953508,14320,Sick,2025-04-10,1,Pending
953509,14001,Casual,2025-12-08,2,Approved
953510,11696,Sick,2025-05-03,2,Approved
953511,10475,Sick,2025-05-14,1,Rejected
953512,10965,Earned,2025-10-18,1,Approved
953513,10523,Earned,2025-12-16,1,Approved
953514,14578,Casual,2025-11-10,2,Approved
953515,10807,Earned,2025-06-28,1,Approved
953516,12360,Earned,2025-07-01,4,Approved
953517,10051,Earned,2025-01-29,2,Approved
953518,12632,Casual,2025-03-15,2,Approved
953519,11811,Sick,2025-01-09,2,Approved
953520,13672,Casual,2025-11-11,1,Approved
953521,13751,Casual,2025-09-22,1,Approved
953522,11089,Earned,2025-07-27,1,Approved
953523,12130,Earned,2025-08-02,3,Pending
953524,14912,Earned,2025-02-15,2,Approved
953525,13557,Unpaid,2025-09-11,1,Approved
953526,14103,Casual,2025-06-13,1,Approved
953527,14669,Casual,2025-10-07,1,Approved
953528,13382,Earned,2025-06-07,1,Approved
953529,10511,Earned,2025-12-29,2,Approved
953530,12478,Earned,2025-01-07,1,Approved
953531,12393,Earned,2025-07-06,4,Approved
953532,11521,Casual,2025-11-03,2,Pending
953533,10233,Sick,2025-10-08,3,Approved
953534,11091,Earned,2025-03-16,5,Approved
953535,13980,Earned,2025-10-12,1,Approved
953536,13278,Earned,2025-07-04,3,Rejected
953537,12414,Casual,2025-04-23,2,Approved
953538,13544,Earned,2025-06-12,4,Approved
953539,14586,Unpaid,2025-11-25,2,Approved
953540,12803,Casual,2025-09-22,2,Rejected
953541,11570,Casual,2025-11-08,1,Rejected
953542,11743,Unpaid,2025-07-13,1,Approved
953543,10845,Earned,2025-03-05,1,Approved
953544,11689,Sick,2025-02-26,1,Rejected
953545,13266,Casual,2025-12-13,1,Approved
953546,10630,Casual,2025-02-10,2,Approved
953547,14642,Casual,2025-04-17,1,Approved
953548,14065,Unpaid,2025-10-06,1,Pending
953549,13747,Casual,2025-03-25,2,Approved
953550,13507,Sick,2025-04-16,1,Approved
953551,10588,Earned,2025-05-12,2,Approved
953552,13233,Earned,2025-08-25,3,Approved
953553,13107,Casual,2025-11-26,1,Approved
953554,14652,Earned,2025-12-28,5,Pending
953555,14418,Earned,2025-04-05,1,Approved
953556,13828,Unpaid,2025-06-12,1,Pending
953557,11845,Sick,2025-02-17,1,Approved
953558,11110,Unpaid,2025-08-12,1,Pending
953559,13856,Sick,2025-12-08,2,Approved
953560,11453,Sick,2025-05-23,3,Approved
953561,14682,Unpaid,2025-02-18,1,Approved
953562,14389,Earned,2025-09-29,1,Approved
953563,14305,Casual,2025-04-19,2,Approved
953564,14815,Casual,2025-05-17,1,Approved
953565,11311,Casual,2025-08-03,2,Approved
953566,10557,Earned,2025-11-17,2,Pending
953567,12198,Casual,2025-05-26,1,Approved
953568,12994,Earned,2025-08-24,2,Approved
953569,13530,Unpaid,2025-10-21,2,Rejected
953570,14898,Casual,2025-01-22,1,Approved
953571,14364,Sick,2025-02-15,2,Approved
953572,12621,Sick,2025-11-05,1,Approved
953573,14331,Earned,2025-05-17,2,Approved
953574,13915,Earned,2025-02-24,2,Approved
953575,11529,Earned,2025-05-28,2,Approved
953576,14243,Casual,2025-07-15,1,Pending
953577,11842,Earned,2025-02-13,1,Rejected
953578,12892,Casual,2025-03-28,1,Rejected
953579,14519,Sick,2025-04-18,2,Approved
953580,13943,Casual,2025-03-11,1,Approved
953581,13093,Earned,2025-07-20,1,Approved
953582,13629,Casual,2025-06-26,1,Approved
953583,12896,Sick,2025-12-25,4,Approved
953584,14207,Earned,2025-10-16,3,Approved
953585,12835,Casual,2025-09-25,1,Approved
953586,13883,Earned,2025-12-29,3,Rejected
953587,13515,Unpaid,2025-09-09,1,Approved
953588,13252,Earned,2025-02-10,2,Approved
953589,11382,Casual,2025-06-17,2,Approved
953590,13590,Sick,2025-02-21,3,Approved
953591,11021,Unpaid,2025-02-04,1,Approved
953592,14310,Casual,2025-04-17,2,Approved
953593,11711,Earned,2025-09-08,2,Approved
953594,13393,Sick,2025-05-12,3,Approved
953595,12764,Earned,2025-11-14,2,Approved
953596,14798,Casual,2025-01-04,2,Approved
953597,13725,Unpaid,2025-09-07,1,Approved
953598,13736,Casual,2025-01-10,1,Approved
953599,12349,Casual,2025-09-01,1,Approved
953600,13190,Casual,2025-09-27,2,Approved
953601,12271,Sick,2025-06-26,1,Approved
953602,11777,Casual,2025-11-12,4,Approved
953603,10763,Casual,2025-12-22,1,Approved
953604,10615,Casual,2025-04-23,2,Approved
953605,10249,Sick,2025-01-16,2,Approved
953606,12925,Sick,2025-10-20,1,Pending
953607,14582,Earned,2025-05-07,1,Pending
953608,10354,Sick,2025-04-02,1,Pending
953609,14615,Sick,2025-12-24,1,Approved
953610,13219,Earned,2025-04-29,1,Approved
953611,12203,Earned,2025-11-03,2,Approved
953612,13116,Unpaid,2025-06-09,2,Approved
953613,10583,Sick,2025-11-14,1,Approved
953614,12757,Sick,2025-07-28,2,Approved
953615,13643,Sick,2025-06-05,1,Approved
953616,13401,Sick,2025-04-18,2,Approved
953617,14039,Earned,2025-04-24,3,Approved
953618,14601,Unpaid,2025-05-05,2,Approved
953619,11714,Casual,2025-10-07,2,Pending
953620,12056,Sick,2025-10-10,1,Approved
953621,14408,Casual,2025-05-28,2,Pending
953622,12384,Earned,2025-12-19,5,Approved
953623,10645,Earned,2025-08-21,1,Rejected
953624,11670,Earned,2025-12-09,1,Approved
953625,14872,Sick,2025-05-12,2,Approved
953626,12560,Earned,2025-05-10,3,Approved
953627,12665,Casual,2025-06-08,3,Approved
953628,14291,Unpaid,2025-05-10,5,Approved
953629,11509,Casual,2025-03-31,1,Approved
953630,12551,Unpaid,2025-02-10,1,Approved
953631,12212,Casual,2025-06-11,1,Approved
953632,12580,Earned,2025-09-08,1,Approved
953633,10721,Sick,2025-03-26,2,Approved
953634,13758,Casual,2025-05-14,1,Approved
953635,10024,Casual,2025-12-30,1,Approved
953636,14735,Earned,2025-01-19,2,Pending
953637,10547,Casual,2025-07-11,1,Approved
953638,12367,Sick,2025-03-04,3,Approved
953639,10264,Earned,2025-11-11,3,Approved
953640,12629,Unpaid,2025-11-09,2,Rejected
953641,13460,Casual,2025-05-15,1,Approved
953642,12803,Sick,2025-01-04,2,Approved
953643,10583,Earned,2025-09-29,2,Approved
953644,10209,Earned,2025-06-01,1,Approved
953645,12439,Sick,2025-05-05,1,Approved
953646,13126,Sick,2025-11-08,3,Approved
953647,11516,Casual,2025-11-22,1,Approved
953648,11059,Casual,2025-01-29,1,Approved
953649,13025,Unpaid,2025-08-05,1,Approved
953650,11564,Casual,2025-04-21,1,Approved
953651,10424,Earned,2025-11-08,1,Approved
953652,14555,Casual,2025-07-19,1,Approved
953653,12250,Earned,2025-08-31,5,Approved
953654,12086,Earned,2025-12-04,2,Rejected
953655,14887,Casual,2025-03-14,3,Approved
953656,10180,Casual,2025-12-08,1,Pending
953657,12989,Sick,2025-01-13,3,Approved
953658,13542,Earned,2025-04-10,2,Approved
953659,10064,Unpaid,2025-07-02,3,Approved
953660,10381,Casual,2025-09-16,3,Approved
953661,13852,Earned,2025-10-08,2,Approved
953662,14910,Earned,2025-02-01,2,Approved
953663,10686,Sick,2025-10-12,1,Approved
953664,13729,Unpaid,2025-05-26,2,Approved
953665,10247,Earned,2025-01-28,1,Rejected
953666,12227,Earned,2025-08-15,1,Approved
953667,14691,Sick,2025-10-02,2,Approved
953668,10825,Earned,2025-04-25,1,Approved
953669,14812,Earned,2025-11-19,2,Rejected
953670,14756,Casual,2025-03-30,2,Approved
953671,10961,Earned,2025-04-12,5,Pending
953672,11317,Sick,2025-02-06,2,Approved
953673,13457,Unpaid,2025-03-27,2,Pending
953674,10409,Sick,2025-04-23,1,Pending
953675,10074,Casual,2025-05-04,1,Approved
953676,10724,Casual,2025-05-27,2,Approved
953677,13898,Earned,2025-10-27,1,Approved
953678,10747,Casual,2025-08-02,1,Approved
953679,10235,Casual,2025-03-15,5,Rejected
953680,12587,Casual,2025-06-22,1,Approved
953681,13468,Earned,2025-10-04,4,Approved
953682,13337,Unpaid,2025-12-29,4,Approved
953683,10463,Casual,2025-01-06,2,Approved
953684,11383,Earned,2025-08-01,1,Rejected
953685,11185,Earned,2025-08-26,2,Approved
953686,12996,Casual,2025-12-21,1,Approved
953687,13309,Casual,2025-05-05,1,Approved
953688,11861,Earned,2025-08-17,3,Approved
953689,10489,Casual,2025-10-13,3,Approved
953690,10585,Unpaid,2025-12-23,1,Approved
953691,11902,Earned,2025-04-20,2,Pending
953692,12670,Sick,2025-10-03,4,Approved
953693,14175,Sick,2025-07-17,1,Approved
953694,12001,Casual,2025-04-04,2,Approved
953695,10180,Casual,2025-06-06,5,Approved
953696,14328,Unpaid,2025-12-15,1,Approved
953697,11146,Sick,2025-03-07,1,Approved
953698,14071,Casual,2025-01-10,1,Approved
953699,11329,Earned,2025-10-04,4,Rejected
953700,11303,Sick,2025-04-06,1,Approved
953701,13792,Earned,2025-04-19,2,Rejected
953702,12659,Earned,2025-07-08,1,Pending
953703,11267,Sick,2025-03-15,3,Approved
953704,11043,Earned,2025-06-02,3,Approved
953705,13880,Casual,2025-11-11,2,Approved
953706,13117,Casual,2025-06-13,1,Approved
953707,14822,Unpaid,2025-01-14,2,Approved
953708,13399,Casual,2025-06-12,1,Approved
953709,11483,Casual,2025-11-28,5,Pending
953710,11098,Sick,2025-12-05,2,Approved
953711,13894,Earned,2025-02-08,1,Approved
953712,12308,Casual,2025-06-19,1,Approved
953713,12974,Casual,2025-01-14,1,Pending
953714,10934,Earned,2025-07-06,3,Approved
953715,12993,Earned,2025-06-10,1,Approved
953716,10966,Earned,2025-05-24,3,Approved
953717,10993,Unpaid,2025-12-24,1,Approved
953718,13854,Sick,2025-05-07,3,Pending
953719,11943,Casual,2025-04-04,2,Approved
953720,11557,Earned,2025-09-11,3,Approved
953721,11891,Casual,2025-08-11,1,Approved
953722,14340,Sick,2025-02-12,3,Approved
953723,14074,Earned,2025-11-21,4,Approved
953724,11553,Sick,2025-12-24,1,Approved
953725,10349,Sick,2025-06-02,4,Approved
953726,11206,Casual,2025-09-05,1,Approved
953727,10815,Sick,2025-01-10,1,Rejected
953728,13583,Sick,2025-04-28,1,Approved
953729,10422,Earned,2025-08-20,1,Approved
953730,11701,Casual,2025-05-21,1,Approved
953731,10695,Sick,2025-11-08,2,Approved
953732,12213,Casual,2025-11-25,1,Approved
953733,13677,Earned,2025-05-05,1,Approved
953734,13264,Sick,2025-01-15,1,Approved
953735,10932,Earned,2025-08-31,1,Approved
953736,12288,Casual,2025-08-03,3,Approved
953737,10399,Sick,2025-09-11,3,Approved
953738,13543,Casual,2025-11-20,1,Approved
953739,13042,Earned,2025-12-26,2,Rejected
953740,13788,Sick,2025-06-14,1,Pending
953741,12539,Earned,2025-08-04,3,Pending
953742,13260,Sick,2025-02-19,3,Approved
953743,13977,Earned,2025-05-30,4,Approved
953744,14579,Earned,2025-01-31,3,Approved
953745,14677,Earned,2025-12-18,2,Approved
953746,13192,Sick,2025-06-15,1,Approved
953747,13534,Earned,2025-10-13,1,Approved
953748,14273,Earned,2025-01-07,1,Rejected
953749,14433,Sick,2025-04-02,2,Approved
953750,13670,Unpaid,2025-06-09,3,Approved
953751,11566,Earned,2025-09-04,2,Approved
953752,14587,Sick,2025-10-09,1,Approved
953753,13229,Casual,2025-07-23,4,Approved
953754,11185,Sick,2025-04-08,2,Approved
953755,14563,Casual,2025-01-27,2,Approved
953756,11457,Sick,2025-04-15,1,Approved
953757,12447,Casual,2025-04-22,1,Approved
953758,11237,Sick,2025-11-10,1,Pending
953759,10601,Sick,2025-09-12,2,Approved
953760,12241,Earned,2025-01-25,1,Approved
953761,13054,Sick,2025-12-17,4,Approved
953762,12775,Sick,2025-05-08,1,Rejected
953763,10740,Casual,2025-05-15,4,Approved
953764,13362,Sick,2025-08-16,1,Approved
953765,12901,Casual,2025-12-07,1,Approved
953766,11488,Sick,2025-08-23,1,Approved
953767,10723,Earned,2025-03-05,4,Approved
953768,12625,Earned,2025-10-19,2,Approved
953769,12538,Earned,2025-02-26,1,Approved
953770,12170,Earned,2025-07-25,2,Approved
953771,10554,Sick,2025-02-01,3,Approved
953772,11260,Unpaid,2025-01-07,1,Approved
953773,11308,Earned,2025-12-23,1,Approved
953774,14790,Casual,2025-04-09,3,Approved
953775,10093,Sick,2025-09-09,1,Approved
953776,14077,Unpaid,2025-04-21,4,Approved
953777,11653,Casual,2025-05-01,2,Rejected
953778,12332,Sick,2025-06-28,1,Approved
953779,11327,Earned,2025-12-07,1,Approved
953780,12138,Earned,2025-04-09,5,Approved
953781,10354,Earned,2025-11-14,2,Pending
953782,12168,Earned,2025-08-26,2,Approved
953783,10983,Earned,2025-01-06,3,Pending
953784,14136,Casual,2025-03-10,1,Approved
953785,10830,Sick,2025-07-29,1,Approved
953786,10589,Earned,2025-09-28,1,Approved
953787,12912,Unpaid,2025-04-10,1,Pending
953788,11136,Earned,2025-10-24,4,Pending
953789,11257,Earned,2025-12-03,5,Approved
953790,11292,Sick,2025-05-25,1,Approved
953791,10689,Casual,2025-02-06,2,Pending
953792,11721,Casual,2025-10-26,3,Approved
953793,11768,Earned,2025-08-07,1,Approved
953794,13663,Unpaid,2025-08-26,1,Approved
953795,13512,Sick,2025-07-16,3,Approved
953796,13958,Earned,2025-06-15,1,Pending
953797,11736,Earned,2025-04-21,2,Approved
953798,10344,Casual,2025-01-10,1,Approved
953799,13726,Earned,2025-08-07,1,Pending
953800,10875,Unpaid,2025-04-19,1,Approved
953801,13074,Casual,2025-08-07,2,Approved
953802,14120,Casual,2025-02-23,2,Approved
953803,10736,Casual,2025-01-28,1,Approved
953804,11504,Casual,2025-04-30,3,Approved
953805,12384,Sick,2025-06-23,1,Approved
953806,10766,Casual,2025-05-24,2,Approved
953807,12424,Earned,2025-06-20,2,Approved
953808,10597,Casual,2025-02-11,3,Approved
953809,13907,Casual,2025-03-24,1,Approved
953810,13112,Earned,2025-07-17,2,Approved
953811,10242,Sick,2025-10-17,1,Approved
953812,10896,Casual,2025-07-17,2,Approved
953813,11226,Sick,2025-11-10,1,Approved
953814,11083,Casual,2025-04-27,2,Approved
953815,13500,Casual,2025-01-10,2,Approved
953816,13262,Earned,2025-10-19,1,Approved
953817,10129,Earned,2025-08-31,1,Approved
953818,13395,Sick,2025-02-01,3,Approved
953819,13241,Unpaid,2025-12-29,2,Approved
953820,11991,Casual,2025-09-22,2,Approved
953821,13771,Sick,2025-12-01,1,Approved
953822,10986,Earned,2025-01-18,1,Approved
953823,11606,Earned,2025-03-02,2,Rejected
953824,14707,Earned,2025-09-23,1,Pending
953825,11354,Casual,2025-07-27,1,Approved
953826,14727,Casual,2025-10-28,1,Approved
953827,12187,Sick,2025-03-10,1,Approved
953828,12553,Unpaid,2025-02-20,1,Approved
953829,11504,Earned,2025-02-11,1,Rejected
953830,12174,Earned,2025-12-12,1,Approved
953831,14540,Earned,2025-11-04,1,Approved
953832,11372,Earned,2025-10-24,2,Approved
953833,13642,Unpaid,2025-06-19,1,Pending
953834,14059,Earned,2025-03-09,4,Pending
953835,11584,Sick,2025-03-24,1,Approved
953836,10461,Sick,2025-05-06,1,Pending
953837,13814,Casual,2025-10-14,3,Approved
953838,13245,Casual,2025-01-09,3,Approved
953839,12517,Earned,2025-02-08,2,Approved
953840,12153,Earned,2025-03-03,1,Approved
953841,11419,Earned,2025-02-22,1,Pending
953842,14312,Earned,2025-12-15,1,Approved
953843,13818,Earned,2025-08-19,3,Approved
953844,11178,Sick,2025-08-24,3,Rejected
953845,11668,Unpaid,2025-05-23,3,Pending
953846,12471,Casual,2025-12-23,1,Approved
953847,14142,Earned,2025-03-07,1,Approved
953848,14345,Earned,2025-01-23,1,Approved
953849,11757,Earned,2025-09-22,1,Approved
953850,13180,Casual,2025-09-26,1,Approved
953851,14732,Sick,2025-10-30,4,Approved
953852,12693,Sick,2025-02-27,1,Approved
953853,12470,Sick,2025-02-24,2,Approved
953854,13638,Earned,2025-06-27,1,Approved
953855,12508,Casual,2025-05-22,2,Approved
953856,11606,Casual,2025-12-07,2,Approved
953857,14749,Earned,2025-01-18,1,Approved
953858,14680,Casual,2025-05-04,1,Approved
953859,14460,Unpaid,2025-09-15,1,Approved
953860,12436,Earned,2025-01-19,4,Approved
953861,12490,Sick,2025-02-03,1,Pending
953862,13385,Sick,2025-07-11,2,Approved
953863,11980,Unpaid,2025-05-31,1,Approved
953864,13260,Unpaid,2025-05-29,1,Approved
953865,14044,Sick,2025-06-13,1,Approved
953866,13301,Unpaid,2025-04-23,4,Approved
953867,12810,Earned,2025-03-09,5,Pending
953868,10904,Sick,2025-03-03,2,Pending
953869,12508,Unpaid,2025-04-01,5,Approved
953870,10313,Unpaid,2025-02-26,4,Approved
953871,11084,Unpaid,2025-06-20,4,Approved
953872,14185,Sick,2025-01-22,2,Approved
953873,11209,Earned,2025-06-29,1,Approved
953874,13744,Unpaid,2025-05-21,3,Pending
953875,14316,Casual,2025-07-04,3,Approved
953876,14493,Casual,2025-03-26,1,Approved
953877,10428,Casual,2025-11-06,3,Approved
953878,11032,Sick,2025-03-21,2,Approved
953879,13546,Casual,2025-05-04,3,Approved
953880,13338,Unpaid,2025-03-21,3,Approved
953881,12617,Sick,2025-10-25,1,Approved
953882,12185,Sick,2025-03-09,1,Approved
953883,14678,Earned,2025-03-17,1,Approved
953884,11544,Casual,2025-02-12,2,Approved
953885,14834,Unpaid,2025-08-01,2,Approved
953886,14626,Sick,2025-06-15,1,Approved
953887,10595,Sick,2025-08-20,2,Pending
953888,12576,Earned,2025-02-27,1,Pending
953889,12036,Earned,2025-06-24,5,Rejected
953890,11309,Earned,2025-10-27,1,Approved
953891,13286,Earned,2025-07-04,5,Approved
953892,14566,Earned,2025-05-29,1,Approved
953893,14074,Sick,2025-06-05,1,Approved
953894,14585,Sick,2025-07-19,1,Approved
953895,13340,Sick,2025-03-03,2,Approved
953896,11552,Unpaid,2025-06-26,3,Pending
953897,10618,Casual,2025-07-07,5,Pending
953898,11484,Earned,2025-02-05,2,Pending
953899,10855,Sick,2025-05-12,4,Approved
953900,13857,Earned,2025-06-12,4,Pending
953901,11248,Earned,2025-12-02,1,Rejected
953902,12377,Casual,2025-07-09,3,Pending
953903,12582,Sick,2025-12-08,1,Approved
953904,12179,Earned,2025-03-17,1,Rejected
953905,13795,Earned,2025-10-26,1,Approved
953906,14404,Sick,2025-06-16,3,Pending
953907,10668,Sick,2025-05-18,1,Approved
953908,13723,Casual,2025-05-09,2,Approved
953909,11082,Earned,2025-05-22,2,Approved
953910,10660,Earned,2025-08-16,2,Approved
953911,11638,Sick,2025-05-10,1,Pending
953912,11617,Sick,2025-05-04,1,Approved
953913,11891,Casual,2025-12-09,2,Approved
953914,14362,Earned,2025-09-29,2,Approved
953915,12616,Earned,2025-05-21,1,Approved
953916,13606,Earned,2025-03-20,1,Approved
953917,13633,Earned,2025-02-03,2,Approved
953918,11173,Sick,2025-05-11,1,Approved
953919,10466,Casual,2025-11-02,1,Approved
953920,11229,Earned,2025-12-12,2,Approved
953921,12061,Casual,2025-09-12,4,Approved
953922,13521,Sick,2025-12-04,2,Pending
953923,13402,Sick,2025-06-24,3,Approved
953924,10035,Sick,2025-08-26,4,Approved
953925,14603,Unpaid,2025-01-11,4,Approved
953926,14478,Unpaid,2025-10-04,1,Approved
953927,13458,Earned,2025-10-06,2,Approved
953928,12496,Sick,2025-03-07,1,Approved
953929,11324,Sick,2025-04-04,3,Rejected
953930,14398,Sick,2025-02-12,4,Approved
953931,14474,Earned,2025-05-14,1,Approved
953932,12376,Casual,2025-04-22,5,Approved
953933,11538,Casual,2025-09-26,1,Approved
953934,14261,Sick,2025-12-07,1,Pending
953935,11306,Earned,2025-10-13,2,Approved
953936,12298,Earned,2025-12-07,2,Approved
953937,11161,Casual,2025-11-18,5,Rejected
953938,12958,Sick,2025-05-09,3,Approved
953939,10580,Sick,2025-06-20,1,Approved
953940,12233,Earned,2025-07-23,2,Approved
953941,11176,Casual,2025-03-22,5,Pending
953942,12043,Earned,2025-07-26,2,Rejected
953943,13573,Earned,2025-02-12,1,Approved
953944,12374,Sick,2025-06-14,1,Approved
953945,14812,Sick,2025-09-19,2,Approved
953946,11755,Casual,2025-10-27,1,Approved
953947,14604,Earned,2025-09-06,2,Approved
953948,11059,Earned,2025-09-30,1,Approved
953949,12538,Earned,2025-12-15,2,Rejected
953950,14637,Earned,2025-04-17,1,Approved
953951,14904,Earned,2025-05-20,1,Approved
953952,10712,Casual,2025-06-09,1,Approved
953953,14788,Sick,2025-08-31,5,Approved
953954,11139,Sick,2025-10-12,1,Approved
953955,14609,Casual,2025-10-17,1,Rejected
953956,10185,Earned,2025-10-13,1,Approved
953957,10189,Earned,2025-03-31,1,Approved
953958,14234,Unpaid,2025-02-12,2,Rejected
953959,11509,Earned,2025-01-09,3,Rejected
953960,12307,Casual,2025-10-27,1,Approved
953961,10519,Unpaid,2025-11-17,4,Approved
953962,12275,Earned,2025-07-04,1,Approved
953963,14544,Casual,2025-01-03,3,Approved
953964,12792,Unpaid,2025-02-21,2,Approved
953965,11350,Earned,2025-02-28,2,Approved
953966,10855,Earned,2025-01-27,1,Pending
953967,12106,Sick,2025-04-06,4,Approved
953968,12545,Unpaid,2025-08-06,1,Approved
953969,13224,Earned,2025-05-09,1,Approved
953970,11643,Casual,2025-05-10,2,Approved
953971,14498,Unpaid,2025-05-31,2,Approved
953972,12398,Earned,2025-01-21,1,Approved
953973,10233,Sick,2025-03-13,1,Approved
953974,10661,Sick,2025-12-27,2,Approved
953975,12735,Casual,2025-02-01,1,Approved
953976,13517,Earned,2025-10-24,1,Approved
953977,13310,Casual,2025-02-18,1,Approved
953978,11017,Earned,2025-05-23,5,Approved
953979,12295,Earned,2025-03-23,3,Approved
953980,13451,Earned,2025-10-05,1,Rejected
953981,10962,Earned,2025-09-23,1,Approved
953982,11278,Sick,2025-04-18,1,Approved
953983,11959,Earned,2025-02-21,2,Pending
953984,10757,Earned,2025-12-14,2,Approved
953985,10487,Sick,2025-10-10,2,Approved
953986,12168,Sick,2025-05-10,1,Approved
953987,14236,Casual,2025-06-08,1,Approved
953988,13262,Unpaid,2025-02-17,1,Approved
953989,10363,Earned,2025-07-08,3,Approved
953990,11873,Earned,2025-03-02,2,Approved
953991,13898,Casual,2025-08-19,2,Approved
953992,10423,Casual,2025-03-10,2,Approved
953993,11660,Casual,2025-10-12,1,Approved
953994,13534,Sick,2025-05-13,1,Approved
953995,12081,Casual,2025-05-19,1,Approved
953996,13461,Casual,2025-01-05,1,Approved
953997,14030,Sick,2025-10-04,1,Approved
953998,13429,Sick,2025-08-11,4,Approved
953999,12122,Sick,2025-02-08,5,Approved
954000,11705,Earned,2025-12-04,3,Approved
