review_id,employee_id,review_year,performance_rating,bonus_band,goal_status
700001,10001,2024,1.7,High,Met
700002,10001,2025,4.9,Medium,Met
700003,10002,2024,4.1,Medium,Met
700004,10002,2025,3.7,Medium,Met
700005,10003,2024,3.1,Medium,Met
700006,10003,2025,2.8,Medium,Partially Met
700007,10004,2024,2.9,Low,Exceeded
700008,10004,2025,3.3,High,Partially Met
700009,10005,2024,3.3,Medium,Exceeded
700010,10005,2025,3.1,Medium,Met
700011,10006,2024,3.7,Low,Met
700012,10006,2025,3.9,High,Exceeded
700013,10007,2024,2.1,Medium,Met
700014,10007,2025,3.0,Low,Partially Met
700015,10008,2024,3.7,High,Partially Met
700016,10008,2025,2.7,Medium,Met
700017,10009,2024,3.9,High,Exceeded
700018,10009,2025,2.9,High,Exceeded
700019,10010,2024,3.8,Medium,Met
700020,10010,2025,2.3,Medium,Exceeded
700021,10011,2024,3.1,Medium,Met
700022,10011,2025,3.4,High,Exceeded
700023,10012,2024,2.8,Medium,Met
700024,10012,2025,4.1,Medium,Met
700025,10013,2024,3.7,Medium,Met
700026,10013,2025,4.2,Medium,Met
700027,10014,2024,4.4,Low,Met
700028,10014,2025,3.3,Medium,Met
700029,10015,2024,3.4,Medium,Met
700030,10015,2025,3.2,Medium,Met
700031,10016,2024,3.6,Medium,Met
700032,10016,2025,4.1,High,Exceeded
700033,10017,2024,3.0,Low,Exceeded
700034,10017,2025,3.3,Medium,Met
700035,10018,2024,2.8,Medium,Exceeded
700036,10018,2025,3.8,Medium,Met
700037,10019,2024,3.6,Medium,Met
700038,10019,2025,3.7,Medium,Met
700039,10020,2024,3.2,Low,Met
700040,10020,2025,2.9,Medium,Exceeded
700041,10021,2024,4.6,Medium,Exceeded
700042,10021,2025,2.5,High,Exceeded
700043,10022,2024,3.0,Medium,Exceeded
700044,10022,2025,2.2,Medium,Partially Met
700045,10023,2024,3.2,Medium,Exceeded
700046,10023,2025,3.6,Medium,Met
700047,10024,2024,4.3,Medium,Met
700048,10024,2025,2.5,High,Met
700049,10025,2024,2.5,Medium,Met
700050,10025,2025,3.0,High,Met
700051,10026,2024,4.6,Low,Partially Met
700052,10026,2025,3.5,Low,Met
700053,10027,2024,2.3,Low,Met
700054,10027,2025,3.9,Low,Exceeded
700055,10028,2024,3.9,Low,Met
700056,10028,2025,3.4,Medium,Met
700057,10029,2024,4.3,High,Met
700058,10029,2025,3.8,Medium,Met
700059,10030,2024,3.9,Medium,Met
700060,10030,2025,3.1,Medium,Met
700061,10031,2024,4.3,Medium,Met
700062,10031,2025,4.5,High,Met
700063,10032,2024,4.1,Medium,Partially Met
700064,10032,2025,4.3,Medium,Met
700065,10033,2024,3.3,High,Met
700066,10033,2025,3.2,Medium,Partially Met
700067,10034,2024,2.4,Medium,Partially Met
700068,10034,2025,2.7,Medium,Met
700069,10035,2024,3.4,Medium,Met
700070,10035,2025,3.3,High,Partially Met
700071,10036,2024,3.0,High,Met
700072,10036,2025,2.1,Medium,Met
700073,10037,2024,3.1,Medium,Exceeded
700074,10037,2025,4.1,Medium,Met
700075,10038,2024,2.6,Medium,Met
700076,10038,2025,4.8,Low,Met
700077,10039,2024,4.1,High,Met
700078,10039,2025,2.1,Low,Met
700079,10040,2024,4.4,Low,Met
700080,10040,2025,3.3,Low,Met
700081,10041,2024,3.2,Medium,Met
700082,10041,2025,4.5,Medium,Met
700083,10042,2024,3.5,Low,Met
700084,10042,2025,3.6,Medium,Exceeded
700085,10043,2024,4.1,High,Met
700086,10043,2025,4.3,Medium,Exceeded
700087,10044,2024,3.3,Medium,Met
700088,10044,2025,3.0,Low,Exceeded
700089,10045,2024,3.6,Low,Met
700090,10045,2025,4.3,Medium,Exceeded
700091,10046,2024,3.6,Medium,Met
700092,10046,2025,2.4,Medium,Met
700093,10047,2024,4.4,Low,Met
700094,10047,2025,4.7,Medium,Partially Met
700095,10048,2024,1.8,Medium,Partially Met
700096,10048,2025,2.6,Medium,Met
700097,10049,2024,3.0,High,Met
700098,10049,2025,2.4,Medium,Exceeded
700099,10050,2024,4.4,Low,Exceeded
700100,10050,2025,2.5,Low,Exceeded
700101,10051,2024,3.6,Low,Met
700102,10051,2025,3.2,Low,Met
700103,10052,2024,2.1,High,Exceeded
700104,10052,2025,2.5,Medium,Met
700105,10053,2024,4.4,Low,Met
700106,10053,2025,3.3,Low,Met
700107,10054,2024,3.1,Low,Partially Met
700108,10054,2025,3.4,Low,Met
700109,10055,2024,2.5,Medium,Met
700110,10055,2025,3.6,Medium,Exceeded
700111,10056,2024,3.5,Medium,Partially Met
700112,10056,2025,4.2,High,Met
700113,10057,2024,3.6,High,Partially Met
700114,10057,2025,4.0,Medium,Partially Met
700115,10058,2024,4.2,Low,Partially Met
700116,10058,2025,2.7,Medium,Partially Met
700117,10059,2024,3.7,Medium,Partially Met
700118,10059,2025,3.0,Medium,Met
700119,10060,2024,3.1,High,Exceeded
700120,10060,2025,3.7,Medium,Partially Met
700121,10061,2024,4.0,Low,Exceeded
700122,10061,2025,3.3,Medium,Exceeded
700123,10062,2024,3.7,High,Partially Met
700124,10062,2025,1.5,Medium,Met
700125,10063,2024,2.9,High,Exceeded
700126,10063,2025,3.8,Low,Met
700127,10064,2024,2.7,Medium,Met
700128,10064,2025,2.3,High,Met
700129,10065,2024,4.5,Medium,Partially Met
700130,10065,2025,3.4,Low,Met
700131,10066,2024,3.2,Medium,Met
700132,10066,2025,3.2,Medium,Partially Met
700133,10067,2024,3.0,High,Exceeded
700134,10067,2025,3.6,High,Met
700135,10068,2024,4.3,Medium,Met
700136,10068,2025,2.2,Medium,Met
700137,10069,2024,3.3,Medium,Met
700138,10069,2025,3.8,High,Exceeded
700139,10070,2024,4.1,High,Met
700140,10070,2025,3.5,Medium,Exceeded
700141,10071,2024,3.7,Low,Exceeded
700142,10071,2025,2.8,Medium,Exceeded
700143,10072,2024,3.4,Low,Met
700144,10072,2025,3.4,High,Met
700145,10073,2024,3.2,Medium,Exceeded
700146,10073,2025,3.0,High,Met
700147,10074,2024,4.0,Medium,Met
700148,10074,2025,2.1,Medium,Met
700149,10075,2024,4.2,Medium,Met
700150,10075,2025,4.1,Medium,Met
700151,10076,2024,4.2,Medium,Met
700152,10076,2025,4.4,Medium,Met
700153,10077,2024,2.7,Low,Exceeded
700154,10077,2025,3.3,High,Met
700155,10078,2024,3.8,Low,Met
700156,10078,2025,3.5,Medium,Met
700157,10079,2024,3.8,High,Partially Met
700158,10079,2025,3.5,Low,Met
700159,10080,2024,3.0,High,Exceeded
700160,10080,2025,3.7,Medium,Partially Met
700161,10081,2024,4.4,Medium,Met
700162,10081,2025,3.1,Medium,Met
700163,10082,2024,2.8,Medium,Partially Met
700164,10082,2025,3.5,Low,Met
700165,10083,2024,3.1,Medium,Exceeded
700166,10083,2025,4.2,Medium,Met
700167,10084,2024,3.7,High,Met
700168,10084,2025,4.1,High,Partially Met
700169,10085,2024,3.4,Low,Met
700170,10085,2025,2.8,Medium,Met
700171,10086,2024,2.2,Low,Exceeded
700172,10086,2025,3.0,Low,Met
700173,10087,2024,2.6,High,Met
700174,10087,2025,3.2,Medium,Met
700175,10088,2024,1.7,Low,Met
700176,10088,2025,4.6,Medium,Met
700177,10089,2024,3.7,Medium,Met
700178,10089,2025,3.6,Medium,Exceeded
700179,10090,2024,3.0,Low,Met
700180,10090,2025,3.0,High,Exceeded
700181,10091,2024,4.0,Low,Partially Met
700182,10091,2025,3.6,High,Exceeded
700183,10092,2024,4.3,Medium,Met
700184,10092,2025,3.5,Medium,Met
700185,10093,2024,3.8,Medium,Partially Met
700186,10093,2025,3.7,High,Partially Met
700187,10094,2024,2.6,Medium,Met
700188,10094,2025,2.7,High,Exceeded
700189,10095,2024,2.6,High,Exceeded
700190,10095,2025,3.4,Medium,Met
700191,10096,2024,3.2,High,Exceeded
700192,10096,2025,2.9,High,Exceeded
700193,10097,2024,4.0,Medium,Met
700194,10097,2025,2.9,Low,Met
700195,10098,2024,3.6,Medium,Met
700196,10098,2025,3.2,High,Met
700197,10099,2024,3.8,Low,Met
700198,10099,2025,3.7,Medium,Met
700199,10100,2024,3.0,Medium,Met
700200,10100,2025,3.7,Medium,Met
700201,10101,2024,4.8,High,Met
700202,10101,2025,3.1,High,Exceeded
700203,10102,2024,3.2,Medium,Partially Met
700204,10102,2025,3.1,Medium,Met
700205,10103,2024,3.1,Medium,Met
700206,10103,2025,4.6,Medium,Partially Met
700207,10104,2024,3.7,Medium,Exceeded
700208,10104,2025,3.4,Medium,Met
700209,10105,2024,2.8,Low,Met
700210,10105,2025,3.3,Medium,Met
700211,10106,2024,4.5,Medium,Met
700212,10106,2025,3.5,Medium,Partially Met
700213,10107,2024,2.8,Medium,Exceeded
700214,10107,2025,2.8,Medium,Met
700215,10108,2024,1.6,Medium,Met
700216,10108,2025,4.2,High,Met
700217,10109,2024,3.5,Low,Met
700218,10109,2025,3.3,Medium,Exceeded
700219,10110,2024,3.2,Medium,Met
700220,10110,2025,3.8,Medium,Partially Met
700221,10111,2024,2.4,Medium,Met
700222,10111,2025,3.9,Medium,Partially Met
700223,10112,2024,2.7,Low,Exceeded
700224,10112,2025,2.9,High,Met
700225,10113,2024,2.5,Low,Met
700226,10113,2025,2.9,Medium,Met
700227,10114,2024,3.3,Medium,Met
700228,10114,2025,3.9,Medium,Met
700229,10115,2024,2.9,Medium,Met
700230,10115,2025,4.1,Low,Partially Met
700231,10116,2024,3.0,Low,Met
700232,10116,2025,4.5,Medium,Met
700233,10117,2024,3.2,Medium,Exceeded
700234,10117,2025,4.9,Medium,Met
700235,10118,2024,3.6,Medium,Met
700236,10118,2025,2.6,Medium,Met
700237,10119,2024,2.7,Medium,Met
700238,10119,2025,3.2,High,Met
700239,10120,2024,3.4,High,Partially Met
700240,10120,2025,2.9,High,Partially Met
700241,10121,2024,4.4,Low,Exceeded
700242,10121,2025,4.0,High,Partially Met
700243,10122,2024,3.1,High,Met
700244,10122,2025,3.0,High,Met
700245,10123,2024,3.0,High,Met
700246,10123,2025,4.4,Medium,Met
700247,10124,2024,2.5,Medium,Exceeded
700248,10124,2025,4.1,High,Exceeded
700249,10125,2024,3.7,Medium,Met
700250,10125,2025,4.0,High,Exceeded
700251,10126,2024,2.9,High,Met
700252,10126,2025,3.8,High,Partially Met
700253,10127,2024,2.6,Medium,Exceeded
700254,10127,2025,3.5,Medium,Met
700255,10128,2024,3.7,High,Met
700256,10128,2025,2.5,Medium,Met
700257,10129,2024,4.1,Medium,Met
700258,10129,2025,2.7,High,Partially Met
700259,10130,2024,2.5,Medium,Met
700260,10130,2025,3.5,High,Met
700261,10131,2024,3.3,Low,Met
700262,10131,2025,3.5,High,Met
700263,10132,2024,3.3,Medium,Met
700264,10132,2025,2.9,Medium,Met
700265,10133,2024,4.4,Medium,Met
700266,10133,2025,4.1,Medium,Exceeded
700267,10134,2024,2.7,Medium,Met
700268,10134,2025,3.0,High,Partially Met
700269,10135,2024,3.8,High,Met
700270,10135,2025,3.9,Medium,Met
700271,10136,2024,2.7,Medium,Partially Met
700272,10136,2025,2.3,High,Met
700273,10137,2024,3.5,Medium,Exceeded
700274,10137,2025,3.1,Medium,Met
700275,10138,2024,2.6,Medium,Met
700276,10138,2025,3.7,Medium,Met
700277,10139,2024,3.4,High,Met
700278,10139,2025,2.7,Low,Met
700279,10140,2024,3.5,High,Met
700280,10140,2025,3.6,Medium,Met
700281,10141,2024,4.0,High,Partially Met
700282,10141,2025,2.5,Medium,Exceeded
700283,10142,2024,3.7,Medium,Met
700284,10142,2025,3.5,High,Met
700285,10143,2024,2.8,Medium,Exceeded
700286,10143,2025,4.4,Low,Partially Met
700287,10144,2024,4.2,Medium,Met
700288,10144,2025,4.9,Low,Exceeded
700289,10145,2024,1.9,Medium,Met
700290,10145,2025,3.9,Medium,Met
700291,10146,2024,2.9,High,Met
700292,10146,2025,2.5,Medium,Met
700293,10147,2024,3.0,Low,Exceeded
700294,10147,2025,3.4,High,Partially Met
700295,10148,2024,3.6,Medium,Met
700296,10148,2025,5.0,High,Exceeded
700297,10149,2024,3.7,Medium,Met
700298,10149,2025,3.4,Medium,Exceeded
700299,10150,2024,3.7,Medium,Met
700300,10150,2025,3.2,Medium,Met
700301,10151,2024,4.1,High,Partially Met
700302,10151,2025,3.2,High,Met
700303,10152,2024,3.2,Medium,Met
700304,10152,2025,3.6,High,Met
700305,10153,2024,3.9,High,Met
700306,10153,2025,4.0,Low,Met
700307,10154,2024,3.1,High,Met
700308,10154,2025,4.3,Medium,Met
700309,10155,2024,3.5,Medium,Met
700310,10155,2025,3.2,Medium,Met
700311,10156,2024,3.0,Medium,Met
700312,10156,2025,3.5,Low,Met
700313,10157,2024,2.7,Medium,Met
700314,10157,2025,3.3,High,Exceeded
700315,10158,2024,2.7,Low,Met
700316,10158,2025,3.0,High,Met
700317,10159,2024,3.4,Medium,Met
700318,10159,2025,3.1,Medium,Partially Met
700319,10160,2024,4.5,Medium,Met
700320,10160,2025,4.2,Medium,Met
700321,10161,2024,2.8,Medium,Met
700322,10161,2025,3.9,Medium,Met
700323,10162,2024,2.7,High,Exceeded
700324,10162,2025,4.2,Low,Exceeded
700325,10163,2024,2.6,Low,Met
700326,10163,2025,4.0,Medium,Met
700327,10164,2024,3.5,High,Met
700328,10164,2025,3.4,High,Met
700329,10165,2024,3.5,Medium,Met
700330,10165,2025,4.3,High,Met
700331,10166,2024,4.6,Low,Met
700332,10166,2025,4.1,Medium,Partially Met
700333,10167,2024,2.2,Medium,Met
700334,10167,2025,3.7,Medium,Partially Met
700335,10168,2024,3.1,Medium,Met
700336,10168,2025,4.2,Low,Partially Met
700337,10169,2024,3.7,Medium,Exceeded
700338,10169,2025,3.8,Low,Exceeded
700339,10170,2024,3.6,Medium,Exceeded
700340,10170,2025,3.0,Medium,Met
700341,10171,2024,2.7,Medium,Partially Met
700342,10171,2025,3.9,Low,Met
700343,10172,2024,3.9,Medium,Met
700344,10172,2025,1.9,Medium,Exceeded
700345,10173,2024,3.9,Medium,Met
700346,10173,2025,2.2,Medium,Met
700347,10174,2024,4.0,Medium,Met
700348,10174,2025,2.4,High,Partially Met
700349,10175,2024,3.6,Medium,Partially Met
700350,10175,2025,2.7,High,Met
700351,10176,2024,2.6,Medium,Met
700352,10176,2025,3.7,Low,Exceeded
700353,10177,2024,3.4,Medium,Partially Met
700354,10177,2025,3.9,Low,Met
700355,10178,2024,4.0,Medium,Met
700356,10178,2025,2.5,High,Exceeded
700357,10179,2024,3.9,High,Partially Met
700358,10179,2025,3.6,Medium,Met
700359,10180,2024,2.3,Medium,Met
700360,10180,2025,1.9,Low,Met
700361,10181,2024,2.8,Low,Met
700362,10181,2025,3.0,High,Met
700363,10182,2024,3.0,Medium,Met
700364,10182,2025,3.5,Low,Partially Met
700365,10183,2024,4.1,Medium,Met
700366,10183,2025,3.1,High,Exceeded
700367,10184,2024,3.8,Medium,Met
700368,10184,2025,4.1,High,Partially Met
700369,10185,2024,3.2,High,Met
700370,10185,2025,2.5,Medium,Partially Met
700371,10186,2024,3.6,Medium,Partially Met
700372,10186,2025,4.5,Low,Met
700373,10187,2024,3.4,Medium,Met
700374,10187,2025,3.8,Medium,Met
700375,10188,2024,3.0,Medium,Exceeded
700376,10188,2025,4.2,Medium,Met
700377,10189,2024,4.0,Medium,Met
700378,10189,2025,3.5,Low,Met
700379,10190,2024,4.3,Low,Partially Met
700380,10190,2025,1.8,High,Met
700381,10191,2024,4.7,High,Met
700382,10191,2025,4.1,Medium,Partially Met
700383,10192,2024,3.8,Medium,Met
700384,10192,2025,2.3,High,Exceeded
700385,10193,2024,2.6,High,Met
700386,10193,2025,3.2,Low,Exceeded
700387,10194,2024,3.8,Low,Exceeded
700388,10194,2025,1.7,Low,Met
700389,10195,2024,3.8,Low,Partially Met
700390,10195,2025,2.2,Medium,Met
700391,10196,2024,3.1,Low,Exceeded
700392,10196,2025,4.5,High,Met
700393,10197,2024,3.4,High,Met
700394,10197,2025,4.5,Low,Met
700395,10198,2024,4.0,High,Partially Met
700396,10198,2025,2.9,Low,Exceeded
700397,10199,2024,3.9,Low,Met
700398,10199,2025,4.0,Low,Met
700399,10200,2024,3.7,Low,Partially Met
700400,10200,2025,4.1,Medium,Met
700401,10201,2024,3.9,Medium,Met
700402,10201,2025,3.0,High,Partially Met
700403,10202,2024,2.4,Medium,Met
700404,10202,2025,2.4,Low,Met
700405,10203,2024,4.5,High,Exceeded
700406,10203,2025,3.9,Medium,Met
700407,10204,2024,3.6,Medium,Met
700408,10204,2025,3.0,Medium,Exceeded
700409,10205,2024,3.1,Medium,Exceeded
700410,10205,2025,2.4,Medium,Partially Met
700411,10206,2024,3.4,Medium,Met
700412,10206,2025,4.0,Medium,Partially Met
700413,10207,2024,2.9,Medium,Met
700414,10207,2025,3.9,Medium,Met
700415,10208,2024,2.9,Medium,Partially Met
700416,10208,2025,4.0,Low,Exceeded
700417,10209,2024,2.8,Medium,Partially Met
700418,10209,2025,2.7,High,Met
700419,10210,2024,2.7,High,Met
700420,10210,2025,3.3,Medium,Partially Met
700421,10211,2024,3.5,High,Exceeded
700422,10211,2025,3.7,Medium,Exceeded
700423,10212,2024,3.7,Medium,Met
700424,10212,2025,3.6,Low,Met
700425,10213,2024,4.1,Medium,Met
700426,10213,2025,4.6,Medium,Met
700427,10214,2024,3.5,Medium,Met
700428,10214,2025,3.1,High,Met
700429,10215,2024,2.9,Low,Met
700430,10215,2025,4.2,Low,Exceeded
700431,10216,2024,3.5,Medium,Partially Met
700432,10216,2025,3.9,Medium,Met
700433,10217,2024,4.2,Medium,Met
700434,10217,2025,2.6,Low,Met
700435,10218,2024,4.1,Medium,Exceeded
700436,10218,2025,3.6,Medium,Met
700437,10219,2024,2.9,Medium,Exceeded
700438,10219,2025,3.9,Medium,Exceeded
700439,10220,2024,3.6,High,Partially Met
700440,10220,2025,3.9,Medium,Met
700441,10221,2024,3.2,Medium,Met
700442,10221,2025,3.8,Low,Met
700443,10222,2024,4.6,Medium,Exceeded
700444,10222,2025,3.7,Medium,Exceeded
700445,10223,2024,4.1,Low,Exceeded
700446,10223,2025,3.7,Medium,Met
700447,10224,2024,2.9,Medium,Partially Met
700448,10224,2025,3.0,High,Met
700449,10225,2024,3.2,Medium,Partially Met
700450,10225,2025,3.0,Medium,Exceeded
700451,10226,2024,3.2,Medium,Met
700452,10226,2025,4.1,Low,Met
700453,10227,2024,2.3,High,Exceeded
700454,10227,2025,3.0,Medium,Met
700455,10228,2024,3.4,Medium,Met
700456,10228,2025,2.6,Medium,Met
700457,10229,2024,3.9,Low,Met
700458,10229,2025,3.1,Low,Met
700459,10230,2024,3.3,Medium,Met
700460,10230,2025,3.8,High,Met
700461,10231,2024,4.9,Medium,Met
700462,10231,2025,3.1,Medium,Met
700463,10232,2024,3.9,Medium,Met
700464,10232,2025,3.5,Low,Exceeded
700465,10233,2024,3.5,Medium,Met
700466,10233,2025,3.6,Low,Met
700467,10234,2024,4.5,Low,Met
700468,10234,2025,4.2,Medium,Partially Met
700469,10235,2024,4.8,High,Met
700470,10235,2025,4.3,Medium,Met
700471,10236,2024,3.8,Low,Met
700472,10236,2025,4.2,Medium,Met
700473,10237,2024,3.6,Medium,Met
700474,10237,2025,2.0,Medium,Met
700475,10238,2024,3.1,High,Exceeded
700476,10238,2025,4.4,Medium,Exceeded
700477,10239,2024,3.7,Medium,Exceeded
700478,10239,2025,3.8,Medium,Met
700479,10240,2024,3.2,Medium,Partially Met
700480,10240,2025,3.6,Medium,Met
700481,10241,2024,4.1,Medium,Met
700482,10241,2025,3.1,Low,Met
700483,10242,2024,3.4,High,Met
700484,10242,2025,3.5,Medium,Met
700485,10243,2024,3.9,Medium,Met
700486,10243,2025,3.7,Medium,Met
700487,10244,2024,3.7,High,Partially Met
700488,10244,2025,3.1,Low,Met
700489,10245,2024,3.9,High,Met
700490,10245,2025,3.7,Medium,Exceeded
700491,10246,2024,2.9,Medium,Exceeded
700492,10246,2025,3.4,Medium,Exceeded
700493,10247,2024,3.0,Medium,Exceeded
700494,10247,2025,3.0,Medium,Met
700495,10248,2024,3.6,High,Met
700496,10248,2025,3.6,Medium,Met
700497,10249,2024,3.6,Medium,Met
700498,10249,2025,4.7,High,Partially Met
700499,10250,2024,4.9,Medium,Exceeded
700500,10250,2025,3.2,Medium,Met
700501,10251,2024,3.4,Low,Met
700502,10251,2025,3.0,Medium,Partially Met
700503,10252,2024,3.4,Low,Met
700504,10252,2025,3.1,Low,Partially Met
700505,10253,2024,3.4,Medium,Met
700506,10253,2025,3.1,Medium,Met
700507,10254,2024,3.6,High,Met
700508,10254,2025,3.4,Medium,Exceeded
700509,10255,2024,2.3,Low,Met
700510,10255,2025,3.7,Low,Exceeded
700511,10256,2024,3.5,Medium,Met
700512,10256,2025,4.3,Medium,Exceeded
700513,10257,2024,3.4,Medium,Met
700514,10257,2025,3.6,Low,Met
700515,10258,2024,2.5,Medium,Met
700516,10258,2025,1.7,Medium,Met
700517,10259,2024,2.4,Medium,Exceeded
700518,10259,2025,2.7,High,Met
700519,10260,2024,3.7,Medium,Exceeded
700520,10260,2025,3.2,Low,Partially Met
700521,10261,2024,3.5,Medium,Exceeded
700522,10261,2025,3.4,Medium,Exceeded
700523,10262,2024,3.7,High,Met
700524,10262,2025,4.2,Low,Met
700525,10263,2024,3.9,Medium,Met
700526,10263,2025,3.4,Low,Met
700527,10264,2024,4.6,Medium,Met
700528,10264,2025,3.7,Medium,Met
700529,10265,2024,3.4,Low,Met
700530,10265,2025,3.3,Low,Partially Met
700531,10266,2024,4.7,High,Met
700532,10266,2025,3.2,Medium,Partially Met
700533,10267,2024,1.9,Medium,Met
700534,10267,2025,3.9,Medium,Exceeded
700535,10268,2024,4.3,High,Met
700536,10268,2025,2.1,High,Met
700537,10269,2024,3.8,Medium,Partially Met
700538,10269,2025,3.0,High,Met
700539,10270,2024,3.3,Medium,Exceeded
700540,10270,2025,4.4,High,Met
700541,10271,2024,2.8,High,Met
700542,10271,2025,3.7,Medium,Met
700543,10272,2024,5.0,High,Partially Met
700544,10272,2025,4.1,Medium,Met
700545,10273,2024,4.1,Medium,Exceeded
700546,10273,2025,2.9,Low,Met
700547,10274,2024,3.1,Medium,Partially Met
700548,10274,2025,3.2,Medium,Met
700549,10275,2024,3.9,Low,Partially Met
700550,10275,2025,3.5,Medium,Exceeded
700551,10276,2024,3.3,Medium,Met
700552,10276,2025,4.2,Medium,Exceeded
700553,10277,2024,4.3,Medium,Met
700554,10277,2025,2.6,High,Exceeded
700555,10278,2024,3.2,High,Partially Met
700556,10278,2025,3.6,Medium,Met
700557,10279,2024,3.5,Medium,Met
700558,10279,2025,3.5,Medium,Met
700559,10280,2024,3.6,Medium,Partially Met
700560,10280,2025,2.8,Medium,Partially Met
700561,10281,2024,2.3,Medium,Met
700562,10281,2025,3.2,Medium,Partially Met
700563,10282,2024,3.6,Low,Met
700564,10282,2025,3.4,Low,Met
700565,10283,2024,4.2,Medium,Met
700566,10283,2025,3.4,High,Partially Met
700567,10284,2024,4.2,Low,Exceeded
700568,10284,2025,3.5,Medium,Met
700569,10285,2024,4.6,Medium,Met
700570,10285,2025,3.8,Medium,Met
700571,10286,2024,3.3,Medium,Met
700572,10286,2025,3.5,Medium,Exceeded
700573,10287,2024,3.5,Medium,Partially Met
700574,10287,2025,3.9,Medium,Met
700575,10288,2024,4.7,High,Partially Met
700576,10288,2025,3.6,Medium,Exceeded
700577,10289,2024,2.6,Medium,Met
700578,10289,2025,2.5,High,Met
700579,10290,2024,3.7,Medium,Met
700580,10290,2025,3.9,High,Met
700581,10291,2024,2.8,Low,Partially Met
700582,10291,2025,3.3,Medium,Met
700583,10292,2024,3.5,Medium,Met
700584,10292,2025,3.2,Medium,Met
700585,10293,2024,3.9,Low,Met
700586,10293,2025,3.1,Medium,Met
700587,10294,2024,3.1,Low,Met
700588,10294,2025,2.7,Low,Met
700589,10295,2024,2.9,Medium,Met
700590,10295,2025,3.7,Medium,Partially Met
700591,10296,2024,4.2,Medium,Met
700592,10296,2025,4.1,Medium,Met
700593,10297,2024,3.2,High,Exceeded
700594,10297,2025,2.2,Medium,Met
700595,10298,2024,4.3,Low,Met
700596,10298,2025,2.3,Medium,Met
700597,10299,2024,3.0,Medium,Exceeded
700598,10299,2025,3.0,Medium,Met
700599,10300,2024,3.3,Medium,Exceeded
700600,10300,2025,2.8,Medium,Met
700601,10301,2024,2.9,Medium,Exceeded
700602,10301,2025,3.2,High,Met
700603,10302,2024,1.8,Medium,Met
700604,10302,2025,4.1,Medium,Partially Met
700605,10303,2024,2.8,High,Partially Met
700606,10303,2025,3.0,Medium,Partially Met
700607,10304,2024,2.9,High,Met
700608,10304,2025,4.6,High,Met
700609,10305,2024,3.1,Medium,Met
700610,10305,2025,4.2,Medium,Met
700611,10306,2024,4.9,Medium,Met
700612,10306,2025,3.5,Medium,Partially Met
700613,10307,2024,3.1,Medium,Met
700614,10307,2025,4.0,High,Partially Met
700615,10308,2024,3.7,Medium,Met
700616,10308,2025,3.9,High,Met
700617,10309,2024,3.8,High,Met
700618,10309,2025,3.7,Medium,Met
700619,10310,2024,3.1,Low,Met
700620,10310,2025,3.1,Low,Met
700621,10311,2024,3.7,Medium,Met
700622,10311,2025,4.0,Low,Met
700623,10312,2024,3.0,Medium,Exceeded
700624,10312,2025,2.7,Low,Partially Met
700625,10313,2024,3.0,High,Met
700626,10313,2025,5.0,Low,Met
700627,10314,2024,3.5,Medium,Partially Met
700628,10314,2025,3.9,Medium,Partially Met
700629,10315,2024,3.9,Medium,Met
700630,10315,2025,3.1,High,Partially Met
700631,10316,2024,3.0,Low,Partially Met
700632,10316,2025,3.0,High,Exceeded
700633,10317,2024,2.8,High,Met
700634,10317,2025,3.6,Low,Met
700635,10318,2024,4.3,Medium,Met
700636,10318,2025,3.7,Medium,Exceeded
700637,10319,2024,4.2,High,Partially Met
700638,10319,2025,3.0,Medium,Partially Met
700639,10320,2024,3.4,Low,Met
700640,10320,2025,5.0,Medium,Met
700641,10321,2024,3.2,Low,Partially Met
700642,10321,2025,2.8,High,Partially Met
700643,10322,2024,4.4,High,Met
700644,10322,2025,4.5,Low,Met
700645,10323,2024,4.6,Low,Met
700646,10323,2025,4.7,Medium,Met
700647,10324,2024,4.3,Low,Met
700648,10324,2025,3.6,Medium,Met
700649,10325,2024,3.1,Medium,Met
700650,10325,2025,3.6,Medium,Met
700651,10326,2024,2.6,Low,Exceeded
700652,10326,2025,3.4,High,Exceeded
700653,10327,2024,2.7,Medium,Met
700654,10327,2025,3.2,Medium,Partially Met
700655,10328,2024,4.2,High,Partially Met
700656,10328,2025,2.5,Medium,Partially Met
700657,10329,2024,3.8,Medium,Met
700658,10329,2025,4.4,Medium,Met
700659,10330,2024,4.1,Medium,Met
700660,10330,2025,2.9,Low,Exceeded
700661,10331,2024,2.9,High,Met
700662,10331,2025,4.0,Medium,Exceeded
700663,10332,2024,3.7,High,Met
700664,10332,2025,3.0,Low,Exceeded
700665,10333,2024,3.7,Medium,Met
700666,10333,2025,4.2,Medium,Met
700667,10334,2024,2.4,High,Exceeded
700668,10334,2025,3.1,Medium,Met
700669,10335,2024,4.2,Medium,Partially Met
700670,10335,2025,4.4,Medium,Met
700671,10336,2024,3.9,High,Met
700672,10336,2025,4.5,Medium,Met
700673,10337,2024,5.0,Medium,Met
700674,10337,2025,2.7,Medium,Exceeded
700675,10338,2024,3.6,Medium,Met
700676,10338,2025,3.8,Medium,Met
700677,10339,2024,3.4,Medium,Partially Met
700678,10339,2025,3.1,Medium,Met
700679,10340,2024,2.5,Medium,Met
700680,10340,2025,2.6,High,Exceeded
700681,10341,2024,2.5,Medium,Met
700682,10341,2025,3.9,Medium,Met
700683,10342,2024,3.3,Medium,Exceeded
700684,10342,2025,4.2,High,Met
700685,10343,2024,2.8,Medium,Partially Met
700686,10343,2025,4.1,High,Met
700687,10344,2024,3.9,Medium,Met
700688,10344,2025,4.1,High,Met
700689,10345,2024,2.7,High,Met
700690,10345,2025,3.8,High,Met
700691,10346,2024,3.4,High,Exceeded
700692,10346,2025,3.0,High,Met
700693,10347,2024,3.3,Low,Exceeded
700694,10347,2025,3.1,High,Met
700695,10348,2024,3.0,Low,Partially Met
700696,10348,2025,3.2,Medium,Exceeded
700697,10349,2024,3.2,High,Met
700698,10349,2025,4.3,Low,Partially Met
700699,10350,2024,3.5,Medium,Met
700700,10350,2025,4.0,High,Met
700701,10351,2024,2.6,Medium,Partially Met
700702,10351,2025,3.6,Medium,Met
700703,10352,2024,3.4,High,Met
700704,10352,2025,3.6,Medium,Met
700705,10353,2024,3.4,Medium,Met
700706,10353,2025,4.0,Medium,Met
700707,10354,2024,3.7,Medium,Met
700708,10354,2025,3.7,Low,Met
700709,10355,2024,2.6,High,Exceeded
700710,10355,2025,3.2,Medium,Met
700711,10356,2024,2.7,Medium,Exceeded
700712,10356,2025,3.1,Medium,Exceeded
700713,10357,2024,5.0,High,Exceeded
700714,10357,2025,2.9,High,Exceeded
700715,10358,2024,4.2,Medium,Met
700716,10358,2025,5.0,Medium,Met
700717,10359,2024,2.9,Medium,Met
700718,10359,2025,2.2,Medium,Met
700719,10360,2024,4.3,Medium,Met
700720,10360,2025,4.1,Medium,Met
700721,10361,2024,4.1,Medium,Met
700722,10361,2025,5.0,Medium,Met
700723,10362,2024,4.0,Medium,Exceeded
700724,10362,2025,2.6,Low,Met
700725,10363,2024,3.2,Medium,Exceeded
700726,10363,2025,2.9,Medium,Met
700727,10364,2024,4.0,Medium,Met
700728,10364,2025,3.2,Medium,Met
700729,10365,2024,3.0,Medium,Met
700730,10365,2025,3.5,Medium,Met
700731,10366,2024,3.5,High,Met
700732,10366,2025,3.5,Medium,Exceeded
700733,10367,2024,2.6,Medium,Met
700734,10367,2025,4.2,Medium,Exceeded
700735,10368,2024,3.3,Low,Met
700736,10368,2025,3.3,Medium,Met
700737,10369,2024,3.7,Medium,Partially Met
700738,10369,2025,3.5,Medium,Met
700739,10370,2024,3.9,Medium,Partially Met
700740,10370,2025,3.4,Medium,Exceeded
700741,10371,2024,3.4,Medium,Met
700742,10371,2025,3.4,High,Partially Met
700743,10372,2024,3.3,Medium,Exceeded
700744,10372,2025,3.3,Low,Met
700745,10373,2024,3.9,High,Met
700746,10373,2025,3.7,High,Exceeded
700747,10374,2024,3.1,High,Met
700748,10374,2025,3.9,Medium,Met
700749,10375,2024,3.0,Medium,Exceeded
700750,10375,2025,3.3,Medium,Exceeded
700751,10376,2024,2.5,Medium,Partially Met
700752,10376,2025,3.7,High,Exceeded
700753,10377,2024,3.1,Medium,Met
700754,10377,2025,3.9,High,Partially Met
700755,10378,2024,3.8,Medium,Met
700756,10378,2025,3.8,Medium,Exceeded
700757,10379,2024,3.5,Medium,Met
700758,10379,2025,3.1,High,Met
700759,10380,2024,3.2,Medium,Met
700760,10380,2025,4.3,Low,Exceeded
700761,10381,2024,2.9,Medium,Met
700762,10381,2025,2.4,Low,Met
700763,10382,2024,3.9,Low,Partially Met
700764,10382,2025,3.1,High,Met
700765,10383,2024,2.8,Medium,Exceeded
700766,10383,2025,2.8,Medium,Met
700767,10384,2024,2.6,Medium,Exceeded
700768,10384,2025,3.0,Medium,Met
700769,10385,2024,2.6,High,Partially Met
700770,10385,2025,2.6,High,Exceeded
700771,10386,2024,4.1,High,Met
700772,10386,2025,2.7,High,Met
700773,10387,2024,3.1,Medium,Met
700774,10387,2025,1.8,High,Met
700775,10388,2024,3.4,Medium,Partially Met
700776,10388,2025,3.0,Medium,Met
700777,10389,2024,3.9,Medium,Met
700778,10389,2025,2.4,High,Exceeded
700779,10390,2024,3.6,Low,Exceeded
700780,10390,2025,3.4,Medium,Partially Met
700781,10391,2024,3.7,Low,Partially Met
700782,10391,2025,5.0,Medium,Met
700783,10392,2024,2.3,Medium,Met
700784,10392,2025,2.3,High,Exceeded
700785,10393,2024,1.7,Low,Met
700786,10393,2025,3.2,Low,Exceeded
700787,10394,2024,3.1,Medium,Exceeded
700788,10394,2025,2.7,High,Met
700789,10395,2024,3.4,Medium,Exceeded
700790,10395,2025,3.4,Low,Met
700791,10396,2024,2.6,Medium,Exceeded
700792,10396,2025,3.5,Low,Met
700793,10397,2024,3.6,Medium,Met
700794,10397,2025,3.4,Low,Met
700795,10398,2024,3.8,High,Met
700796,10398,2025,2.9,Medium,Met
700797,10399,2024,2.7,High,Met
700798,10399,2025,3.3,Medium,Met
700799,10400,2024,3.8,Medium,Partially Met
700800,10400,2025,3.0,High,Met
700801,10401,2024,2.3,Low,Met
700802,10401,2025,3.5,Low,Exceeded
700803,10402,2024,2.9,Low,Met
700804,10402,2025,3.8,Medium,Partially Met
700805,10403,2024,3.0,Medium,Exceeded
700806,10403,2025,3.1,High,Partially Met
700807,10404,2024,3.9,Low,Met
700808,10404,2025,3.2,Medium,Met
700809,10405,2024,2.9,Medium,Met
700810,10405,2025,3.8,Medium,Partially Met
700811,10406,2024,3.2,Medium,Met
700812,10406,2025,3.6,Medium,Met
700813,10407,2024,4.1,High,Met
700814,10407,2025,4.3,Medium,Partially Met
700815,10408,2024,4.1,Medium,Exceeded
700816,10408,2025,3.1,Medium,Met
700817,10409,2024,4.2,Medium,Exceeded
700818,10409,2025,2.8,Medium,Met
700819,10410,2024,3.5,Low,Exceeded
700820,10410,2025,2.7,Medium,Met
700821,10411,2024,3.1,Medium,Met
700822,10411,2025,2.3,High,Exceeded
700823,10412,2024,4.6,High,Exceeded
700824,10412,2025,2.8,Medium,Met
700825,10413,2024,2.9,Medium,Partially Met
700826,10413,2025,3.0,Medium,Met
700827,10414,2024,3.4,Medium,Exceeded
700828,10414,2025,3.2,Medium,Met
700829,10415,2024,3.9,High,Exceeded
700830,10415,2025,4.3,Medium,Met
700831,10416,2024,2.1,Medium,Met
700832,10416,2025,3.3,Medium,Met
700833,10417,2024,1.6,Medium,Met
700834,10417,2025,2.9,Low,Met
700835,10418,2024,2.9,Medium,Partially Met
700836,10418,2025,2.9,Low,Met
700837,10419,2024,3.8,Low,Met
700838,10419,2025,4.5,Low,Exceeded
700839,10420,2024,4.1,High,Exceeded
700840,10420,2025,4.1,Medium,Exceeded
700841,10421,2024,3.3,Medium,Met
700842,10421,2025,1.9,Medium,Met
700843,10422,2024,4.3,Low,Met
700844,10422,2025,3.5,Medium,Met
700845,10423,2024,2.9,High,Met
700846,10423,2025,3.3,Medium,Met
700847,10424,2024,3.5,Medium,Exceeded
700848,10424,2025,3.4,High,Met
700849,10425,2024,3.4,Low,Met
700850,10425,2025,3.2,High,Met
700851,10426,2024,4.0,High,Met
700852,10426,2025,3.2,Medium,Partially Met
700853,10427,2024,3.0,Medium,Exceeded
700854,10427,2025,2.8,Medium,Met
700855,10428,2024,3.9,Medium,Exceeded
700856,10428,2025,2.7,High,Met
700857,10429,2024,3.1,Low,Exceeded
700858,10429,2025,4.1,High,Met
700859,10430,2024,3.4,Medium,Exceeded
700860,10430,2025,2.4,Low,Met
700861,10431,2024,2.5,Medium,Met
700862,10431,2025,3.9,Medium,Met
700863,10432,2024,2.1,High,Met
700864,10432,2025,2.0,Medium,Met
700865,10433,2024,3.5,Medium,Exceeded
700866,10433,2025,2.8,Medium,Exceeded
700867,10434,2024,3.5,High,Met
700868,10434,2025,3.0,Medium,Met
700869,10435,2024,4.1,Medium,Met
700870,10435,2025,3.5,Medium,Partially Met
700871,10436,2024,4.4,Low,Met
700872,10436,2025,3.5,Medium,Met
700873,10437,2024,3.5,Medium,Met
700874,10437,2025,4.0,Medium,Met
700875,10438,2024,2.7,Medium,Exceeded
700876,10438,2025,3.8,High,Partially Met
700877,10439,2024,3.3,Medium,Met
700878,10439,2025,2.3,Medium,Partially Met
700879,10440,2024,3.8,High,Partially Met
700880,10440,2025,3.5,Medium,Partially Met
700881,10441,2024,3.1,High,Met
700882,10441,2025,4.0,Medium,Exceeded
700883,10442,2024,3.3,Medium,Met
700884,10442,2025,3.3,Medium,Met
700885,10443,2024,3.0,Low,Met
700886,10443,2025,4.1,High,Met
700887,10444,2024,4.4,Low,Met
700888,10444,2025,3.7,Medium,Met
700889,10445,2024,2.9,Medium,Exceeded
700890,10445,2025,3.1,High,Met
700891,10446,2024,2.5,Medium,Met
700892,10446,2025,4.0,Medium,Exceeded
700893,10447,2024,3.8,Medium,Exceeded
700894,10447,2025,2.9,Medium,Met
700895,10448,2024,3.0,High,Exceeded
700896,10448,2025,3.5,Medium,Met
700897,10449,2024,3.8,High,Met
700898,10449,2025,3.2,Low,Exceeded
700899,10450,2024,3.0,Medium,Exceeded
700900,10450,2025,3.8,Low,Met
700901,10451,2024,3.6,High,Met
700902,10451,2025,3.7,Low,Partially Met
700903,10452,2024,3.0,Medium,Met
700904,10452,2025,3.1,Low,Met
700905,10453,2024,4.1,Medium,Partially Met
700906,10453,2025,2.1,High,Met
700907,10454,2024,3.4,Medium,Exceeded
700908,10454,2025,3.6,Low,Exceeded
700909,10455,2024,2.4,Medium,Exceeded
700910,10455,2025,4.5,Medium,Met
700911,10456,2024,2.5,Medium,Met
700912,10456,2025,4.4,Low,Met
700913,10457,2024,2.8,Medium,Met
700914,10457,2025,3.1,Medium,Met
700915,10458,2024,2.1,Medium,Met
700916,10458,2025,2.1,Low,Met
700917,10459,2024,3.1,High,Met
700918,10459,2025,5.0,Medium,Met
700919,10460,2024,2.9,Medium,Met
700920,10460,2025,4.4,Medium,Met
700921,10461,2024,3.1,Medium,Met
700922,10461,2025,3.1,Medium,Met
700923,10462,2024,3.0,Low,Met
700924,10462,2025,3.8,Low,Exceeded
700925,10463,2024,3.0,Medium,Met
700926,10463,2025,2.5,Medium,Met
700927,10464,2024,3.4,Medium,Met
700928,10464,2025,3.1,Medium,Partially Met
700929,10465,2024,3.4,Low,Met
700930,10465,2025,2.8,Low,Met
700931,10466,2024,2.9,Medium,Met
700932,10466,2025,2.8,Medium,Met
700933,10467,2024,3.4,Medium,Met
700934,10467,2025,3.8,Medium,Met
700935,10468,2024,3.9,Medium,Met
700936,10468,2025,2.8,High,Met
700937,10469,2024,4.2,Medium,Met
700938,10469,2025,3.4,Medium,Partially Met
700939,10470,2024,5.0,Medium,Met
700940,10470,2025,3.1,Medium,Met
700941,10471,2024,3.1,Medium,Partially Met
700942,10471,2025,3.3,High,Met
700943,10472,2024,3.9,Medium,Exceeded
700944,10472,2025,4.0,Medium,Met
700945,10473,2024,4.2,High,Met
700946,10473,2025,5.0,High,Met
700947,10474,2024,4.1,High,Exceeded
700948,10474,2025,2.3,High,Partially Met
700949,10475,2024,3.6,Medium,Met
700950,10475,2025,3.6,High,Exceeded
700951,10476,2024,3.3,Medium,Exceeded
700952,10476,2025,3.6,Low,Met
700953,10477,2024,2.5,Low,Met
700954,10477,2025,3.9,High,Exceeded
700955,10478,2024,2.8,High,Exceeded
700956,10478,2025,4.4,Low,Exceeded
700957,10479,2024,3.8,Low,Exceeded
700958,10479,2025,3.9,High,Met
700959,10480,2024,4.8,Low,Partially Met
700960,10480,2025,3.1,Medium,Met
700961,10481,2024,4.2,Medium,Exceeded
700962,10481,2025,3.3,Low,Exceeded
700963,10482,2024,4.7,High,Met
700964,10482,2025,3.5,Medium,Partially Met
700965,10483,2024,3.6,Low,Met
700966,10483,2025,3.8,Medium,Partially Met
700967,10484,2024,4.4,High,Met
700968,10484,2025,3.3,Low,Exceeded
700969,10485,2024,3.8,Medium,Met
700970,10485,2025,3.9,Low,Exceeded
700971,10486,2024,4.2,High,Partially Met
700972,10486,2025,4.9,Medium,Met
700973,10487,2024,3.8,Medium,Met
700974,10487,2025,3.9,Medium,Partially Met
700975,10488,2024,3.2,Medium,Met
700976,10488,2025,3.7,Medium,Exceeded
700977,10489,2024,3.8,High,Met
700978,10489,2025,3.3,High,Partially Met
700979,10490,2024,3.8,High,Exceeded
700980,10490,2025,3.3,Medium,Met
700981,10491,2024,4.0,Medium,Met
700982,10491,2025,2.8,Medium,Partially Met
700983,10492,2024,3.3,High,Met
700984,10492,2025,3.6,Medium,Met
700985,10493,2024,4.5,Medium,Met
700986,10493,2025,3.1,Medium,Met
700987,10494,2024,4.0,Medium,Met
700988,10494,2025,3.2,Low,Exceeded
700989,10495,2024,2.9,Medium,Exceeded
700990,10495,2025,2.9,Low,Met
700991,10496,2024,3.7,Low,Met
700992,10496,2025,2.4,Medium,Exceeded
700993,10497,2024,3.4,Medium,Exceeded
700994,10497,2025,3.6,Medium,Met
700995,10498,2024,3.3,Medium,Met
700996,10498,2025,2.1,High,Exceeded
700997,10499,2024,1.8,Low,Partially Met
700998,10499,2025,3.7,Medium,Met
700999,10500,2024,2.5,Medium,Met
701000,10500,2025,2.9,High,Met
701001,10501,2024,4.4,Medium,Partially Met
701002,10501,2025,3.5,Medium,Met
701003,10502,2024,3.0,Medium,Exceeded
701004,10502,2025,1.5,Medium,Partially Met
701005,10503,2024,2.9,High,Exceeded
701006,10503,2025,2.5,High,Met
701007,10504,2024,2.5,Low,Met
701008,10504,2025,3.6,High,Partially Met
701009,10505,2024,3.5,High,Met
701010,10505,2025,4.5,Medium,Exceeded
701011,10506,2024,2.7,Medium,Met
701012,10506,2025,2.7,High,Met
701013,10507,2024,3.0,Medium,Exceeded
701014,10507,2025,4.5,Medium,Exceeded
701015,10508,2024,2.7,Medium,Exceeded
701016,10508,2025,3.2,Low,Partially Met
701017,10509,2024,4.1,Medium,Met
701018,10509,2025,4.6,Medium,Partially Met
701019,10510,2024,3.9,High,Exceeded
701020,10510,2025,3.0,Medium,Met
701021,10511,2024,4.0,Low,Exceeded
701022,10511,2025,3.5,High,Met
701023,10512,2024,2.9,High,Partially Met
701024,10512,2025,4.4,Medium,Met
701025,10513,2024,2.8,Low,Met
701026,10513,2025,3.5,Low,Exceeded
701027,10514,2024,2.6,Medium,Met
701028,10514,2025,3.4,Medium,Met
701029,10515,2024,1.9,Low,Partially Met
701030,10515,2025,3.2,Medium,Met
701031,10516,2024,2.5,Low,Partially Met
701032,10516,2025,3.6,Medium,Met
701033,10517,2024,3.1,Medium,Met
701034,10517,2025,4.3,Medium,Exceeded
701035,10518,2024,4.0,Medium,Met
701036,10518,2025,3.9,Medium,Met
701037,10519,2024,3.6,High,Met
701038,10519,2025,3.9,Medium,Met
701039,10520,2024,4.6,Low,Met
701040,10520,2025,2.1,Low,Met
701041,10521,2024,4.3,Medium,Exceeded
701042,10521,2025,3.4,Medium,Met
701043,10522,2024,3.8,High,Partially Met
701044,10522,2025,3.5,Medium,Met
701045,10523,2024,3.7,Medium,Met
701046,10523,2025,4.1,High,Exceeded
701047,10524,2024,3.5,High,Met
701048,10524,2025,3.7,Medium,Met
701049,10525,2024,3.1,Medium,Exceeded
701050,10525,2025,1.6,High,Partially Met
701051,10526,2024,3.8,Medium,Met
701052,10526,2025,3.2,Medium,Met
701053,10527,2024,1.8,Medium,Exceeded
701054,10527,2025,4.0,Medium,Met
701055,10528,2024,3.4,Low,Met
701056,10528,2025,2.7,Low,Met
701057,10529,2024,2.9,Medium,Met
701058,10529,2025,4.9,High,Met
701059,10530,2024,3.1,Medium,Met
701060,10530,2025,4.2,Medium,Exceeded
701061,10531,2024,3.5,High,Partially Met
701062,10531,2025,3.4,Medium,Exceeded
701063,10532,2024,3.3,Medium,Met
701064,10532,2025,3.4,Medium,Met
701065,10533,2024,3.0,Medium,Met
701066,10533,2025,3.2,High,Met
701067,10534,2024,4.0,Medium,Partially Met
701068,10534,2025,3.7,Medium,Partially Met
701069,10535,2024,3.0,Low,Exceeded
701070,10535,2025,4.0,Low,Met
701071,10536,2024,3.7,Medium,Met
701072,10536,2025,3.3,Low,Exceeded
701073,10537,2024,3.1,Low,Met
701074,10537,2025,3.0,Medium,Met
701075,10538,2024,2.6,Low,Exceeded
701076,10538,2025,3.0,Low,Partially Met
701077,10539,2024,3.0,Medium,Met
701078,10539,2025,2.6,Medium,Exceeded
701079,10540,2024,4.4,Medium,Partially Met
701080,10540,2025,3.5,Medium,Met
701081,10541,2024,4.1,Medium,Partially Met
701082,10541,2025,3.3,Medium,Partially Met
701083,10542,2024,4.2,Low,Met
701084,10542,2025,3.8,High,Met
701085,10543,2024,3.2,Low,Exceeded
701086,10543,2025,2.6,Medium,Exceeded
701087,10544,2024,3.7,Medium,Partially Met
701088,10544,2025,3.4,Medium,Met
701089,10545,2024,2.9,Medium,Met
701090,10545,2025,3.2,Medium,Met
701091,10546,2024,2.7,Medium,Exceeded
701092,10546,2025,3.7,Medium,Met
701093,10547,2024,3.6,Medium,Partially Met
701094,10547,2025,3.6,Medium,Met
701095,10548,2024,3.8,Medium,Partially Met
701096,10548,2025,3.6,Medium,Partially Met
701097,10549,2024,3.5,High,Met
701098,10549,2025,2.4,Medium,Partially Met
701099,10550,2024,3.6,Medium,Partially Met
701100,10550,2025,3.6,Low,Exceeded
701101,10551,2024,3.5,High,Partially Met
701102,10551,2025,3.6,Medium,Met
701103,10552,2024,2.8,Medium,Met
701104,10552,2025,3.1,Medium,Exceeded
701105,10553,2024,3.9,Medium,Met
701106,10553,2025,4.6,Medium,Met
701107,10554,2024,4.1,Medium,Exceeded
701108,10554,2025,2.5,Medium,Partially Met
701109,10555,2024,3.8,Medium,Met
701110,10555,2025,3.2,Medium,Partially Met
701111,10556,2024,3.0,Medium,Met
701112,10556,2025,3.8,Medium,Met
701113,10557,2024,3.3,Low,Met
701114,10557,2025,3.5,Medium,Met
701115,10558,2024,2.1,Medium,Partially Met
701116,10558,2025,3.1,Medium,Met
701117,10559,2024,3.5,Low,Met
701118,10559,2025,4.3,Medium,Partially Met
701119,10560,2024,1.6,Low,Met
701120,10560,2025,3.2,Medium,Met
701121,10561,2024,2.5,Medium,Exceeded
701122,10561,2025,2.8,High,Met
701123,10562,2024,3.3,High,Met
701124,10562,2025,3.9,Medium,Exceeded
701125,10563,2024,3.4,Medium,Partially Met
701126,10563,2025,4.4,Medium,Partially Met
701127,10564,2024,2.8,Medium,Met
701128,10564,2025,1.9,Medium,Met
701129,10565,2024,3.5,Medium,Exceeded
701130,10565,2025,4.2,Medium,Met
701131,10566,2024,3.0,High,Partially Met
701132,10566,2025,3.4,Medium,Met
701133,10567,2024,4.3,Medium,Met
701134,10567,2025,2.9,High,Met
701135,10568,2024,3.9,Medium,Met
701136,10568,2025,3.5,High,Partially Met
701137,10569,2024,3.7,Medium,Met
701138,10569,2025,3.8,Medium,Met
701139,10570,2024,4.5,Medium,Met
701140,10570,2025,3.1,Low,Met
701141,10571,2024,2.8,Medium,Met
701142,10571,2025,2.8,Medium,Met
701143,10572,2024,3.6,Medium,Met
701144,10572,2025,3.8,High,Exceeded
701145,10573,2024,2.1,High,Partially Met
701146,10573,2025,3.5,Low,Exceeded
701147,10574,2024,3.5,High,Met
701148,10574,2025,4.1,Medium,Exceeded
701149,10575,2024,4.2,Medium,Met
701150,10575,2025,3.1,Medium,Met
701151,10576,2024,3.3,Medium,Met
701152,10576,2025,2.8,Medium,Met
701153,10577,2024,4.0,High,Met
701154,10577,2025,2.9,Medium,Met
701155,10578,2024,4.7,Medium,Met
701156,10578,2025,3.8,Medium,Met
701157,10579,2024,2.6,High,Met
701158,10579,2025,3.8,Medium,Partially Met
701159,10580,2024,2.9,Medium,Met
701160,10580,2025,3.2,Low,Met
701161,10581,2024,3.6,Medium,Met
701162,10581,2025,2.8,Medium,Met
701163,10582,2024,3.2,Low,Met
701164,10582,2025,3.0,Medium,Met
701165,10583,2024,2.4,Low,Met
701166,10583,2025,3.2,Medium,Exceeded
701167,10584,2024,3.7,High,Met
701168,10584,2025,3.1,High,Exceeded
701169,10585,2024,2.5,Low,Partially Met
701170,10585,2025,4.2,Low,Partially Met
701171,10586,2024,4.2,Medium,Met
701172,10586,2025,2.9,High,Met
701173,10587,2024,2.7,Low,Met
701174,10587,2025,2.9,Medium,Met
701175,10588,2024,3.1,Medium,Exceeded
701176,10588,2025,2.4,Medium,Met
701177,10589,2024,4.2,Medium,Exceeded
701178,10589,2025,4.5,Low,Exceeded
701179,10590,2024,2.6,Medium,Met
701180,10590,2025,3.6,High,Met
701181,10591,2024,3.1,Medium,Met
701182,10591,2025,3.1,Medium,Exceeded
701183,10592,2024,3.3,Low,Met
701184,10592,2025,2.7,Low,Met
701185,10593,2024,2.4,Medium,Met
701186,10593,2025,4.1,Low,Partially Met
701187,10594,2024,4.4,Medium,Met
701188,10594,2025,3.3,Medium,Met
701189,10595,2024,3.9,High,Exceeded
701190,10595,2025,3.7,High,Exceeded
701191,10596,2024,4.0,Medium,Exceeded
701192,10596,2025,3.0,Medium,Met
701193,10597,2024,4.0,Medium,Partially Met
701194,10597,2025,4.9,Medium,Met
701195,10598,2024,3.5,Medium,Met
701196,10598,2025,3.9,High,Met
701197,10599,2024,3.9,High,Met
701198,10599,2025,4.0,High,Met
701199,10600,2024,3.6,High,Met
701200,10600,2025,3.5,Medium,Met
701201,10601,2024,3.0,Medium,Exceeded
701202,10601,2025,3.4,Medium,Partially Met
701203,10602,2024,3.1,High,Met
701204,10602,2025,3.0,Medium,Met
701205,10603,2024,2.9,High,Met
701206,10603,2025,2.9,Low,Met
701207,10604,2024,2.5,Medium,Exceeded
701208,10604,2025,3.9,Low,Met
701209,10605,2024,3.2,Low,Exceeded
701210,10605,2025,3.9,High,Met
701211,10606,2024,4.0,Medium,Met
701212,10606,2025,3.3,High,Met
701213,10607,2024,4.3,High,Partially Met
701214,10607,2025,2.2,High,Met
701215,10608,2024,3.3,Medium,Exceeded
701216,10608,2025,4.0,Medium,Met
701217,10609,2024,3.1,Medium,Met
701218,10609,2025,4.3,Medium,Met
701219,10610,2024,3.8,High,Partially Met
701220,10610,2025,3.4,High,Met
701221,10611,2024,3.1,Medium,Exceeded
701222,10611,2025,3.0,High,Met
701223,10612,2024,3.6,Medium,Exceeded
701224,10612,2025,3.2,Low,Met
701225,10613,2024,3.0,Medium,Exceeded
701226,10613,2025,3.9,Medium,Exceeded
701227,10614,2024,3.4,Medium,Exceeded
701228,10614,2025,2.9,Low,Partially Met
701229,10615,2024,3.9,Medium,Met
701230,10615,2025,2.9,Medium,Met
701231,10616,2024,2.1,Medium,Met
701232,10616,2025,4.1,Medium,Partially Met
701233,10617,2024,2.7,Medium,Met
701234,10617,2025,3.8,Medium,Met
701235,10618,2024,2.8,High,Exceeded
701236,10618,2025,3.7,Medium,Met
701237,10619,2024,3.3,High,Exceeded
701238,10619,2025,3.7,Low,Exceeded
701239,10620,2024,2.8,Low,Partially Met
701240,10620,2025,3.7,Medium,Met
701241,10621,2024,2.7,Medium,Met
701242,10621,2025,3.6,Medium,Met
701243,10622,2024,4.0,Medium,Met
701244,10622,2025,3.3,Low,Met
701245,10623,2024,4.3,Medium,Met
701246,10623,2025,3.7,Medium,Met
701247,10624,2024,2.8,High,Partially Met
701248,10624,2025,3.2,Medium,Partially Met
701249,10625,2024,3.1,Medium,Partially Met
701250,10625,2025,3.3,Medium,Exceeded
701251,10626,2024,3.1,Medium,Partially Met
701252,10626,2025,3.8,Medium,Exceeded
701253,10627,2024,3.4,Medium,Exceeded
701254,10627,2025,4.0,Medium,Met
701255,10628,2024,3.4,Medium,Met
701256,10628,2025,4.6,Medium,Exceeded
701257,10629,2024,3.6,Medium,Exceeded
701258,10629,2025,3.2,Low,Met
701259,10630,2024,3.4,High,Met
701260,10630,2025,2.9,Low,Met
701261,10631,2024,2.8,Medium,Met
701262,10631,2025,2.4,High,Partially Met
701263,10632,2024,3.0,Medium,Met
701264,10632,2025,2.8,High,Met
701265,10633,2024,3.0,Medium,Met
701266,10633,2025,3.8,High,Met
701267,10634,2024,4.1,Medium,Exceeded
701268,10634,2025,2.9,High,Met
701269,10635,2024,3.9,Low,Met
701270,10635,2025,3.5,Medium,Partially Met
701271,10636,2024,2.7,Medium,Exceeded
701272,10636,2025,2.3,Medium,Met
701273,10637,2024,3.7,Medium,Met
701274,10637,2025,3.1,Low,Exceeded
701275,10638,2024,3.3,High,Met
701276,10638,2025,4.0,Medium,Met
701277,10639,2024,4.2,Medium,Met
701278,10639,2025,4.2,Medium,Met
701279,10640,2024,3.6,Medium,Partially Met
701280,10640,2025,3.1,Medium,Exceeded
701281,10641,2024,3.5,Medium,Met
701282,10641,2025,2.0,Medium,Exceeded
701283,10642,2024,4.0,Medium,Met
701284,10642,2025,2.9,Medium,Met
701285,10643,2024,3.2,High,Met
701286,10643,2025,3.5,Medium,Exceeded
701287,10644,2024,3.6,High,Met
701288,10644,2025,4.2,Medium,Met
701289,10645,2024,2.8,Low,Met
701290,10645,2025,2.7,Medium,Met
701291,10646,2024,4.1,Medium,Met
701292,10646,2025,2.2,Low,Partially Met
701293,10647,2024,4.6,Medium,Exceeded
701294,10647,2025,3.7,High,Met
701295,10648,2024,3.6,Medium,Exceeded
701296,10648,2025,3.4,Medium,Met
701297,10649,2024,4.1,Medium,Met
701298,10649,2025,2.8,Low,Met
701299,10650,2024,3.5,Low,Partially Met
701300,10650,2025,2.9,Medium,Met
701301,10651,2024,3.4,Medium,Exceeded
701302,10651,2025,3.7,Medium,Exceeded
701303,10652,2024,3.7,Medium,Partially Met
701304,10652,2025,3.6,Medium,Met
701305,10653,2024,3.0,High,Partially Met
701306,10653,2025,1.8,Medium,Met
701307,10654,2024,3.2,Medium,Exceeded
701308,10654,2025,2.9,Medium,Met
701309,10655,2024,2.9,High,Met
701310,10655,2025,4.7,Medium,Met
701311,10656,2024,2.6,Medium,Met
701312,10656,2025,4.8,Medium,Partially Met
701313,10657,2024,4.8,High,Exceeded
701314,10657,2025,3.6,High,Met
701315,10658,2024,3.3,Medium,Exceeded
701316,10658,2025,3.6,Medium,Exceeded
701317,10659,2024,3.0,Medium,Met
701318,10659,2025,3.9,Medium,Partially Met
701319,10660,2024,4.0,Medium,Met
701320,10660,2025,2.6,High,Exceeded
701321,10661,2024,2.5,Medium,Met
701322,10661,2025,3.9,High,Met
701323,10662,2024,3.9,High,Met
701324,10662,2025,4.0,Medium,Met
701325,10663,2024,3.7,Medium,Exceeded
701326,10663,2025,2.8,High,Exceeded
701327,10664,2024,3.0,Low,Partially Met
701328,10664,2025,2.7,Medium,Partially Met
701329,10665,2024,3.0,Low,Met
701330,10665,2025,3.4,Medium,Exceeded
701331,10666,2024,3.3,Medium,Partially Met
701332,10666,2025,2.4,Low,Met
701333,10667,2024,2.7,Medium,Met
701334,10667,2025,3.4,Medium,Met
701335,10668,2024,2.8,Low,Met
701336,10668,2025,2.6,Medium,Met
701337,10669,2024,3.0,Medium,Met
701338,10669,2025,2.9,High,Met
701339,10670,2024,2.6,Medium,Met
701340,10670,2025,3.7,Medium,Met
701341,10671,2024,3.7,Medium,Partially Met
701342,10671,2025,3.7,Medium,Exceeded
701343,10672,2024,4.6,Medium,Met
701344,10672,2025,3.8,Medium,Exceeded
701345,10673,2024,4.3,High,Exceeded
701346,10673,2025,3.9,Medium,Exceeded
701347,10674,2024,3.9,Medium,Met
701348,10674,2025,4.0,Medium,Exceeded
701349,10675,2024,3.1,Medium,Met
701350,10675,2025,3.7,High,Exceeded
701351,10676,2024,4.1,Medium,Met
701352,10676,2025,2.6,Medium,Exceeded
701353,10677,2024,3.5,Medium,Met
701354,10677,2025,4.4,Low,Met
701355,10678,2024,2.8,Medium,Met
701356,10678,2025,4.5,Medium,Met
701357,10679,2024,3.7,Medium,Met
701358,10679,2025,3.0,High,Exceeded
701359,10680,2024,3.1,Medium,Met
701360,10680,2025,2.6,Medium,Met
701361,10681,2024,3.9,Medium,Met
701362,10681,2025,3.9,Medium,Exceeded
701363,10682,2024,3.5,High,Met
701364,10682,2025,4.2,Medium,Exceeded
701365,10683,2024,3.3,Medium,Partially Met
701366,10683,2025,3.8,High,Met
701367,10684,2024,4.7,Medium,Met
701368,10684,2025,2.3,Medium,Met
701369,10685,2024,3.6,High,Partially Met
701370,10685,2025,4.0,Medium,Met
701371,10686,2024,3.6,Medium,Partially Met
701372,10686,2025,4.3,High,Met
701373,10687,2024,2.9,Medium,Met
701374,10687,2025,3.1,Medium,Exceeded
701375,10688,2024,3.8,High,Met
701376,10688,2025,2.9,High,Met
701377,10689,2024,3.3,Low,Met
701378,10689,2025,3.9,High,Exceeded
701379,10690,2024,3.2,Low,Met
701380,10690,2025,3.6,Medium,Exceeded
701381,10691,2024,3.4,Medium,Met
701382,10691,2025,3.8,Medium,Partially Met
701383,10692,2024,4.2,Low,Met
701384,10692,2025,4.0,Medium,Met
701385,10693,2024,3.9,Low,Partially Met
701386,10693,2025,2.9,High,Exceeded
701387,10694,2024,2.6,Medium,Met
701388,10694,2025,3.1,High,Exceeded
701389,10695,2024,2.9,Medium,Exceeded
701390,10695,2025,5.0,Medium,Met
701391,10696,2024,3.2,Medium,Met
701392,10696,2025,2.2,Medium,Met
701393,10697,2024,3.9,Medium,Met
701394,10697,2025,3.2,Medium,Exceeded
701395,10698,2024,3.3,High,Met
701396,10698,2025,3.0,High,Exceeded
701397,10699,2024,2.8,Medium,Met
701398,10699,2025,3.9,Medium,Met
701399,10700,2024,2.4,Medium,Exceeded
701400,10700,2025,3.2,Medium,Exceeded
701401,10701,2024,3.5,Medium,Met
701402,10701,2025,2.3,Low,Partially Met
701403,10702,2024,3.4,High,Partially Met
701404,10702,2025,4.5,Medium,Exceeded
701405,10703,2024,2.9,High,Met
701406,10703,2025,3.0,High,Met
701407,10704,2024,2.9,Medium,Met
701408,10704,2025,4.1,High,Met
701409,10705,2024,2.9,Medium,Met
701410,10705,2025,2.4,Medium,Met
701411,10706,2024,3.0,Medium,Met
701412,10706,2025,4.1,High,Exceeded
701413,10707,2024,2.8,Medium,Partially Met
701414,10707,2025,2.2,Low,Met
701415,10708,2024,3.8,Medium,Met
701416,10708,2025,3.2,Low,Partially Met
701417,10709,2024,4.0,High,Exceeded
701418,10709,2025,3.7,Medium,Partially Met
701419,10710,2024,4.5,Medium,Met
701420,10710,2025,2.9,Medium,Met
701421,10711,2024,3.9,Medium,Met
701422,10711,2025,4.6,High,Partially Met
701423,10712,2024,4.1,High,Met
701424,10712,2025,2.9,High,Met
701425,10713,2024,3.3,High,Met
701426,10713,2025,2.6,Medium,Met
701427,10714,2024,3.7,Medium,Partially Met
701428,10714,2025,2.5,Medium,Met
701429,10715,2024,3.7,Medium,Met
701430,10715,2025,3.3,High,Exceeded
701431,10716,2024,3.4,Medium,Met
701432,10716,2025,3.1,Medium,Met
701433,10717,2024,3.4,Medium,Exceeded
701434,10717,2025,3.6,Medium,Met
701435,10718,2024,4.4,High,Met
701436,10718,2025,3.3,Medium,Met
701437,10719,2024,3.0,Medium,Exceeded
701438,10719,2025,3.5,High,Met
701439,10720,2024,2.1,Medium,Partially Met
701440,10720,2025,3.4,Medium,Met
701441,10721,2024,2.7,Medium,Met
701442,10721,2025,3.1,Medium,Met
701443,10722,2024,3.5,Medium,Exceeded
701444,10722,2025,3.2,Low,Met
701445,10723,2024,2.9,Medium,Exceeded
701446,10723,2025,2.1,Medium,Met
701447,10724,2024,3.1,Medium,Exceeded
701448,10724,2025,2.3,Low,Met
701449,10725,2024,3.1,Medium,Met
701450,10725,2025,4.7,Medium,Met
701451,10726,2024,3.7,Medium,Met
701452,10726,2025,4.5,Medium,Met
701453,10727,2024,4.0,Medium,Met
701454,10727,2025,3.2,Low,Met
701455,10728,2024,4.1,Low,Met
701456,10728,2025,4.1,Medium,Met
701457,10729,2024,3.4,Medium,Exceeded
701458,10729,2025,3.6,Low,Exceeded
701459,10730,2024,2.9,High,Met
701460,10730,2025,3.8,High,Partially Met
701461,10731,2024,3.5,High,Met
701462,10731,2025,4.1,Low,Met
701463,10732,2024,2.8,Medium,Met
701464,10732,2025,2.8,High,Met
701465,10733,2024,2.6,High,Partially Met
701466,10733,2025,3.0,Medium,Met
701467,10734,2024,3.4,Medium,Met
701468,10734,2025,3.8,Low,Met
701469,10735,2024,2.5,Medium,Met
701470,10735,2025,3.6,Low,Met
701471,10736,2024,2.3,Medium,Met
701472,10736,2025,3.2,Medium,Met
701473,10737,2024,2.8,Low,Exceeded
701474,10737,2025,3.5,Low,Met
701475,10738,2024,3.8,Medium,Exceeded
701476,10738,2025,2.9,Low,Exceeded
701477,10739,2024,2.6,Low,Met
701478,10739,2025,2.7,High,Met
701479,10740,2024,3.5,Medium,Partially Met
701480,10740,2025,3.0,Medium,Met
701481,10741,2024,3.3,High,Met
701482,10741,2025,3.2,High,Met
701483,10742,2024,3.7,Medium,Met
701484,10742,2025,5.0,Low,Exceeded
701485,10743,2024,3.1,Medium,Met
701486,10743,2025,2.6,Low,Met
701487,10744,2024,3.5,Medium,Met
701488,10744,2025,2.3,Medium,Met
701489,10745,2024,3.8,Medium,Met
701490,10745,2025,3.5,High,Exceeded
701491,10746,2024,2.7,High,Met
701492,10746,2025,4.2,Medium,Met
701493,10747,2024,3.2,Medium,Exceeded
701494,10747,2025,3.5,Medium,Exceeded
701495,10748,2024,2.8,Medium,Met
701496,10748,2025,2.4,High,Met
701497,10749,2024,2.8,High,Met
701498,10749,2025,3.9,High,Met
701499,10750,2024,3.2,Medium,Met
701500,10750,2025,4.0,High,Exceeded
701501,10751,2024,3.3,High,Exceeded
701502,10751,2025,2.7,Medium,Met
701503,10752,2024,3.0,High,Met
701504,10752,2025,3.4,Medium,Met
701505,10753,2024,3.3,High,Exceeded
701506,10753,2025,3.8,Medium,Exceeded
701507,10754,2024,3.2,High,Met
701508,10754,2025,2.2,Medium,Met
701509,10755,2024,2.8,Medium,Met
701510,10755,2025,3.1,Medium,Exceeded
701511,10756,2024,3.7,High,Met
701512,10756,2025,2.8,Medium,Met
701513,10757,2024,3.2,High,Exceeded
701514,10757,2025,4.1,High,Met
701515,10758,2024,3.6,High,Met
701516,10758,2025,3.6,High,Met
701517,10759,2024,4.0,High,Met
701518,10759,2025,4.1,Low,Met
701519,10760,2024,3.4,High,Met
701520,10760,2025,3.1,High,Met
701521,10761,2024,3.4,Medium,Met
701522,10761,2025,2.5,Medium,Partially Met
701523,10762,2024,4.6,Medium,Met
701524,10762,2025,3.5,Low,Partially Met
701525,10763,2024,4.4,Medium,Met
701526,10763,2025,3.1,Low,Partially Met
701527,10764,2024,3.6,Medium,Met
701528,10764,2025,3.6,Medium,Met
701529,10765,2024,3.8,Low,Met
701530,10765,2025,4.2,Medium,Partially Met
701531,10766,2024,3.3,Medium,Met
701532,10766,2025,2.3,Low,Exceeded
701533,10767,2024,3.6,Medium,Met
701534,10767,2025,2.7,Medium,Met
701535,10768,2024,3.0,Low,Met
701536,10768,2025,3.7,Medium,Met
701537,10769,2024,3.1,Medium,Met
701538,10769,2025,2.9,Medium,Met
701539,10770,2024,3.7,High,Exceeded
701540,10770,2025,2.1,Low,Met
701541,10771,2024,4.1,Medium,Exceeded
701542,10771,2025,3.2,Medium,Met
701543,10772,2024,2.3,High,Met
701544,10772,2025,1.9,Medium,Met
701545,10773,2024,2.6,Medium,Met
701546,10773,2025,2.5,Low,Met
701547,10774,2024,5.0,Medium,Met
701548,10774,2025,3.3,Low,Met
701549,10775,2024,3.5,High,Exceeded
701550,10775,2025,3.5,Low,Met
701551,10776,2024,3.2,High,Exceeded
701552,10776,2025,3.7,Medium,Met
701553,10777,2024,2.6,Low,Met
701554,10777,2025,3.2,Low,Exceeded
701555,10778,2024,3.4,Medium,Met
701556,10778,2025,3.4,High,Exceeded
701557,10779,2024,2.1,Medium,Met
701558,10779,2025,3.6,Low,Met
701559,10780,2024,3.6,High,Exceeded
701560,10780,2025,2.7,High,Met
701561,10781,2024,2.9,Medium,Met
701562,10781,2025,3.7,Medium,Met
701563,10782,2024,3.8,Medium,Met
701564,10782,2025,3.8,Medium,Met
701565,10783,2024,3.6,High,Met
701566,10783,2025,3.1,Medium,Partially Met
701567,10784,2024,3.5,Medium,Met
701568,10784,2025,3.9,Medium,Met
701569,10785,2024,3.7,Medium,Met
701570,10785,2025,3.1,Medium,Partially Met
701571,10786,2024,4.8,Low,Met
701572,10786,2025,3.4,Medium,Partially Met
701573,10787,2024,3.1,Low,Met
701574,10787,2025,3.6,Low,Met
701575,10788,2024,3.7,High,Partially Met
701576,10788,2025,2.4,Low,Met
701577,10789,2024,1.9,Medium,Met
701578,10789,2025,2.6,Medium,Exceeded
701579,10790,2024,4.3,Low,Met
701580,10790,2025,3.4,Medium,Met
701581,10791,2024,3.9,Medium,Met
701582,10791,2025,4.4,Medium,Met
701583,10792,2024,4.4,High,Met
701584,10792,2025,3.7,Medium,Met
701585,10793,2024,3.0,Low,Met
701586,10793,2025,3.2,High,Exceeded
701587,10794,2024,3.1,Medium,Met
701588,10794,2025,4.2,Medium,Exceeded
701589,10795,2024,4.2,Medium,Met
701590,10795,2025,3.2,Medium,Met
701591,10796,2024,3.6,Low,Met
701592,10796,2025,3.8,Medium,Met
701593,10797,2024,5.0,High,Exceeded
701594,10797,2025,5.0,Low,Met
701595,10798,2024,3.4,Medium,Met
701596,10798,2025,3.4,Medium,Met
701597,10799,2024,3.9,High,Exceeded
701598,10799,2025,4.3,Medium,Met
701599,10800,2024,4.2,Low,Met
701600,10800,2025,2.8,Medium,Met
701601,10801,2024,3.4,High,Met
701602,10801,2025,3.1,Medium,Partially Met
701603,10802,2024,3.4,Medium,Met
701604,10802,2025,2.9,Medium,Met
701605,10803,2024,3.6,Low,Met
701606,10803,2025,3.4,Low,Met
701607,10804,2024,3.2,High,Met
701608,10804,2025,4.5,High,Met
701609,10805,2024,3.5,High,Exceeded
701610,10805,2025,2.9,High,Exceeded
701611,10806,2024,2.9,Medium,Met
701612,10806,2025,3.3,Low,Met
701613,10807,2024,3.7,Medium,Exceeded
701614,10807,2025,3.5,Medium,Met
701615,10808,2024,2.3,Medium,Exceeded
701616,10808,2025,3.5,Low,Met
701617,10809,2024,3.1,Medium,Partially Met
701618,10809,2025,2.5,Medium,Met
701619,10810,2024,3.3,Medium,Partially Met
701620,10810,2025,3.3,Medium,Met
701621,10811,2024,3.2,High,Met
701622,10811,2025,2.7,Medium,Partially Met
701623,10812,2024,2.5,Low,Met
701624,10812,2025,2.5,Medium,Met
701625,10813,2024,3.6,High,Met
701626,10813,2025,3.0,Medium,Exceeded
701627,10814,2024,3.6,Low,Met
701628,10814,2025,2.7,Low,Partially Met
701629,10815,2024,4.0,High,Met
701630,10815,2025,3.1,High,Met
701631,10816,2024,4.0,High,Met
701632,10816,2025,2.0,Low,Met
701633,10817,2024,3.2,Medium,Met
701634,10817,2025,3.8,Low,Met
701635,10818,2024,3.6,Medium,Met
701636,10818,2025,3.6,Medium,Exceeded
701637,10819,2024,3.5,Medium,Met
701638,10819,2025,3.7,Medium,Met
701639,10820,2024,3.4,Medium,Exceeded
701640,10820,2025,3.1,High,Partially Met
701641,10821,2024,2.8,High,Met
701642,10821,2025,3.6,Low,Met
701643,10822,2024,3.1,High,Exceeded
701644,10822,2025,2.6,Medium,Partially Met
701645,10823,2024,4.1,High,Met
701646,10823,2025,3.7,Medium,Exceeded
701647,10824,2024,1.6,Medium,Met
701648,10824,2025,4.5,High,Partially Met
701649,10825,2024,3.5,High,Met
701650,10825,2025,2.7,High,Met
701651,10826,2024,2.4,Low,Partially Met
701652,10826,2025,2.7,Medium,Met
701653,10827,2024,3.5,Medium,Partially Met
701654,10827,2025,4.4,High,Partially Met
701655,10828,2024,4.3,Medium,Exceeded
701656,10828,2025,4.1,Low,Met
701657,10829,2024,2.8,Medium,Met
701658,10829,2025,3.9,High,Met
701659,10830,2024,2.7,High,Met
701660,10830,2025,3.6,High,Exceeded
701661,10831,2024,3.5,Medium,Met
701662,10831,2025,3.4,Medium,Met
701663,10832,2024,4.0,Low,Partially Met
701664,10832,2025,3.4,High,Met
701665,10833,2024,3.2,High,Exceeded
701666,10833,2025,2.0,Medium,Exceeded
701667,10834,2024,3.6,Medium,Exceeded
701668,10834,2025,2.9,Low,Exceeded
701669,10835,2024,3.8,Medium,Met
701670,10835,2025,4.3,Low,Met
701671,10836,2024,3.2,Medium,Met
701672,10836,2025,2.7,Medium,Exceeded
701673,10837,2024,4.7,High,Met
701674,10837,2025,2.9,Medium,Met
701675,10838,2024,2.1,Medium,Met
701676,10838,2025,3.4,High,Met
701677,10839,2024,3.1,Medium,Partially Met
701678,10839,2025,3.9,High,Met
701679,10840,2024,3.5,Medium,Partially Met
701680,10840,2025,3.5,Medium,Met
701681,10841,2024,2.3,Medium,Partially Met
701682,10841,2025,2.6,Medium,Met
701683,10842,2024,2.9,High,Met
701684,10842,2025,3.1,Medium,Met
701685,10843,2024,2.3,High,Met
701686,10843,2025,3.0,Medium,Met
701687,10844,2024,3.7,High,Met
701688,10844,2025,2.7,Medium,Exceeded
701689,10845,2024,3.3,Medium,Met
701690,10845,2025,3.7,Medium,Partially Met
701691,10846,2024,3.7,Low,Met
701692,10846,2025,2.8,Medium,Met
701693,10847,2024,4.4,High,Partially Met
701694,10847,2025,3.3,Medium,Met
701695,10848,2024,4.0,Medium,Met
701696,10848,2025,4.2,Medium,Met
701697,10849,2024,3.6,Medium,Met
701698,10849,2025,2.8,High,Exceeded
701699,10850,2024,3.8,Low,Exceeded
701700,10850,2025,3.4,Medium,Met
701701,10851,2024,3.1,High,Met
701702,10851,2025,3.3,Medium,Met
701703,10852,2024,3.3,Medium,Met
701704,10852,2025,3.6,Medium,Met
701705,10853,2024,3.3,Medium,Partially Met
701706,10853,2025,3.9,Low,Met
701707,10854,2024,3.9,High,Met
701708,10854,2025,2.9,High,Met
701709,10855,2024,2.1,High,Partially Met
701710,10855,2025,4.3,High,Partially Met
701711,10856,2024,3.6,High,Met
701712,10856,2025,3.8,Low,Partially Met
701713,10857,2024,3.6,Medium,Met
701714,10857,2025,4.4,Medium,Met
701715,10858,2024,3.3,Low,Exceeded
701716,10858,2025,3.6,High,Partially Met
701717,10859,2024,2.8,High,Exceeded
701718,10859,2025,3.1,Medium,Exceeded
701719,10860,2024,3.2,Low,Partially Met
701720,10860,2025,3.8,Medium,Met
701721,10861,2024,3.9,Medium,Met
701722,10861,2025,2.8,Medium,Met
701723,10862,2024,3.5,Medium,Met
701724,10862,2025,3.5,High,Met
701725,10863,2024,4.0,Medium,Met
701726,10863,2025,2.9,Medium,Partially Met
701727,10864,2024,3.4,Low,Partially Met
701728,10864,2025,2.9,Low,Exceeded
701729,10865,2024,3.4,High,Met
701730,10865,2025,3.7,Medium,Partially Met
701731,10866,2024,3.8,Medium,Partially Met
701732,10866,2025,3.4,Medium,Exceeded
701733,10867,2024,3.5,Medium,Met
701734,10867,2025,2.4,Low,Met
701735,10868,2024,4.5,Low,Met
701736,10868,2025,3.2,Medium,Partially Met
701737,10869,2024,2.3,Medium,Exceeded
701738,10869,2025,4.7,Medium,Met
701739,10870,2024,4.1,Medium,Met
701740,10870,2025,3.5,High,Met
701741,10871,2024,2.8,Medium,Exceeded
701742,10871,2025,3.1,High,Met
701743,10872,2024,3.6,Low,Met
701744,10872,2025,3.6,High,Met
701745,10873,2024,3.3,Medium,Exceeded
701746,10873,2025,3.1,Medium,Met
701747,10874,2024,3.0,Low,Exceeded
701748,10874,2025,2.9,Medium,Partially Met
701749,10875,2024,3.7,Medium,Partially Met
701750,10875,2025,3.7,High,Met
701751,10876,2024,2.8,Low,Exceeded
701752,10876,2025,4.1,Medium,Exceeded
701753,10877,2024,3.1,Low,Met
701754,10877,2025,4.1,Medium,Met
701755,10878,2024,3.8,High,Met
701756,10878,2025,2.9,Medium,Met
701757,10879,2024,3.6,High,Met
701758,10879,2025,3.3,Medium,Exceeded
701759,10880,2024,2.7,Low,Met
701760,10880,2025,3.8,Medium,Met
701761,10881,2024,4.2,High,Partially Met
701762,10881,2025,2.8,Medium,Met
701763,10882,2024,2.0,High,Met
701764,10882,2025,3.3,High,Partially Met
701765,10883,2024,4.0,Low,Exceeded
701766,10883,2025,4.1,Medium,Met
701767,10884,2024,4.1,Medium,Exceeded
701768,10884,2025,2.5,Low,Met
701769,10885,2024,3.0,Low,Partially Met
701770,10885,2025,3.2,Medium,Met
701771,10886,2024,3.4,Medium,Exceeded
701772,10886,2025,2.9,High,Met
701773,10887,2024,3.5,Medium,Met
701774,10887,2025,4.3,Medium,Exceeded
701775,10888,2024,2.4,Low,Met
701776,10888,2025,5.0,Medium,Partially Met
701777,10889,2024,2.9,High,Partially Met
701778,10889,2025,3.9,Medium,Met
701779,10890,2024,3.8,Medium,Met
701780,10890,2025,2.9,Medium,Met
701781,10891,2024,4.6,High,Exceeded
701782,10891,2025,2.8,High,Exceeded
701783,10892,2024,4.1,Low,Met
701784,10892,2025,3.7,Medium,Met
701785,10893,2024,4.4,Medium,Partially Met
701786,10893,2025,3.7,Medium,Partially Met
701787,10894,2024,2.9,Medium,Exceeded
701788,10894,2025,4.3,Medium,Partially Met
701789,10895,2024,3.1,Medium,Partially Met
701790,10895,2025,3.4,Medium,Exceeded
701791,10896,2024,3.8,High,Met
701792,10896,2025,3.5,Low,Met
701793,10897,2024,3.6,Medium,Met
701794,10897,2025,3.6,Low,Met
701795,10898,2024,3.1,Low,Partially Met
701796,10898,2025,3.6,Low,Met
701797,10899,2024,4.4,Low,Met
701798,10899,2025,3.2,Medium,Partially Met
701799,10900,2024,4.5,Medium,Partially Met
701800,10900,2025,3.5,Medium,Met
701801,10901,2024,3.3,Low,Exceeded
701802,10901,2025,2.8,Medium,Met
701803,10902,2024,3.2,Low,Met
701804,10902,2025,1.3,High,Partially Met
701805,10903,2024,4.5,High,Exceeded
701806,10903,2025,3.4,Medium,Met
701807,10904,2024,4.1,Medium,Met
701808,10904,2025,4.9,High,Met
701809,10905,2024,3.2,Medium,Met
701810,10905,2025,2.5,Medium,Exceeded
701811,10906,2024,3.2,Medium,Met
701812,10906,2025,3.0,High,Partially Met
701813,10907,2024,3.7,Medium,Met
701814,10907,2025,3.7,Medium,Exceeded
701815,10908,2024,3.2,Low,Met
701816,10908,2025,3.4,Medium,Met
701817,10909,2024,2.7,High,Met
701818,10909,2025,3.9,Medium,Met
701819,10910,2024,4.1,Medium,Met
701820,10910,2025,3.5,Medium,Partially Met
701821,10911,2024,4.2,Medium,Met
701822,10911,2025,2.6,High,Met
701823,10912,2024,3.5,High,Met
701824,10912,2025,3.8,Medium,Met
701825,10913,2024,3.2,High,Exceeded
701826,10913,2025,3.3,Medium,Met
701827,10914,2024,4.3,Medium,Met
701828,10914,2025,3.8,Medium,Partially Met
701829,10915,2024,3.2,High,Met
701830,10915,2025,2.6,High,Met
701831,10916,2024,3.2,High,Exceeded
701832,10916,2025,2.6,Medium,Met
701833,10917,2024,3.0,Medium,Partially Met
701834,10917,2025,4.3,Medium,Partially Met
701835,10918,2024,2.3,Low,Exceeded
701836,10918,2025,3.0,High,Met
701837,10919,2024,3.5,High,Met
701838,10919,2025,3.3,Medium,Exceeded
701839,10920,2024,4.3,Medium,Met
701840,10920,2025,4.0,High,Met
701841,10921,2024,2.6,Low,Partially Met
701842,10921,2025,4.4,High,Met
701843,10922,2024,3.9,Medium,Partially Met
701844,10922,2025,4.6,Low,Exceeded
701845,10923,2024,3.6,Medium,Met
701846,10923,2025,3.6,Low,Exceeded
701847,10924,2024,4.4,Low,Met
701848,10924,2025,2.1,Medium,Met
701849,10925,2024,3.8,Low,Exceeded
701850,10925,2025,4.7,Low,Partially Met
701851,10926,2024,3.6,Low,Met
701852,10926,2025,3.2,Medium,Exceeded
701853,10927,2024,2.4,Medium,Met
701854,10927,2025,3.8,Medium,Met
701855,10928,2024,3.8,High,Met
701856,10928,2025,3.2,Medium,Partially Met
701857,10929,2024,2.7,Low,Met
701858,10929,2025,3.6,High,Partially Met
701859,10930,2024,3.7,Low,Met
701860,10930,2025,4.1,Medium,Met
701861,10931,2024,3.1,Medium,Met
701862,10931,2025,3.6,Medium,Met
701863,10932,2024,3.4,Low,Partially Met
701864,10932,2025,4.1,Medium,Exceeded
701865,10933,2024,3.3,Medium,Met
701866,10933,2025,4.4,Low,Partially Met
701867,10934,2024,3.9,High,Met
701868,10934,2025,2.5,Medium,Partially Met
701869,10935,2024,3.7,Medium,Met
701870,10935,2025,3.7,Medium,Met
701871,10936,2024,2.3,Medium,Met
701872,10936,2025,3.3,Medium,Met
701873,10937,2024,1.2,High,Met
701874,10937,2025,3.9,Medium,Met
701875,10938,2024,3.4,Low,Met
701876,10938,2025,4.3,Medium,Met
701877,10939,2024,2.6,Medium,Met
701878,10939,2025,3.1,Medium,Partially Met
701879,10940,2024,3.2,Medium,Met
701880,10940,2025,2.6,Medium,Met
701881,10941,2024,2.6,Low,Met
701882,10941,2025,3.7,Medium,Met
701883,10942,2024,3.5,Medium,Exceeded
701884,10942,2025,3.7,Medium,Met
701885,10943,2024,2.7,Low,Met
701886,10943,2025,4.5,High,Partially Met
701887,10944,2024,2.4,High,Met
701888,10944,2025,3.0,Low,Met
701889,10945,2024,2.2,Low,Met
701890,10945,2025,3.3,Medium,Exceeded
701891,10946,2024,3.6,Medium,Met
701892,10946,2025,3.9,Medium,Met
701893,10947,2024,4.1,Medium,Met
701894,10947,2025,2.6,Medium,Met
701895,10948,2024,3.3,Medium,Met
701896,10948,2025,1.6,Low,Met
701897,10949,2024,4.6,Medium,Met
701898,10949,2025,3.1,Low,Exceeded
701899,10950,2024,1.2,Medium,Met
701900,10950,2025,3.9,Low,Met
701901,10951,2024,3.3,Medium,Met
701902,10951,2025,3.8,Medium,Partially Met
701903,10952,2024,4.0,Low,Exceeded
701904,10952,2025,3.9,Medium,Met
701905,10953,2024,3.3,Medium,Met
701906,10953,2025,3.5,High,Exceeded
701907,10954,2024,2.8,Medium,Partially Met
701908,10954,2025,3.1,Medium,Met
701909,10955,2024,3.3,High,Met
701910,10955,2025,2.8,High,Met
701911,10956,2024,2.9,Low,Met
701912,10956,2025,3.8,Low,Partially Met
701913,10957,2024,3.1,Low,Met
701914,10957,2025,3.4,Medium,Met
701915,10958,2024,3.8,Low,Exceeded
701916,10958,2025,2.6,Medium,Met
701917,10959,2024,3.3,Low,Partially Met
701918,10959,2025,3.9,Medium,Met
701919,10960,2024,3.6,Medium,Met
701920,10960,2025,4.1,Medium,Partially Met
701921,10961,2024,3.6,High,Exceeded
701922,10961,2025,2.4,Low,Met
701923,10962,2024,4.0,Low,Met
701924,10962,2025,3.7,High,Exceeded
701925,10963,2024,4.0,Low,Met
701926,10963,2025,2.8,Medium,Met
701927,10964,2024,3.7,High,Met
701928,10964,2025,2.9,Medium,Met
701929,10965,2024,4.2,Medium,Met
701930,10965,2025,3.4,Low,Met
701931,10966,2024,2.6,Low,Met
701932,10966,2025,3.6,Medium,Met
701933,10967,2024,4.4,High,Met
701934,10967,2025,3.2,High,Met
701935,10968,2024,3.9,Low,Met
701936,10968,2025,4.1,High,Partially Met
701937,10969,2024,4.1,Low,Exceeded
701938,10969,2025,3.8,Medium,Met
701939,10970,2024,4.4,Medium,Met
701940,10970,2025,2.7,Medium,Met
701941,10971,2024,3.6,High,Exceeded
701942,10971,2025,3.6,Medium,Exceeded
701943,10972,2024,3.4,Low,Met
701944,10972,2025,3.5,High,Exceeded
701945,10973,2024,3.3,High,Exceeded
701946,10973,2025,3.4,Medium,Met
701947,10974,2024,2.4,Medium,Partially Met
701948,10974,2025,3.3,High,Met
701949,10975,2024,3.8,Low,Met
701950,10975,2025,3.3,Low,Met
701951,10976,2024,3.5,Medium,Exceeded
701952,10976,2025,3.8,Medium,Exceeded
701953,10977,2024,3.6,Low,Met
701954,10977,2025,4.0,High,Exceeded
701955,10978,2024,3.6,Low,Met
701956,10978,2025,2.4,High,Met
701957,10979,2024,4.1,Medium,Met
701958,10979,2025,4.2,Low,Partially Met
701959,10980,2024,3.1,Low,Exceeded
701960,10980,2025,3.7,Medium,Met
701961,10981,2024,5.0,Low,Exceeded
701962,10981,2025,3.7,Medium,Met
701963,10982,2024,2.7,Medium,Met
701964,10982,2025,3.1,Medium,Met
701965,10983,2024,3.3,Low,Met
701966,10983,2025,4.0,Medium,Met
701967,10984,2024,3.3,Low,Partially Met
701968,10984,2025,3.6,Medium,Met
701969,10985,2024,2.0,Low,Met
701970,10985,2025,4.2,High,Met
701971,10986,2024,4.4,Medium,Met
701972,10986,2025,3.2,Low,Partially Met
701973,10987,2024,2.9,Low,Met
701974,10987,2025,3.1,Low,Partially Met
701975,10988,2024,4.6,Medium,Met
701976,10988,2025,3.8,High,Partially Met
701977,10989,2024,4.1,High,Met
701978,10989,2025,3.1,Medium,Met
701979,10990,2024,3.0,High,Met
701980,10990,2025,2.3,Medium,Met
701981,10991,2024,2.8,High,Met
701982,10991,2025,3.4,Medium,Met
701983,10992,2024,3.4,High,Partially Met
701984,10992,2025,3.9,Low,Met
701985,10993,2024,3.5,Low,Exceeded
701986,10993,2025,3.8,Medium,Exceeded
701987,10994,2024,3.8,Medium,Exceeded
701988,10994,2025,4.3,Medium,Met
701989,10995,2024,3.5,Medium,Met
701990,10995,2025,3.6,Low,Exceeded
701991,10996,2024,3.3,Medium,Met
701992,10996,2025,3.9,Medium,Exceeded
701993,10997,2024,1.9,Medium,Met
701994,10997,2025,3.2,Medium,Met
701995,10998,2024,2.7,Medium,Met
701996,10998,2025,3.6,High,Exceeded
701997,10999,2024,3.7,Medium,Exceeded
701998,10999,2025,3.3,High,Exceeded
701999,11000,2024,4.1,High,Met
702000,11000,2025,3.3,Medium,Met
702001,11001,2024,3.0,Medium,Exceeded
702002,11001,2025,3.1,High,Met
702003,11002,2024,4.1,Medium,Met
702004,11002,2025,3.0,Low,Met
702005,11003,2024,3.2,Low,Met
702006,11003,2025,4.4,Medium,Met
702007,11004,2024,3.5,Medium,Exceeded
702008,11004,2025,3.1,Low,Met
702009,11005,2024,4.2,Medium,Met
702010,11005,2025,2.7,High,Met
702011,11006,2024,3.5,Medium,Met
702012,11006,2025,3.4,Medium,Met
702013,11007,2024,3.2,Medium,Partially Met
702014,11007,2025,2.8,Medium,Met
702015,11008,2024,4.1,High,Exceeded
702016,11008,2025,3.5,High,Partially Met
702017,11009,2024,3.5,High,Met
702018,11009,2025,3.4,High,Met
702019,11010,2024,3.5,Medium,Met
702020,11010,2025,3.9,High,Met
702021,11011,2024,3.4,High,Met
702022,11011,2025,3.2,High,Partially Met
702023,11012,2024,1.8,Low,Met
702024,11012,2025,3.9,Medium,Met
702025,11013,2024,3.1,Low,Partially Met
702026,11013,2025,4.3,Medium,Met
702027,11014,2024,4.3,Low,Met
702028,11014,2025,4.1,Medium,Met
702029,11015,2024,3.3,Medium,Met
702030,11015,2025,3.4,Low,Exceeded
702031,11016,2024,3.0,High,Met
702032,11016,2025,2.9,Medium,Met
702033,11017,2024,3.1,Medium,Partially Met
702034,11017,2025,4.1,High,Met
702035,11018,2024,3.6,Medium,Met
702036,11018,2025,4.4,Low,Met
702037,11019,2024,3.0,Low,Partially Met
702038,11019,2025,4.2,Medium,Partially Met
702039,11020,2024,2.9,Medium,Met
702040,11020,2025,3.6,Medium,Met
702041,11021,2024,3.0,High,Met
702042,11021,2025,2.9,Medium,Partially Met
702043,11022,2024,3.1,Low,Met
702044,11022,2025,2.9,Medium,Exceeded
702045,11023,2024,3.9,Low,Exceeded
702046,11023,2025,3.4,Medium,Met
702047,11024,2024,1.1,High,Met
702048,11024,2025,3.8,Medium,Met
702049,11025,2024,4.0,High,Met
702050,11025,2025,3.6,High,Partially Met
702051,11026,2024,3.5,Medium,Met
702052,11026,2025,2.8,Medium,Exceeded
702053,11027,2024,2.5,Medium,Met
702054,11027,2025,3.7,High,Partially Met
702055,11028,2024,3.6,Medium,Met
702056,11028,2025,2.1,Medium,Exceeded
702057,11029,2024,3.8,Low,Met
702058,11029,2025,3.2,High,Partially Met
702059,11030,2024,2.6,High,Met
702060,11030,2025,3.5,Medium,Met
702061,11031,2024,3.2,Low,Exceeded
702062,11031,2025,3.6,Medium,Exceeded
702063,11032,2024,3.2,High,Partially Met
702064,11032,2025,3.7,High,Exceeded
702065,11033,2024,2.9,Medium,Exceeded
702066,11033,2025,2.8,Low,Exceeded
702067,11034,2024,3.2,Low,Exceeded
702068,11034,2025,3.3,High,Exceeded
702069,11035,2024,3.4,High,Met
702070,11035,2025,4.4,High,Met
702071,11036,2024,3.0,High,Exceeded
702072,11036,2025,3.7,Medium,Met
702073,11037,2024,2.8,Medium,Partially Met
702074,11037,2025,4.7,Low,Met
702075,11038,2024,3.0,High,Met
702076,11038,2025,3.8,Low,Exceeded
702077,11039,2024,3.8,Medium,Met
702078,11039,2025,3.7,High,Met
702079,11040,2024,3.3,High,Met
702080,11040,2025,2.6,Medium,Exceeded
702081,11041,2024,2.8,Medium,Met
702082,11041,2025,4.0,Medium,Met
702083,11042,2024,3.8,Medium,Exceeded
702084,11042,2025,4.5,Medium,Met
702085,11043,2024,3.4,High,Met
702086,11043,2025,4.4,Medium,Exceeded
702087,11044,2024,3.0,Medium,Met
702088,11044,2025,3.1,High,Exceeded
702089,11045,2024,1.1,Medium,Met
702090,11045,2025,2.9,Medium,Met
702091,11046,2024,2.3,High,Met
702092,11046,2025,4.3,High,Met
702093,11047,2024,3.2,High,Met
702094,11047,2025,1.3,Medium,Met
702095,11048,2024,3.3,High,Partially Met
702096,11048,2025,3.5,Medium,Met
702097,11049,2024,4.6,Medium,Met
702098,11049,2025,4.1,High,Exceeded
702099,11050,2024,3.9,Low,Met
702100,11050,2025,4.7,Medium,Partially Met
702101,11051,2024,3.0,Medium,Partially Met
702102,11051,2025,3.1,Medium,Met
702103,11052,2024,3.7,High,Met
702104,11052,2025,3.4,Medium,Met
702105,11053,2024,2.7,Medium,Met
702106,11053,2025,3.1,High,Met
702107,11054,2024,3.3,High,Partially Met
702108,11054,2025,3.5,Medium,Met
702109,11055,2024,3.4,High,Met
702110,11055,2025,3.6,Medium,Met
702111,11056,2024,2.9,Medium,Partially Met
702112,11056,2025,3.2,Medium,Met
702113,11057,2024,3.4,Low,Exceeded
702114,11057,2025,3.5,Medium,Exceeded
702115,11058,2024,4.1,High,Met
702116,11058,2025,3.3,High,Exceeded
702117,11059,2024,2.8,Medium,Met
702118,11059,2025,3.6,Medium,Met
702119,11060,2024,3.6,Medium,Met
702120,11060,2025,2.4,Low,Met
702121,11061,2024,3.0,Medium,Met
702122,11061,2025,3.2,Medium,Exceeded
702123,11062,2024,3.3,High,Met
702124,11062,2025,4.0,High,Partially Met
702125,11063,2024,4.2,Medium,Exceeded
702126,11063,2025,2.5,Medium,Partially Met
702127,11064,2024,3.4,Medium,Met
702128,11064,2025,3.5,Medium,Met
702129,11065,2024,3.8,High,Met
702130,11065,2025,4.2,High,Met
702131,11066,2024,3.0,Medium,Exceeded
702132,11066,2025,3.5,Medium,Partially Met
702133,11067,2024,3.6,Medium,Met
702134,11067,2025,3.6,Medium,Met
702135,11068,2024,2.6,Medium,Exceeded
702136,11068,2025,3.0,Medium,Exceeded
702137,11069,2024,2.0,Medium,Met
702138,11069,2025,4.1,Medium,Exceeded
702139,11070,2024,2.8,Low,Met
702140,11070,2025,2.0,Medium,Met
702141,11071,2024,3.2,Low,Met
702142,11071,2025,3.5,Medium,Met
702143,11072,2024,3.2,Medium,Met
702144,11072,2025,4.7,High,Met
702145,11073,2024,2.9,High,Met
702146,11073,2025,2.9,Low,Exceeded
702147,11074,2024,2.3,Medium,Met
702148,11074,2025,2.3,High,Met
702149,11075,2024,4.0,Low,Met
702150,11075,2025,3.6,Medium,Met
702151,11076,2024,3.0,Medium,Met
702152,11076,2025,2.4,High,Met
702153,11077,2024,3.7,Medium,Partially Met
702154,11077,2025,3.7,High,Met
702155,11078,2024,3.1,Medium,Met
702156,11078,2025,3.3,Medium,Exceeded
702157,11079,2024,3.2,Medium,Exceeded
702158,11079,2025,4.2,High,Met
702159,11080,2024,3.1,Low,Met
702160,11080,2025,3.8,High,Met
702161,11081,2024,2.7,Medium,Met
702162,11081,2025,4.8,Low,Met
702163,11082,2024,2.6,High,Exceeded
702164,11082,2025,3.4,Medium,Met
702165,11083,2024,3.5,Medium,Met
702166,11083,2025,3.9,Medium,Exceeded
702167,11084,2024,3.4,Medium,Exceeded
702168,11084,2025,2.6,Medium,Met
702169,11085,2024,2.8,Medium,Met
702170,11085,2025,2.9,Medium,Met
702171,11086,2024,3.9,Low,Met
702172,11086,2025,4.1,Medium,Exceeded
702173,11087,2024,3.7,Medium,Met
702174,11087,2025,2.6,Medium,Met
702175,11088,2024,4.0,Low,Met
702176,11088,2025,3.4,Medium,Met
702177,11089,2024,3.3,High,Met
702178,11089,2025,2.1,Medium,Met
702179,11090,2024,2.9,High,Exceeded
702180,11090,2025,4.5,Medium,Met
702181,11091,2024,4.3,Low,Exceeded
702182,11091,2025,3.9,Low,Exceeded
702183,11092,2024,3.2,Medium,Met
702184,11092,2025,3.9,High,Exceeded
702185,11093,2024,3.9,Medium,Met
702186,11093,2025,3.7,Medium,Met
702187,11094,2024,2.4,Low,Met
702188,11094,2025,2.6,Medium,Met
702189,11095,2024,3.0,Low,Met
702190,11095,2025,3.7,Medium,Met
702191,11096,2024,3.1,Medium,Met
702192,11096,2025,4.0,Medium,Met
702193,11097,2024,3.3,High,Partially Met
702194,11097,2025,3.7,Low,Met
702195,11098,2024,3.1,Medium,Exceeded
702196,11098,2025,4.4,Medium,Met
702197,11099,2024,2.7,High,Partially Met
702198,11099,2025,3.6,Medium,Partially Met
702199,11100,2024,3.7,High,Met
702200,11100,2025,2.3,Medium,Met
702201,11101,2024,3.3,Medium,Met
702202,11101,2025,4.4,Medium,Met
702203,11102,2024,2.7,Low,Partially Met
702204,11102,2025,3.3,Low,Met
702205,11103,2024,4.1,High,Met
702206,11103,2025,3.7,High,Exceeded
702207,11104,2024,3.9,Medium,Partially Met
702208,11104,2025,3.3,Low,Met
702209,11105,2024,3.3,High,Exceeded
702210,11105,2025,3.6,Low,Met
702211,11106,2024,3.2,Medium,Met
702212,11106,2025,3.2,Medium,Partially Met
702213,11107,2024,3.6,Medium,Exceeded
702214,11107,2025,3.7,Medium,Exceeded
702215,11108,2024,2.2,Medium,Met
702216,11108,2025,1.9,Medium,Exceeded
702217,11109,2024,2.3,Low,Met
702218,11109,2025,3.3,Low,Met
702219,11110,2024,2.4,Low,Exceeded
702220,11110,2025,3.5,Medium,Exceeded
702221,11111,2024,3.6,Medium,Met
702222,11111,2025,4.0,Medium,Partially Met
702223,11112,2024,3.1,High,Met
702224,11112,2025,3.6,Medium,Met
702225,11113,2024,2.8,Medium,Exceeded
702226,11113,2025,3.2,Medium,Met
702227,11114,2024,3.1,High,Met
702228,11114,2025,4.0,Low,Met
702229,11115,2024,4.8,Medium,Met
702230,11115,2025,4.0,Medium,Partially Met
702231,11116,2024,4.1,Low,Met
702232,11116,2025,3.9,High,Met
702233,11117,2024,3.7,Medium,Met
702234,11117,2025,2.9,Low,Met
702235,11118,2024,4.3,Medium,Met
702236,11118,2025,4.4,High,Met
702237,11119,2024,3.1,Medium,Partially Met
702238,11119,2025,3.1,Low,Partially Met
702239,11120,2024,3.0,Low,Exceeded
702240,11120,2025,2.7,Low,Met
702241,11121,2024,2.5,High,Met
702242,11121,2025,3.5,High,Exceeded
702243,11122,2024,3.5,Medium,Partially Met
702244,11122,2025,3.3,Low,Exceeded
702245,11123,2024,3.6,High,Met
702246,11123,2025,3.7,Low,Met
702247,11124,2024,4.0,High,Exceeded
702248,11124,2025,3.1,Medium,Met
702249,11125,2024,4.1,Medium,Met
702250,11125,2025,1.8,Medium,Exceeded
702251,11126,2024,3.1,Low,Met
702252,11126,2025,2.0,High,Partially Met
702253,11127,2024,3.8,High,Met
702254,11127,2025,2.2,Medium,Met
702255,11128,2024,2.9,Medium,Exceeded
702256,11128,2025,3.2,Medium,Met
702257,11129,2024,3.9,Medium,Partially Met
702258,11129,2025,3.3,Medium,Met
702259,11130,2024,3.7,Medium,Met
702260,11130,2025,3.9,Medium,Exceeded
702261,11131,2024,3.6,High,Partially Met
702262,11131,2025,4.9,Low,Met
702263,11132,2024,3.0,High,Met
702264,11132,2025,3.1,Medium,Partially Met
702265,11133,2024,3.7,Medium,Met
702266,11133,2025,2.7,Medium,Met
702267,11134,2024,2.9,Low,Partially Met
702268,11134,2025,4.5,Medium,Met
702269,11135,2024,3.2,High,Met
702270,11135,2025,3.2,Medium,Met
702271,11136,2024,3.6,Medium,Exceeded
702272,11136,2025,3.3,High,Met
702273,11137,2024,3.6,Medium,Met
702274,11137,2025,3.7,High,Met
702275,11138,2024,3.7,Medium,Partially Met
702276,11138,2025,3.2,Medium,Exceeded
702277,11139,2024,3.5,Medium,Met
702278,11139,2025,3.9,Medium,Met
702279,11140,2024,4.4,High,Exceeded
702280,11140,2025,3.9,Medium,Met
702281,11141,2024,3.0,Low,Met
702282,11141,2025,3.8,Low,Met
702283,11142,2024,4.0,Medium,Met
702284,11142,2025,3.7,High,Partially Met
702285,11143,2024,3.4,Medium,Partially Met
702286,11143,2025,3.8,Medium,Met
702287,11144,2024,2.7,Medium,Met
702288,11144,2025,3.7,Low,Exceeded
702289,11145,2024,4.7,High,Met
702290,11145,2025,4.6,High,Met
702291,11146,2024,3.1,High,Met
702292,11146,2025,2.5,High,Exceeded
702293,11147,2024,3.3,High,Partially Met
702294,11147,2025,3.9,Medium,Met
702295,11148,2024,3.7,Medium,Met
702296,11148,2025,2.5,Medium,Partially Met
702297,11149,2024,3.6,High,Met
702298,11149,2025,3.3,Medium,Partially Met
702299,11150,2024,3.4,Low,Partially Met
702300,11150,2025,3.3,Medium,Met
702301,11151,2024,4.0,High,Exceeded
702302,11151,2025,3.3,Medium,Met
702303,11152,2024,3.2,High,Met
702304,11152,2025,2.7,Medium,Met
702305,11153,2024,3.2,Medium,Met
702306,11153,2025,4.0,Medium,Met
702307,11154,2024,3.1,Medium,Met
702308,11154,2025,2.9,Medium,Partially Met
702309,11155,2024,2.4,Medium,Met
702310,11155,2025,2.9,Medium,Exceeded
702311,11156,2024,4.0,Medium,Exceeded
702312,11156,2025,2.8,Low,Met
702313,11157,2024,2.6,Medium,Partially Met
702314,11157,2025,3.9,Medium,Met
702315,11158,2024,4.3,High,Met
702316,11158,2025,2.0,High,Exceeded
702317,11159,2024,3.6,Medium,Met
702318,11159,2025,2.9,Medium,Met
702319,11160,2024,3.4,High,Met
702320,11160,2025,4.1,Medium,Met
702321,11161,2024,4.0,Medium,Met
702322,11161,2025,4.5,Medium,Exceeded
702323,11162,2024,4.0,Medium,Met
702324,11162,2025,4.0,Medium,Exceeded
702325,11163,2024,3.0,Medium,Exceeded
702326,11163,2025,2.3,Low,Met
702327,11164,2024,3.0,Low,Exceeded
702328,11164,2025,3.6,High,Met
702329,11165,2024,3.6,High,Met
702330,11165,2025,3.8,Medium,Met
702331,11166,2024,3.4,Medium,Met
702332,11166,2025,2.6,High,Met
702333,11167,2024,3.4,Medium,Met
702334,11167,2025,3.7,Medium,Met
702335,11168,2024,2.9,Medium,Met
702336,11168,2025,3.3,Medium,Exceeded
702337,11169,2024,3.5,Low,Met
702338,11169,2025,2.8,High,Met
702339,11170,2024,3.1,Medium,Met
702340,11170,2025,4.5,High,Met
702341,11171,2024,3.6,Medium,Met
702342,11171,2025,4.4,Medium,Met
702343,11172,2024,3.4,High,Partially Met
702344,11172,2025,3.3,Medium,Exceeded
702345,11173,2024,3.6,Medium,Met
702346,11173,2025,3.7,Medium,Partially Met
702347,11174,2024,3.9,Medium,Exceeded
702348,11174,2025,3.0,Medium,Met
702349,11175,2024,3.5,Medium,Met
702350,11175,2025,2.6,Medium,Met
702351,11176,2024,2.6,Medium,Met
702352,11176,2025,3.5,High,Exceeded
702353,11177,2024,2.9,Medium,Exceeded
702354,11177,2025,4.3,Medium,Met
702355,11178,2024,4.2,High,Exceeded
702356,11178,2025,3.3,Medium,Met
702357,11179,2024,3.6,Low,Met
702358,11179,2025,2.8,Medium,Met
702359,11180,2024,4.0,High,Met
702360,11180,2025,3.8,Medium,Met
702361,11181,2024,2.5,Medium,Exceeded
702362,11181,2025,3.0,Medium,Met
702363,11182,2024,3.5,Low,Partially Met
702364,11182,2025,2.7,Low,Met
702365,11183,2024,2.7,Medium,Met
702366,11183,2025,1.4,Medium,Met
702367,11184,2024,3.1,Low,Exceeded
702368,11184,2025,5.0,Medium,Met
702369,11185,2024,3.9,High,Exceeded
702370,11185,2025,3.6,High,Met
702371,11186,2024,3.6,Medium,Met
702372,11186,2025,3.6,Medium,Met
702373,11187,2024,3.0,High,Met
702374,11187,2025,3.3,High,Partially Met
702375,11188,2024,3.5,Medium,Met
702376,11188,2025,3.6,High,Met
702377,11189,2024,3.2,Medium,Met
702378,11189,2025,3.0,Low,Met
702379,11190,2024,3.1,Medium,Exceeded
702380,11190,2025,4.5,Medium,Partially Met
702381,11191,2024,3.7,Low,Met
702382,11191,2025,3.1,High,Met
702383,11192,2024,3.0,Medium,Met
702384,11192,2025,3.6,High,Met
702385,11193,2024,3.5,High,Exceeded
702386,11193,2025,4.0,Medium,Met
702387,11194,2024,4.3,Medium,Met
702388,11194,2025,4.1,Medium,Exceeded
702389,11195,2024,3.0,Medium,Met
702390,11195,2025,3.1,Medium,Met
702391,11196,2024,3.4,Low,Met
702392,11196,2025,2.4,High,Met
702393,11197,2024,4.0,Low,Met
702394,11197,2025,2.0,Low,Met
702395,11198,2024,4.2,Medium,Met
702396,11198,2025,3.5,High,Met
702397,11199,2024,2.9,High,Met
702398,11199,2025,3.8,High,Met
702399,11200,2024,3.0,Low,Exceeded
702400,11200,2025,3.4,Medium,Met
702401,11201,2024,2.8,Medium,Met
702402,11201,2025,2.6,Low,Exceeded
702403,11202,2024,3.6,Medium,Met
702404,11202,2025,2.9,High,Exceeded
702405,11203,2024,3.3,Low,Exceeded
702406,11203,2025,2.9,Medium,Met
702407,11204,2024,3.7,Medium,Partially Met
702408,11204,2025,3.2,Medium,Met
702409,11205,2024,3.5,High,Met
702410,11205,2025,4.2,Medium,Met
702411,11206,2024,3.9,Low,Met
702412,11206,2025,2.8,High,Met
702413,11207,2024,4.1,Medium,Met
702414,11207,2025,1.9,Low,Met
702415,11208,2024,4.0,Medium,Met
702416,11208,2025,1.8,Medium,Met
702417,11209,2024,2.1,Medium,Met
702418,11209,2025,3.0,Medium,Exceeded
702419,11210,2024,3.2,Medium,Exceeded
702420,11210,2025,4.0,Medium,Met
702421,11211,2024,3.5,Low,Partially Met
702422,11211,2025,4.4,Low,Exceeded
702423,11212,2024,2.7,Medium,Met
702424,11212,2025,4.0,Medium,Exceeded
702425,11213,2024,2.8,Medium,Partially Met
702426,11213,2025,3.9,Medium,Met
702427,11214,2024,3.1,Low,Met
702428,11214,2025,2.7,Medium,Met
702429,11215,2024,2.1,High,Met
702430,11215,2025,4.1,High,Met
702431,11216,2024,2.4,Medium,Met
702432,11216,2025,4.3,Low,Met
702433,11217,2024,3.1,Medium,Exceeded
702434,11217,2025,3.6,Medium,Met
702435,11218,2024,3.6,High,Met
702436,11218,2025,4.9,High,Partially Met
702437,11219,2024,2.9,Medium,Exceeded
702438,11219,2025,2.8,Medium,Met
702439,11220,2024,3.5,Low,Met
702440,11220,2025,3.1,Medium,Exceeded
702441,11221,2024,5.0,Low,Met
702442,11221,2025,4.0,Medium,Met
702443,11222,2024,4.0,Low,Exceeded
702444,11222,2025,3.7,Medium,Met
702445,11223,2024,2.0,Medium,Met
702446,11223,2025,2.7,Medium,Met
702447,11224,2024,3.7,Medium,Partially Met
702448,11224,2025,2.8,High,Met
702449,11225,2024,3.5,Medium,Exceeded
702450,11225,2025,1.6,Low,Partially Met
702451,11226,2024,3.0,High,Met
702452,11226,2025,3.0,Medium,Partially Met
702453,11227,2024,3.3,Medium,Partially Met
702454,11227,2025,1.9,Low,Met
702455,11228,2024,2.4,Medium,Met
702456,11228,2025,4.7,High,Exceeded
702457,11229,2024,3.3,Medium,Partially Met
702458,11229,2025,3.4,Low,Met
702459,11230,2024,2.4,Medium,Exceeded
702460,11230,2025,2.5,High,Met
702461,11231,2024,4.0,Medium,Met
702462,11231,2025,3.3,Medium,Exceeded
702463,11232,2024,3.3,High,Exceeded
702464,11232,2025,2.9,High,Partially Met
702465,11233,2024,2.8,Medium,Met
702466,11233,2025,1.9,Low,Met
702467,11234,2024,3.5,Medium,Met
702468,11234,2025,3.3,High,Met
702469,11235,2024,3.8,High,Met
702470,11235,2025,2.6,High,Met
702471,11236,2024,4.3,Low,Met
702472,11236,2025,2.6,Medium,Partially Met
702473,11237,2024,4.2,Medium,Exceeded
702474,11237,2025,3.7,Medium,Met
702475,11238,2024,3.1,Medium,Exceeded
702476,11238,2025,3.5,Medium,Met
702477,11239,2024,4.6,Low,Met
702478,11239,2025,3.1,Medium,Partially Met
702479,11240,2024,4.0,High,Partially Met
702480,11240,2025,3.6,High,Met
702481,11241,2024,3.4,Medium,Partially Met
702482,11241,2025,4.1,Low,Partially Met
702483,11242,2024,3.2,High,Met
702484,11242,2025,3.4,High,Exceeded
702485,11243,2024,3.6,Medium,Met
702486,11243,2025,3.4,High,Partially Met
702487,11244,2024,3.9,Low,Met
702488,11244,2025,4.0,High,Met
702489,11245,2024,3.7,Medium,Partially Met
702490,11245,2025,2.1,Low,Met
702491,11246,2024,3.9,Medium,Met
702492,11246,2025,3.6,Medium,Met
702493,11247,2024,3.2,Medium,Met
702494,11247,2025,3.2,High,Met
702495,11248,2024,3.2,High,Met
702496,11248,2025,3.4,Medium,Exceeded
702497,11249,2024,3.6,Medium,Met
702498,11249,2025,4.6,Low,Met
702499,11250,2024,3.4,Medium,Exceeded
702500,11250,2025,3.0,High,Met
702501,11251,2024,3.7,Medium,Met
702502,11251,2025,3.5,Low,Partially Met
702503,11252,2024,3.9,Medium,Partially Met
702504,11252,2025,3.1,Medium,Met
702505,11253,2024,3.3,High,Exceeded
702506,11253,2025,2.4,Medium,Met
702507,11254,2024,5.0,Medium,Exceeded
702508,11254,2025,3.7,Low,Met
702509,11255,2024,3.9,Medium,Met
702510,11255,2025,2.5,Medium,Met
702511,11256,2024,3.3,Low,Met
702512,11256,2025,3.0,Medium,Exceeded
702513,11257,2024,4.2,Low,Exceeded
702514,11257,2025,4.0,Medium,Partially Met
702515,11258,2024,4.5,Medium,Exceeded
702516,11258,2025,3.7,High,Exceeded
702517,11259,2024,2.8,Medium,Met
702518,11259,2025,3.1,High,Met
702519,11260,2024,3.4,High,Met
702520,11260,2025,2.0,Low,Met
702521,11261,2024,4.6,Medium,Exceeded
702522,11261,2025,3.1,Medium,Met
702523,11262,2024,3.8,High,Met
702524,11262,2025,4.2,Medium,Partially Met
702525,11263,2024,3.1,High,Partially Met
702526,11263,2025,4.3,Medium,Partially Met
702527,11264,2024,3.1,Medium,Met
702528,11264,2025,2.7,High,Exceeded
702529,11265,2024,4.4,Medium,Met
702530,11265,2025,4.8,Medium,Met
702531,11266,2024,2.6,High,Met
702532,11266,2025,3.6,High,Exceeded
702533,11267,2024,3.6,Medium,Exceeded
702534,11267,2025,3.8,Medium,Exceeded
702535,11268,2024,3.3,Low,Exceeded
702536,11268,2025,3.1,Medium,Met
702537,11269,2024,3.7,Medium,Partially Met
702538,11269,2025,3.1,Low,Exceeded
702539,11270,2024,3.1,Medium,Met
702540,11270,2025,4.1,High,Exceeded
702541,11271,2024,2.0,Medium,Met
702542,11271,2025,4.4,High,Met
702543,11272,2024,3.1,Medium,Met
702544,11272,2025,1.4,Medium,Met
702545,11273,2024,3.2,Medium,Met
702546,11273,2025,4.6,High,Met
702547,11274,2024,2.5,High,Exceeded
702548,11274,2025,3.5,Medium,Partially Met
702549,11275,2024,2.5,High,Partially Met
702550,11275,2025,4.7,Low,Exceeded
702551,11276,2024,2.2,Medium,Met
702552,11276,2025,3.2,Medium,Met
702553,11277,2024,3.0,Medium,Met
702554,11277,2025,3.0,Medium,Met
702555,11278,2024,3.5,Low,Met
702556,11278,2025,3.4,Medium,Partially Met
702557,11279,2024,4.3,Low,Exceeded
702558,11279,2025,2.1,Medium,Met
702559,11280,2024,4.1,High,Exceeded
702560,11280,2025,3.9,Low,Met
702561,11281,2024,3.8,High,Exceeded
702562,11281,2025,3.3,Medium,Exceeded
702563,11282,2024,4.1,Medium,Exceeded
702564,11282,2025,3.2,Medium,Exceeded
702565,11283,2024,4.5,Medium,Met
702566,11283,2025,2.9,Medium,Met
702567,11284,2024,3.4,Low,Met
702568,11284,2025,3.4,High,Met
702569,11285,2024,3.5,High,Exceeded
702570,11285,2025,3.4,Medium,Met
702571,11286,2024,3.0,Medium,Exceeded
702572,11286,2025,3.1,Medium,Met
702573,11287,2024,2.7,Low,Exceeded
702574,11287,2025,3.4,Medium,Partially Met
702575,11288,2024,3.1,Medium,Met
702576,11288,2025,4.3,High,Exceeded
702577,11289,2024,3.0,High,Met
702578,11289,2025,3.1,Medium,Met
702579,11290,2024,2.7,Low,Partially Met
702580,11290,2025,3.8,Medium,Met
702581,11291,2024,2.5,Medium,Exceeded
702582,11291,2025,3.0,High,Met
702583,11292,2024,3.7,Medium,Met
702584,11292,2025,4.4,High,Met
702585,11293,2024,3.8,Medium,Met
702586,11293,2025,4.6,Medium,Exceeded
702587,11294,2024,3.6,Medium,Met
702588,11294,2025,3.5,Medium,Partially Met
702589,11295,2024,2.5,High,Met
702590,11295,2025,3.4,Medium,Met
702591,11296,2024,2.8,High,Exceeded
702592,11296,2025,4.4,Medium,Met
702593,11297,2024,4.4,Medium,Met
702594,11297,2025,3.7,High,Met
702595,11298,2024,3.6,Medium,Met
702596,11298,2025,4.0,Low,Exceeded
702597,11299,2024,2.7,Medium,Met
702598,11299,2025,4.4,High,Met
702599,11300,2024,4.1,Medium,Partially Met
702600,11300,2025,2.9,High,Met
702601,11301,2024,3.0,High,Exceeded
702602,11301,2025,2.6,High,Met
702603,11302,2024,3.6,Medium,Met
702604,11302,2025,4.3,High,Met
702605,11303,2024,2.2,High,Met
702606,11303,2025,3.1,High,Partially Met
702607,11304,2024,2.5,High,Met
702608,11304,2025,4.0,Medium,Exceeded
702609,11305,2024,3.2,Medium,Met
702610,11305,2025,3.2,Medium,Met
702611,11306,2024,3.1,Medium,Partially Met
702612,11306,2025,3.4,High,Exceeded
702613,11307,2024,3.1,High,Exceeded
702614,11307,2025,4.7,Medium,Met
702615,11308,2024,3.5,Low,Partially Met
702616,11308,2025,4.2,Medium,Exceeded
702617,11309,2024,3.2,Low,Met
702618,11309,2025,4.2,Medium,Met
702619,11310,2024,3.5,Low,Partially Met
702620,11310,2025,4.3,Medium,Partially Met
702621,11311,2024,3.4,Medium,Partially Met
702622,11311,2025,3.3,High,Met
702623,11312,2024,2.9,Low,Met
702624,11312,2025,2.6,High,Met
702625,11313,2024,3.6,Medium,Met
702626,11313,2025,5.0,High,Met
702627,11314,2024,3.5,High,Met
702628,11314,2025,3.4,Low,Met
702629,11315,2024,4.8,Medium,Met
702630,11315,2025,2.9,High,Partially Met
702631,11316,2024,4.0,High,Exceeded
702632,11316,2025,3.6,Low,Exceeded
702633,11317,2024,3.8,Medium,Met
702634,11317,2025,5.0,Low,Partially Met
702635,11318,2024,3.7,Medium,Exceeded
702636,11318,2025,3.9,High,Exceeded
702637,11319,2024,4.3,Medium,Met
702638,11319,2025,1.8,Medium,Met
702639,11320,2024,2.7,High,Met
702640,11320,2025,4.1,Medium,Met
702641,11321,2024,4.5,Medium,Met
702642,11321,2025,3.3,High,Met
702643,11322,2024,2.4,Medium,Exceeded
702644,11322,2025,3.0,Medium,Met
702645,11323,2024,3.4,Low,Met
702646,11323,2025,3.0,Medium,Exceeded
702647,11324,2024,2.5,Medium,Partially Met
702648,11324,2025,3.6,Medium,Exceeded
702649,11325,2024,4.1,Low,Partially Met
702650,11325,2025,4.2,Medium,Exceeded
702651,11326,2024,2.9,Medium,Met
702652,11326,2025,4.3,Medium,Exceeded
702653,11327,2024,2.0,Medium,Met
702654,11327,2025,4.4,Medium,Met
702655,11328,2024,3.8,Medium,Met
702656,11328,2025,3.8,Low,Met
702657,11329,2024,4.2,Medium,Met
702658,11329,2025,3.4,High,Partially Met
702659,11330,2024,3.4,Low,Met
702660,11330,2025,3.0,Medium,Exceeded
702661,11331,2024,3.9,Medium,Partially Met
702662,11331,2025,3.6,Medium,Met
702663,11332,2024,4.3,Medium,Met
702664,11332,2025,3.8,Medium,Met
702665,11333,2024,3.6,Low,Met
702666,11333,2025,3.4,High,Met
702667,11334,2024,3.0,Low,Met
702668,11334,2025,2.6,Medium,Met
702669,11335,2024,3.3,High,Met
702670,11335,2025,2.9,Low,Exceeded
702671,11336,2024,3.1,Medium,Exceeded
702672,11336,2025,3.6,Medium,Exceeded
702673,11337,2024,4.0,Low,Exceeded
702674,11337,2025,4.2,Medium,Exceeded
702675,11338,2024,3.8,High,Met
702676,11338,2025,2.7,Medium,Met
702677,11339,2024,3.2,Medium,Met
702678,11339,2025,3.3,Medium,Partially Met
702679,11340,2024,2.7,Medium,Met
702680,11340,2025,2.5,Medium,Met
702681,11341,2024,2.7,High,Met
702682,11341,2025,2.2,Medium,Met
702683,11342,2024,4.2,High,Met
702684,11342,2025,3.6,Medium,Exceeded
702685,11343,2024,3.2,Medium,Partially Met
702686,11343,2025,3.6,High,Met
702687,11344,2024,2.9,Medium,Met
702688,11344,2025,2.9,Medium,Met
702689,11345,2024,2.9,High,Exceeded
702690,11345,2025,2.2,Medium,Partially Met
702691,11346,2024,2.8,Medium,Partially Met
702692,11346,2025,3.9,Low,Partially Met
702693,11347,2024,3.7,Low,Exceeded
702694,11347,2025,3.7,High,Met
702695,11348,2024,3.6,Low,Met
702696,11348,2025,3.5,Medium,Met
702697,11349,2024,2.6,Low,Met
702698,11349,2025,4.2,Medium,Exceeded
702699,11350,2024,3.4,High,Exceeded
702700,11350,2025,4.2,Low,Exceeded
702701,11351,2024,2.8,High,Met
702702,11351,2025,4.1,Medium,Met
702703,11352,2024,3.3,Medium,Exceeded
702704,11352,2025,3.4,High,Met
702705,11353,2024,2.8,Medium,Met
702706,11353,2025,4.8,Medium,Exceeded
702707,11354,2024,4.3,Medium,Exceeded
702708,11354,2025,3.5,Medium,Met
702709,11355,2024,4.0,Medium,Exceeded
702710,11355,2025,2.2,Medium,Exceeded
702711,11356,2024,3.1,High,Partially Met
702712,11356,2025,3.6,High,Met
702713,11357,2024,3.1,Medium,Met
702714,11357,2025,3.5,Low,Met
702715,11358,2024,1.7,Low,Met
702716,11358,2025,2.1,High,Met
702717,11359,2024,2.6,High,Met
702718,11359,2025,3.0,High,Exceeded
702719,11360,2024,2.9,Low,Exceeded
702720,11360,2025,4.0,Medium,Met
702721,11361,2024,3.3,High,Met
702722,11361,2025,3.8,Medium,Exceeded
702723,11362,2024,3.2,Medium,Met
702724,11362,2025,3.5,Medium,Met
702725,11363,2024,3.3,Low,Met
702726,11363,2025,3.5,Medium,Met
702727,11364,2024,3.3,Low,Exceeded
702728,11364,2025,3.3,High,Exceeded
702729,11365,2024,4.8,Low,Met
702730,11365,2025,3.9,High,Met
702731,11366,2024,4.7,Medium,Met
702732,11366,2025,3.0,Low,Met
702733,11367,2024,3.4,Medium,Partially Met
702734,11367,2025,3.0,Medium,Met
702735,11368,2024,5.0,Medium,Met
702736,11368,2025,3.8,Low,Met
702737,11369,2024,3.0,Medium,Met
702738,11369,2025,2.9,Medium,Met
702739,11370,2024,3.1,Low,Partially Met
702740,11370,2025,1.7,Medium,Met
702741,11371,2024,3.8,Medium,Met
702742,11371,2025,3.6,Medium,Exceeded
702743,11372,2024,3.6,Low,Partially Met
702744,11372,2025,4.2,Medium,Partially Met
702745,11373,2024,5.0,Medium,Met
702746,11373,2025,3.4,Medium,Partially Met
702747,11374,2024,3.5,Low,Partially Met
702748,11374,2025,2.5,Medium,Met
702749,11375,2024,4.3,Medium,Met
702750,11375,2025,3.6,Medium,Exceeded
702751,11376,2024,3.7,Medium,Partially Met
702752,11376,2025,3.3,Medium,Met
702753,11377,2024,3.4,High,Met
702754,11377,2025,3.3,Low,Met
702755,11378,2024,4.2,Medium,Met
702756,11378,2025,3.9,Medium,Exceeded
702757,11379,2024,4.6,Medium,Met
702758,11379,2025,3.9,Medium,Met
702759,11380,2024,4.1,Medium,Exceeded
702760,11380,2025,3.3,High,Met
702761,11381,2024,3.4,Medium,Met
702762,11381,2025,2.1,High,Met
702763,11382,2024,2.5,Medium,Met
702764,11382,2025,3.2,Medium,Met
702765,11383,2024,3.9,Medium,Met
702766,11383,2025,4.3,Medium,Met
702767,11384,2024,2.4,Low,Met
702768,11384,2025,3.2,High,Met
702769,11385,2024,4.6,Low,Met
702770,11385,2025,1.8,Medium,Exceeded
702771,11386,2024,3.6,Medium,Exceeded
702772,11386,2025,3.0,High,Met
702773,11387,2024,3.3,Medium,Met
702774,11387,2025,3.5,High,Partially Met
702775,11388,2024,3.4,Medium,Met
702776,11388,2025,3.4,Medium,Partially Met
702777,11389,2024,3.3,Low,Met
702778,11389,2025,4.3,Medium,Met
702779,11390,2024,2.8,Medium,Partially Met
702780,11390,2025,3.6,Medium,Met
702781,11391,2024,3.6,Low,Partially Met
702782,11391,2025,3.1,High,Met
702783,11392,2024,4.0,Medium,Exceeded
702784,11392,2025,2.4,Medium,Met
702785,11393,2024,3.0,Medium,Partially Met
702786,11393,2025,3.8,Low,Met
702787,11394,2024,3.2,Medium,Met
702788,11394,2025,4.1,Medium,Met
702789,11395,2024,3.5,Medium,Partially Met
702790,11395,2025,2.7,Medium,Met
702791,11396,2024,3.5,Medium,Met
702792,11396,2025,3.1,Medium,Met
702793,11397,2024,3.5,High,Met
702794,11397,2025,3.9,High,Met
702795,11398,2024,2.9,High,Met
702796,11398,2025,3.4,Low,Met
702797,11399,2024,4.3,Medium,Met
702798,11399,2025,4.2,High,Met
702799,11400,2024,3.3,Low,Met
702800,11400,2025,4.3,Medium,Partially Met
702801,11401,2024,4.0,Medium,Met
702802,11401,2025,3.9,Medium,Met
702803,11402,2024,3.5,Low,Met
702804,11402,2025,4.3,Medium,Met
702805,11403,2024,3.1,Medium,Partially Met
702806,11403,2025,2.6,Medium,Met
702807,11404,2024,2.7,Medium,Exceeded
702808,11404,2025,1.9,Medium,Met
702809,11405,2024,4.0,Medium,Met
702810,11405,2025,3.3,Medium,Met
702811,11406,2024,2.6,High,Exceeded
702812,11406,2025,3.1,Medium,Exceeded
702813,11407,2024,2.1,Medium,Met
702814,11407,2025,4.3,Medium,Partially Met
702815,11408,2024,4.0,Medium,Exceeded
702816,11408,2025,3.1,Low,Met
702817,11409,2024,3.7,Low,Exceeded
702818,11409,2025,3.9,Low,Met
702819,11410,2024,2.1,Low,Met
702820,11410,2025,4.0,Medium,Exceeded
702821,11411,2024,2.6,Low,Met
702822,11411,2025,3.7,Medium,Exceeded
702823,11412,2024,1.8,Medium,Partially Met
702824,11412,2025,3.0,Medium,Partially Met
702825,11413,2024,4.2,Medium,Exceeded
702826,11413,2025,3.5,Low,Met
702827,11414,2024,3.8,Medium,Exceeded
702828,11414,2025,4.6,Low,Exceeded
702829,11415,2024,2.9,Low,Met
702830,11415,2025,3.0,Medium,Partially Met
702831,11416,2024,3.3,Low,Partially Met
702832,11416,2025,3.6,Medium,Partially Met
702833,11417,2024,4.1,Medium,Met
702834,11417,2025,3.5,Medium,Exceeded
702835,11418,2024,4.0,Medium,Exceeded
702836,11418,2025,3.2,Medium,Exceeded
702837,11419,2024,2.9,Medium,Met
702838,11419,2025,3.1,Low,Met
702839,11420,2024,2.7,Medium,Partially Met
702840,11420,2025,2.6,High,Met
702841,11421,2024,3.7,Medium,Exceeded
702842,11421,2025,1.8,Medium,Met
702843,11422,2024,2.0,High,Met
702844,11422,2025,2.6,High,Partially Met
702845,11423,2024,3.0,Medium,Exceeded
702846,11423,2025,3.7,Medium,Met
702847,11424,2024,3.1,Medium,Partially Met
702848,11424,2025,4.1,Low,Exceeded
702849,11425,2024,3.2,Low,Met
702850,11425,2025,3.7,Low,Met
702851,11426,2024,2.7,Medium,Exceeded
702852,11426,2025,3.7,Low,Met
702853,11427,2024,2.6,High,Met
702854,11427,2025,4.2,High,Met
702855,11428,2024,3.9,Low,Exceeded
702856,11428,2025,2.9,High,Partially Met
702857,11429,2024,3.3,Medium,Partially Met
702858,11429,2025,3.1,Medium,Met
702859,11430,2024,3.4,Medium,Met
702860,11430,2025,3.9,Medium,Met
702861,11431,2024,4.0,Medium,Met
702862,11431,2025,4.8,Medium,Met
702863,11432,2024,2.8,High,Exceeded
702864,11432,2025,3.2,Medium,Met
702865,11433,2024,2.7,Low,Exceeded
702866,11433,2025,3.7,Low,Met
702867,11434,2024,2.6,High,Met
702868,11434,2025,3.5,Medium,Met
702869,11435,2024,2.6,High,Met
702870,11435,2025,1.8,Medium,Partially Met
702871,11436,2024,2.7,Low,Met
702872,11436,2025,4.5,High,Exceeded
702873,11437,2024,3.7,Medium,Exceeded
702874,11437,2025,3.1,High,Met
702875,11438,2024,2.2,Medium,Partially Met
702876,11438,2025,3.7,High,Met
702877,11439,2024,4.0,Medium,Partially Met
702878,11439,2025,3.1,Medium,Met
702879,11440,2024,3.3,High,Met
702880,11440,2025,3.8,Medium,Met
702881,11441,2024,4.0,Medium,Met
702882,11441,2025,2.7,High,Exceeded
702883,11442,2024,3.5,Medium,Met
702884,11442,2025,3.5,High,Met
702885,11443,2024,2.1,Medium,Exceeded
702886,11443,2025,3.7,Medium,Exceeded
702887,11444,2024,2.0,Medium,Partially Met
702888,11444,2025,2.3,Low,Met
702889,11445,2024,2.7,Medium,Partially Met
702890,11445,2025,3.0,High,Exceeded
702891,11446,2024,3.7,Medium,Partially Met
702892,11446,2025,2.8,High,Partially Met
702893,11447,2024,3.1,High,Met
702894,11447,2025,3.2,Medium,Met
702895,11448,2024,4.0,High,Met
702896,11448,2025,3.2,Medium,Exceeded
702897,11449,2024,3.1,Low,Exceeded
702898,11449,2025,3.2,Medium,Met
702899,11450,2024,3.7,Medium,Met
702900,11450,2025,4.6,Medium,Met
702901,11451,2024,2.6,Medium,Exceeded
702902,11451,2025,3.1,Medium,Exceeded
702903,11452,2024,3.3,Medium,Exceeded
702904,11452,2025,3.2,High,Met
702905,11453,2024,4.2,High,Exceeded
702906,11453,2025,4.2,Medium,Partially Met
702907,11454,2024,3.0,High,Met
702908,11454,2025,3.9,Medium,Exceeded
702909,11455,2024,4.6,Medium,Exceeded
702910,11455,2025,3.4,Low,Met
702911,11456,2024,3.5,High,Met
702912,11456,2025,3.0,Medium,Met
702913,11457,2024,1.8,Low,Met
702914,11457,2025,2.9,Low,Met
702915,11458,2024,3.1,Medium,Met
702916,11458,2025,4.5,Medium,Exceeded
702917,11459,2024,2.0,Medium,Met
702918,11459,2025,3.8,Medium,Met
702919,11460,2024,2.8,Medium,Met
702920,11460,2025,3.5,Low,Met
702921,11461,2024,4.3,High,Met
702922,11461,2025,2.4,Medium,Met
702923,11462,2024,4.6,High,Met
702924,11462,2025,2.2,Medium,Met
702925,11463,2024,3.5,Low,Met
702926,11463,2025,3.9,Medium,Met
702927,11464,2024,3.0,Medium,Met
702928,11464,2025,2.9,High,Exceeded
702929,11465,2024,3.2,High,Met
702930,11465,2025,3.3,High,Partially Met
702931,11466,2024,2.7,Medium,Met
702932,11466,2025,2.8,High,Met
702933,11467,2024,3.9,Low,Met
702934,11467,2025,2.4,Medium,Exceeded
702935,11468,2024,3.8,Medium,Met
702936,11468,2025,4.0,Low,Exceeded
702937,11469,2024,2.2,Medium,Exceeded
702938,11469,2025,4.1,Medium,Met
702939,11470,2024,3.8,Medium,Exceeded
702940,11470,2025,3.1,Medium,Met
702941,11471,2024,3.2,High,Met
702942,11471,2025,3.5,Medium,Met
702943,11472,2024,3.5,Medium,Exceeded
702944,11472,2025,3.3,Medium,Partially Met
702945,11473,2024,4.2,Medium,Exceeded
702946,11473,2025,3.2,High,Exceeded
702947,11474,2024,4.0,High,Met
702948,11474,2025,3.7,Medium,Met
702949,11475,2024,3.9,Low,Met
702950,11475,2025,3.6,Medium,Met
702951,11476,2024,3.1,High,Met
702952,11476,2025,3.0,Medium,Partially Met
702953,11477,2024,2.9,Medium,Met
702954,11477,2025,2.7,Medium,Met
702955,11478,2024,3.3,High,Met
702956,11478,2025,4.7,High,Exceeded
702957,11479,2024,3.6,Medium,Met
702958,11479,2025,2.9,Medium,Exceeded
702959,11480,2024,3.4,High,Met
702960,11480,2025,3.0,Medium,Exceeded
702961,11481,2024,2.4,Medium,Exceeded
702962,11481,2025,1.6,Medium,Exceeded
702963,11482,2024,3.7,Medium,Met
702964,11482,2025,2.9,Medium,Met
702965,11483,2024,3.7,Low,Exceeded
702966,11483,2025,4.0,Medium,Met
702967,11484,2024,3.2,High,Partially Met
702968,11484,2025,2.3,High,Exceeded
702969,11485,2024,3.6,Medium,Met
702970,11485,2025,3.8,High,Exceeded
702971,11486,2024,4.0,High,Met
702972,11486,2025,4.4,Medium,Met
702973,11487,2024,3.3,Low,Met
702974,11487,2025,2.6,High,Exceeded
702975,11488,2024,2.9,Medium,Met
702976,11488,2025,3.1,High,Partially Met
702977,11489,2024,4.3,Medium,Partially Met
702978,11489,2025,3.6,Medium,Met
702979,11490,2024,3.2,Medium,Met
702980,11490,2025,4.6,High,Partially Met
702981,11491,2024,2.6,Medium,Met
702982,11491,2025,4.0,High,Met
702983,11492,2024,3.5,Medium,Met
702984,11492,2025,4.2,Medium,Met
702985,11493,2024,3.9,High,Met
702986,11493,2025,3.3,Medium,Met
702987,11494,2024,3.2,High,Met
702988,11494,2025,3.6,Medium,Partially Met
702989,11495,2024,2.5,Medium,Exceeded
702990,11495,2025,2.6,Low,Met
702991,11496,2024,3.6,High,Met
702992,11496,2025,2.6,High,Partially Met
702993,11497,2024,4.0,Medium,Met
702994,11497,2025,3.2,High,Met
702995,11498,2024,4.1,High,Partially Met
702996,11498,2025,3.8,Low,Partially Met
702997,11499,2024,3.8,Low,Partially Met
702998,11499,2025,3.6,Low,Partially Met
702999,11500,2024,3.4,Medium,Met
703000,11500,2025,4.4,Medium,Partially Met
703001,11501,2024,2.9,Medium,Met
703002,11501,2025,3.7,Medium,Met
703003,11502,2024,3.5,High,Met
703004,11502,2025,4.0,Medium,Met
703005,11503,2024,3.5,Medium,Met
703006,11503,2025,4.6,Medium,Partially Met
703007,11504,2024,4.1,Low,Exceeded
703008,11504,2025,3.1,Medium,Met
703009,11505,2024,3.9,High,Met
703010,11505,2025,3.8,Medium,Met
703011,11506,2024,3.0,Medium,Exceeded
703012,11506,2025,4.1,Medium,Met
703013,11507,2024,4.3,High,Met
703014,11507,2025,2.8,High,Exceeded
703015,11508,2024,3.4,Medium,Partially Met
703016,11508,2025,3.6,Low,Met
703017,11509,2024,2.7,High,Met
703018,11509,2025,2.2,Medium,Partially Met
703019,11510,2024,3.7,Low,Met
703020,11510,2025,4.0,Medium,Met
703021,11511,2024,2.8,Low,Met
703022,11511,2025,3.8,Low,Met
703023,11512,2024,3.9,Medium,Exceeded
703024,11512,2025,3.3,Medium,Met
703025,11513,2024,2.8,Low,Met
703026,11513,2025,3.7,Medium,Exceeded
703027,11514,2024,2.6,High,Partially Met
703028,11514,2025,3.1,Medium,Met
703029,11515,2024,3.6,Low,Partially Met
703030,11515,2025,4.6,Medium,Met
703031,11516,2024,3.5,Medium,Met
703032,11516,2025,1.0,Medium,Met
703033,11517,2024,3.7,High,Met
703034,11517,2025,2.8,Low,Met
703035,11518,2024,3.1,High,Met
703036,11518,2025,3.6,Medium,Partially Met
703037,11519,2024,3.3,Medium,Met
703038,11519,2025,3.6,Low,Met
703039,11520,2024,3.4,High,Exceeded
703040,11520,2025,3.7,Low,Met
703041,11521,2024,2.8,Medium,Partially Met
703042,11521,2025,3.9,High,Met
703043,11522,2024,2.6,Medium,Partially Met
703044,11522,2025,2.7,Medium,Met
703045,11523,2024,2.6,High,Exceeded
703046,11523,2025,4.2,Medium,Met
703047,11524,2024,4.5,Medium,Exceeded
703048,11524,2025,3.8,Low,Met
703049,11525,2024,3.7,Medium,Met
703050,11525,2025,4.3,Medium,Met
703051,11526,2024,4.5,Medium,Exceeded
703052,11526,2025,2.8,Low,Met
703053,11527,2024,3.1,High,Met
703054,11527,2025,2.6,Medium,Exceeded
703055,11528,2024,4.3,Medium,Partially Met
703056,11528,2025,2.1,Low,Met
703057,11529,2024,3.7,Medium,Met
703058,11529,2025,3.6,Medium,Exceeded
703059,11530,2024,2.7,High,Partially Met
703060,11530,2025,3.9,Medium,Exceeded
703061,11531,2024,3.2,Low,Met
703062,11531,2025,4.5,Medium,Met
703063,11532,2024,4.6,Medium,Met
703064,11532,2025,2.4,Medium,Met
703065,11533,2024,3.2,Low,Partially Met
703066,11533,2025,2.7,High,Met
703067,11534,2024,3.3,High,Met
703068,11534,2025,3.2,Medium,Exceeded
703069,11535,2024,4.4,Medium,Met
703070,11535,2025,4.3,Medium,Met
703071,11536,2024,3.7,Medium,Exceeded
703072,11536,2025,3.4,Medium,Met
703073,11537,2024,3.7,High,Met
703074,11537,2025,2.9,Medium,Met
703075,11538,2024,3.7,Medium,Exceeded
703076,11538,2025,4.3,High,Met
703077,11539,2024,3.1,High,Exceeded
703078,11539,2025,4.2,Medium,Met
703079,11540,2024,3.3,Medium,Exceeded
703080,11540,2025,2.8,Medium,Exceeded
703081,11541,2024,3.4,High,Met
703082,11541,2025,4.1,Medium,Met
703083,11542,2024,4.0,Medium,Met
703084,11542,2025,2.9,Low,Partially Met
703085,11543,2024,3.2,Medium,Met
703086,11543,2025,3.8,Low,Met
703087,11544,2024,3.3,Low,Met
703088,11544,2025,2.8,Low,Met
703089,11545,2024,3.8,Medium,Exceeded
703090,11545,2025,4.5,Low,Met
703091,11546,2024,3.8,Low,Met
703092,11546,2025,4.2,Medium,Exceeded
703093,11547,2024,3.8,Medium,Met
703094,11547,2025,3.7,Medium,Exceeded
703095,11548,2024,3.6,Medium,Met
703096,11548,2025,3.6,Medium,Exceeded
703097,11549,2024,3.5,High,Met
703098,11549,2025,3.3,Low,Partially Met
703099,11550,2024,2.7,High,Met
703100,11550,2025,2.3,Low,Met
703101,11551,2024,4.2,High,Exceeded
703102,11551,2025,4.8,Medium,Met
703103,11552,2024,2.4,High,Met
703104,11552,2025,3.5,Medium,Exceeded
703105,11553,2024,3.0,Medium,Met
703106,11553,2025,3.9,High,Met
703107,11554,2024,2.8,High,Partially Met
703108,11554,2025,3.8,Medium,Met
703109,11555,2024,3.6,Medium,Partially Met
703110,11555,2025,3.6,Medium,Met
703111,11556,2024,3.1,Medium,Met
703112,11556,2025,5.0,Medium,Partially Met
703113,11557,2024,2.6,Low,Met
703114,11557,2025,2.2,Low,Met
703115,11558,2024,3.9,Medium,Met
703116,11558,2025,4.0,Medium,Met
703117,11559,2024,3.7,Medium,Exceeded
703118,11559,2025,3.6,Low,Met
703119,11560,2024,2.4,Medium,Exceeded
703120,11560,2025,3.4,Medium,Met
703121,11561,2024,2.6,Medium,Exceeded
703122,11561,2025,2.5,Low,Partially Met
703123,11562,2024,2.5,Medium,Met
703124,11562,2025,4.0,Medium,Met
703125,11563,2024,2.5,Low,Met
703126,11563,2025,2.8,Medium,Met
703127,11564,2024,3.6,Medium,Partially Met
703128,11564,2025,3.4,High,Met
703129,11565,2024,3.1,Low,Met
703130,11565,2025,2.3,Medium,Exceeded
703131,11566,2024,3.7,High,Met
703132,11566,2025,4.0,Medium,Met
703133,11567,2024,2.2,High,Exceeded
703134,11567,2025,3.0,Low,Exceeded
703135,11568,2024,3.6,High,Met
703136,11568,2025,3.8,Medium,Met
703137,11569,2024,4.2,Medium,Met
703138,11569,2025,2.8,Low,Met
703139,11570,2024,4.3,Medium,Met
703140,11570,2025,4.5,Medium,Exceeded
703141,11571,2024,4.0,Medium,Exceeded
703142,11571,2025,3.6,High,Met
703143,11572,2024,2.9,Medium,Met
703144,11572,2025,3.5,Medium,Partially Met
703145,11573,2024,3.2,High,Exceeded
703146,11573,2025,3.4,Medium,Met
703147,11574,2024,3.6,High,Met
703148,11574,2025,3.8,Medium,Met
703149,11575,2024,2.6,Low,Met
703150,11575,2025,3.9,High,Met
703151,11576,2024,3.0,Medium,Met
703152,11576,2025,3.7,Low,Met
703153,11577,2024,3.2,Medium,Exceeded
703154,11577,2025,2.7,Medium,Met
703155,11578,2024,3.4,Medium,Exceeded
703156,11578,2025,3.0,Medium,Met
703157,11579,2024,3.9,Medium,Met
703158,11579,2025,3.0,High,Partially Met
703159,11580,2024,3.2,Medium,Met
703160,11580,2025,3.3,Medium,Met
703161,11581,2024,3.7,High,Exceeded
703162,11581,2025,3.5,Medium,Met
703163,11582,2024,3.9,Medium,Met
703164,11582,2025,3.4,High,Exceeded
703165,11583,2024,3.6,Medium,Met
703166,11583,2025,3.7,Medium,Met
703167,11584,2024,3.1,Medium,Partially Met
703168,11584,2025,3.0,Medium,Exceeded
703169,11585,2024,2.6,Medium,Exceeded
703170,11585,2025,3.2,Medium,Exceeded
703171,11586,2024,3.2,Medium,Met
703172,11586,2025,3.4,Medium,Partially Met
703173,11587,2024,1.5,Low,Met
703174,11587,2025,2.7,Medium,Met
703175,11588,2024,2.9,Medium,Met
703176,11588,2025,3.2,High,Met
703177,11589,2024,3.3,Medium,Met
703178,11589,2025,2.7,Low,Met
703179,11590,2024,4.0,Medium,Met
703180,11590,2025,3.9,Medium,Met
703181,11591,2024,3.3,Low,Met
703182,11591,2025,2.6,High,Met
703183,11592,2024,2.9,High,Met
703184,11592,2025,3.7,High,Met
703185,11593,2024,5.0,Low,Partially Met
703186,11593,2025,2.9,Medium,Exceeded
703187,11594,2024,3.7,Low,Met
703188,11594,2025,2.8,Medium,Met
703189,11595,2024,3.4,Medium,Exceeded
703190,11595,2025,2.7,Medium,Met
703191,11596,2024,2.9,Medium,Partially Met
703192,11596,2025,4.1,Medium,Partially Met
703193,11597,2024,3.1,High,Met
703194,11597,2025,3.6,Medium,Exceeded
703195,11598,2024,3.2,Low,Partially Met
703196,11598,2025,2.5,Low,Met
703197,11599,2024,4.2,Medium,Exceeded
703198,11599,2025,2.8,Low,Exceeded
703199,11600,2024,3.0,Medium,Met
703200,11600,2025,3.5,Medium,Met
703201,11601,2024,3.5,High,Met
703202,11601,2025,3.8,Medium,Met
703203,11602,2024,3.2,Low,Met
703204,11602,2025,3.3,High,Met
703205,11603,2024,2.6,Medium,Met
703206,11603,2025,3.5,Medium,Met
703207,11604,2024,2.7,Medium,Met
703208,11604,2025,4.0,Medium,Exceeded
703209,11605,2024,3.6,High,Partially Met
703210,11605,2025,3.5,High,Met
703211,11606,2024,3.4,Medium,Met
703212,11606,2025,4.3,Medium,Exceeded
703213,11607,2024,2.7,Medium,Partially Met
703214,11607,2025,4.1,Low,Met
703215,11608,2024,4.0,Medium,Met
703216,11608,2025,3.2,Medium,Met
703217,11609,2024,3.6,Medium,Met
703218,11609,2025,3.3,Medium,Met
703219,11610,2024,2.5,Medium,Exceeded
703220,11610,2025,4.1,High,Met
703221,11611,2024,3.9,Medium,Partially Met
703222,11611,2025,3.1,Medium,Met
703223,11612,2024,3.6,Low,Met
703224,11612,2025,2.7,Low,Met
703225,11613,2024,4.3,Medium,Met
703226,11613,2025,3.3,Medium,Met
703227,11614,2024,3.3,High,Met
703228,11614,2025,3.4,Low,Partially Met
703229,11615,2024,3.5,Medium,Met
703230,11615,2025,3.6,Medium,Met
703231,11616,2024,3.2,Low,Met
703232,11616,2025,3.3,Medium,Exceeded
703233,11617,2024,2.3,Low,Exceeded
703234,11617,2025,3.7,High,Partially Met
703235,11618,2024,3.5,High,Exceeded
703236,11618,2025,4.1,Medium,Met
703237,11619,2024,3.4,High,Met
703238,11619,2025,3.3,Low,Met
703239,11620,2024,3.5,Medium,Met
703240,11620,2025,3.4,High,Met
703241,11621,2024,3.4,Medium,Met
703242,11621,2025,3.9,Medium,Met
703243,11622,2024,3.2,Low,Met
703244,11622,2025,3.7,Medium,Met
703245,11623,2024,3.1,Low,Exceeded
703246,11623,2025,3.8,High,Met
703247,11624,2024,3.6,Medium,Partially Met
703248,11624,2025,2.5,High,Met
703249,11625,2024,2.8,Medium,Met
703250,11625,2025,4.4,Medium,Met
703251,11626,2024,3.0,Medium,Partially Met
703252,11626,2025,3.7,Low,Met
703253,11627,2024,3.1,High,Met
703254,11627,2025,4.2,Medium,Exceeded
703255,11628,2024,4.0,Medium,Met
703256,11628,2025,3.7,Medium,Partially Met
703257,11629,2024,3.8,Medium,Met
703258,11629,2025,4.2,High,Met
703259,11630,2024,1.9,Medium,Met
703260,11630,2025,3.5,Medium,Exceeded
703261,11631,2024,2.7,Low,Met
703262,11631,2025,4.1,High,Met
703263,11632,2024,2.8,Medium,Met
703264,11632,2025,4.7,Medium,Exceeded
703265,11633,2024,2.1,Low,Partially Met
703266,11633,2025,4.2,Medium,Met
703267,11634,2024,3.8,Medium,Partially Met
703268,11634,2025,3.4,Medium,Met
703269,11635,2024,2.8,High,Met
703270,11635,2025,2.6,Low,Met
703271,11636,2024,3.7,High,Met
703272,11636,2025,3.1,Medium,Met
703273,11637,2024,3.6,Medium,Exceeded
703274,11637,2025,3.3,Medium,Met
703275,11638,2024,3.5,Low,Met
703276,11638,2025,3.3,Low,Exceeded
703277,11639,2024,3.2,Medium,Met
703278,11639,2025,3.8,High,Met
703279,11640,2024,2.4,Medium,Exceeded
703280,11640,2025,3.9,Medium,Met
703281,11641,2024,4.1,Medium,Met
703282,11641,2025,3.4,Medium,Met
703283,11642,2024,3.7,Medium,Exceeded
703284,11642,2025,2.0,Medium,Met
703285,11643,2024,2.0,High,Exceeded
703286,11643,2025,3.5,Medium,Met
703287,11644,2024,3.0,High,Met
703288,11644,2025,4.2,High,Partially Met
703289,11645,2024,3.1,Medium,Partially Met
703290,11645,2025,4.0,Medium,Met
703291,11646,2024,3.7,High,Partially Met
703292,11646,2025,3.1,Medium,Partially Met
703293,11647,2024,3.7,High,Met
703294,11647,2025,3.1,Medium,Partially Met
703295,11648,2024,3.2,Medium,Met
703296,11648,2025,2.9,Low,Met
703297,11649,2024,4.4,Medium,Met
703298,11649,2025,4.3,Low,Met
703299,11650,2024,2.2,Medium,Partially Met
703300,11650,2025,3.4,Low,Met
703301,11651,2024,2.3,Medium,Met
703302,11651,2025,3.8,Medium,Met
703303,11652,2024,3.1,High,Exceeded
703304,11652,2025,3.5,Medium,Met
703305,11653,2024,3.4,Medium,Met
703306,11653,2025,4.3,Medium,Met
703307,11654,2024,3.7,Medium,Met
703308,11654,2025,3.1,Medium,Met
703309,11655,2024,3.6,Medium,Met
703310,11655,2025,4.3,Medium,Met
703311,11656,2024,3.1,Medium,Partially Met
703312,11656,2025,3.7,High,Met
703313,11657,2024,4.2,High,Met
703314,11657,2025,3.4,Low,Exceeded
703315,11658,2024,3.3,High,Met
703316,11658,2025,4.1,Low,Met
703317,11659,2024,3.2,High,Met
703318,11659,2025,1.6,High,Exceeded
703319,11660,2024,5.0,Low,Met
703320,11660,2025,3.0,Medium,Exceeded
703321,11661,2024,3.1,High,Met
703322,11661,2025,2.9,High,Met
703323,11662,2024,4.5,Medium,Met
703324,11662,2025,3.9,Medium,Met
703325,11663,2024,4.0,Low,Partially Met
703326,11663,2025,4.0,Medium,Partially Met
703327,11664,2024,3.2,Medium,Partially Met
703328,11664,2025,5.0,Medium,Met
703329,11665,2024,3.8,Low,Met
703330,11665,2025,3.2,Medium,Met
703331,11666,2024,3.2,Low,Partially Met
703332,11666,2025,2.7,Medium,Partially Met
703333,11667,2024,2.9,Low,Met
703334,11667,2025,3.3,Medium,Met
703335,11668,2024,3.3,Medium,Met
703336,11668,2025,3.1,Medium,Met
703337,11669,2024,4.1,Low,Partially Met
703338,11669,2025,2.8,Medium,Exceeded
703339,11670,2024,4.0,High,Met
703340,11670,2025,3.9,High,Exceeded
703341,11671,2024,2.9,Medium,Exceeded
703342,11671,2025,3.2,Medium,Exceeded
703343,11672,2024,2.5,Low,Met
703344,11672,2025,3.8,Medium,Met
703345,11673,2024,3.8,Medium,Met
703346,11673,2025,3.6,Medium,Met
703347,11674,2024,3.7,High,Met
703348,11674,2025,2.3,High,Met
703349,11675,2024,4.4,Medium,Met
703350,11675,2025,3.4,Low,Partially Met
703351,11676,2024,2.8,Medium,Partially Met
703352,11676,2025,2.8,High,Met
703353,11677,2024,2.4,Medium,Exceeded
703354,11677,2025,5.0,Low,Exceeded
703355,11678,2024,3.8,Medium,Met
703356,11678,2025,3.3,High,Met
703357,11679,2024,2.0,Low,Met
703358,11679,2025,3.1,High,Met
703359,11680,2024,3.3,Medium,Met
703360,11680,2025,3.3,Low,Met
703361,11681,2024,4.6,High,Met
703362,11681,2025,3.5,Medium,Partially Met
703363,11682,2024,4.6,Medium,Met
703364,11682,2025,4.0,Medium,Partially Met
703365,11683,2024,3.2,Medium,Met
703366,11683,2025,3.3,Low,Met
703367,11684,2024,3.2,High,Met
703368,11684,2025,3.1,High,Met
703369,11685,2024,3.5,Low,Met
703370,11685,2025,4.3,Medium,Met
703371,11686,2024,4.3,High,Met
703372,11686,2025,3.8,Medium,Met
703373,11687,2024,3.7,Medium,Exceeded
703374,11687,2025,3.2,Medium,Met
703375,11688,2024,2.7,Low,Met
703376,11688,2025,3.1,High,Met
703377,11689,2024,3.6,Medium,Met
703378,11689,2025,4.6,Medium,Exceeded
703379,11690,2024,3.6,High,Exceeded
703380,11690,2025,2.4,Low,Met
703381,11691,2024,3.4,Low,Met
703382,11691,2025,3.3,Medium,Met
703383,11692,2024,2.5,Low,Met
703384,11692,2025,3.6,Medium,Met
703385,11693,2024,3.0,Medium,Met
703386,11693,2025,3.1,Medium,Partially Met
703387,11694,2024,4.8,Low,Met
703388,11694,2025,5.0,Medium,Exceeded
703389,11695,2024,3.2,Low,Met
703390,11695,2025,2.9,Medium,Met
703391,11696,2024,4.5,Medium,Met
703392,11696,2025,4.0,Medium,Met
703393,11697,2024,3.4,Medium,Exceeded
703394,11697,2025,4.8,High,Met
703395,11698,2024,1.8,Medium,Exceeded
703396,11698,2025,3.7,Medium,Met
703397,11699,2024,2.7,Low,Met
703398,11699,2025,4.6,Medium,Met
703399,11700,2024,4.4,Medium,Met
703400,11700,2025,4.3,Low,Partially Met
703401,11701,2024,2.4,Low,Met
703402,11701,2025,3.9,High,Met
703403,11702,2024,3.3,Medium,Partially Met
703404,11702,2025,3.0,Medium,Met
703405,11703,2024,3.8,Medium,Met
703406,11703,2025,2.8,Medium,Met
703407,11704,2024,3.0,High,Met
703408,11704,2025,2.8,Medium,Exceeded
703409,11705,2024,3.4,Medium,Met
703410,11705,2025,4.5,High,Exceeded
703411,11706,2024,3.1,Low,Exceeded
703412,11706,2025,2.3,Medium,Met
703413,11707,2024,2.4,Medium,Partially Met
703414,11707,2025,3.7,Medium,Met
703415,11708,2024,4.1,Medium,Met
703416,11708,2025,3.2,Medium,Partially Met
703417,11709,2024,3.6,High,Met
703418,11709,2025,2.5,Medium,Exceeded
703419,11710,2024,4.5,Medium,Partially Met
703420,11710,2025,2.7,High,Exceeded
703421,11711,2024,1.8,Medium,Met
703422,11711,2025,3.3,Medium,Met
703423,11712,2024,3.5,Medium,Partially Met
703424,11712,2025,2.8,Medium,Met
703425,11713,2024,2.9,Medium,Met
703426,11713,2025,3.7,Low,Met
703427,11714,2024,2.8,Low,Exceeded
703428,11714,2025,4.9,Low,Exceeded
703429,11715,2024,3.5,High,Partially Met
703430,11715,2025,3.2,Medium,Exceeded
703431,11716,2024,3.4,Medium,Exceeded
703432,11716,2025,4.1,Medium,Met
703433,11717,2024,4.2,High,Met
703434,11717,2025,4.8,Medium,Met
703435,11718,2024,4.1,Medium,Met
703436,11718,2025,2.5,High,Met
703437,11719,2024,4.0,Medium,Exceeded
703438,11719,2025,4.4,Medium,Partially Met
703439,11720,2024,4.6,High,Exceeded
703440,11720,2025,3.2,Low,Exceeded
703441,11721,2024,3.6,Low,Partially Met
703442,11721,2025,3.3,Medium,Exceeded
703443,11722,2024,3.7,Medium,Exceeded
703444,11722,2025,2.8,High,Exceeded
703445,11723,2024,5.0,High,Exceeded
703446,11723,2025,4.2,Low,Exceeded
703447,11724,2024,3.5,Medium,Met
703448,11724,2025,3.0,High,Met
703449,11725,2024,3.9,Medium,Exceeded
703450,11725,2025,3.9,Low,Met
703451,11726,2024,4.1,Medium,Exceeded
703452,11726,2025,3.2,Medium,Met
703453,11727,2024,3.0,Low,Exceeded
703454,11727,2025,3.2,Medium,Met
703455,11728,2024,2.5,Medium,Met
703456,11728,2025,4.2,Medium,Met
703457,11729,2024,2.9,High,Exceeded
703458,11729,2025,2.6,High,Met
703459,11730,2024,3.2,Medium,Met
703460,11730,2025,2.6,Medium,Met
703461,11731,2024,4.5,Medium,Partially Met
703462,11731,2025,3.9,Medium,Partially Met
703463,11732,2024,3.2,Medium,Met
703464,11732,2025,3.4,Medium,Met
703465,11733,2024,3.4,High,Met
703466,11733,2025,3.5,Medium,Exceeded
703467,11734,2024,3.9,Medium,Met
703468,11734,2025,3.8,Medium,Met
703469,11735,2024,3.5,High,Met
703470,11735,2025,3.7,High,Met
703471,11736,2024,3.3,Medium,Met
703472,11736,2025,4.4,Medium,Met
703473,11737,2024,3.5,Medium,Met
703474,11737,2025,3.1,High,Partially Met
703475,11738,2024,3.1,Medium,Met
703476,11738,2025,4.5,Medium,Exceeded
703477,11739,2024,2.2,High,Met
703478,11739,2025,4.3,Medium,Met
703479,11740,2024,3.6,Medium,Partially Met
703480,11740,2025,3.3,High,Exceeded
703481,11741,2024,4.3,High,Met
703482,11741,2025,3.9,Medium,Met
703483,11742,2024,3.5,Medium,Met
703484,11742,2025,3.3,Low,Met
703485,11743,2024,2.2,High,Met
703486,11743,2025,3.3,High,Met
703487,11744,2024,4.3,Medium,Met
703488,11744,2025,3.3,Medium,Met
703489,11745,2024,4.3,Medium,Met
703490,11745,2025,4.1,High,Met
703491,11746,2024,3.4,Medium,Met
703492,11746,2025,3.3,Medium,Exceeded
703493,11747,2024,2.8,Medium,Exceeded
703494,11747,2025,4.0,High,Met
703495,11748,2024,4.7,Medium,Met
703496,11748,2025,3.3,Medium,Exceeded
703497,11749,2024,2.4,High,Met
703498,11749,2025,3.6,Medium,Met
703499,11750,2024,3.6,Medium,Met
703500,11750,2025,3.1,Low,Met
703501,11751,2024,2.7,Medium,Exceeded
703502,11751,2025,2.9,Low,Exceeded
703503,11752,2024,4.0,Medium,Met
703504,11752,2025,4.5,Medium,Met
703505,11753,2024,3.6,High,Partially Met
703506,11753,2025,2.7,Medium,Met
703507,11754,2024,3.4,High,Met
703508,11754,2025,3.6,Low,Partially Met
703509,11755,2024,3.6,Medium,Partially Met
703510,11755,2025,3.0,Medium,Exceeded
703511,11756,2024,3.3,High,Met
703512,11756,2025,1.5,Medium,Met
703513,11757,2024,4.3,High,Met
703514,11757,2025,4.8,High,Exceeded
703515,11758,2024,3.1,High,Met
703516,11758,2025,3.9,High,Met
703517,11759,2024,3.9,High,Met
703518,11759,2025,3.7,Medium,Exceeded
703519,11760,2024,2.9,High,Exceeded
703520,11760,2025,2.8,Medium,Partially Met
703521,11761,2024,3.9,Medium,Met
703522,11761,2025,4.0,Medium,Exceeded
703523,11762,2024,2.5,Low,Met
703524,11762,2025,4.8,High,Met
703525,11763,2024,3.6,Medium,Exceeded
703526,11763,2025,3.7,Low,Met
703527,11764,2024,4.0,High,Partially Met
703528,11764,2025,2.4,Medium,Met
703529,11765,2024,3.7,Low,Met
703530,11765,2025,4.7,Medium,Partially Met
703531,11766,2024,2.9,Low,Met
703532,11766,2025,3.3,Medium,Met
703533,11767,2024,2.7,Medium,Exceeded
703534,11767,2025,3.5,Medium,Exceeded
703535,11768,2024,3.2,Low,Met
703536,11768,2025,3.0,Low,Met
703537,11769,2024,4.3,Medium,Met
703538,11769,2025,3.6,Medium,Met
703539,11770,2024,4.1,Medium,Partially Met
703540,11770,2025,3.8,Medium,Partially Met
703541,11771,2024,3.9,High,Met
703542,11771,2025,4.0,Low,Exceeded
703543,11772,2024,4.0,Low,Exceeded
703544,11772,2025,3.0,Low,Exceeded
703545,11773,2024,3.0,Medium,Exceeded
703546,11773,2025,4.0,Medium,Exceeded
703547,11774,2024,1.7,Low,Met
703548,11774,2025,3.0,High,Exceeded
703549,11775,2024,2.3,High,Met
703550,11775,2025,2.9,High,Met
703551,11776,2024,3.4,Medium,Met
703552,11776,2025,2.8,Medium,Met
703553,11777,2024,3.2,Low,Partially Met
703554,11777,2025,3.7,Medium,Met
703555,11778,2024,3.2,Medium,Partially Met
703556,11778,2025,4.2,Medium,Exceeded
703557,11779,2024,3.9,Low,Met
703558,11779,2025,3.2,Medium,Met
703559,11780,2024,4.9,Medium,Exceeded
703560,11780,2025,3.6,Low,Met
703561,11781,2024,2.7,High,Met
703562,11781,2025,4.1,Low,Met
703563,11782,2024,3.2,Medium,Met
703564,11782,2025,2.2,Medium,Exceeded
703565,11783,2024,3.6,Medium,Met
703566,11783,2025,3.5,Low,Met
703567,11784,2024,4.4,High,Met
703568,11784,2025,4.3,High,Met
703569,11785,2024,2.8,High,Met
703570,11785,2025,3.0,Medium,Exceeded
703571,11786,2024,3.2,Low,Exceeded
703572,11786,2025,4.1,High,Exceeded
703573,11787,2024,4.3,Medium,Met
703574,11787,2025,2.5,High,Partially Met
703575,11788,2024,1.9,Medium,Met
703576,11788,2025,3.0,Medium,Met
703577,11789,2024,3.8,Medium,Met
703578,11789,2025,3.4,Medium,Met
703579,11790,2024,2.6,High,Met
703580,11790,2025,3.3,Medium,Met
703581,11791,2024,3.4,Medium,Met
703582,11791,2025,3.6,Medium,Exceeded
703583,11792,2024,4.1,Medium,Partially Met
703584,11792,2025,3.1,Low,Met
703585,11793,2024,3.6,Medium,Met
703586,11793,2025,2.6,Medium,Met
703587,11794,2024,3.6,Medium,Exceeded
703588,11794,2025,3.1,Low,Met
703589,11795,2024,4.1,Medium,Met
703590,11795,2025,3.3,Low,Partially Met
703591,11796,2024,3.8,Medium,Met
703592,11796,2025,2.2,Low,Exceeded
703593,11797,2024,3.5,Low,Met
703594,11797,2025,3.7,Low,Met
703595,11798,2024,3.0,Medium,Exceeded
703596,11798,2025,3.5,Low,Exceeded
703597,11799,2024,3.9,Medium,Met
703598,11799,2025,3.0,Low,Partially Met
703599,11800,2024,3.1,Medium,Exceeded
703600,11800,2025,3.4,Low,Met
703601,11801,2024,2.9,Medium,Met
703602,11801,2025,3.0,Low,Met
703603,11802,2024,3.2,Medium,Partially Met
703604,11802,2025,3.4,Medium,Met
703605,11803,2024,2.9,Medium,Met
703606,11803,2025,2.3,Medium,Met
703607,11804,2024,3.4,Low,Exceeded
703608,11804,2025,3.7,Medium,Met
703609,11805,2024,4.2,Medium,Exceeded
703610,11805,2025,3.1,Low,Partially Met
703611,11806,2024,3.3,High,Partially Met
703612,11806,2025,3.2,Medium,Exceeded
703613,11807,2024,3.2,Medium,Met
703614,11807,2025,4.1,High,Met
703615,11808,2024,2.4,High,Met
703616,11808,2025,2.0,High,Met
703617,11809,2024,2.7,High,Met
703618,11809,2025,3.6,Medium,Met
703619,11810,2024,3.0,Medium,Met
703620,11810,2025,2.2,Medium,Met
703621,11811,2024,3.8,Medium,Met
703622,11811,2025,3.7,Medium,Met
703623,11812,2024,3.1,High,Met
703624,11812,2025,4.1,Medium,Met
703625,11813,2024,2.7,High,Met
703626,11813,2025,3.8,High,Met
703627,11814,2024,4.0,Medium,Partially Met
703628,11814,2025,3.1,Medium,Partially Met
703629,11815,2024,2.5,Medium,Partially Met
703630,11815,2025,2.4,Low,Met
703631,11816,2024,2.7,Medium,Partially Met
703632,11816,2025,3.1,Medium,Met
703633,11817,2024,2.2,High,Met
703634,11817,2025,4.3,High,Met
703635,11818,2024,3.5,High,Met
703636,11818,2025,2.9,Low,Met
703637,11819,2024,4.0,Medium,Met
703638,11819,2025,2.9,High,Exceeded
703639,11820,2024,3.0,Medium,Met
703640,11820,2025,3.9,Low,Met
703641,11821,2024,2.3,Low,Met
703642,11821,2025,4.4,Low,Met
703643,11822,2024,3.8,Medium,Exceeded
703644,11822,2025,3.5,High,Exceeded
703645,11823,2024,2.5,High,Met
703646,11823,2025,3.9,Medium,Met
703647,11824,2024,2.9,Medium,Met
703648,11824,2025,2.4,Medium,Met
703649,11825,2024,3.9,High,Met
703650,11825,2025,3.7,High,Exceeded
703651,11826,2024,2.6,Medium,Met
703652,11826,2025,2.7,Medium,Met
703653,11827,2024,4.1,Medium,Met
703654,11827,2025,3.6,Medium,Met
703655,11828,2024,2.1,Low,Met
703656,11828,2025,3.6,Medium,Exceeded
703657,11829,2024,3.5,Medium,Met
703658,11829,2025,2.2,Low,Met
703659,11830,2024,3.5,High,Exceeded
703660,11830,2025,2.5,High,Met
703661,11831,2024,3.5,Medium,Met
703662,11831,2025,3.4,Medium,Exceeded
703663,11832,2024,2.9,Medium,Exceeded
703664,11832,2025,2.5,Medium,Met
703665,11833,2024,4.1,Medium,Met
703666,11833,2025,2.7,High,Partially Met
703667,11834,2024,3.3,Medium,Met
703668,11834,2025,3.0,High,Exceeded
703669,11835,2024,2.6,Medium,Met
703670,11835,2025,3.2,High,Met
703671,11836,2024,3.6,High,Exceeded
703672,11836,2025,4.4,Medium,Exceeded
703673,11837,2024,3.1,Low,Partially Met
703674,11837,2025,3.7,Medium,Partially Met
703675,11838,2024,4.9,Medium,Met
703676,11838,2025,2.6,Low,Met
703677,11839,2024,4.2,Low,Met
703678,11839,2025,3.4,Low,Met
703679,11840,2024,2.9,Medium,Met
703680,11840,2025,4.0,High,Met
703681,11841,2024,3.5,High,Exceeded
703682,11841,2025,3.9,Medium,Met
703683,11842,2024,3.1,Low,Exceeded
703684,11842,2025,3.5,Medium,Met
703685,11843,2024,3.3,Low,Met
703686,11843,2025,2.5,Low,Exceeded
703687,11844,2024,3.8,High,Met
703688,11844,2025,3.0,Low,Met
703689,11845,2024,3.1,Medium,Met
703690,11845,2025,3.6,Medium,Met
703691,11846,2024,3.3,Medium,Met
703692,11846,2025,2.7,Medium,Met
703693,11847,2024,2.5,Medium,Met
703694,11847,2025,2.2,Medium,Exceeded
703695,11848,2024,3.3,High,Partially Met
703696,11848,2025,4.4,Medium,Exceeded
703697,11849,2024,2.3,Medium,Met
703698,11849,2025,3.4,Medium,Met
703699,11850,2024,2.9,Medium,Met
703700,11850,2025,3.1,Medium,Partially Met
703701,11851,2024,3.4,High,Met
703702,11851,2025,2.9,High,Met
703703,11852,2024,3.4,Medium,Exceeded
703704,11852,2025,3.5,Low,Partially Met
703705,11853,2024,4.5,High,Met
703706,11853,2025,2.5,High,Partially Met
703707,11854,2024,3.8,Low,Exceeded
703708,11854,2025,3.5,Medium,Exceeded
703709,11855,2024,3.2,High,Met
703710,11855,2025,4.1,Medium,Met
703711,11856,2024,3.7,Medium,Met
703712,11856,2025,3.3,Medium,Met
703713,11857,2024,3.0,Low,Met
703714,11857,2025,3.2,Medium,Met
703715,11858,2024,4.1,Medium,Met
703716,11858,2025,1.9,Low,Exceeded
703717,11859,2024,3.6,Medium,Met
703718,11859,2025,3.9,Low,Met
703719,11860,2024,3.9,Medium,Met
703720,11860,2025,2.6,Medium,Met
703721,11861,2024,3.1,Medium,Partially Met
703722,11861,2025,4.1,Medium,Met
703723,11862,2024,2.0,Medium,Exceeded
703724,11862,2025,3.4,High,Met
703725,11863,2024,4.2,Low,Exceeded
703726,11863,2025,2.1,Medium,Exceeded
703727,11864,2024,4.1,High,Met
703728,11864,2025,3.8,High,Exceeded
703729,11865,2024,2.6,Medium,Met
703730,11865,2025,3.5,Medium,Exceeded
703731,11866,2024,2.9,Low,Exceeded
703732,11866,2025,3.3,Medium,Partially Met
703733,11867,2024,2.7,Low,Exceeded
703734,11867,2025,2.8,Low,Met
703735,11868,2024,3.7,Medium,Met
703736,11868,2025,3.7,High,Met
703737,11869,2024,2.2,Medium,Met
703738,11869,2025,3.8,Low,Met
703739,11870,2024,3.5,Medium,Met
703740,11870,2025,3.1,Low,Partially Met
703741,11871,2024,5.0,Medium,Met
703742,11871,2025,4.4,High,Met
703743,11872,2024,4.4,Medium,Exceeded
703744,11872,2025,3.3,Medium,Exceeded
703745,11873,2024,3.0,Medium,Met
703746,11873,2025,2.3,Medium,Met
703747,11874,2024,3.0,Low,Partially Met
703748,11874,2025,2.6,Medium,Exceeded
703749,11875,2024,3.7,Medium,Met
703750,11875,2025,3.2,Medium,Met
703751,11876,2024,3.6,High,Exceeded
703752,11876,2025,3.7,Low,Exceeded
703753,11877,2024,2.9,High,Met
703754,11877,2025,3.5,High,Met
703755,11878,2024,2.6,High,Met
703756,11878,2025,3.8,Medium,Partially Met
703757,11879,2024,3.3,Medium,Exceeded
703758,11879,2025,3.8,High,Met
703759,11880,2024,3.5,High,Partially Met
703760,11880,2025,3.5,High,Exceeded
703761,11881,2024,3.5,Low,Partially Met
703762,11881,2025,3.0,High,Exceeded
703763,11882,2024,3.8,Medium,Met
703764,11882,2025,2.5,Medium,Met
703765,11883,2024,4.2,Medium,Met
703766,11883,2025,3.9,Medium,Met
703767,11884,2024,3.3,High,Met
703768,11884,2025,4.2,Medium,Met
703769,11885,2024,2.5,Medium,Met
703770,11885,2025,4.3,Medium,Met
703771,11886,2024,4.0,High,Exceeded
703772,11886,2025,3.1,High,Met
703773,11887,2024,2.5,Medium,Partially Met
703774,11887,2025,3.4,Low,Met
703775,11888,2024,3.6,High,Met
703776,11888,2025,2.3,Low,Met
703777,11889,2024,3.2,Medium,Partially Met
703778,11889,2025,2.9,Medium,Met
703779,11890,2024,3.2,Medium,Met
703780,11890,2025,3.7,Medium,Met
703781,11891,2024,4.3,Medium,Exceeded
703782,11891,2025,4.2,High,Exceeded
703783,11892,2024,2.2,Medium,Met
703784,11892,2025,3.2,Medium,Partially Met
703785,11893,2024,3.4,Medium,Exceeded
703786,11893,2025,3.7,High,Exceeded
703787,11894,2024,3.2,Medium,Exceeded
703788,11894,2025,2.7,Low,Partially Met
703789,11895,2024,3.8,Medium,Met
703790,11895,2025,4.4,Medium,Met
703791,11896,2024,3.6,High,Met
703792,11896,2025,2.5,Medium,Met
703793,11897,2024,3.7,Medium,Met
703794,11897,2025,4.2,Medium,Exceeded
703795,11898,2024,2.6,High,Exceeded
703796,11898,2025,2.9,Low,Met
703797,11899,2024,2.1,High,Exceeded
703798,11899,2025,3.7,Medium,Met
703799,11900,2024,3.0,High,Met
703800,11900,2025,2.8,High,Met
703801,11901,2024,4.3,Medium,Met
703802,11901,2025,3.8,High,Exceeded
703803,11902,2024,4.1,Medium,Met
703804,11902,2025,3.1,Medium,Met
703805,11903,2024,3.9,High,Exceeded
703806,11903,2025,4.6,High,Met
703807,11904,2024,2.6,Low,Met
703808,11904,2025,4.0,Medium,Met
703809,11905,2024,3.5,Medium,Partially Met
703810,11905,2025,3.1,High,Met
703811,11906,2024,2.7,Medium,Exceeded
703812,11906,2025,2.4,High,Met
703813,11907,2024,2.8,Medium,Met
703814,11907,2025,2.6,Medium,Exceeded
703815,11908,2024,3.9,High,Met
703816,11908,2025,3.4,Medium,Met
703817,11909,2024,2.8,Low,Met
703818,11909,2025,3.3,Medium,Exceeded
703819,11910,2024,4.2,Medium,Met
703820,11910,2025,4.1,Medium,Met
703821,11911,2024,1.9,Low,Exceeded
703822,11911,2025,3.5,Medium,Exceeded
703823,11912,2024,3.5,Medium,Met
703824,11912,2025,3.8,Medium,Exceeded
703825,11913,2024,3.5,High,Partially Met
703826,11913,2025,3.0,Medium,Partially Met
703827,11914,2024,2.5,Low,Partially Met
703828,11914,2025,3.7,Medium,Exceeded
703829,11915,2024,4.3,High,Met
703830,11915,2025,3.0,Medium,Met
703831,11916,2024,2.8,High,Met
703832,11916,2025,3.4,Low,Exceeded
703833,11917,2024,2.0,Medium,Met
703834,11917,2025,3.2,Low,Met
703835,11918,2024,4.1,High,Exceeded
703836,11918,2025,3.2,Low,Met
703837,11919,2024,4.2,High,Exceeded
703838,11919,2025,4.0,Low,Met
703839,11920,2024,4.0,Low,Partially Met
703840,11920,2025,3.9,Medium,Met
703841,11921,2024,2.8,Low,Partially Met
703842,11921,2025,3.3,High,Met
703843,11922,2024,4.1,High,Met
703844,11922,2025,3.3,Medium,Met
703845,11923,2024,3.8,Medium,Partially Met
703846,11923,2025,1.9,Medium,Met
703847,11924,2024,3.6,Medium,Met
703848,11924,2025,2.5,Medium,Met
703849,11925,2024,2.7,High,Met
703850,11925,2025,2.9,Medium,Partially Met
703851,11926,2024,3.0,Medium,Met
703852,11926,2025,2.7,High,Exceeded
703853,11927,2024,2.9,High,Met
703854,11927,2025,3.0,Medium,Exceeded
703855,11928,2024,3.7,Medium,Exceeded
703856,11928,2025,3.1,Medium,Met
703857,11929,2024,3.6,Low,Met
703858,11929,2025,2.7,Medium,Partially Met
703859,11930,2024,3.7,High,Met
703860,11930,2025,1.6,Medium,Met
703861,11931,2024,4.3,Medium,Partially Met
703862,11931,2025,3.4,High,Met
703863,11932,2024,3.5,High,Met
703864,11932,2025,4.0,Low,Met
703865,11933,2024,4.0,Low,Partially Met
703866,11933,2025,2.5,Medium,Exceeded
703867,11934,2024,4.4,High,Met
703868,11934,2025,3.3,Low,Partially Met
703869,11935,2024,3.5,Medium,Met
703870,11935,2025,2.9,Medium,Exceeded
703871,11936,2024,2.7,Medium,Met
703872,11936,2025,3.6,Medium,Met
703873,11937,2024,3.2,Medium,Met
703874,11937,2025,3.5,Low,Met
703875,11938,2024,2.8,Medium,Met
703876,11938,2025,3.0,Medium,Exceeded
703877,11939,2024,3.3,Medium,Exceeded
703878,11939,2025,3.7,Low,Partially Met
703879,11940,2024,4.1,Medium,Met
703880,11940,2025,3.8,High,Exceeded
703881,11941,2024,2.7,Medium,Met
703882,11941,2025,3.0,Medium,Partially Met
703883,11942,2024,3.3,High,Met
703884,11942,2025,3.1,High,Met
703885,11943,2024,4.0,Medium,Met
703886,11943,2025,3.2,Medium,Exceeded
703887,11944,2024,3.7,Medium,Met
703888,11944,2025,3.9,High,Met
703889,11945,2024,2.6,Medium,Met
703890,11945,2025,3.2,High,Met
703891,11946,2024,3.1,Medium,Met
703892,11946,2025,3.0,Medium,Met
703893,11947,2024,4.0,Low,Met
703894,11947,2025,3.2,Medium,Partially Met
703895,11948,2024,2.8,High,Met
703896,11948,2025,2.5,High,Met
703897,11949,2024,4.5,Low,Met
703898,11949,2025,4.7,Medium,Met
703899,11950,2024,3.4,Medium,Exceeded
703900,11950,2025,2.8,High,Partially Met
703901,11951,2024,3.1,Low,Met
703902,11951,2025,3.9,Medium,Exceeded
703903,11952,2024,4.2,Medium,Met
703904,11952,2025,3.9,Medium,Met
703905,11953,2024,3.3,Medium,Exceeded
703906,11953,2025,3.0,Medium,Met
703907,11954,2024,3.4,Medium,Met
703908,11954,2025,4.1,High,Partially Met
703909,11955,2024,3.8,Medium,Met
703910,11955,2025,3.3,Low,Exceeded
703911,11956,2024,2.9,High,Met
703912,11956,2025,3.4,Medium,Exceeded
703913,11957,2024,2.9,High,Met
703914,11957,2025,3.3,Low,Met
703915,11958,2024,2.1,Low,Met
703916,11958,2025,3.7,Medium,Met
703917,11959,2024,2.8,High,Met
703918,11959,2025,3.4,High,Met
703919,11960,2024,3.6,High,Exceeded
703920,11960,2025,4.1,Low,Met
703921,11961,2024,3.6,Medium,Partially Met
703922,11961,2025,3.3,Medium,Met
703923,11962,2024,2.6,Low,Met
703924,11962,2025,3.1,High,Exceeded
703925,11963,2024,3.0,High,Partially Met
703926,11963,2025,4.2,Medium,Met
703927,11964,2024,4.0,Low,Met
703928,11964,2025,3.9,Medium,Met
703929,11965,2024,3.5,High,Exceeded
703930,11965,2025,2.8,High,Met
703931,11966,2024,3.1,Medium,Exceeded
703932,11966,2025,3.3,High,Met
703933,11967,2024,4.3,Medium,Partially Met
703934,11967,2025,4.7,Low,Met
703935,11968,2024,3.5,Medium,Met
703936,11968,2025,3.7,Low,Met
703937,11969,2024,2.1,Medium,Partially Met
703938,11969,2025,3.5,High,Met
703939,11970,2024,3.0,High,Exceeded
703940,11970,2025,3.8,High,Met
703941,11971,2024,3.6,Low,Exceeded
703942,11971,2025,2.8,Medium,Partially Met
703943,11972,2024,3.4,Medium,Partially Met
703944,11972,2025,4.2,Low,Partially Met
703945,11973,2024,4.5,Medium,Exceeded
703946,11973,2025,4.9,Medium,Met
703947,11974,2024,2.8,Medium,Met
703948,11974,2025,3.1,Medium,Exceeded
703949,11975,2024,2.2,Low,Met
703950,11975,2025,3.4,Medium,Met
703951,11976,2024,4.4,Low,Exceeded
703952,11976,2025,4.4,Low,Partially Met
703953,11977,2024,3.8,High,Met
703954,11977,2025,3.1,Medium,Met
703955,11978,2024,4.1,Medium,Met
703956,11978,2025,3.1,High,Met
703957,11979,2024,4.0,Medium,Exceeded
703958,11979,2025,3.2,Low,Met
703959,11980,2024,3.5,Medium,Met
703960,11980,2025,4.0,Medium,Met
703961,11981,2024,2.6,Low,Met
703962,11981,2025,2.4,High,Met
703963,11982,2024,2.4,Medium,Met
703964,11982,2025,2.7,Medium,Partially Met
703965,11983,2024,3.1,High,Met
703966,11983,2025,3.3,High,Met
703967,11984,2024,4.6,Medium,Exceeded
703968,11984,2025,2.7,Medium,Met
703969,11985,2024,3.5,Medium,Exceeded
703970,11985,2025,3.7,Medium,Exceeded
703971,11986,2024,4.1,Medium,Exceeded
703972,11986,2025,3.6,Medium,Met
703973,11987,2024,3.9,Medium,Met
703974,11987,2025,4.4,Low,Met
703975,11988,2024,3.3,Medium,Partially Met
703976,11988,2025,4.3,High,Partially Met
703977,11989,2024,3.2,Low,Met
703978,11989,2025,3.5,Medium,Exceeded
703979,11990,2024,3.1,Low,Partially Met
703980,11990,2025,3.0,High,Exceeded
703981,11991,2024,3.1,High,Met
703982,11991,2025,3.0,Medium,Partially Met
703983,11992,2024,2.6,Medium,Met
703984,11992,2025,3.7,Medium,Met
703985,11993,2024,2.2,High,Met
703986,11993,2025,2.8,Low,Met
703987,11994,2024,3.0,Medium,Exceeded
703988,11994,2025,2.7,High,Met
703989,11995,2024,3.5,Medium,Met
703990,11995,2025,2.6,Medium,Met
703991,11996,2024,3.5,High,Met
703992,11996,2025,2.5,Medium,Partially Met
703993,11997,2024,3.7,Medium,Met
703994,11997,2025,4.2,High,Exceeded
703995,11998,2024,3.6,High,Exceeded
703996,11998,2025,3.0,Medium,Exceeded
703997,11999,2024,3.3,Medium,Met
703998,11999,2025,4.0,Medium,Partially Met
703999,12000,2024,3.3,Medium,Met
704000,12000,2025,3.7,Medium,Met
704001,12001,2024,3.3,Medium,Met
704002,12001,2025,2.7,High,Met
704003,12002,2024,2.7,Medium,Partially Met
704004,12002,2025,3.6,High,Met
704005,12003,2024,4.5,Medium,Partially Met
704006,12003,2025,3.6,High,Met
704007,12004,2024,3.7,Medium,Exceeded
704008,12004,2025,4.5,Medium,Met
704009,12005,2024,3.9,Medium,Partially Met
704010,12005,2025,4.6,High,Met
704011,12006,2024,2.8,Medium,Exceeded
704012,12006,2025,2.5,Medium,Met
704013,12007,2024,2.9,Low,Partially Met
704014,12007,2025,4.0,Low,Partially Met
704015,12008,2024,3.0,Low,Met
704016,12008,2025,3.4,Low,Partially Met
704017,12009,2024,3.4,High,Met
704018,12009,2025,4.3,High,Met
704019,12010,2024,2.3,Medium,Partially Met
704020,12010,2025,3.9,Low,Exceeded
704021,12011,2024,4.3,Low,Met
704022,12011,2025,4.1,High,Exceeded
704023,12012,2024,3.3,Medium,Partially Met
704024,12012,2025,3.3,Low,Met
704025,12013,2024,4.0,Low,Exceeded
704026,12013,2025,4.2,Medium,Partially Met
704027,12014,2024,3.0,Medium,Partially Met
704028,12014,2025,4.6,Low,Met
704029,12015,2024,3.9,High,Met
704030,12015,2025,3.2,Medium,Exceeded
704031,12016,2024,3.7,High,Met
704032,12016,2025,3.3,Medium,Partially Met
704033,12017,2024,3.0,Medium,Met
704034,12017,2025,3.4,High,Met
704035,12018,2024,3.0,Low,Partially Met
704036,12018,2025,2.5,Low,Exceeded
704037,12019,2024,2.7,Medium,Met
704038,12019,2025,3.6,High,Met
704039,12020,2024,3.4,High,Met
704040,12020,2025,3.8,Medium,Partially Met
704041,12021,2024,2.8,Medium,Met
704042,12021,2025,3.7,Medium,Met
704043,12022,2024,2.6,Low,Met
704044,12022,2025,4.0,Medium,Exceeded
704045,12023,2024,3.5,Medium,Met
704046,12023,2025,3.1,High,Met
704047,12024,2024,2.3,Medium,Met
704048,12024,2025,3.2,Low,Met
704049,12025,2024,4.0,Medium,Exceeded
704050,12025,2025,3.8,Medium,Partially Met
704051,12026,2024,3.7,High,Partially Met
704052,12026,2025,3.0,Medium,Met
704053,12027,2024,3.9,Low,Met
704054,12027,2025,3.6,Medium,Met
704055,12028,2024,2.8,Low,Met
704056,12028,2025,4.0,Medium,Met
704057,12029,2024,2.9,Medium,Partially Met
704058,12029,2025,2.6,Low,Met
704059,12030,2024,4.2,Medium,Met
704060,12030,2025,3.1,High,Partially Met
704061,12031,2024,2.8,Low,Met
704062,12031,2025,3.6,Medium,Met
704063,12032,2024,4.2,Medium,Met
704064,12032,2025,2.7,Medium,Partially Met
704065,12033,2024,2.5,Low,Met
704066,12033,2025,3.1,Medium,Met
704067,12034,2024,4.5,Medium,Met
704068,12034,2025,4.0,High,Met
704069,12035,2024,3.2,Medium,Met
704070,12035,2025,2.5,Medium,Met
704071,12036,2024,2.8,Low,Partially Met
704072,12036,2025,3.1,Medium,Met
704073,12037,2024,3.0,Medium,Met
704074,12037,2025,3.8,Medium,Met
704075,12038,2024,3.3,Medium,Exceeded
704076,12038,2025,3.7,Medium,Exceeded
704077,12039,2024,3.1,Medium,Met
704078,12039,2025,3.9,High,Met
704079,12040,2024,4.6,Medium,Met
704080,12040,2025,3.8,High,Met
704081,12041,2024,3.1,Medium,Exceeded
704082,12041,2025,3.9,High,Exceeded
704083,12042,2024,3.2,High,Met
704084,12042,2025,3.8,Medium,Exceeded
704085,12043,2024,3.5,Medium,Met
704086,12043,2025,3.5,Low,Met
704087,12044,2024,3.8,Medium,Partially Met
704088,12044,2025,3.1,Medium,Met
704089,12045,2024,4.1,Low,Met
704090,12045,2025,3.8,High,Met
704091,12046,2024,3.0,Low,Met
704092,12046,2025,3.8,Low,Exceeded
704093,12047,2024,3.1,Medium,Partially Met
704094,12047,2025,3.9,High,Met
704095,12048,2024,3.3,High,Partially Met
704096,12048,2025,3.8,Low,Met
704097,12049,2024,2.8,Low,Met
704098,12049,2025,4.1,Low,Met
704099,12050,2024,3.3,High,Partially Met
704100,12050,2025,4.0,Medium,Partially Met
704101,12051,2024,3.1,Medium,Exceeded
704102,12051,2025,4.9,High,Met
704103,12052,2024,4.0,Medium,Met
704104,12052,2025,2.8,Medium,Met
704105,12053,2024,3.6,Medium,Met
704106,12053,2025,3.2,Low,Met
704107,12054,2024,3.9,Medium,Partially Met
704108,12054,2025,3.4,High,Met
704109,12055,2024,3.0,Low,Met
704110,12055,2025,3.6,Medium,Met
704111,12056,2024,4.7,Medium,Met
704112,12056,2025,4.3,Medium,Met
704113,12057,2024,2.2,Low,Exceeded
704114,12057,2025,3.4,Medium,Met
704115,12058,2024,3.6,Medium,Met
704116,12058,2025,2.8,High,Met
704117,12059,2024,4.3,High,Met
704118,12059,2025,2.7,Low,Partially Met
704119,12060,2024,1.8,Medium,Met
704120,12060,2025,2.2,High,Met
704121,12061,2024,3.6,High,Exceeded
704122,12061,2025,4.9,High,Met
704123,12062,2024,4.0,Medium,Met
704124,12062,2025,3.6,Medium,Exceeded
704125,12063,2024,3.2,Medium,Exceeded
704126,12063,2025,2.9,High,Exceeded
704127,12064,2024,2.5,Low,Met
704128,12064,2025,3.6,High,Met
704129,12065,2024,4.7,High,Met
704130,12065,2025,2.7,High,Met
704131,12066,2024,3.6,Low,Partially Met
704132,12066,2025,4.0,Medium,Met
704133,12067,2024,3.3,High,Exceeded
704134,12067,2025,3.3,Low,Exceeded
704135,12068,2024,4.3,Medium,Met
704136,12068,2025,2.8,Medium,Exceeded
704137,12069,2024,4.1,Low,Met
704138,12069,2025,4.1,Low,Exceeded
704139,12070,2024,3.2,Low,Exceeded
704140,12070,2025,3.4,Low,Exceeded
704141,12071,2024,2.6,High,Partially Met
704142,12071,2025,3.7,Medium,Exceeded
704143,12072,2024,3.3,Low,Met
704144,12072,2025,4.0,Medium,Met
704145,12073,2024,3.1,Low,Partially Met
704146,12073,2025,3.6,Medium,Met
704147,12074,2024,2.6,High,Met
704148,12074,2025,3.6,High,Partially Met
704149,12075,2024,3.0,Medium,Met
704150,12075,2025,3.3,High,Partially Met
704151,12076,2024,2.2,Medium,Met
704152,12076,2025,2.4,Medium,Partially Met
704153,12077,2024,3.4,High,Met
704154,12077,2025,2.4,High,Met
704155,12078,2024,4.1,Medium,Partially Met
704156,12078,2025,4.0,Low,Met
704157,12079,2024,2.3,Low,Met
704158,12079,2025,3.5,High,Met
704159,12080,2024,4.2,Medium,Met
704160,12080,2025,2.8,Low,Met
704161,12081,2024,3.4,Medium,Met
704162,12081,2025,3.3,Medium,Met
704163,12082,2024,2.9,Medium,Partially Met
704164,12082,2025,4.1,High,Partially Met
704165,12083,2024,3.5,Medium,Partially Met
704166,12083,2025,3.8,Medium,Met
704167,12084,2024,3.7,Medium,Met
704168,12084,2025,4.2,Low,Met
704169,12085,2024,4.1,Medium,Partially Met
704170,12085,2025,3.4,Medium,Partially Met
704171,12086,2024,3.4,Medium,Met
704172,12086,2025,3.0,Low,Met
704173,12087,2024,3.8,Medium,Met
704174,12087,2025,3.3,Medium,Exceeded
704175,12088,2024,4.5,Low,Met
704176,12088,2025,4.0,Medium,Met
704177,12089,2024,3.1,Medium,Met
704178,12089,2025,4.5,Medium,Exceeded
704179,12090,2024,3.6,Medium,Met
704180,12090,2025,4.2,Medium,Met
704181,12091,2024,2.8,Medium,Partially Met
704182,12091,2025,2.5,Low,Met
704183,12092,2024,4.2,High,Exceeded
704184,12092,2025,3.2,Medium,Met
704185,12093,2024,3.6,Low,Met
704186,12093,2025,3.6,Medium,Met
704187,12094,2024,2.8,High,Exceeded
704188,12094,2025,2.8,Medium,Met
704189,12095,2024,4.3,Medium,Met
704190,12095,2025,2.7,Medium,Met
704191,12096,2024,4.0,Medium,Exceeded
704192,12096,2025,3.1,Low,Partially Met
704193,12097,2024,2.5,Medium,Partially Met
704194,12097,2025,2.9,Medium,Met
704195,12098,2024,4.6,Medium,Partially Met
704196,12098,2025,3.0,Medium,Met
704197,12099,2024,4.0,Medium,Met
704198,12099,2025,3.7,Low,Met
704199,12100,2024,3.3,Medium,Met
704200,12100,2025,4.0,Low,Exceeded
704201,12101,2024,4.1,High,Exceeded
704202,12101,2025,2.6,High,Met
704203,12102,2024,1.9,Medium,Partially Met
704204,12102,2025,2.5,High,Met
704205,12103,2024,2.8,Medium,Met
704206,12103,2025,2.6,Medium,Partially Met
704207,12104,2024,2.7,High,Met
704208,12104,2025,3.1,Medium,Partially Met
704209,12105,2024,3.2,Medium,Met
704210,12105,2025,3.7,Medium,Met
704211,12106,2024,3.3,Medium,Met
704212,12106,2025,3.7,Medium,Met
704213,12107,2024,3.3,High,Partially Met
704214,12107,2025,4.9,Low,Met
704215,12108,2024,4.8,Low,Partially Met
704216,12108,2025,4.1,Low,Met
704217,12109,2024,4.1,Medium,Exceeded
704218,12109,2025,2.8,Low,Met
704219,12110,2024,3.7,Medium,Met
704220,12110,2025,3.5,Medium,Met
704221,12111,2024,3.6,Medium,Partially Met
704222,12111,2025,4.9,High,Partially Met
704223,12112,2024,3.1,Medium,Met
704224,12112,2025,3.3,High,Exceeded
704225,12113,2024,3.4,Medium,Met
704226,12113,2025,4.1,High,Met
704227,12114,2024,3.6,Medium,Met
704228,12114,2025,5.0,Medium,Met
704229,12115,2024,3.1,High,Partially Met
704230,12115,2025,3.3,Low,Met
704231,12116,2024,3.4,Medium,Met
704232,12116,2025,3.6,Medium,Met
704233,12117,2024,3.8,Medium,Met
704234,12117,2025,2.5,Medium,Met
704235,12118,2024,2.7,Medium,Exceeded
704236,12118,2025,3.3,High,Exceeded
704237,12119,2024,3.5,Medium,Partially Met
704238,12119,2025,4.1,Medium,Met
704239,12120,2024,3.4,High,Met
704240,12120,2025,3.0,High,Met
704241,12121,2024,3.3,Medium,Exceeded
704242,12121,2025,3.4,Medium,Partially Met
704243,12122,2024,1.5,Medium,Met
704244,12122,2025,3.9,Medium,Met
704245,12123,2024,4.1,High,Exceeded
704246,12123,2025,3.4,Low,Exceeded
704247,12124,2024,3.1,Medium,Met
704248,12124,2025,3.3,Medium,Exceeded
704249,12125,2024,3.7,Medium,Met
704250,12125,2025,3.4,High,Exceeded
704251,12126,2024,3.3,Medium,Met
704252,12126,2025,3.4,High,Met
704253,12127,2024,3.4,Medium,Met
704254,12127,2025,2.9,Low,Met
704255,12128,2024,4.2,Medium,Met
704256,12128,2025,3.9,High,Met
704257,12129,2024,3.2,High,Exceeded
704258,12129,2025,3.2,Low,Met
704259,12130,2024,3.3,Medium,Partially Met
704260,12130,2025,3.3,Low,Exceeded
704261,12131,2024,3.0,Medium,Exceeded
704262,12131,2025,3.8,High,Met
704263,12132,2024,4.3,High,Met
704264,12132,2025,3.7,Medium,Met
704265,12133,2024,3.5,Medium,Met
704266,12133,2025,2.0,Medium,Met
704267,12134,2024,2.8,High,Exceeded
704268,12134,2025,3.9,Medium,Exceeded
704269,12135,2024,3.8,Low,Met
704270,12135,2025,3.5,Medium,Met
704271,12136,2024,3.8,Medium,Met
704272,12136,2025,4.7,Medium,Met
704273,12137,2024,3.4,High,Partially Met
704274,12137,2025,3.8,Medium,Met
704275,12138,2024,2.8,Medium,Partially Met
704276,12138,2025,3.0,Low,Met
704277,12139,2024,3.4,Medium,Met
704278,12139,2025,3.1,Medium,Exceeded
704279,12140,2024,3.4,Low,Exceeded
704280,12140,2025,3.6,Medium,Met
704281,12141,2024,3.6,Medium,Met
704282,12141,2025,4.1,Medium,Met
704283,12142,2024,3.1,High,Met
704284,12142,2025,2.7,Medium,Partially Met
704285,12143,2024,2.9,Medium,Exceeded
704286,12143,2025,4.1,Low,Partially Met
704287,12144,2024,3.5,High,Met
704288,12144,2025,3.5,High,Met
704289,12145,2024,3.9,Medium,Met
704290,12145,2025,2.5,Low,Met
704291,12146,2024,2.9,Medium,Met
704292,12146,2025,3.3,Medium,Partially Met
704293,12147,2024,3.8,Low,Partially Met
704294,12147,2025,3.8,High,Met
704295,12148,2024,3.4,Low,Met
704296,12148,2025,3.5,Medium,Met
704297,12149,2024,3.5,Medium,Partially Met
704298,12149,2025,2.4,Medium,Met
704299,12150,2024,3.4,Medium,Met
704300,12150,2025,4.9,High,Met
704301,12151,2024,3.8,High,Exceeded
704302,12151,2025,3.6,Medium,Partially Met
704303,12152,2024,2.3,High,Partially Met
704304,12152,2025,3.1,Medium,Met
704305,12153,2024,3.7,Low,Met
704306,12153,2025,3.9,Low,Met
704307,12154,2024,3.1,Medium,Met
704308,12154,2025,3.3,High,Met
704309,12155,2024,3.4,High,Partially Met
704310,12155,2025,3.5,Low,Met
704311,12156,2024,4.7,High,Exceeded
704312,12156,2025,3.5,High,Met
704313,12157,2024,3.7,Medium,Met
704314,12157,2025,4.5,High,Partially Met
704315,12158,2024,2.0,Medium,Met
704316,12158,2025,2.7,High,Exceeded
704317,12159,2024,4.4,Medium,Met
704318,12159,2025,3.2,Low,Partially Met
704319,12160,2024,3.3,Medium,Partially Met
704320,12160,2025,2.9,Medium,Met
704321,12161,2024,3.5,High,Met
704322,12161,2025,4.0,Low,Met
704323,12162,2024,3.9,Low,Exceeded
704324,12162,2025,3.2,High,Met
704325,12163,2024,3.9,Medium,Met
704326,12163,2025,3.5,High,Met
704327,12164,2024,3.8,Medium,Met
704328,12164,2025,4.6,Low,Met
704329,12165,2024,4.6,Medium,Partially Met
704330,12165,2025,4.4,Medium,Exceeded
704331,12166,2024,3.5,High,Met
704332,12166,2025,4.0,Medium,Met
704333,12167,2024,3.5,High,Partially Met
704334,12167,2025,4.3,High,Exceeded
704335,12168,2024,2.8,High,Partially Met
704336,12168,2025,3.6,Medium,Partially Met
704337,12169,2024,3.9,Medium,Met
704338,12169,2025,4.1,High,Exceeded
704339,12170,2024,3.1,High,Exceeded
704340,12170,2025,4.2,Medium,Partially Met
704341,12171,2024,3.1,High,Met
704342,12171,2025,5.0,Medium,Met
704343,12172,2024,2.4,High,Met
704344,12172,2025,3.4,Medium,Exceeded
704345,12173,2024,3.4,Medium,Exceeded
704346,12173,2025,2.6,High,Met
704347,12174,2024,3.0,Medium,Met
704348,12174,2025,3.6,Low,Met
704349,12175,2024,4.6,Medium,Exceeded
704350,12175,2025,3.0,Medium,Met
704351,12176,2024,2.9,Low,Partially Met
704352,12176,2025,3.9,Medium,Met
704353,12177,2024,2.5,Medium,Partially Met
704354,12177,2025,3.3,Medium,Met
704355,12178,2024,3.2,Low,Met
704356,12178,2025,3.2,Medium,Met
704357,12179,2024,4.0,Medium,Met
704358,12179,2025,3.5,Medium,Met
704359,12180,2024,3.5,Medium,Partially Met
704360,12180,2025,3.4,High,Exceeded
704361,12181,2024,2.0,Low,Met
704362,12181,2025,3.2,Low,Exceeded
704363,12182,2024,2.4,High,Met
704364,12182,2025,3.2,High,Partially Met
704365,12183,2024,3.8,Low,Met
704366,12183,2025,4.4,Medium,Met
704367,12184,2024,2.9,Low,Exceeded
704368,12184,2025,3.2,High,Met
704369,12185,2024,3.1,Low,Met
704370,12185,2025,3.3,Low,Met
704371,12186,2024,3.1,Medium,Met
704372,12186,2025,3.6,High,Met
704373,12187,2024,4.6,Low,Partially Met
704374,12187,2025,4.3,Medium,Met
704375,12188,2024,2.3,High,Partially Met
704376,12188,2025,3.8,Medium,Met
704377,12189,2024,3.0,Medium,Partially Met
704378,12189,2025,3.0,Medium,Met
704379,12190,2024,2.9,High,Met
704380,12190,2025,2.7,Low,Met
704381,12191,2024,3.6,Medium,Partially Met
704382,12191,2025,3.3,High,Met
704383,12192,2024,3.0,High,Met
704384,12192,2025,3.9,High,Partially Met
704385,12193,2024,3.7,Medium,Met
704386,12193,2025,3.3,High,Met
704387,12194,2024,3.5,Low,Met
704388,12194,2025,3.3,Medium,Met
704389,12195,2024,3.4,Medium,Partially Met
704390,12195,2025,4.1,Medium,Met
704391,12196,2024,4.5,Medium,Met
704392,12196,2025,3.7,Medium,Exceeded
704393,12197,2024,3.6,Low,Met
704394,12197,2025,3.6,Medium,Met
704395,12198,2024,4.8,Medium,Met
704396,12198,2025,3.3,Medium,Partially Met
704397,12199,2024,2.7,Medium,Partially Met
704398,12199,2025,4.1,Low,Partially Met
704399,12200,2024,3.3,Medium,Met
704400,12200,2025,3.1,High,Met
704401,12201,2024,4.0,High,Partially Met
704402,12201,2025,4.1,Medium,Partially Met
704403,12202,2024,4.3,Low,Met
704404,12202,2025,4.1,Medium,Met
704405,12203,2024,1.7,Medium,Met
704406,12203,2025,1.7,Medium,Exceeded
704407,12204,2024,2.4,Medium,Met
704408,12204,2025,2.5,Low,Exceeded
704409,12205,2024,4.0,Medium,Met
704410,12205,2025,3.0,Medium,Met
704411,12206,2024,2.8,Medium,Met
704412,12206,2025,4.2,Medium,Met
704413,12207,2024,3.7,Low,Partially Met
704414,12207,2025,3.0,Medium,Exceeded
704415,12208,2024,3.3,Medium,Met
704416,12208,2025,4.2,Medium,Met
704417,12209,2024,2.2,Medium,Exceeded
704418,12209,2025,4.9,High,Partially Met
704419,12210,2024,3.3,High,Met
704420,12210,2025,4.3,High,Met
704421,12211,2024,4.0,Medium,Met
704422,12211,2025,4.3,High,Exceeded
704423,12212,2024,3.1,Medium,Met
704424,12212,2025,2.9,Medium,Met
704425,12213,2024,2.3,High,Met
704426,12213,2025,3.4,Medium,Exceeded
704427,12214,2024,3.3,Medium,Met
704428,12214,2025,4.1,High,Exceeded
704429,12215,2024,3.0,Medium,Met
704430,12215,2025,3.6,Medium,Met
704431,12216,2024,3.6,Low,Met
704432,12216,2025,3.5,Medium,Exceeded
704433,12217,2024,4.0,Medium,Exceeded
704434,12217,2025,3.1,High,Met
704435,12218,2024,4.5,Medium,Met
704436,12218,2025,3.1,Low,Met
704437,12219,2024,3.3,Medium,Met
704438,12219,2025,3.9,High,Met
704439,12220,2024,3.0,Medium,Met
704440,12220,2025,4.0,Low,Partially Met
704441,12221,2024,3.6,Medium,Exceeded
704442,12221,2025,3.9,Medium,Exceeded
704443,12222,2024,2.9,Medium,Exceeded
704444,12222,2025,3.3,Low,Met
704445,12223,2024,2.3,Low,Exceeded
704446,12223,2025,4.7,Low,Met
704447,12224,2024,3.6,High,Met
704448,12224,2025,3.9,Medium,Met
704449,12225,2024,3.2,High,Partially Met
704450,12225,2025,3.5,Medium,Met
704451,12226,2024,4.5,Medium,Met
704452,12226,2025,3.0,Medium,Met
704453,12227,2024,3.1,High,Partially Met
704454,12227,2025,3.7,Medium,Partially Met
704455,12228,2024,2.4,Medium,Met
704456,12228,2025,3.7,Medium,Met
704457,12229,2024,4.0,Medium,Met
704458,12229,2025,2.8,Medium,Met
704459,12230,2024,3.8,Medium,Met
704460,12230,2025,2.8,Medium,Met
704461,12231,2024,2.7,Medium,Partially Met
704462,12231,2025,3.6,High,Met
704463,12232,2024,3.5,Medium,Met
704464,12232,2025,3.7,High,Met
704465,12233,2024,2.4,Medium,Exceeded
704466,12233,2025,3.6,Medium,Met
704467,12234,2024,3.0,Low,Partially Met
704468,12234,2025,4.3,Medium,Met
704469,12235,2024,3.0,High,Met
704470,12235,2025,3.0,High,Partially Met
704471,12236,2024,2.5,Low,Exceeded
704472,12236,2025,3.1,High,Partially Met
704473,12237,2024,3.9,Medium,Met
704474,12237,2025,3.9,Medium,Met
704475,12238,2024,3.0,Medium,Met
704476,12238,2025,3.7,Medium,Met
704477,12239,2024,3.0,High,Met
704478,12239,2025,3.5,High,Met
704479,12240,2024,4.0,Low,Met
704480,12240,2025,3.0,Medium,Partially Met
704481,12241,2024,2.1,Medium,Met
704482,12241,2025,3.0,Medium,Met
704483,12242,2024,3.9,Medium,Met
704484,12242,2025,3.1,High,Met
704485,12243,2024,2.2,Medium,Met
704486,12243,2025,4.2,Medium,Exceeded
704487,12244,2024,4.5,Medium,Met
704488,12244,2025,4.6,Low,Exceeded
704489,12245,2024,3.3,Low,Partially Met
704490,12245,2025,4.2,Medium,Met
704491,12246,2024,4.6,Medium,Met
704492,12246,2025,2.5,Low,Met
704493,12247,2024,3.4,Low,Exceeded
704494,12247,2025,3.7,Medium,Exceeded
704495,12248,2024,3.8,Medium,Partially Met
704496,12248,2025,2.6,Medium,Exceeded
704497,12249,2024,3.7,Medium,Met
704498,12249,2025,2.9,Medium,Partially Met
704499,12250,2024,3.9,Medium,Exceeded
704500,12250,2025,4.2,Low,Exceeded
704501,12251,2024,4.3,Medium,Met
704502,12251,2025,4.2,Low,Met
704503,12252,2024,3.7,Medium,Met
704504,12252,2025,2.4,Medium,Met
704505,12253,2024,3.8,Low,Met
704506,12253,2025,2.4,Medium,Met
704507,12254,2024,4.3,Medium,Met
704508,12254,2025,3.1,Medium,Met
704509,12255,2024,4.3,Medium,Exceeded
704510,12255,2025,1.9,Medium,Met
704511,12256,2024,3.4,Low,Exceeded
704512,12256,2025,3.9,Medium,Met
704513,12257,2024,3.0,High,Exceeded
704514,12257,2025,2.6,High,Met
704515,12258,2024,3.6,Low,Partially Met
704516,12258,2025,3.8,Low,Met
704517,12259,2024,3.5,Medium,Met
704518,12259,2025,3.4,Medium,Met
704519,12260,2024,3.4,Medium,Met
704520,12260,2025,3.8,Medium,Partially Met
704521,12261,2024,3.4,Medium,Exceeded
704522,12261,2025,3.2,High,Met
704523,12262,2024,3.0,Medium,Met
704524,12262,2025,2.7,High,Met
704525,12263,2024,3.3,Medium,Exceeded
704526,12263,2025,4.3,High,Met
704527,12264,2024,3.1,Medium,Partially Met
704528,12264,2025,3.4,Medium,Exceeded
704529,12265,2024,3.2,Low,Partially Met
704530,12265,2025,3.7,Medium,Met
704531,12266,2024,3.4,Medium,Met
704532,12266,2025,3.9,Medium,Met
704533,12267,2024,3.5,Low,Met
704534,12267,2025,5.0,Medium,Met
704535,12268,2024,3.9,Low,Met
704536,12268,2025,4.3,Low,Exceeded
704537,12269,2024,3.7,Medium,Exceeded
704538,12269,2025,3.6,Low,Exceeded
704539,12270,2024,3.0,Low,Partially Met
704540,12270,2025,3.8,Medium,Met
704541,12271,2024,3.9,Medium,Met
704542,12271,2025,3.2,High,Met
704543,12272,2024,3.0,Medium,Met
704544,12272,2025,3.0,High,Exceeded
704545,12273,2024,4.0,Medium,Exceeded
704546,12273,2025,1.8,Low,Exceeded
704547,12274,2024,2.5,Low,Met
704548,12274,2025,4.6,High,Exceeded
704549,12275,2024,3.2,High,Partially Met
704550,12275,2025,3.5,Low,Met
704551,12276,2024,4.5,High,Met
704552,12276,2025,1.9,Medium,Exceeded
704553,12277,2024,4.2,High,Met
704554,12277,2025,3.7,High,Exceeded
704555,12278,2024,3.7,Medium,Met
704556,12278,2025,2.6,High,Met
704557,12279,2024,2.9,High,Met
704558,12279,2025,1.9,High,Met
704559,12280,2024,2.0,Medium,Met
704560,12280,2025,3.8,Medium,Met
704561,12281,2024,4.0,Medium,Met
704562,12281,2025,3.3,Medium,Met
704563,12282,2024,3.9,Medium,Met
704564,12282,2025,2.6,High,Met
704565,12283,2024,3.1,Medium,Met
704566,12283,2025,4.0,Medium,Met
704567,12284,2024,3.8,High,Met
704568,12284,2025,4.0,Low,Partially Met
704569,12285,2024,3.9,Medium,Exceeded
704570,12285,2025,2.6,Low,Met
704571,12286,2024,2.4,Low,Met
704572,12286,2025,4.1,High,Met
704573,12287,2024,3.3,Low,Met
704574,12287,2025,2.3,High,Exceeded
704575,12288,2024,3.9,High,Met
704576,12288,2025,3.6,Low,Met
704577,12289,2024,4.0,High,Met
704578,12289,2025,3.9,Medium,Met
704579,12290,2024,3.1,Medium,Exceeded
704580,12290,2025,3.3,Low,Met
704581,12291,2024,3.4,Medium,Partially Met
704582,12291,2025,3.9,Medium,Met
704583,12292,2024,3.1,Medium,Exceeded
704584,12292,2025,4.5,Low,Met
704585,12293,2024,4.0,High,Partially Met
704586,12293,2025,2.4,High,Met
704587,12294,2024,3.5,High,Met
704588,12294,2025,4.5,Low,Exceeded
704589,12295,2024,2.0,Low,Met
704590,12295,2025,3.9,Medium,Exceeded
704591,12296,2024,4.0,Medium,Met
704592,12296,2025,2.6,Medium,Exceeded
704593,12297,2024,3.3,High,Met
704594,12297,2025,3.6,Medium,Met
704595,12298,2024,3.7,Medium,Met
704596,12298,2025,3.4,Medium,Met
704597,12299,2024,4.1,Low,Met
704598,12299,2025,2.7,Medium,Partially Met
704599,12300,2024,4.3,Medium,Met
704600,12300,2025,3.4,Medium,Partially Met
704601,12301,2024,4.5,Low,Met
704602,12301,2025,4.0,High,Met
704603,12302,2024,3.2,Low,Met
704604,12302,2025,4.0,Medium,Met
704605,12303,2024,2.5,High,Partially Met
704606,12303,2025,3.5,Medium,Met
704607,12304,2024,2.3,High,Met
704608,12304,2025,3.4,Medium,Met
704609,12305,2024,3.7,High,Met
704610,12305,2025,4.1,Low,Met
704611,12306,2024,3.0,Medium,Met
704612,12306,2025,4.0,Medium,Met
704613,12307,2024,4.0,Medium,Met
704614,12307,2025,2.3,Medium,Met
704615,12308,2024,3.0,Low,Met
704616,12308,2025,2.7,Low,Partially Met
704617,12309,2024,3.5,Low,Met
704618,12309,2025,4.8,Medium,Met
704619,12310,2024,2.7,Medium,Met
704620,12310,2025,3.4,Low,Partially Met
704621,12311,2024,3.1,Medium,Met
704622,12311,2025,4.0,Low,Met
704623,12312,2024,3.0,High,Met
704624,12312,2025,2.7,Low,Met
704625,12313,2024,4.0,High,Met
704626,12313,2025,3.7,High,Exceeded
704627,12314,2024,3.6,Medium,Exceeded
704628,12314,2025,3.3,Medium,Met
704629,12315,2024,4.5,High,Met
704630,12315,2025,4.3,Medium,Exceeded
704631,12316,2024,3.0,High,Partially Met
704632,12316,2025,2.6,Low,Partially Met
704633,12317,2024,3.9,Low,Met
704634,12317,2025,2.9,Medium,Met
704635,12318,2024,4.0,High,Exceeded
704636,12318,2025,3.2,Medium,Exceeded
704637,12319,2024,4.1,Medium,Partially Met
704638,12319,2025,3.1,Medium,Met
704639,12320,2024,3.4,Medium,Met
704640,12320,2025,3.6,Medium,Met
704641,12321,2024,3.5,Medium,Exceeded
704642,12321,2025,3.1,High,Met
704643,12322,2024,2.8,Medium,Met
704644,12322,2025,4.2,Medium,Met
704645,12323,2024,4.2,High,Met
704646,12323,2025,3.7,Medium,Met
704647,12324,2024,3.0,Medium,Exceeded
704648,12324,2025,3.7,Medium,Met
704649,12325,2024,4.0,Low,Met
704650,12325,2025,3.6,Medium,Partially Met
704651,12326,2024,2.0,Medium,Exceeded
704652,12326,2025,3.5,High,Met
704653,12327,2024,4.1,Medium,Met
704654,12327,2025,2.8,Low,Met
704655,12328,2024,3.7,Medium,Partially Met
704656,12328,2025,3.1,Medium,Exceeded
704657,12329,2024,2.0,High,Met
704658,12329,2025,3.9,High,Exceeded
704659,12330,2024,3.3,Medium,Met
704660,12330,2025,4.1,High,Exceeded
704661,12331,2024,3.9,Low,Exceeded
704662,12331,2025,3.0,Medium,Met
704663,12332,2024,3.4,Medium,Exceeded
704664,12332,2025,2.6,Medium,Met
704665,12333,2024,3.9,Low,Met
704666,12333,2025,2.9,Medium,Met
704667,12334,2024,3.6,Low,Partially Met
704668,12334,2025,3.9,Medium,Met
704669,12335,2024,2.5,High,Met
704670,12335,2025,3.4,Medium,Exceeded
704671,12336,2024,2.9,Low,Met
704672,12336,2025,3.8,Medium,Exceeded
704673,12337,2024,4.1,Medium,Met
704674,12337,2025,3.6,Medium,Met
704675,12338,2024,3.9,Medium,Met
704676,12338,2025,3.9,Medium,Met
704677,12339,2024,4.2,Medium,Partially Met
704678,12339,2025,3.4,Low,Met
704679,12340,2024,3.1,High,Met
704680,12340,2025,2.6,Low,Partially Met
704681,12341,2024,3.4,Low,Met
704682,12341,2025,1.9,Low,Partially Met
704683,12342,2024,2.7,High,Exceeded
704684,12342,2025,3.6,High,Exceeded
704685,12343,2024,4.0,High,Met
704686,12343,2025,4.3,Medium,Met
704687,12344,2024,3.3,High,Met
704688,12344,2025,3.8,Medium,Partially Met
704689,12345,2024,4.5,High,Exceeded
704690,12345,2025,3.7,High,Met
704691,12346,2024,3.5,High,Met
704692,12346,2025,3.4,Medium,Met
704693,12347,2024,4.5,High,Partially Met
704694,12347,2025,4.4,Low,Met
704695,12348,2024,2.2,Medium,Exceeded
704696,12348,2025,2.7,Medium,Met
704697,12349,2024,3.8,Medium,Met
704698,12349,2025,3.9,Low,Exceeded
704699,12350,2024,3.6,Low,Partially Met
704700,12350,2025,3.6,Medium,Met
704701,12351,2024,2.6,Medium,Met
704702,12351,2025,3.4,High,Met
704703,12352,2024,3.3,Medium,Met
704704,12352,2025,4.5,High,Exceeded
704705,12353,2024,2.9,Medium,Met
704706,12353,2025,3.7,Medium,Exceeded
704707,12354,2024,2.7,High,Met
704708,12354,2025,3.8,Low,Exceeded
704709,12355,2024,2.9,Medium,Exceeded
704710,12355,2025,2.9,Medium,Exceeded
704711,12356,2024,3.9,Medium,Partially Met
704712,12356,2025,4.6,Medium,Exceeded
704713,12357,2024,3.1,Medium,Met
704714,12357,2025,3.7,High,Met
704715,12358,2024,3.7,Medium,Exceeded
704716,12358,2025,2.8,Low,Exceeded
704717,12359,2024,4.2,High,Partially Met
704718,12359,2025,4.1,Medium,Met
704719,12360,2024,3.5,Medium,Exceeded
704720,12360,2025,2.4,Low,Partially Met
704721,12361,2024,3.2,Medium,Met
704722,12361,2025,4.0,Medium,Partially Met
704723,12362,2024,3.4,High,Partially Met
704724,12362,2025,2.8,Low,Exceeded
704725,12363,2024,2.7,Medium,Exceeded
704726,12363,2025,2.8,Medium,Exceeded
704727,12364,2024,3.9,Low,Met
704728,12364,2025,2.5,Medium,Exceeded
704729,12365,2024,3.5,High,Partially Met
704730,12365,2025,3.4,High,Met
704731,12366,2024,4.2,Medium,Met
704732,12366,2025,2.8,High,Exceeded
704733,12367,2024,3.7,Medium,Exceeded
704734,12367,2025,3.3,Low,Met
704735,12368,2024,3.8,Medium,Met
704736,12368,2025,3.8,High,Partially Met
704737,12369,2024,2.7,Medium,Exceeded
704738,12369,2025,3.3,Medium,Exceeded
704739,12370,2024,4.9,Medium,Met
704740,12370,2025,3.6,Medium,Exceeded
704741,12371,2024,3.7,High,Met
704742,12371,2025,3.4,Medium,Met
704743,12372,2024,3.8,Medium,Met
704744,12372,2025,3.5,Medium,Exceeded
704745,12373,2024,3.3,Medium,Met
704746,12373,2025,3.5,High,Met
704747,12374,2024,3.2,Medium,Met
704748,12374,2025,1.8,High,Partially Met
704749,12375,2024,3.0,Medium,Met
704750,12375,2025,4.0,Medium,Exceeded
704751,12376,2024,2.7,Medium,Exceeded
704752,12376,2025,3.0,Medium,Met
704753,12377,2024,4.5,Medium,Met
704754,12377,2025,2.7,Medium,Exceeded
704755,12378,2024,2.5,Low,Exceeded
704756,12378,2025,3.2,Low,Met
704757,12379,2024,4.3,Medium,Met
704758,12379,2025,3.6,Low,Met
704759,12380,2024,2.7,Medium,Met
704760,12380,2025,4.0,Medium,Met
704761,12381,2024,3.6,Low,Exceeded
704762,12381,2025,3.0,High,Met
704763,12382,2024,3.6,Medium,Met
704764,12382,2025,2.7,High,Met
704765,12383,2024,3.6,Low,Exceeded
704766,12383,2025,3.3,Low,Exceeded
704767,12384,2024,3.9,Medium,Met
704768,12384,2025,2.7,Medium,Met
704769,12385,2024,4.1,Medium,Partially Met
704770,12385,2025,3.3,Medium,Exceeded
704771,12386,2024,3.4,High,Exceeded
704772,12386,2025,2.3,Medium,Exceeded
704773,12387,2024,3.1,Medium,Partially Met
704774,12387,2025,4.7,Medium,Partially Met
704775,12388,2024,3.9,Medium,Partially Met
704776,12388,2025,3.4,Medium,Met
704777,12389,2024,2.0,Medium,Met
704778,12389,2025,3.1,Medium,Met
704779,12390,2024,3.5,Medium,Exceeded
704780,12390,2025,3.0,Low,Met
704781,12391,2024,3.6,High,Exceeded
704782,12391,2025,3.1,High,Met
704783,12392,2024,4.7,High,Partially Met
704784,12392,2025,2.9,Medium,Met
704785,12393,2024,4.2,Low,Exceeded
704786,12393,2025,4.7,Medium,Met
704787,12394,2024,3.5,Low,Met
704788,12394,2025,2.9,Medium,Met
704789,12395,2024,3.9,High,Met
704790,12395,2025,3.5,Medium,Exceeded
704791,12396,2024,4.1,Medium,Met
704792,12396,2025,2.9,Low,Exceeded
704793,12397,2024,2.7,Medium,Met
704794,12397,2025,4.4,High,Met
704795,12398,2024,3.2,Medium,Partially Met
704796,12398,2025,2.9,High,Met
704797,12399,2024,3.5,Medium,Exceeded
704798,12399,2025,2.9,Medium,Exceeded
704799,12400,2024,4.1,Medium,Met
704800,12400,2025,3.0,High,Exceeded
704801,12401,2024,2.9,Low,Met
704802,12401,2025,3.6,Low,Met
704803,12402,2024,3.0,High,Met
704804,12402,2025,3.2,Medium,Met
704805,12403,2024,3.3,Medium,Partially Met
704806,12403,2025,2.9,High,Exceeded
704807,12404,2024,3.4,Medium,Met
704808,12404,2025,2.7,Low,Partially Met
704809,12405,2024,3.5,Low,Met
704810,12405,2025,3.5,Medium,Met
704811,12406,2024,4.6,Low,Met
704812,12406,2025,3.9,Low,Met
704813,12407,2024,3.3,Medium,Met
704814,12407,2025,3.1,Low,Partially Met
704815,12408,2024,2.5,Medium,Met
704816,12408,2025,2.4,Low,Exceeded
704817,12409,2024,3.7,Low,Exceeded
704818,12409,2025,3.4,Medium,Met
704819,12410,2024,3.5,Medium,Met
704820,12410,2025,4.0,Medium,Partially Met
704821,12411,2024,2.9,Medium,Partially Met
704822,12411,2025,3.2,Medium,Met
704823,12412,2024,4.3,Medium,Partially Met
704824,12412,2025,3.9,Medium,Met
704825,12413,2024,4.0,Medium,Met
704826,12413,2025,3.9,Low,Met
704827,12414,2024,3.8,Low,Met
704828,12414,2025,3.4,Medium,Partially Met
704829,12415,2024,2.5,Medium,Exceeded
704830,12415,2025,4.7,Medium,Met
704831,12416,2024,3.5,Low,Met
704832,12416,2025,4.0,High,Partially Met
704833,12417,2024,2.7,Medium,Met
704834,12417,2025,4.1,Medium,Exceeded
704835,12418,2024,3.5,High,Exceeded
704836,12418,2025,2.5,Low,Met
704837,12419,2024,3.3,Low,Met
704838,12419,2025,4.7,High,Exceeded
704839,12420,2024,4.8,Medium,Met
704840,12420,2025,3.6,Medium,Met
704841,12421,2024,3.1,High,Exceeded
704842,12421,2025,2.8,Medium,Met
704843,12422,2024,3.5,Medium,Exceeded
704844,12422,2025,2.6,Medium,Exceeded
704845,12423,2024,3.2,Low,Exceeded
704846,12423,2025,4.8,Low,Met
704847,12424,2024,3.6,Medium,Partially Met
704848,12424,2025,3.6,High,Met
704849,12425,2024,4.1,Medium,Met
704850,12425,2025,3.1,Medium,Partially Met
704851,12426,2024,2.5,Low,Met
704852,12426,2025,3.4,Medium,Met
704853,12427,2024,3.6,Medium,Exceeded
704854,12427,2025,4.6,Medium,Met
704855,12428,2024,3.9,Medium,Met
704856,12428,2025,3.4,Medium,Met
704857,12429,2024,3.4,Medium,Met
704858,12429,2025,3.8,High,Met
704859,12430,2024,3.5,Medium,Exceeded
704860,12430,2025,4.1,Low,Met
704861,12431,2024,3.6,Medium,Met
704862,12431,2025,3.4,Medium,Exceeded
704863,12432,2024,4.0,High,Met
704864,12432,2025,3.1,Low,Met
704865,12433,2024,3.8,Medium,Met
704866,12433,2025,3.3,Medium,Met
704867,12434,2024,3.7,High,Exceeded
704868,12434,2025,4.6,High,Met
704869,12435,2024,4.1,High,Met
704870,12435,2025,3.5,High,Exceeded
704871,12436,2024,2.4,Low,Partially Met
704872,12436,2025,3.3,Medium,Met
704873,12437,2024,3.9,Medium,Met
704874,12437,2025,2.0,High,Met
704875,12438,2024,3.2,High,Met
704876,12438,2025,4.0,Medium,Partially Met
704877,12439,2024,4.2,Medium,Met
704878,12439,2025,3.6,Medium,Partially Met
704879,12440,2024,4.5,Medium,Met
704880,12440,2025,3.4,Low,Partially Met
704881,12441,2024,3.3,Medium,Met
704882,12441,2025,3.1,Medium,Exceeded
704883,12442,2024,2.4,Low,Met
704884,12442,2025,3.4,Medium,Met
704885,12443,2024,3.3,High,Met
704886,12443,2025,2.6,Low,Met
704887,12444,2024,3.5,High,Met
704888,12444,2025,2.9,Medium,Partially Met
704889,12445,2024,3.8,Low,Partially Met
704890,12445,2025,2.0,Medium,Met
704891,12446,2024,3.6,Medium,Met
704892,12446,2025,2.8,High,Exceeded
704893,12447,2024,3.6,High,Met
704894,12447,2025,3.8,Medium,Met
704895,12448,2024,2.8,Low,Met
704896,12448,2025,4.1,High,Met
704897,12449,2024,2.8,Medium,Met
704898,12449,2025,2.6,Medium,Met
704899,12450,2024,3.0,High,Met
704900,12450,2025,3.1,Low,Met
704901,12451,2024,4.0,High,Met
704902,12451,2025,2.7,Medium,Met
704903,12452,2024,3.1,Medium,Partially Met
704904,12452,2025,3.4,High,Partially Met
704905,12453,2024,3.8,High,Exceeded
704906,12453,2025,2.5,High,Exceeded
704907,12454,2024,3.1,Low,Partially Met
704908,12454,2025,3.3,Low,Met
704909,12455,2024,3.5,Low,Met
704910,12455,2025,3.2,Medium,Met
704911,12456,2024,3.4,Medium,Met
704912,12456,2025,2.7,Medium,Partially Met
704913,12457,2024,4.4,Medium,Met
704914,12457,2025,3.6,Low,Met
704915,12458,2024,3.1,Medium,Met
704916,12458,2025,3.8,High,Partially Met
704917,12459,2024,4.7,High,Met
704918,12459,2025,3.7,High,Met
704919,12460,2024,3.8,Medium,Exceeded
704920,12460,2025,3.5,High,Met
704921,12461,2024,3.0,Medium,Met
704922,12461,2025,3.2,High,Met
704923,12462,2024,3.4,High,Partially Met
704924,12462,2025,2.6,Medium,Met
704925,12463,2024,3.2,Medium,Met
704926,12463,2025,3.2,Medium,Met
704927,12464,2024,2.4,High,Met
704928,12464,2025,3.6,Low,Met
704929,12465,2024,2.9,Low,Exceeded
704930,12465,2025,2.7,High,Met
704931,12466,2024,3.0,High,Partially Met
704932,12466,2025,3.3,Medium,Exceeded
704933,12467,2024,3.0,Low,Met
704934,12467,2025,3.5,Medium,Partially Met
704935,12468,2024,3.0,High,Met
704936,12468,2025,3.9,Medium,Met
704937,12469,2024,2.6,High,Met
704938,12469,2025,3.9,Medium,Met
704939,12470,2024,3.3,Medium,Exceeded
704940,12470,2025,4.1,High,Met
704941,12471,2024,2.3,Medium,Exceeded
704942,12471,2025,2.9,Medium,Partially Met
704943,12472,2024,4.0,High,Met
704944,12472,2025,4.6,Medium,Met
704945,12473,2024,3.7,High,Partially Met
704946,12473,2025,3.4,Low,Met
704947,12474,2024,2.4,Medium,Met
704948,12474,2025,4.0,Medium,Met
704949,12475,2024,4.1,Medium,Met
704950,12475,2025,3.9,High,Exceeded
704951,12476,2024,3.2,Medium,Partially Met
704952,12476,2025,3.7,Medium,Exceeded
704953,12477,2024,4.0,Medium,Met
704954,12477,2025,3.4,High,Partially Met
704955,12478,2024,3.4,Medium,Met
704956,12478,2025,2.3,Low,Met
704957,12479,2024,3.4,Low,Met
704958,12479,2025,3.6,Medium,Met
704959,12480,2024,4.7,Low,Met
704960,12480,2025,3.4,High,Met
704961,12481,2024,3.3,Low,Exceeded
704962,12481,2025,4.0,Medium,Met
704963,12482,2024,3.8,Medium,Exceeded
704964,12482,2025,2.4,Medium,Partially Met
704965,12483,2024,3.0,Medium,Exceeded
704966,12483,2025,3.1,Medium,Partially Met
704967,12484,2024,3.7,Low,Met
704968,12484,2025,3.9,Medium,Met
704969,12485,2024,2.7,Medium,Exceeded
704970,12485,2025,3.8,High,Met
704971,12486,2024,3.9,High,Met
704972,12486,2025,3.3,Medium,Met
704973,12487,2024,3.7,High,Met
704974,12487,2025,2.2,Medium,Met
704975,12488,2024,3.8,Medium,Partially Met
704976,12488,2025,3.8,Low,Met
704977,12489,2024,3.6,Medium,Exceeded
704978,12489,2025,3.8,Medium,Partially Met
704979,12490,2024,3.0,Medium,Met
704980,12490,2025,2.7,Medium,Met
704981,12491,2024,1.8,Medium,Met
704982,12491,2025,3.5,Medium,Met
704983,12492,2024,4.0,High,Partially Met
704984,12492,2025,3.7,High,Exceeded
704985,12493,2024,2.5,High,Met
704986,12493,2025,3.9,Low,Met
704987,12494,2024,3.6,Medium,Exceeded
704988,12494,2025,4.1,Medium,Exceeded
704989,12495,2024,3.9,Medium,Met
704990,12495,2025,3.5,High,Exceeded
704991,12496,2024,3.8,Medium,Met
704992,12496,2025,3.1,Low,Met
704993,12497,2024,3.1,Medium,Met
704994,12497,2025,4.0,Medium,Exceeded
704995,12498,2024,3.5,High,Partially Met
704996,12498,2025,2.7,Low,Partially Met
704997,12499,2024,3.6,High,Partially Met
704998,12499,2025,3.3,Medium,Met
704999,12500,2024,3.4,High,Met
705000,12500,2025,4.5,High,Met
705001,12501,2024,3.0,Medium,Met
705002,12501,2025,3.5,Medium,Partially Met
705003,12502,2024,4.0,High,Partially Met
705004,12502,2025,3.3,Medium,Met
705005,12503,2024,3.5,Medium,Met
705006,12503,2025,2.9,Low,Met
705007,12504,2024,2.5,Medium,Met
705008,12504,2025,2.2,Low,Met
705009,12505,2024,4.1,Medium,Exceeded
705010,12505,2025,4.0,Low,Met
705011,12506,2024,4.0,Low,Met
705012,12506,2025,3.4,Medium,Partially Met
705013,12507,2024,4.3,High,Met
705014,12507,2025,2.4,Medium,Met
705015,12508,2024,2.3,Medium,Partially Met
705016,12508,2025,3.6,Medium,Met
705017,12509,2024,4.0,Low,Exceeded
705018,12509,2025,3.9,High,Exceeded
705019,12510,2024,3.6,Medium,Met
705020,12510,2025,3.4,High,Met
705021,12511,2024,2.2,Medium,Met
705022,12511,2025,2.9,Medium,Partially Met
705023,12512,2024,2.1,High,Met
705024,12512,2025,3.2,High,Met
705025,12513,2024,4.1,Medium,Met
705026,12513,2025,3.5,Medium,Met
705027,12514,2024,2.9,High,Met
705028,12514,2025,3.5,Low,Met
705029,12515,2024,4.1,Medium,Met
705030,12515,2025,2.7,Low,Met
705031,12516,2024,3.3,Medium,Met
705032,12516,2025,4.1,High,Partially Met
705033,12517,2024,3.4,Medium,Exceeded
705034,12517,2025,2.9,Low,Exceeded
705035,12518,2024,2.8,Medium,Met
705036,12518,2025,3.0,High,Met
705037,12519,2024,3.8,Medium,Met
705038,12519,2025,4.2,High,Met
705039,12520,2024,2.9,Medium,Partially Met
705040,12520,2025,3.3,Medium,Partially Met
705041,12521,2024,2.8,Medium,Met
705042,12521,2025,3.9,Low,Exceeded
705043,12522,2024,3.4,Medium,Met
705044,12522,2025,4.1,Medium,Met
705045,12523,2024,3.2,Medium,Met
705046,12523,2025,2.6,Low,Met
705047,12524,2024,4.2,High,Met
705048,12524,2025,4.1,Medium,Met
705049,12525,2024,3.1,High,Met
705050,12525,2025,3.6,Medium,Exceeded
705051,12526,2024,3.4,Low,Met
705052,12526,2025,3.6,High,Met
705053,12527,2024,3.1,Medium,Exceeded
705054,12527,2025,2.9,Medium,Met
705055,12528,2024,2.7,Medium,Partially Met
705056,12528,2025,2.0,Medium,Met
705057,12529,2024,2.6,High,Met
705058,12529,2025,3.3,Medium,Met
705059,12530,2024,4.1,Medium,Met
705060,12530,2025,2.3,Medium,Met
705061,12531,2024,2.9,Medium,Met
705062,12531,2025,3.6,Medium,Met
705063,12532,2024,2.7,High,Exceeded
705064,12532,2025,3.7,High,Met
705065,12533,2024,3.4,Low,Met
705066,12533,2025,3.9,Medium,Exceeded
705067,12534,2024,4.4,Low,Partially Met
705068,12534,2025,3.4,Medium,Met
705069,12535,2024,3.6,Medium,Partially Met
705070,12535,2025,2.8,Medium,Met
705071,12536,2024,3.8,Medium,Met
705072,12536,2025,2.8,High,Partially Met
705073,12537,2024,3.5,High,Met
705074,12537,2025,3.3,Medium,Met
705075,12538,2024,2.3,High,Met
705076,12538,2025,4.6,Medium,Met
705077,12539,2024,2.1,Medium,Partially Met
705078,12539,2025,3.2,Medium,Met
705079,12540,2024,2.8,Low,Met
705080,12540,2025,3.2,Medium,Exceeded
705081,12541,2024,3.6,High,Exceeded
705082,12541,2025,4.8,Medium,Exceeded
705083,12542,2024,3.4,Medium,Exceeded
705084,12542,2025,4.6,Medium,Met
705085,12543,2024,3.4,Low,Exceeded
705086,12543,2025,3.5,Medium,Met
705087,12544,2024,4.0,Medium,Met
705088,12544,2025,4.5,Low,Exceeded
705089,12545,2024,3.3,Medium,Met
705090,12545,2025,4.2,High,Met
705091,12546,2024,3.5,Low,Partially Met
705092,12546,2025,4.3,High,Met
705093,12547,2024,3.8,Medium,Met
705094,12547,2025,3.3,Low,Exceeded
705095,12548,2024,4.6,High,Met
705096,12548,2025,2.3,High,Partially Met
705097,12549,2024,3.7,High,Partially Met
705098,12549,2025,4.2,Medium,Met
705099,12550,2024,3.9,Low,Partially Met
705100,12550,2025,1.7,Low,Met
705101,12551,2024,2.9,High,Partially Met
705102,12551,2025,3.2,High,Met
705103,12552,2024,2.9,High,Met
705104,12552,2025,4.0,Medium,Met
705105,12553,2024,2.5,Medium,Met
705106,12553,2025,3.2,High,Exceeded
705107,12554,2024,4.6,Medium,Met
705108,12554,2025,2.5,High,Met
705109,12555,2024,3.7,Medium,Met
705110,12555,2025,3.6,Low,Partially Met
705111,12556,2024,4.1,Low,Exceeded
705112,12556,2025,4.9,Medium,Exceeded
705113,12557,2024,2.2,Medium,Exceeded
705114,12557,2025,3.9,Medium,Met
705115,12558,2024,2.9,Medium,Exceeded
705116,12558,2025,3.2,High,Met
705117,12559,2024,3.6,Low,Met
705118,12559,2025,3.2,Medium,Exceeded
705119,12560,2024,4.4,High,Met
705120,12560,2025,4.0,Medium,Partially Met
705121,12561,2024,4.0,High,Met
705122,12561,2025,3.1,Medium,Met
705123,12562,2024,3.6,High,Met
705124,12562,2025,3.9,Medium,Met
705125,12563,2024,1.6,High,Exceeded
705126,12563,2025,3.2,Medium,Met
705127,12564,2024,4.7,Medium,Exceeded
705128,12564,2025,2.8,Medium,Exceeded
705129,12565,2024,3.3,High,Partially Met
705130,12565,2025,2.5,High,Exceeded
705131,12566,2024,3.7,Medium,Met
705132,12566,2025,3.7,High,Exceeded
705133,12567,2024,4.3,Medium,Partially Met
705134,12567,2025,4.2,Medium,Met
705135,12568,2024,3.9,Medium,Met
705136,12568,2025,4.0,Medium,Met
705137,12569,2024,3.9,Low,Met
705138,12569,2025,2.6,High,Met
705139,12570,2024,3.1,Medium,Met
705140,12570,2025,2.6,Medium,Exceeded
705141,12571,2024,3.4,High,Partially Met
705142,12571,2025,2.9,Medium,Exceeded
705143,12572,2024,3.6,High,Exceeded
705144,12572,2025,3.1,Medium,Partially Met
705145,12573,2024,3.8,High,Met
705146,12573,2025,3.7,Medium,Met
705147,12574,2024,2.5,High,Met
705148,12574,2025,4.1,Medium,Met
705149,12575,2024,3.2,Medium,Met
705150,12575,2025,2.2,Medium,Exceeded
705151,12576,2024,3.3,Low,Exceeded
705152,12576,2025,3.6,Medium,Met
705153,12577,2024,3.0,High,Exceeded
705154,12577,2025,3.8,Medium,Partially Met
705155,12578,2024,3.7,Medium,Met
705156,12578,2025,3.3,Medium,Met
705157,12579,2024,4.7,High,Partially Met
705158,12579,2025,4.2,High,Met
705159,12580,2024,2.8,Medium,Exceeded
705160,12580,2025,3.3,Medium,Met
705161,12581,2024,3.9,Medium,Exceeded
705162,12581,2025,2.9,High,Met
705163,12582,2024,3.4,High,Partially Met
705164,12582,2025,3.3,Low,Partially Met
705165,12583,2024,3.2,High,Met
705166,12583,2025,3.4,Medium,Met
705167,12584,2024,4.4,Medium,Met
705168,12584,2025,3.9,Medium,Exceeded
705169,12585,2024,3.4,Low,Met
705170,12585,2025,3.7,Medium,Exceeded
705171,12586,2024,2.5,Medium,Exceeded
705172,12586,2025,3.0,Low,Exceeded
705173,12587,2024,3.0,Medium,Met
705174,12587,2025,3.9,Medium,Met
705175,12588,2024,2.5,Medium,Met
705176,12588,2025,2.1,Medium,Met
705177,12589,2024,3.2,High,Met
705178,12589,2025,3.6,Medium,Met
705179,12590,2024,3.0,Medium,Exceeded
705180,12590,2025,2.9,Low,Partially Met
705181,12591,2024,3.8,Medium,Met
705182,12591,2025,3.1,Medium,Exceeded
705183,12592,2024,3.8,Medium,Met
705184,12592,2025,3.7,Low,Partially Met
705185,12593,2024,3.2,Medium,Met
705186,12593,2025,4.3,Medium,Met
705187,12594,2024,2.9,Medium,Met
705188,12594,2025,4.2,Medium,Exceeded
705189,12595,2024,3.0,High,Met
705190,12595,2025,2.0,Low,Met
705191,12596,2024,3.9,High,Partially Met
705192,12596,2025,3.3,Medium,Met
705193,12597,2024,3.2,Medium,Met
705194,12597,2025,4.3,Medium,Partially Met
705195,12598,2024,4.4,Medium,Met
705196,12598,2025,4.4,High,Exceeded
705197,12599,2024,3.5,Medium,Met
705198,12599,2025,2.2,High,Exceeded
705199,12600,2024,4.1,High,Met
705200,12600,2025,4.5,Low,Partially Met
705201,12601,2024,3.0,Medium,Met
705202,12601,2025,3.2,Medium,Met
705203,12602,2024,3.5,Medium,Met
705204,12602,2025,3.2,High,Met
705205,12603,2024,5.0,High,Met
705206,12603,2025,4.0,Medium,Met
705207,12604,2024,3.6,Low,Met
705208,12604,2025,3.4,High,Partially Met
705209,12605,2024,3.8,Medium,Met
705210,12605,2025,4.4,Medium,Met
705211,12606,2024,4.0,Medium,Met
705212,12606,2025,3.3,Medium,Met
705213,12607,2024,4.0,Medium,Met
705214,12607,2025,3.5,Medium,Met
705215,12608,2024,3.2,Medium,Met
705216,12608,2025,4.0,Medium,Exceeded
705217,12609,2024,2.3,Medium,Met
705218,12609,2025,4.2,Medium,Met
705219,12610,2024,2.8,High,Met
705220,12610,2025,3.3,High,Met
705221,12611,2024,3.2,Medium,Met
705222,12611,2025,3.7,High,Exceeded
705223,12612,2024,2.9,Medium,Exceeded
705224,12612,2025,2.6,Low,Exceeded
705225,12613,2024,2.9,Medium,Exceeded
705226,12613,2025,3.6,Medium,Met
705227,12614,2024,3.9,Medium,Met
705228,12614,2025,2.4,High,Met
705229,12615,2024,1.8,Medium,Met
705230,12615,2025,3.3,Low,Met
705231,12616,2024,2.9,High,Met
705232,12616,2025,3.5,Medium,Met
705233,12617,2024,3.0,High,Partially Met
705234,12617,2025,3.7,Medium,Met
705235,12618,2024,3.6,Low,Exceeded
705236,12618,2025,3.7,High,Met
705237,12619,2024,3.9,Low,Met
705238,12619,2025,3.6,Medium,Exceeded
705239,12620,2024,4.1,Low,Met
705240,12620,2025,3.6,High,Partially Met
705241,12621,2024,4.1,High,Met
705242,12621,2025,3.5,Medium,Met
705243,12622,2024,2.3,Medium,Partially Met
705244,12622,2025,3.9,Low,Partially Met
705245,12623,2024,3.6,Medium,Exceeded
705246,12623,2025,3.0,High,Met
705247,12624,2024,3.6,Low,Met
705248,12624,2025,3.5,Medium,Met
705249,12625,2024,3.9,Medium,Met
705250,12625,2025,3.6,Medium,Exceeded
705251,12626,2024,2.6,Medium,Met
705252,12626,2025,4.5,High,Met
705253,12627,2024,3.9,High,Met
705254,12627,2025,4.5,High,Met
705255,12628,2024,2.8,Medium,Met
705256,12628,2025,1.4,Medium,Partially Met
705257,12629,2024,2.9,High,Met
705258,12629,2025,2.8,Low,Met
705259,12630,2024,2.9,Medium,Met
705260,12630,2025,4.5,Medium,Met
705261,12631,2024,3.0,Medium,Met
705262,12631,2025,2.6,Medium,Met
705263,12632,2024,3.6,Medium,Met
705264,12632,2025,5.0,High,Met
705265,12633,2024,3.3,Medium,Partially Met
705266,12633,2025,3.8,Medium,Met
705267,12634,2024,2.9,High,Exceeded
705268,12634,2025,4.4,High,Met
705269,12635,2024,3.6,Medium,Partially Met
705270,12635,2025,3.7,Medium,Met
705271,12636,2024,4.5,High,Met
705272,12636,2025,3.3,Medium,Exceeded
705273,12637,2024,2.5,High,Met
705274,12637,2025,4.1,Medium,Partially Met
705275,12638,2024,3.6,High,Met
705276,12638,2025,2.5,Low,Partially Met
705277,12639,2024,2.5,Medium,Met
705278,12639,2025,3.8,Medium,Met
705279,12640,2024,4.3,High,Met
705280,12640,2025,3.6,High,Met
705281,12641,2024,3.1,Medium,Met
705282,12641,2025,3.0,Medium,Met
705283,12642,2024,3.2,Medium,Met
705284,12642,2025,3.5,High,Exceeded
705285,12643,2024,4.1,Medium,Exceeded
705286,12643,2025,4.5,Medium,Met
705287,12644,2024,3.8,Medium,Exceeded
705288,12644,2025,3.1,Medium,Exceeded
705289,12645,2024,3.0,Medium,Exceeded
705290,12645,2025,3.8,Medium,Met
705291,12646,2024,3.2,Medium,Exceeded
705292,12646,2025,3.0,Medium,Met
705293,12647,2024,3.6,Medium,Met
705294,12647,2025,3.0,Medium,Met
705295,12648,2024,3.3,Low,Partially Met
705296,12648,2025,4.4,Medium,Met
705297,12649,2024,3.9,High,Met
705298,12649,2025,2.7,High,Met
705299,12650,2024,2.4,Medium,Met
705300,12650,2025,3.4,Low,Met
705301,12651,2024,3.3,High,Met
705302,12651,2025,2.9,Medium,Exceeded
705303,12652,2024,3.1,Medium,Met
705304,12652,2025,2.8,Medium,Exceeded
705305,12653,2024,3.3,Medium,Met
705306,12653,2025,3.3,Low,Met
705307,12654,2024,2.9,Medium,Met
705308,12654,2025,4.4,Medium,Partially Met
705309,12655,2024,2.2,Medium,Met
705310,12655,2025,3.5,Low,Met
705311,12656,2024,3.7,Low,Met
705312,12656,2025,4.5,Medium,Met
705313,12657,2024,3.4,High,Exceeded
705314,12657,2025,3.3,Medium,Met
705315,12658,2024,4.0,Medium,Met
705316,12658,2025,3.2,Low,Met
705317,12659,2024,3.5,Medium,Met
705318,12659,2025,2.7,High,Exceeded
705319,12660,2024,3.3,High,Met
705320,12660,2025,4.2,Medium,Met
705321,12661,2024,4.0,Medium,Met
705322,12661,2025,3.7,Low,Partially Met
705323,12662,2024,3.0,Low,Met
705324,12662,2025,3.2,Medium,Exceeded
705325,12663,2024,2.6,Medium,Met
705326,12663,2025,3.5,Medium,Exceeded
705327,12664,2024,3.1,Medium,Met
705328,12664,2025,2.6,High,Met
705329,12665,2024,3.7,High,Partially Met
705330,12665,2025,2.3,Medium,Partially Met
705331,12666,2024,3.3,Low,Exceeded
705332,12666,2025,4.3,Low,Met
705333,12667,2024,4.0,High,Met
705334,12667,2025,4.2,Low,Partially Met
705335,12668,2024,2.8,Medium,Met
705336,12668,2025,4.4,High,Met
705337,12669,2024,4.2,High,Exceeded
705338,12669,2025,3.4,High,Exceeded
705339,12670,2024,4.5,Medium,Met
705340,12670,2025,4.7,Low,Exceeded
705341,12671,2024,3.5,Medium,Met
705342,12671,2025,4.1,High,Met
705343,12672,2024,3.4,High,Partially Met
705344,12672,2025,3.3,High,Met
705345,12673,2024,3.4,Low,Met
705346,12673,2025,3.8,High,Met
705347,12674,2024,2.5,Medium,Partially Met
705348,12674,2025,3.2,Low,Met
705349,12675,2024,3.0,Medium,Partially Met
705350,12675,2025,3.6,Medium,Met
705351,12676,2024,4.1,High,Met
705352,12676,2025,3.9,Medium,Met
705353,12677,2024,3.1,High,Met
705354,12677,2025,3.5,Low,Partially Met
705355,12678,2024,3.7,Medium,Partially Met
705356,12678,2025,3.5,Medium,Met
705357,12679,2024,4.2,Medium,Partially Met
705358,12679,2025,3.9,Low,Partially Met
705359,12680,2024,3.8,Medium,Met
705360,12680,2025,3.6,Medium,Met
705361,12681,2024,3.8,High,Met
705362,12681,2025,3.2,Medium,Met
705363,12682,2024,3.4,High,Met
705364,12682,2025,2.5,Medium,Met
705365,12683,2024,3.5,High,Met
705366,12683,2025,2.3,Medium,Met
705367,12684,2024,3.2,Low,Met
705368,12684,2025,4.3,High,Exceeded
705369,12685,2024,2.7,Medium,Exceeded
705370,12685,2025,3.0,High,Exceeded
705371,12686,2024,3.4,Low,Met
705372,12686,2025,2.0,Medium,Met
705373,12687,2024,4.0,High,Met
705374,12687,2025,4.2,Medium,Exceeded
705375,12688,2024,3.3,High,Met
705376,12688,2025,3.1,Medium,Partially Met
705377,12689,2024,2.5,High,Exceeded
705378,12689,2025,1.8,Medium,Met
705379,12690,2024,2.7,Medium,Met
705380,12690,2025,3.5,High,Met
705381,12691,2024,3.2,Medium,Exceeded
705382,12691,2025,2.4,High,Met
705383,12692,2024,3.1,High,Exceeded
705384,12692,2025,2.5,Low,Exceeded
705385,12693,2024,3.5,Medium,Exceeded
705386,12693,2025,4.3,Medium,Partially Met
705387,12694,2024,3.4,Medium,Met
705388,12694,2025,3.4,Low,Met
705389,12695,2024,3.5,Medium,Met
705390,12695,2025,5.0,Medium,Exceeded
705391,12696,2024,3.3,High,Partially Met
705392,12696,2025,4.4,Low,Met
705393,12697,2024,3.7,High,Met
705394,12697,2025,3.2,Medium,Met
705395,12698,2024,3.0,Low,Partially Met
705396,12698,2025,4.5,Low,Exceeded
705397,12699,2024,3.7,Medium,Exceeded
705398,12699,2025,3.5,Medium,Partially Met
705399,12700,2024,4.9,Low,Partially Met
705400,12700,2025,2.2,Medium,Met
705401,12701,2024,4.4,Medium,Partially Met
705402,12701,2025,3.7,Low,Exceeded
705403,12702,2024,2.6,Medium,Partially Met
705404,12702,2025,3.2,High,Met
705405,12703,2024,2.6,High,Exceeded
705406,12703,2025,2.8,Medium,Exceeded
705407,12704,2024,3.8,Medium,Exceeded
705408,12704,2025,4.3,High,Exceeded
705409,12705,2024,2.8,Medium,Met
705410,12705,2025,2.8,Medium,Met
705411,12706,2024,4.7,High,Exceeded
705412,12706,2025,2.3,Medium,Exceeded
705413,12707,2024,4.0,Medium,Met
705414,12707,2025,4.3,Low,Met
705415,12708,2024,3.4,High,Met
705416,12708,2025,3.2,Medium,Met
705417,12709,2024,3.4,Low,Partially Met
705418,12709,2025,2.7,High,Partially Met
705419,12710,2024,3.5,Medium,Met
705420,12710,2025,4.4,Medium,Met
705421,12711,2024,3.7,Medium,Met
705422,12711,2025,4.5,High,Partially Met
705423,12712,2024,2.7,Medium,Met
705424,12712,2025,3.4,Medium,Exceeded
705425,12713,2024,4.2,High,Partially Met
705426,12713,2025,3.8,Medium,Partially Met
705427,12714,2024,4.0,Medium,Met
705428,12714,2025,4.1,Medium,Partially Met
705429,12715,2024,3.2,Low,Met
705430,12715,2025,3.2,High,Exceeded
705431,12716,2024,3.4,Medium,Met
705432,12716,2025,4.0,Medium,Met
705433,12717,2024,3.4,High,Met
705434,12717,2025,4.3,High,Met
705435,12718,2024,4.3,Low,Exceeded
705436,12718,2025,3.1,Medium,Met
705437,12719,2024,3.5,Low,Met
705438,12719,2025,4.8,Medium,Met
705439,12720,2024,2.6,Low,Met
705440,12720,2025,3.8,Medium,Met
705441,12721,2024,2.9,High,Met
705442,12721,2025,3.4,Medium,Met
705443,12722,2024,3.1,Medium,Exceeded
705444,12722,2025,3.0,Medium,Met
705445,12723,2024,2.4,Medium,Met
705446,12723,2025,5.0,Medium,Met
705447,12724,2024,3.3,Medium,Met
705448,12724,2025,4.2,Medium,Exceeded
705449,12725,2024,3.4,Medium,Exceeded
705450,12725,2025,2.3,High,Met
705451,12726,2024,4.1,Medium,Exceeded
705452,12726,2025,3.4,High,Exceeded
705453,12727,2024,2.3,Medium,Met
705454,12727,2025,3.4,Medium,Met
705455,12728,2024,3.5,High,Exceeded
705456,12728,2025,3.5,Low,Met
705457,12729,2024,4.1,High,Met
705458,12729,2025,4.4,Low,Partially Met
705459,12730,2024,4.0,Medium,Met
705460,12730,2025,4.1,Medium,Met
705461,12731,2024,3.8,High,Met
705462,12731,2025,4.4,Low,Exceeded
705463,12732,2024,3.4,Low,Exceeded
705464,12732,2025,3.7,Low,Met
705465,12733,2024,3.9,Medium,Partially Met
705466,12733,2025,2.6,Medium,Exceeded
705467,12734,2024,2.8,High,Exceeded
705468,12734,2025,2.8,Medium,Met
705469,12735,2024,2.9,Medium,Met
705470,12735,2025,4.6,Low,Met
705471,12736,2024,2.8,Low,Met
705472,12736,2025,2.6,Medium,Partially Met
705473,12737,2024,4.2,High,Partially Met
705474,12737,2025,3.1,Medium,Met
705475,12738,2024,4.6,Medium,Met
705476,12738,2025,2.1,Low,Met
705477,12739,2024,3.7,High,Met
705478,12739,2025,2.9,Medium,Exceeded
705479,12740,2024,3.1,High,Met
705480,12740,2025,2.7,High,Exceeded
705481,12741,2024,4.1,Medium,Met
705482,12741,2025,3.8,Medium,Met
705483,12742,2024,3.2,Medium,Met
705484,12742,2025,4.0,Low,Met
705485,12743,2024,2.6,Medium,Met
705486,12743,2025,2.9,High,Met
705487,12744,2024,3.6,Medium,Exceeded
705488,12744,2025,3.4,High,Partially Met
705489,12745,2024,3.7,Medium,Exceeded
705490,12745,2025,3.2,Medium,Met
705491,12746,2024,4.1,Low,Met
705492,12746,2025,2.0,Low,Exceeded
705493,12747,2024,2.8,Medium,Partially Met
705494,12747,2025,3.5,Medium,Exceeded
705495,12748,2024,4.2,Low,Met
705496,12748,2025,3.5,Low,Met
705497,12749,2024,5.0,High,Met
705498,12749,2025,4.1,Low,Exceeded
705499,12750,2024,3.3,Low,Met
705500,12750,2025,3.7,High,Exceeded
705501,12751,2024,3.7,Low,Partially Met
705502,12751,2025,3.2,Low,Exceeded
705503,12752,2024,3.1,Medium,Met
705504,12752,2025,3.8,Medium,Met
705505,12753,2024,4.0,High,Exceeded
705506,12753,2025,3.8,Medium,Met
705507,12754,2024,3.6,Low,Met
705508,12754,2025,2.8,Low,Met
705509,12755,2024,3.8,Low,Met
705510,12755,2025,3.0,Low,Met
705511,12756,2024,2.8,High,Partially Met
705512,12756,2025,3.7,Medium,Exceeded
705513,12757,2024,4.0,Medium,Met
705514,12757,2025,3.4,High,Partially Met
705515,12758,2024,3.6,High,Met
705516,12758,2025,2.8,Medium,Partially Met
705517,12759,2024,2.9,Low,Partially Met
705518,12759,2025,2.3,Low,Partially Met
705519,12760,2024,4.2,Low,Met
705520,12760,2025,2.8,Low,Partially Met
705521,12761,2024,4.5,High,Exceeded
705522,12761,2025,3.2,Medium,Exceeded
705523,12762,2024,3.5,Low,Met
705524,12762,2025,3.0,Low,Exceeded
705525,12763,2024,5.0,Low,Met
705526,12763,2025,4.1,Medium,Met
705527,12764,2024,3.2,Medium,Exceeded
705528,12764,2025,4.9,Medium,Partially Met
705529,12765,2024,3.1,Medium,Exceeded
705530,12765,2025,3.2,Medium,Exceeded
705531,12766,2024,3.3,Low,Met
705532,12766,2025,3.7,High,Exceeded
705533,12767,2024,3.1,Low,Met
705534,12767,2025,4.1,Medium,Exceeded
705535,12768,2024,4.8,High,Exceeded
705536,12768,2025,3.2,High,Exceeded
705537,12769,2024,3.8,High,Exceeded
705538,12769,2025,4.7,Low,Exceeded
705539,12770,2024,2.6,Low,Met
705540,12770,2025,2.6,Low,Exceeded
705541,12771,2024,2.4,Medium,Exceeded
705542,12771,2025,2.9,Medium,Exceeded
705543,12772,2024,3.7,Low,Met
705544,12772,2025,3.3,Medium,Partially Met
705545,12773,2024,3.3,High,Met
705546,12773,2025,3.5,High,Exceeded
705547,12774,2024,3.9,Low,Met
705548,12774,2025,3.2,Medium,Met
705549,12775,2024,3.4,High,Met
705550,12775,2025,3.2,High,Met
705551,12776,2024,3.4,High,Met
705552,12776,2025,3.2,Medium,Met
705553,12777,2024,3.5,Medium,Exceeded
705554,12777,2025,4.1,Low,Met
705555,12778,2024,2.5,Medium,Met
705556,12778,2025,3.8,Medium,Exceeded
705557,12779,2024,2.2,High,Met
705558,12779,2025,3.7,Low,Exceeded
705559,12780,2024,3.9,Medium,Met
705560,12780,2025,2.3,Low,Met
705561,12781,2024,3.6,High,Met
705562,12781,2025,3.4,Medium,Met
705563,12782,2024,3.1,Medium,Met
705564,12782,2025,4.0,High,Met
705565,12783,2024,3.5,Low,Partially Met
705566,12783,2025,4.0,Medium,Met
705567,12784,2024,2.9,Low,Met
705568,12784,2025,3.2,High,Exceeded
705569,12785,2024,3.8,Medium,Exceeded
705570,12785,2025,4.0,Medium,Met
705571,12786,2024,3.4,Medium,Met
705572,12786,2025,3.3,Medium,Met
705573,12787,2024,2.8,High,Met
705574,12787,2025,3.9,Medium,Met
705575,12788,2024,3.4,High,Met
705576,12788,2025,3.4,Medium,Met
705577,12789,2024,3.7,Medium,Exceeded
705578,12789,2025,3.8,Low,Met
705579,12790,2024,3.9,Medium,Exceeded
705580,12790,2025,4.0,Medium,Exceeded
705581,12791,2024,4.0,High,Met
705582,12791,2025,4.5,Medium,Met
705583,12792,2024,2.8,Medium,Partially Met
705584,12792,2025,3.6,High,Met
705585,12793,2024,4.1,High,Partially Met
705586,12793,2025,3.2,High,Met
705587,12794,2024,3.2,High,Met
705588,12794,2025,4.0,Medium,Met
705589,12795,2024,3.4,Medium,Met
705590,12795,2025,3.8,Medium,Partially Met
705591,12796,2024,4.8,High,Partially Met
705592,12796,2025,4.5,Medium,Met
705593,12797,2024,3.8,Medium,Met
705594,12797,2025,3.5,Low,Met
705595,12798,2024,3.1,Low,Exceeded
705596,12798,2025,3.0,High,Met
705597,12799,2024,3.2,High,Met
705598,12799,2025,3.4,Medium,Exceeded
705599,12800,2024,3.9,Low,Exceeded
705600,12800,2025,2.5,Medium,Exceeded
705601,12801,2024,2.7,High,Met
705602,12801,2025,3.7,Low,Exceeded
705603,12802,2024,4.2,Medium,Exceeded
705604,12802,2025,3.2,Medium,Met
705605,12803,2024,1.8,Medium,Met
705606,12803,2025,3.4,High,Met
705607,12804,2024,2.9,Medium,Exceeded
705608,12804,2025,2.1,Medium,Met
705609,12805,2024,2.6,Medium,Exceeded
705610,12805,2025,4.2,Low,Met
705611,12806,2024,3.9,Medium,Met
705612,12806,2025,2.0,High,Met
705613,12807,2024,3.5,Medium,Met
705614,12807,2025,3.5,Medium,Exceeded
705615,12808,2024,2.8,Medium,Exceeded
705616,12808,2025,3.8,Medium,Partially Met
705617,12809,2024,2.7,Medium,Met
705618,12809,2025,3.6,Low,Met
705619,12810,2024,4.8,High,Exceeded
705620,12810,2025,4.1,Medium,Exceeded
705621,12811,2024,3.5,Low,Exceeded
705622,12811,2025,3.5,High,Partially Met
705623,12812,2024,3.7,High,Exceeded
705624,12812,2025,3.4,High,Met
705625,12813,2024,3.7,Medium,Partially Met
705626,12813,2025,3.0,High,Partially Met
705627,12814,2024,3.5,Medium,Met
705628,12814,2025,3.1,Medium,Met
705629,12815,2024,2.2,High,Met
705630,12815,2025,2.8,Medium,Partially Met
705631,12816,2024,3.8,High,Exceeded
705632,12816,2025,2.5,Medium,Exceeded
705633,12817,2024,3.4,Medium,Met
705634,12817,2025,3.5,Medium,Met
705635,12818,2024,2.8,Medium,Met
705636,12818,2025,3.0,Medium,Partially Met
705637,12819,2024,2.9,Medium,Partially Met
705638,12819,2025,5.0,Medium,Met
705639,12820,2024,3.7,High,Met
705640,12820,2025,3.5,High,Met
705641,12821,2024,4.1,Low,Met
705642,12821,2025,4.0,Medium,Exceeded
705643,12822,2024,3.2,Medium,Met
705644,12822,2025,4.1,Medium,Met
705645,12823,2024,2.7,High,Met
705646,12823,2025,4.3,Low,Met
705647,12824,2024,2.6,High,Met
705648,12824,2025,4.0,Medium,Met
705649,12825,2024,3.8,Medium,Exceeded
705650,12825,2025,4.5,Medium,Met
705651,12826,2024,3.1,High,Met
705652,12826,2025,2.7,Medium,Partially Met
705653,12827,2024,4.8,High,Exceeded
705654,12827,2025,3.2,Low,Met
705655,12828,2024,3.0,High,Met
705656,12828,2025,3.4,Medium,Met
705657,12829,2024,2.9,Medium,Met
705658,12829,2025,2.0,Medium,Met
705659,12830,2024,2.6,Low,Exceeded
705660,12830,2025,3.9,Medium,Partially Met
705661,12831,2024,2.5,Low,Met
705662,12831,2025,3.2,High,Partially Met
705663,12832,2024,3.7,High,Exceeded
705664,12832,2025,3.1,Medium,Exceeded
705665,12833,2024,3.1,Medium,Met
705666,12833,2025,3.4,Medium,Met
705667,12834,2024,3.9,Medium,Met
705668,12834,2025,4.3,Medium,Met
705669,12835,2024,1.7,Medium,Met
705670,12835,2025,3.0,Medium,Met
705671,12836,2024,3.9,Medium,Met
705672,12836,2025,3.2,Medium,Met
705673,12837,2024,3.9,Medium,Met
705674,12837,2025,3.0,High,Met
705675,12838,2024,3.7,Medium,Exceeded
705676,12838,2025,4.1,High,Met
705677,12839,2024,4.5,Medium,Exceeded
705678,12839,2025,3.3,High,Exceeded
705679,12840,2024,3.3,Medium,Partially Met
705680,12840,2025,3.3,High,Met
705681,12841,2024,4.0,Medium,Met
705682,12841,2025,4.0,Medium,Met
705683,12842,2024,3.1,High,Met
705684,12842,2025,3.3,Medium,Met
705685,12843,2024,2.5,Low,Met
705686,12843,2025,3.2,High,Exceeded
705687,12844,2024,3.8,High,Met
705688,12844,2025,3.5,High,Met
705689,12845,2024,3.1,Low,Partially Met
705690,12845,2025,3.2,High,Exceeded
705691,12846,2024,1.9,Medium,Met
705692,12846,2025,3.1,Medium,Met
705693,12847,2024,3.1,Medium,Exceeded
705694,12847,2025,2.4,Medium,Met
705695,12848,2024,3.4,Medium,Exceeded
705696,12848,2025,3.5,High,Met
705697,12849,2024,3.4,High,Partially Met
705698,12849,2025,2.4,Medium,Partially Met
705699,12850,2024,3.1,Medium,Met
705700,12850,2025,3.4,High,Exceeded
705701,12851,2024,3.7,Low,Met
705702,12851,2025,2.7,Low,Met
705703,12852,2024,3.5,Low,Exceeded
705704,12852,2025,2.9,Medium,Met
705705,12853,2024,3.2,Medium,Met
705706,12853,2025,2.9,Medium,Met
705707,12854,2024,2.5,Low,Met
705708,12854,2025,2.6,Medium,Met
705709,12855,2024,4.3,Medium,Met
705710,12855,2025,3.2,Low,Partially Met
705711,12856,2024,2.5,Medium,Met
705712,12856,2025,2.8,Medium,Partially Met
705713,12857,2024,3.5,Medium,Exceeded
705714,12857,2025,3.5,Medium,Met
705715,12858,2024,3.1,High,Met
705716,12858,2025,2.7,Medium,Met
705717,12859,2024,2.2,Low,Partially Met
705718,12859,2025,4.4,Medium,Met
705719,12860,2024,4.4,Low,Met
705720,12860,2025,3.2,Low,Exceeded
705721,12861,2024,1.9,Medium,Partially Met
705722,12861,2025,3.7,High,Met
705723,12862,2024,4.2,Low,Partially Met
705724,12862,2025,2.2,High,Partially Met
705725,12863,2024,3.4,Medium,Met
705726,12863,2025,4.8,High,Exceeded
705727,12864,2024,3.6,Low,Met
705728,12864,2025,3.6,High,Partially Met
705729,12865,2024,2.3,Medium,Exceeded
705730,12865,2025,3.0,Medium,Met
705731,12866,2024,3.1,Medium,Partially Met
705732,12866,2025,4.1,Medium,Met
705733,12867,2024,3.0,Low,Met
705734,12867,2025,3.9,Medium,Met
705735,12868,2024,3.3,High,Exceeded
705736,12868,2025,3.9,Medium,Met
705737,12869,2024,3.2,High,Met
705738,12869,2025,2.8,Medium,Met
705739,12870,2024,4.5,Low,Met
705740,12870,2025,3.4,Low,Met
705741,12871,2024,3.0,Medium,Met
705742,12871,2025,2.8,Medium,Met
705743,12872,2024,4.3,Medium,Partially Met
705744,12872,2025,3.5,Medium,Met
705745,12873,2024,3.8,High,Exceeded
705746,12873,2025,4.8,Medium,Met
705747,12874,2024,2.2,Low,Met
705748,12874,2025,2.8,Low,Met
705749,12875,2024,4.8,Low,Exceeded
705750,12875,2025,2.7,Medium,Met
705751,12876,2024,2.1,High,Exceeded
705752,12876,2025,3.3,Medium,Met
705753,12877,2024,4.0,Medium,Exceeded
705754,12877,2025,3.4,High,Met
705755,12878,2024,3.3,Medium,Exceeded
705756,12878,2025,3.2,Medium,Met
705757,12879,2024,2.8,Medium,Partially Met
705758,12879,2025,4.2,Medium,Exceeded
705759,12880,2024,4.6,Low,Met
705760,12880,2025,3.3,High,Exceeded
705761,12881,2024,3.8,High,Partially Met
705762,12881,2025,3.4,Medium,Exceeded
705763,12882,2024,4.4,Medium,Met
705764,12882,2025,3.0,High,Met
705765,12883,2024,4.2,Low,Met
705766,12883,2025,2.9,High,Met
705767,12884,2024,3.5,Medium,Met
705768,12884,2025,3.4,High,Met
705769,12885,2024,2.5,Low,Exceeded
705770,12885,2025,3.1,Medium,Met
705771,12886,2024,3.1,High,Met
705772,12886,2025,3.8,Medium,Met
705773,12887,2024,4.1,Medium,Met
705774,12887,2025,2.9,High,Partially Met
705775,12888,2024,1.9,Medium,Met
705776,12888,2025,4.7,Medium,Met
705777,12889,2024,3.1,Medium,Partially Met
705778,12889,2025,3.9,High,Met
705779,12890,2024,4.2,Low,Met
705780,12890,2025,3.4,Low,Met
705781,12891,2024,3.6,Low,Met
705782,12891,2025,3.2,Medium,Met
705783,12892,2024,2.9,Medium,Partially Met
705784,12892,2025,3.6,High,Partially Met
705785,12893,2024,4.1,High,Partially Met
705786,12893,2025,2.7,Medium,Met
705787,12894,2024,4.4,Medium,Exceeded
705788,12894,2025,3.3,Medium,Exceeded
705789,12895,2024,3.9,Medium,Met
705790,12895,2025,3.3,Medium,Partially Met
705791,12896,2024,3.6,Medium,Met
705792,12896,2025,4.0,Medium,Met
705793,12897,2024,3.0,High,Partially Met
705794,12897,2025,3.7,Medium,Partially Met
705795,12898,2024,2.8,Low,Met
705796,12898,2025,2.8,Medium,Met
705797,12899,2024,3.1,Low,Met
705798,12899,2025,3.3,High,Partially Met
705799,12900,2024,4.0,High,Met
705800,12900,2025,2.7,High,Partially Met
705801,12901,2024,3.5,Medium,Partially Met
705802,12901,2025,4.9,High,Met
705803,12902,2024,3.8,Medium,Exceeded
705804,12902,2025,3.7,High,Exceeded
705805,12903,2024,2.5,High,Exceeded
705806,12903,2025,3.3,Low,Met
705807,12904,2024,3.2,Low,Met
705808,12904,2025,3.2,Medium,Met
705809,12905,2024,3.2,High,Met
705810,12905,2025,3.6,High,Met
705811,12906,2024,4.6,Low,Met
705812,12906,2025,3.2,Low,Met
705813,12907,2024,3.7,Medium,Met
705814,12907,2025,4.1,Medium,Exceeded
705815,12908,2024,3.6,Low,Met
705816,12908,2025,3.7,High,Met
705817,12909,2024,3.5,Medium,Exceeded
705818,12909,2025,3.8,High,Exceeded
705819,12910,2024,4.1,Low,Met
705820,12910,2025,2.8,Low,Exceeded
705821,12911,2024,4.2,Medium,Met
705822,12911,2025,4.5,Medium,Met
705823,12912,2024,3.7,Low,Met
705824,12912,2025,3.9,High,Partially Met
705825,12913,2024,3.6,High,Met
705826,12913,2025,4.3,Medium,Met
705827,12914,2024,4.2,Medium,Exceeded
705828,12914,2025,3.0,High,Met
705829,12915,2024,3.8,High,Partially Met
705830,12915,2025,1.8,Medium,Met
705831,12916,2024,4.2,High,Exceeded
705832,12916,2025,3.7,Medium,Met
705833,12917,2024,2.7,High,Met
705834,12917,2025,3.7,High,Partially Met
705835,12918,2024,3.2,High,Exceeded
705836,12918,2025,1.9,High,Met
705837,12919,2024,3.5,High,Met
705838,12919,2025,3.4,Medium,Met
705839,12920,2024,4.0,Low,Exceeded
705840,12920,2025,4.1,Medium,Met
705841,12921,2024,4.2,High,Met
705842,12921,2025,3.0,Medium,Exceeded
705843,12922,2024,3.7,Low,Met
705844,12922,2025,2.2,Medium,Partially Met
705845,12923,2024,3.1,Medium,Met
705846,12923,2025,3.3,Medium,Met
705847,12924,2024,3.4,Medium,Met
705848,12924,2025,4.1,Medium,Exceeded
705849,12925,2024,3.9,Medium,Exceeded
705850,12925,2025,3.7,Medium,Met
705851,12926,2024,4.1,Medium,Met
705852,12926,2025,3.8,High,Met
705853,12927,2024,3.2,Medium,Exceeded
705854,12927,2025,3.6,High,Met
705855,12928,2024,1.9,Medium,Exceeded
705856,12928,2025,4.0,Medium,Met
705857,12929,2024,4.3,Medium,Met
705858,12929,2025,3.6,High,Exceeded
705859,12930,2024,2.9,Medium,Met
705860,12930,2025,3.6,High,Met
705861,12931,2024,4.0,Low,Exceeded
705862,12931,2025,3.8,High,Partially Met
705863,12932,2024,2.6,Medium,Met
705864,12932,2025,3.4,Medium,Exceeded
705865,12933,2024,4.1,Medium,Met
705866,12933,2025,2.9,High,Partially Met
705867,12934,2024,2.9,Medium,Met
705868,12934,2025,3.9,Low,Exceeded
705869,12935,2024,3.9,Medium,Met
705870,12935,2025,2.6,Low,Met
705871,12936,2024,4.1,Medium,Met
705872,12936,2025,2.1,Medium,Met
705873,12937,2024,3.4,Medium,Met
705874,12937,2025,2.4,Low,Exceeded
705875,12938,2024,3.5,Medium,Exceeded
705876,12938,2025,2.9,Medium,Met
705877,12939,2024,3.2,High,Met
705878,12939,2025,2.9,Medium,Met
705879,12940,2024,3.2,Medium,Exceeded
705880,12940,2025,3.8,Low,Met
705881,12941,2024,4.3,High,Met
705882,12941,2025,3.4,Medium,Met
705883,12942,2024,2.9,Low,Exceeded
705884,12942,2025,2.5,Medium,Met
705885,12943,2024,3.7,Low,Met
705886,12943,2025,3.0,Medium,Met
705887,12944,2024,3.6,High,Partially Met
705888,12944,2025,3.4,Medium,Met
705889,12945,2024,4.0,Low,Partially Met
705890,12945,2025,3.9,High,Met
705891,12946,2024,3.5,Medium,Partially Met
705892,12946,2025,2.6,Medium,Met
705893,12947,2024,2.5,Medium,Met
705894,12947,2025,3.9,Medium,Partially Met
705895,12948,2024,3.2,Low,Met
705896,12948,2025,2.7,Medium,Exceeded
705897,12949,2024,3.8,Medium,Exceeded
705898,12949,2025,3.2,High,Partially Met
705899,12950,2024,3.9,High,Met
705900,12950,2025,3.5,Medium,Partially Met
705901,12951,2024,2.2,Medium,Met
705902,12951,2025,4.0,High,Met
705903,12952,2024,3.5,High,Met
705904,12952,2025,3.0,Medium,Met
705905,12953,2024,2.3,Medium,Met
705906,12953,2025,3.2,Low,Partially Met
705907,12954,2024,4.2,High,Met
705908,12954,2025,3.6,Medium,Met
705909,12955,2024,4.1,Medium,Met
705910,12955,2025,3.7,Medium,Exceeded
705911,12956,2024,3.6,Medium,Exceeded
705912,12956,2025,4.4,Medium,Exceeded
705913,12957,2024,3.5,Medium,Partially Met
705914,12957,2025,2.9,High,Partially Met
705915,12958,2024,3.0,Low,Exceeded
705916,12958,2025,3.7,High,Met
705917,12959,2024,3.2,Medium,Exceeded
705918,12959,2025,3.3,Medium,Exceeded
705919,12960,2024,3.9,Medium,Partially Met
705920,12960,2025,4.1,Medium,Met
705921,12961,2024,3.4,High,Exceeded
705922,12961,2025,2.4,Low,Met
705923,12962,2024,3.7,Medium,Exceeded
705924,12962,2025,2.8,High,Exceeded
705925,12963,2024,2.8,Low,Exceeded
705926,12963,2025,2.9,High,Exceeded
705927,12964,2024,3.4,Low,Met
705928,12964,2025,3.3,Low,Met
705929,12965,2024,4.0,Medium,Met
705930,12965,2025,2.4,High,Met
705931,12966,2024,3.0,High,Partially Met
705932,12966,2025,2.4,Medium,Exceeded
705933,12967,2024,3.1,Medium,Met
705934,12967,2025,2.5,High,Met
705935,12968,2024,3.0,High,Met
705936,12968,2025,5.0,Medium,Met
705937,12969,2024,3.0,Medium,Partially Met
705938,12969,2025,3.2,High,Met
705939,12970,2024,4.0,High,Exceeded
705940,12970,2025,4.4,Medium,Met
705941,12971,2024,3.1,High,Met
705942,12971,2025,2.9,Medium,Met
705943,12972,2024,3.0,Medium,Met
705944,12972,2025,3.4,Medium,Exceeded
705945,12973,2024,3.8,Medium,Exceeded
705946,12973,2025,3.6,High,Met
705947,12974,2024,3.3,Low,Partially Met
705948,12974,2025,3.2,Medium,Met
705949,12975,2024,4.0,High,Partially Met
705950,12975,2025,4.2,Medium,Met
705951,12976,2024,2.6,Low,Met
705952,12976,2025,2.1,Medium,Exceeded
705953,12977,2024,3.6,Medium,Met
705954,12977,2025,3.1,High,Met
705955,12978,2024,3.2,High,Met
705956,12978,2025,4.3,High,Partially Met
705957,12979,2024,2.6,Medium,Met
705958,12979,2025,3.1,High,Met
705959,12980,2024,3.7,Medium,Partially Met
705960,12980,2025,3.9,Medium,Met
705961,12981,2024,3.0,Low,Met
705962,12981,2025,2.8,Medium,Met
705963,12982,2024,3.0,Medium,Met
705964,12982,2025,2.5,Medium,Met
705965,12983,2024,2.5,Medium,Exceeded
705966,12983,2025,2.4,Medium,Met
705967,12984,2024,4.2,Medium,Partially Met
705968,12984,2025,3.3,High,Met
705969,12985,2024,3.9,Medium,Met
705970,12985,2025,3.5,Medium,Met
705971,12986,2024,1.9,Low,Met
705972,12986,2025,3.3,High,Met
705973,12987,2024,3.8,High,Met
705974,12987,2025,3.0,Medium,Met
705975,12988,2024,2.4,Low,Met
705976,12988,2025,4.4,Low,Partially Met
705977,12989,2024,4.0,Medium,Met
705978,12989,2025,3.2,Medium,Exceeded
705979,12990,2024,3.4,High,Met
705980,12990,2025,3.2,High,Partially Met
705981,12991,2024,3.7,Medium,Exceeded
705982,12991,2025,2.7,Medium,Met
705983,12992,2024,2.9,Medium,Partially Met
705984,12992,2025,4.3,Low,Met
705985,12993,2024,3.5,Medium,Exceeded
705986,12993,2025,3.7,Medium,Met
705987,12994,2024,3.8,Low,Met
705988,12994,2025,3.8,High,Met
705989,12995,2024,4.0,High,Met
705990,12995,2025,3.4,Low,Partially Met
705991,12996,2024,3.8,Medium,Exceeded
705992,12996,2025,3.1,Medium,Exceeded
705993,12997,2024,3.3,Low,Exceeded
705994,12997,2025,2.5,Low,Met
705995,12998,2024,3.4,Low,Exceeded
705996,12998,2025,4.9,Medium,Met
705997,12999,2024,3.4,Low,Met
705998,12999,2025,3.7,High,Exceeded
705999,13000,2024,2.6,Low,Met
706000,13000,2025,3.6,High,Met
706001,13001,2024,3.0,Medium,Met
706002,13001,2025,3.4,Medium,Partially Met
706003,13002,2024,3.6,High,Exceeded
706004,13002,2025,4.3,Medium,Met
706005,13003,2024,4.0,High,Met
706006,13003,2025,3.2,High,Met
706007,13004,2024,3.1,Medium,Exceeded
706008,13004,2025,2.6,Medium,Met
706009,13005,2024,3.8,Medium,Exceeded
706010,13005,2025,3.3,Medium,Met
706011,13006,2024,2.6,Medium,Met
706012,13006,2025,3.0,High,Met
706013,13007,2024,3.3,Medium,Met
706014,13007,2025,3.6,Medium,Exceeded
706015,13008,2024,2.7,High,Met
706016,13008,2025,3.7,Low,Exceeded
706017,13009,2024,2.9,Medium,Met
706018,13009,2025,3.3,Medium,Partially Met
706019,13010,2024,2.9,Medium,Met
706020,13010,2025,4.2,Medium,Partially Met
706021,13011,2024,3.3,Low,Exceeded
706022,13011,2025,2.1,Low,Met
706023,13012,2024,3.3,Medium,Met
706024,13012,2025,2.7,Medium,Partially Met
706025,13013,2024,3.7,High,Exceeded
706026,13013,2025,3.6,Medium,Exceeded
706027,13014,2024,3.4,Medium,Met
706028,13014,2025,2.9,Medium,Exceeded
706029,13015,2024,3.7,High,Met
706030,13015,2025,2.4,High,Exceeded
706031,13016,2024,3.1,High,Partially Met
706032,13016,2025,4.1,Medium,Met
706033,13017,2024,4.8,Medium,Met
706034,13017,2025,2.2,High,Exceeded
706035,13018,2024,3.1,Medium,Met
706036,13018,2025,2.7,Medium,Met
706037,13019,2024,4.0,High,Met
706038,13019,2025,3.5,High,Met
706039,13020,2024,2.2,High,Partially Met
706040,13020,2025,3.5,Medium,Met
706041,13021,2024,3.1,Medium,Met
706042,13021,2025,2.0,Low,Met
706043,13022,2024,3.1,Medium,Met
706044,13022,2025,4.1,Medium,Met
706045,13023,2024,2.9,High,Met
706046,13023,2025,2.6,High,Exceeded
706047,13024,2024,3.6,Medium,Exceeded
706048,13024,2025,3.6,Medium,Exceeded
706049,13025,2024,4.2,Medium,Exceeded
706050,13025,2025,3.6,Medium,Partially Met
706051,13026,2024,3.2,Low,Met
706052,13026,2025,3.1,Low,Met
706053,13027,2024,3.6,Medium,Met
706054,13027,2025,3.3,Medium,Met
706055,13028,2024,2.5,Medium,Met
706056,13028,2025,3.0,Medium,Met
706057,13029,2024,4.4,Medium,Met
706058,13029,2025,3.6,Medium,Exceeded
706059,13030,2024,2.9,Medium,Met
706060,13030,2025,4.1,High,Met
706061,13031,2024,3.3,Low,Exceeded
706062,13031,2025,3.2,Low,Met
706063,13032,2024,3.0,High,Met
706064,13032,2025,2.6,Medium,Met
706065,13033,2024,2.5,Medium,Met
706066,13033,2025,2.4,Medium,Exceeded
706067,13034,2024,4.5,High,Exceeded
706068,13034,2025,3.6,Medium,Met
706069,13035,2024,3.2,Low,Exceeded
706070,13035,2025,3.7,Low,Partially Met
706071,13036,2024,2.6,High,Met
706072,13036,2025,4.6,High,Met
706073,13037,2024,3.4,High,Met
706074,13037,2025,3.1,High,Met
706075,13038,2024,3.0,Low,Met
706076,13038,2025,3.7,Medium,Exceeded
706077,13039,2024,4.6,Medium,Exceeded
706078,13039,2025,2.5,Low,Met
706079,13040,2024,5.0,Medium,Met
706080,13040,2025,3.2,Low,Met
706081,13041,2024,2.7,Low,Exceeded
706082,13041,2025,3.3,Low,Exceeded
706083,13042,2024,2.9,Medium,Met
706084,13042,2025,2.9,Medium,Met
706085,13043,2024,4.4,Low,Met
706086,13043,2025,2.9,Medium,Partially Met
706087,13044,2024,2.4,Medium,Met
706088,13044,2025,4.3,Medium,Met
706089,13045,2024,4.4,Medium,Met
706090,13045,2025,3.3,High,Partially Met
706091,13046,2024,2.6,High,Exceeded
706092,13046,2025,3.4,Low,Met
706093,13047,2024,3.9,Medium,Met
706094,13047,2025,2.6,High,Met
706095,13048,2024,4.0,High,Exceeded
706096,13048,2025,4.0,Medium,Met
706097,13049,2024,3.1,High,Met
706098,13049,2025,2.9,Low,Met
706099,13050,2024,3.1,Low,Met
706100,13050,2025,3.1,Medium,Exceeded
706101,13051,2024,3.4,High,Partially Met
706102,13051,2025,3.0,Low,Met
706103,13052,2024,3.9,Medium,Exceeded
706104,13052,2025,2.2,High,Exceeded
706105,13053,2024,3.2,High,Partially Met
706106,13053,2025,2.5,Low,Met
706107,13054,2024,4.7,Medium,Met
706108,13054,2025,3.4,Low,Exceeded
706109,13055,2024,3.2,High,Met
706110,13055,2025,4.1,High,Exceeded
706111,13056,2024,3.4,Medium,Exceeded
706112,13056,2025,3.4,Low,Partially Met
706113,13057,2024,2.8,High,Met
706114,13057,2025,2.9,High,Met
706115,13058,2024,4.0,Medium,Met
706116,13058,2025,3.2,Medium,Partially Met
706117,13059,2024,3.4,Medium,Met
706118,13059,2025,3.4,Low,Met
706119,13060,2024,2.5,High,Partially Met
706120,13060,2025,3.5,High,Exceeded
706121,13061,2024,3.5,High,Met
706122,13061,2025,2.9,Medium,Met
706123,13062,2024,1.7,Medium,Met
706124,13062,2025,1.9,Medium,Met
706125,13063,2024,2.8,High,Met
706126,13063,2025,4.0,Medium,Met
706127,13064,2024,2.8,Low,Met
706128,13064,2025,2.8,High,Met
706129,13065,2024,4.5,High,Met
706130,13065,2025,3.8,Medium,Met
706131,13066,2024,2.8,Medium,Met
706132,13066,2025,4.1,High,Met
706133,13067,2024,2.9,Low,Met
706134,13067,2025,3.9,Medium,Met
706135,13068,2024,3.2,Medium,Met
706136,13068,2025,3.6,High,Exceeded
706137,13069,2024,3.9,Medium,Met
706138,13069,2025,3.5,Medium,Partially Met
706139,13070,2024,3.0,Medium,Partially Met
706140,13070,2025,3.4,High,Met
706141,13071,2024,3.7,Low,Met
706142,13071,2025,4.2,High,Met
706143,13072,2024,3.2,High,Exceeded
706144,13072,2025,3.5,Medium,Met
706145,13073,2024,2.3,Medium,Met
706146,13073,2025,3.6,Medium,Met
706147,13074,2024,3.4,Medium,Met
706148,13074,2025,2.5,Medium,Exceeded
706149,13075,2024,2.8,Medium,Exceeded
706150,13075,2025,3.6,Low,Exceeded
706151,13076,2024,4.0,Medium,Met
706152,13076,2025,3.2,Low,Met
706153,13077,2024,4.1,Medium,Met
706154,13077,2025,3.2,Medium,Met
706155,13078,2024,3.5,Low,Met
706156,13078,2025,4.0,Medium,Met
706157,13079,2024,3.7,High,Met
706158,13079,2025,4.9,Medium,Exceeded
706159,13080,2024,3.0,Medium,Exceeded
706160,13080,2025,4.1,High,Partially Met
706161,13081,2024,2.3,Medium,Partially Met
706162,13081,2025,1.6,Medium,Exceeded
706163,13082,2024,2.1,High,Met
706164,13082,2025,4.4,High,Met
706165,13083,2024,2.7,Medium,Exceeded
706166,13083,2025,2.5,Medium,Met
706167,13084,2024,4.1,Low,Partially Met
706168,13084,2025,2.5,Low,Met
706169,13085,2024,3.3,High,Exceeded
706170,13085,2025,3.6,Low,Exceeded
706171,13086,2024,2.9,High,Met
706172,13086,2025,4.7,Low,Met
706173,13087,2024,2.5,Medium,Partially Met
706174,13087,2025,4.7,Low,Exceeded
706175,13088,2024,3.6,Low,Met
706176,13088,2025,3.7,Medium,Met
706177,13089,2024,3.5,High,Met
706178,13089,2025,2.9,Medium,Met
706179,13090,2024,3.0,Medium,Met
706180,13090,2025,3.1,High,Met
706181,13091,2024,3.2,Medium,Partially Met
706182,13091,2025,2.5,High,Met
706183,13092,2024,2.5,Medium,Met
706184,13092,2025,2.0,Medium,Met
706185,13093,2024,3.6,Low,Met
706186,13093,2025,3.7,High,Met
706187,13094,2024,3.0,High,Met
706188,13094,2025,1.9,Medium,Met
706189,13095,2024,3.4,Medium,Met
706190,13095,2025,3.3,Low,Met
706191,13096,2024,4.1,Medium,Met
706192,13096,2025,3.8,Medium,Exceeded
706193,13097,2024,3.1,Medium,Met
706194,13097,2025,2.6,Medium,Met
706195,13098,2024,3.8,Medium,Exceeded
706196,13098,2025,4.2,Medium,Exceeded
706197,13099,2024,4.1,Medium,Met
706198,13099,2025,3.0,Low,Met
706199,13100,2024,3.5,Medium,Met
706200,13100,2025,3.8,Medium,Exceeded
706201,13101,2024,3.3,Low,Partially Met
706202,13101,2025,2.6,Medium,Exceeded
706203,13102,2024,2.2,High,Exceeded
706204,13102,2025,2.6,Medium,Met
706205,13103,2024,2.4,Medium,Met
706206,13103,2025,2.6,Low,Partially Met
706207,13104,2024,3.3,Medium,Met
706208,13104,2025,3.1,Low,Met
706209,13105,2024,4.8,Medium,Exceeded
706210,13105,2025,2.4,High,Met
706211,13106,2024,3.5,High,Met
706212,13106,2025,4.2,Medium,Met
706213,13107,2024,2.2,Low,Met
706214,13107,2025,4.3,Medium,Met
706215,13108,2024,4.4,High,Met
706216,13108,2025,3.3,Low,Partially Met
706217,13109,2024,3.6,Medium,Met
706218,13109,2025,3.3,Medium,Met
706219,13110,2024,2.8,Medium,Exceeded
706220,13110,2025,3.0,Medium,Met
706221,13111,2024,4.2,High,Exceeded
706222,13111,2025,3.4,High,Met
706223,13112,2024,4.2,Medium,Exceeded
706224,13112,2025,4.0,Medium,Met
706225,13113,2024,2.3,Medium,Met
706226,13113,2025,4.2,Medium,Met
706227,13114,2024,3.4,Low,Met
706228,13114,2025,3.2,Medium,Exceeded
706229,13115,2024,3.0,High,Met
706230,13115,2025,2.9,High,Met
706231,13116,2024,3.0,High,Partially Met
706232,13116,2025,3.1,High,Met
706233,13117,2024,3.8,Medium,Exceeded
706234,13117,2025,4.1,Medium,Met
706235,13118,2024,2.8,Medium,Met
706236,13118,2025,4.6,Medium,Exceeded
706237,13119,2024,3.4,Medium,Met
706238,13119,2025,3.0,Medium,Met
706239,13120,2024,2.5,Medium,Met
706240,13120,2025,3.8,Medium,Met
706241,13121,2024,2.7,Medium,Met
706242,13121,2025,2.8,Low,Met
706243,13122,2024,3.3,Medium,Met
706244,13122,2025,4.8,High,Met
706245,13123,2024,4.0,Low,Partially Met
706246,13123,2025,2.9,Medium,Met
706247,13124,2024,4.3,Medium,Met
706248,13124,2025,3.7,Medium,Partially Met
706249,13125,2024,2.7,Medium,Met
706250,13125,2025,4.2,Medium,Met
706251,13126,2024,3.8,Medium,Exceeded
706252,13126,2025,3.8,Medium,Met
706253,13127,2024,3.7,High,Met
706254,13127,2025,2.6,Medium,Met
706255,13128,2024,4.3,Medium,Met
706256,13128,2025,4.0,Medium,Met
706257,13129,2024,2.8,Low,Met
706258,13129,2025,3.5,Low,Met
706259,13130,2024,5.0,Medium,Partially Met
706260,13130,2025,4.3,Medium,Met
706261,13131,2024,3.3,Medium,Met
706262,13131,2025,3.1,Low,Exceeded
706263,13132,2024,2.9,Medium,Met
706264,13132,2025,3.4,Medium,Exceeded
706265,13133,2024,3.3,Medium,Partially Met
706266,13133,2025,2.9,High,Met
706267,13134,2024,3.3,Low,Partially Met
706268,13134,2025,2.9,Medium,Partially Met
706269,13135,2024,2.1,Medium,Exceeded
706270,13135,2025,4.0,Medium,Partially Met
706271,13136,2024,3.1,Medium,Exceeded
706272,13136,2025,3.5,Medium,Met
706273,13137,2024,3.1,Low,Partially Met
706274,13137,2025,2.9,Low,Met
706275,13138,2024,3.4,Low,Met
706276,13138,2025,2.2,Medium,Exceeded
706277,13139,2024,2.7,Medium,Met
706278,13139,2025,2.7,Medium,Met
706279,13140,2024,3.3,Medium,Met
706280,13140,2025,2.9,High,Met
706281,13141,2024,3.0,Medium,Met
706282,13141,2025,2.5,Low,Met
706283,13142,2024,3.6,Medium,Met
706284,13142,2025,3.2,Medium,Met
706285,13143,2024,4.5,Low,Met
706286,13143,2025,3.5,Medium,Met
706287,13144,2024,3.6,Low,Met
706288,13144,2025,3.6,Medium,Met
706289,13145,2024,2.7,Medium,Partially Met
706290,13145,2025,3.6,Low,Exceeded
706291,13146,2024,3.2,Medium,Met
706292,13146,2025,4.2,Low,Exceeded
706293,13147,2024,3.0,Medium,Met
706294,13147,2025,2.9,Medium,Met
706295,13148,2024,3.6,Low,Partially Met
706296,13148,2025,3.3,Medium,Met
706297,13149,2024,2.6,Medium,Met
706298,13149,2025,4.6,High,Met
706299,13150,2024,3.8,Medium,Met
706300,13150,2025,3.8,Medium,Exceeded
706301,13151,2024,4.1,Low,Exceeded
706302,13151,2025,4.6,Medium,Met
706303,13152,2024,3.4,Low,Met
706304,13152,2025,2.9,High,Partially Met
706305,13153,2024,4.1,High,Met
706306,13153,2025,3.6,Medium,Met
706307,13154,2024,4.3,Medium,Met
706308,13154,2025,3.6,Medium,Met
706309,13155,2024,2.9,Low,Met
706310,13155,2025,3.6,Medium,Exceeded
706311,13156,2024,3.2,Medium,Partially Met
706312,13156,2025,3.1,High,Exceeded
706313,13157,2024,3.7,Medium,Met
706314,13157,2025,4.4,Low,Met
706315,13158,2024,4.1,Low,Exceeded
706316,13158,2025,4.1,High,Partially Met
706317,13159,2024,3.8,Low,Partially Met
706318,13159,2025,4.5,Medium,Met
706319,13160,2024,3.6,Low,Partially Met
706320,13160,2025,1.9,Low,Partially Met
706321,13161,2024,4.8,Low,Met
706322,13161,2025,2.6,Medium,Exceeded
706323,13162,2024,4.0,Low,Met
706324,13162,2025,3.7,Low,Partially Met
706325,13163,2024,3.3,Low,Met
706326,13163,2025,4.1,Medium,Met
706327,13164,2024,2.9,High,Met
706328,13164,2025,2.2,Medium,Met
706329,13165,2024,3.3,Medium,Met
706330,13165,2025,3.1,Medium,Met
706331,13166,2024,2.6,Low,Partially Met
706332,13166,2025,3.2,Low,Met
706333,13167,2024,2.9,Low,Partially Met
706334,13167,2025,3.0,Low,Exceeded
706335,13168,2024,2.9,High,Met
706336,13168,2025,2.0,Medium,Met
706337,13169,2024,2.3,Low,Exceeded
706338,13169,2025,3.5,Medium,Exceeded
706339,13170,2024,4.9,Low,Met
706340,13170,2025,3.9,Low,Partially Met
706341,13171,2024,3.1,Medium,Exceeded
706342,13171,2025,3.4,High,Partially Met
706343,13172,2024,3.3,Medium,Exceeded
706344,13172,2025,3.9,Low,Met
706345,13173,2024,3.8,High,Met
706346,13173,2025,3.6,Medium,Met
706347,13174,2024,3.1,Medium,Exceeded
706348,13174,2025,3.4,Medium,Met
706349,13175,2024,3.8,Medium,Met
706350,13175,2025,3.4,Medium,Partially Met
706351,13176,2024,3.1,High,Met
706352,13176,2025,3.3,Low,Partially Met
706353,13177,2024,3.5,High,Met
706354,13177,2025,2.5,Low,Exceeded
706355,13178,2024,3.5,Medium,Met
706356,13178,2025,4.0,Medium,Met
706357,13179,2024,3.5,Medium,Exceeded
706358,13179,2025,3.6,Medium,Met
706359,13180,2024,2.9,Medium,Met
706360,13180,2025,3.8,Medium,Met
706361,13181,2024,2.9,Low,Exceeded
706362,13181,2025,3.7,Low,Met
706363,13182,2024,3.3,High,Partially Met
706364,13182,2025,2.9,Low,Met
706365,13183,2024,4.9,Medium,Partially Met
706366,13183,2025,3.2,Medium,Exceeded
706367,13184,2024,3.4,Low,Met
706368,13184,2025,4.4,Medium,Met
706369,13185,2024,3.0,Medium,Met
706370,13185,2025,3.5,Medium,Met
706371,13186,2024,4.1,Medium,Exceeded
706372,13186,2025,4.8,Medium,Met
706373,13187,2024,3.4,Medium,Met
706374,13187,2025,3.9,Low,Exceeded
706375,13188,2024,3.5,High,Partially Met
706376,13188,2025,4.5,Medium,Exceeded
706377,13189,2024,3.0,High,Exceeded
706378,13189,2025,3.3,High,Met
706379,13190,2024,3.4,Medium,Met
706380,13190,2025,2.2,Medium,Partially Met
706381,13191,2024,4.2,Low,Met
706382,13191,2025,3.2,Medium,Met
706383,13192,2024,3.9,High,Met
706384,13192,2025,2.0,Low,Met
706385,13193,2024,1.6,High,Met
706386,13193,2025,3.5,Medium,Partially Met
706387,13194,2024,3.5,Low,Exceeded
706388,13194,2025,3.5,High,Met
706389,13195,2024,3.9,Medium,Met
706390,13195,2025,3.7,Medium,Met
706391,13196,2024,3.5,Low,Met
706392,13196,2025,3.9,Low,Partially Met
706393,13197,2024,3.7,Low,Met
706394,13197,2025,3.4,Medium,Met
706395,13198,2024,5.0,Medium,Exceeded
706396,13198,2025,3.3,Low,Partially Met
706397,13199,2024,4.1,Low,Exceeded
706398,13199,2025,3.9,Low,Met
706399,13200,2024,2.7,Medium,Met
706400,13200,2025,3.4,Medium,Met
706401,13201,2024,3.2,Medium,Exceeded
706402,13201,2025,3.5,Medium,Met
706403,13202,2024,3.3,Medium,Met
706404,13202,2025,2.2,Medium,Exceeded
706405,13203,2024,3.1,Low,Met
706406,13203,2025,3.8,High,Met
706407,13204,2024,3.0,Medium,Met
706408,13204,2025,3.4,Medium,Met
706409,13205,2024,5.0,Low,Met
706410,13205,2025,3.9,Medium,Met
706411,13206,2024,3.4,Low,Partially Met
706412,13206,2025,3.8,Medium,Exceeded
706413,13207,2024,2.8,Medium,Partially Met
706414,13207,2025,3.7,High,Exceeded
706415,13208,2024,3.9,High,Met
706416,13208,2025,4.2,Medium,Met
706417,13209,2024,3.8,Medium,Met
706418,13209,2025,3.8,Low,Exceeded
706419,13210,2024,4.1,High,Met
706420,13210,2025,3.6,High,Met
706421,13211,2024,3.6,Medium,Met
706422,13211,2025,3.7,Low,Exceeded
706423,13212,2024,3.1,Medium,Exceeded
706424,13212,2025,3.2,Low,Partially Met
706425,13213,2024,3.2,Low,Met
706426,13213,2025,4.0,High,Partially Met
706427,13214,2024,3.6,Medium,Exceeded
706428,13214,2025,2.8,High,Met
706429,13215,2024,3.8,Medium,Met
706430,13215,2025,3.1,Medium,Met
706431,13216,2024,3.5,Medium,Partially Met
706432,13216,2025,3.1,Medium,Met
706433,13217,2024,3.6,High,Exceeded
706434,13217,2025,3.1,High,Met
706435,13218,2024,4.1,Medium,Met
706436,13218,2025,3.3,Medium,Exceeded
706437,13219,2024,2.7,Medium,Met
706438,13219,2025,3.1,Medium,Exceeded
706439,13220,2024,3.2,Low,Exceeded
706440,13220,2025,3.0,Medium,Exceeded
706441,13221,2024,2.9,Low,Met
706442,13221,2025,2.6,High,Met
706443,13222,2024,3.1,High,Exceeded
706444,13222,2025,3.1,High,Exceeded
706445,13223,2024,3.4,Medium,Met
706446,13223,2025,4.1,High,Met
706447,13224,2024,3.8,Low,Met
706448,13224,2025,4.6,Low,Met
706449,13225,2024,3.0,High,Exceeded
706450,13225,2025,3.6,Medium,Met
706451,13226,2024,3.0,Medium,Partially Met
706452,13226,2025,4.6,High,Met
706453,13227,2024,2.8,Low,Met
706454,13227,2025,3.6,Medium,Met
706455,13228,2024,2.6,Medium,Met
706456,13228,2025,3.2,Low,Met
706457,13229,2024,3.0,Low,Exceeded
706458,13229,2025,3.1,Low,Met
706459,13230,2024,5.0,Medium,Partially Met
706460,13230,2025,2.3,High,Exceeded
706461,13231,2024,2.9,Medium,Partially Met
706462,13231,2025,3.8,High,Exceeded
706463,13232,2024,3.5,High,Met
706464,13232,2025,3.5,High,Met
706465,13233,2024,2.6,Medium,Met
706466,13233,2025,2.6,Low,Met
706467,13234,2024,3.3,Medium,Met
706468,13234,2025,3.0,Medium,Met
706469,13235,2024,3.1,Medium,Met
706470,13235,2025,3.3,Low,Exceeded
706471,13236,2024,3.1,Medium,Met
706472,13236,2025,3.8,Medium,Exceeded
706473,13237,2024,4.6,Medium,Partially Met
706474,13237,2025,3.7,High,Met
706475,13238,2024,3.4,Medium,Partially Met
706476,13238,2025,3.5,High,Partially Met
706477,13239,2024,3.3,Medium,Met
706478,13239,2025,4.5,High,Exceeded
706479,13240,2024,2.9,High,Met
706480,13240,2025,2.5,Medium,Partially Met
706481,13241,2024,4.5,Medium,Partially Met
706482,13241,2025,3.6,High,Partially Met
706483,13242,2024,2.7,High,Partially Met
706484,13242,2025,3.1,Low,Met
706485,13243,2024,3.8,High,Met
706486,13243,2025,4.0,Medium,Met
706487,13244,2024,3.9,Medium,Exceeded
706488,13244,2025,5.0,Medium,Met
706489,13245,2024,4.0,Medium,Exceeded
706490,13245,2025,3.4,Medium,Exceeded
706491,13246,2024,3.3,Medium,Met
706492,13246,2025,3.9,Medium,Exceeded
706493,13247,2024,4.7,Medium,Met
706494,13247,2025,3.1,High,Met
706495,13248,2024,2.3,Medium,Exceeded
706496,13248,2025,3.9,Medium,Met
706497,13249,2024,3.7,Medium,Exceeded
706498,13249,2025,3.0,High,Exceeded
706499,13250,2024,3.2,High,Met
706500,13250,2025,2.0,High,Met
706501,13251,2024,3.6,Low,Exceeded
706502,13251,2025,2.5,Low,Exceeded
706503,13252,2024,3.1,Low,Exceeded
706504,13252,2025,2.8,Low,Partially Met
706505,13253,2024,1.7,Medium,Met
706506,13253,2025,4.1,Low,Met
706507,13254,2024,3.5,High,Exceeded
706508,13254,2025,4.2,High,Met
706509,13255,2024,4.4,Low,Met
706510,13255,2025,4.5,Medium,Exceeded
706511,13256,2024,3.2,High,Met
706512,13256,2025,2.5,Low,Partially Met
706513,13257,2024,2.8,Medium,Exceeded
706514,13257,2025,3.4,Medium,Exceeded
706515,13258,2024,3.8,High,Exceeded
706516,13258,2025,3.9,Medium,Met
706517,13259,2024,3.4,High,Exceeded
706518,13259,2025,4.0,Medium,Met
706519,13260,2024,3.1,Medium,Met
706520,13260,2025,2.9,Low,Exceeded
706521,13261,2024,3.3,Low,Exceeded
706522,13261,2025,3.7,Medium,Met
706523,13262,2024,2.8,Medium,Met
706524,13262,2025,2.9,Low,Exceeded
706525,13263,2024,2.9,Medium,Met
706526,13263,2025,3.7,High,Exceeded
706527,13264,2024,3.6,Medium,Exceeded
706528,13264,2025,4.3,Medium,Met
706529,13265,2024,3.5,Medium,Met
706530,13265,2025,2.6,Medium,Met
706531,13266,2024,3.3,Medium,Met
706532,13266,2025,3.7,Medium,Met
706533,13267,2024,3.9,High,Met
706534,13267,2025,3.6,Low,Partially Met
706535,13268,2024,4.8,Medium,Met
706536,13268,2025,3.5,High,Met
706537,13269,2024,3.7,Medium,Exceeded
706538,13269,2025,2.5,Low,Partially Met
706539,13270,2024,3.4,Medium,Met
706540,13270,2025,3.2,High,Met
706541,13271,2024,4.1,Medium,Met
706542,13271,2025,3.6,Medium,Met
706543,13272,2024,3.3,Medium,Exceeded
706544,13272,2025,3.5,Medium,Met
706545,13273,2024,2.7,Medium,Met
706546,13273,2025,3.4,Medium,Met
706547,13274,2024,3.3,Medium,Exceeded
706548,13274,2025,2.9,Medium,Exceeded
706549,13275,2024,3.9,Medium,Met
706550,13275,2025,3.3,Medium,Met
706551,13276,2024,3.0,Medium,Met
706552,13276,2025,3.7,High,Exceeded
706553,13277,2024,3.4,Medium,Met
706554,13277,2025,4.0,Low,Partially Met
706555,13278,2024,3.5,High,Met
706556,13278,2025,3.3,Medium,Met
706557,13279,2024,5.0,Medium,Partially Met
706558,13279,2025,2.9,High,Met
706559,13280,2024,1.8,High,Partially Met
706560,13280,2025,2.9,Medium,Met
706561,13281,2024,2.7,High,Exceeded
706562,13281,2025,3.0,High,Met
706563,13282,2024,3.2,Low,Partially Met
706564,13282,2025,3.0,Medium,Met
706565,13283,2024,4.6,Medium,Exceeded
706566,13283,2025,2.9,High,Met
706567,13284,2024,3.6,Medium,Exceeded
706568,13284,2025,3.1,High,Met
706569,13285,2024,2.5,Medium,Exceeded
706570,13285,2025,3.4,Low,Met
706571,13286,2024,4.3,Low,Met
706572,13286,2025,4.1,Low,Partially Met
706573,13287,2024,3.9,Medium,Partially Met
706574,13287,2025,4.0,High,Met
706575,13288,2024,3.4,Low,Met
706576,13288,2025,3.1,High,Met
706577,13289,2024,2.8,High,Exceeded
706578,13289,2025,2.4,High,Exceeded
706579,13290,2024,4.4,Medium,Met
706580,13290,2025,3.1,Medium,Met
706581,13291,2024,3.6,High,Exceeded
706582,13291,2025,2.6,Low,Met
706583,13292,2024,2.8,Medium,Met
706584,13292,2025,3.2,High,Met
706585,13293,2024,5.0,High,Met
706586,13293,2025,2.9,Medium,Met
706587,13294,2024,4.3,Medium,Partially Met
706588,13294,2025,3.1,High,Met
706589,13295,2024,3.0,Medium,Met
706590,13295,2025,3.2,Low,Exceeded
706591,13296,2024,4.0,Medium,Met
706592,13296,2025,3.3,Medium,Met
706593,13297,2024,3.4,Medium,Partially Met
706594,13297,2025,4.6,Medium,Met
706595,13298,2024,1.6,Low,Partially Met
706596,13298,2025,3.9,Medium,Met
706597,13299,2024,3.5,Medium,Met
706598,13299,2025,4.1,Medium,Met
706599,13300,2024,4.7,Medium,Met
706600,13300,2025,2.9,Medium,Met
706601,13301,2024,3.9,High,Exceeded
706602,13301,2025,3.0,Medium,Exceeded
706603,13302,2024,2.9,Low,Met
706604,13302,2025,2.2,Medium,Met
706605,13303,2024,3.1,Medium,Partially Met
706606,13303,2025,2.5,Medium,Partially Met
706607,13304,2024,3.4,Low,Partially Met
706608,13304,2025,3.6,High,Partially Met
706609,13305,2024,4.2,Medium,Partially Met
706610,13305,2025,2.7,Medium,Met
706611,13306,2024,2.9,Low,Exceeded
706612,13306,2025,2.3,Medium,Exceeded
706613,13307,2024,2.6,High,Met
706614,13307,2025,2.9,High,Exceeded
706615,13308,2024,3.3,Low,Partially Met
706616,13308,2025,3.0,Low,Exceeded
706617,13309,2024,3.8,Low,Met
706618,13309,2025,4.0,Medium,Met
706619,13310,2024,3.6,Medium,Met
706620,13310,2025,3.1,High,Met
706621,13311,2024,2.2,Medium,Exceeded
706622,13311,2025,1.0,Medium,Met
706623,13312,2024,4.0,Medium,Met
706624,13312,2025,2.5,Low,Met
706625,13313,2024,4.1,High,Met
706626,13313,2025,4.5,Medium,Met
706627,13314,2024,4.2,Medium,Met
706628,13314,2025,3.1,Medium,Met
706629,13315,2024,2.6,Medium,Exceeded
706630,13315,2025,3.3,Medium,Met
706631,13316,2024,3.8,Medium,Met
706632,13316,2025,3.5,Low,Exceeded
706633,13317,2024,3.8,Medium,Exceeded
706634,13317,2025,3.7,Low,Partially Met
706635,13318,2024,3.5,Low,Exceeded
706636,13318,2025,3.3,Low,Met
706637,13319,2024,2.8,High,Exceeded
706638,13319,2025,3.2,High,Met
706639,13320,2024,2.3,Medium,Met
706640,13320,2025,3.9,Medium,Met
706641,13321,2024,3.5,Medium,Exceeded
706642,13321,2025,3.3,Low,Met
706643,13322,2024,3.1,Low,Exceeded
706644,13322,2025,4.9,Low,Met
706645,13323,2024,3.6,High,Met
706646,13323,2025,4.3,Low,Met
706647,13324,2024,3.8,High,Met
706648,13324,2025,4.4,Medium,Met
706649,13325,2024,3.6,Medium,Partially Met
706650,13325,2025,4.9,High,Exceeded
706651,13326,2024,4.4,Low,Exceeded
706652,13326,2025,3.5,Medium,Exceeded
706653,13327,2024,3.9,Medium,Exceeded
706654,13327,2025,3.8,Low,Met
706655,13328,2024,2.9,High,Exceeded
706656,13328,2025,4.4,Medium,Met
706657,13329,2024,3.6,High,Met
706658,13329,2025,3.1,Medium,Met
706659,13330,2024,3.2,Medium,Met
706660,13330,2025,3.9,Medium,Met
706661,13331,2024,3.2,Medium,Met
706662,13331,2025,4.0,Medium,Exceeded
706663,13332,2024,3.4,Low,Partially Met
706664,13332,2025,4.2,Medium,Met
706665,13333,2024,1.9,Low,Met
706666,13333,2025,3.2,Low,Met
706667,13334,2024,3.9,Low,Met
706668,13334,2025,4.3,Medium,Exceeded
706669,13335,2024,3.7,Medium,Met
706670,13335,2025,3.4,Medium,Met
706671,13336,2024,3.5,Medium,Met
706672,13336,2025,2.6,Medium,Met
706673,13337,2024,3.9,High,Met
706674,13337,2025,4.5,Medium,Met
706675,13338,2024,3.3,Medium,Partially Met
706676,13338,2025,3.5,Low,Partially Met
706677,13339,2024,2.5,Medium,Met
706678,13339,2025,3.3,Medium,Met
706679,13340,2024,4.3,High,Met
706680,13340,2025,3.6,Low,Met
706681,13341,2024,4.0,Medium,Met
706682,13341,2025,1.8,Medium,Met
706683,13342,2024,3.9,Low,Met
706684,13342,2025,3.8,High,Exceeded
706685,13343,2024,3.6,Medium,Met
706686,13343,2025,2.6,Medium,Met
706687,13344,2024,3.5,Medium,Met
706688,13344,2025,3.2,High,Exceeded
706689,13345,2024,2.5,Low,Met
706690,13345,2025,3.4,High,Met
706691,13346,2024,3.3,High,Exceeded
706692,13346,2025,2.4,Medium,Exceeded
706693,13347,2024,3.2,Medium,Met
706694,13347,2025,3.5,High,Met
706695,13348,2024,3.8,High,Exceeded
706696,13348,2025,3.0,High,Partially Met
706697,13349,2024,3.2,Medium,Met
706698,13349,2025,3.4,Low,Met
706699,13350,2024,3.3,Medium,Exceeded
706700,13350,2025,3.4,High,Met
706701,13351,2024,3.3,Medium,Met
706702,13351,2025,2.7,Medium,Met
706703,13352,2024,2.6,High,Met
706704,13352,2025,3.8,Medium,Met
706705,13353,2024,3.0,Medium,Met
706706,13353,2025,2.8,Medium,Met
706707,13354,2024,3.9,Low,Met
706708,13354,2025,3.8,High,Met
706709,13355,2024,3.7,High,Met
706710,13355,2025,3.5,High,Exceeded
706711,13356,2024,4.5,Medium,Met
706712,13356,2025,3.0,Low,Partially Met
706713,13357,2024,3.4,Low,Met
706714,13357,2025,4.0,Medium,Met
706715,13358,2024,4.0,Low,Exceeded
706716,13358,2025,2.0,Medium,Exceeded
706717,13359,2024,3.4,Medium,Met
706718,13359,2025,2.3,High,Met
706719,13360,2024,2.8,High,Met
706720,13360,2025,3.0,Medium,Met
706721,13361,2024,2.4,High,Met
706722,13361,2025,3.4,Medium,Partially Met
706723,13362,2024,3.1,High,Met
706724,13362,2025,3.6,Medium,Met
706725,13363,2024,3.5,Low,Exceeded
706726,13363,2025,3.1,Medium,Met
706727,13364,2024,4.2,Medium,Exceeded
706728,13364,2025,4.7,High,Partially Met
706729,13365,2024,3.3,Medium,Partially Met
706730,13365,2025,2.4,High,Exceeded
706731,13366,2024,2.2,Medium,Met
706732,13366,2025,3.7,Medium,Exceeded
706733,13367,2024,4.1,High,Met
706734,13367,2025,3.0,Medium,Met
706735,13368,2024,3.7,Medium,Met
706736,13368,2025,4.4,Low,Met
706737,13369,2024,2.7,Medium,Met
706738,13369,2025,3.9,Medium,Met
706739,13370,2024,4.5,High,Met
706740,13370,2025,4.4,Medium,Met
706741,13371,2024,3.6,High,Met
706742,13371,2025,2.8,Medium,Met
706743,13372,2024,3.6,Medium,Exceeded
706744,13372,2025,4.3,High,Exceeded
706745,13373,2024,3.9,Medium,Met
706746,13373,2025,2.9,High,Met
706747,13374,2024,3.0,Medium,Met
706748,13374,2025,3.4,High,Met
706749,13375,2024,4.2,Medium,Met
706750,13375,2025,3.8,High,Partially Met
706751,13376,2024,3.2,Medium,Partially Met
706752,13376,2025,3.7,Low,Met
706753,13377,2024,4.1,High,Met
706754,13377,2025,2.8,Low,Met
706755,13378,2024,3.5,Medium,Met
706756,13378,2025,3.5,High,Exceeded
706757,13379,2024,3.9,Medium,Exceeded
706758,13379,2025,2.8,Medium,Met
706759,13380,2024,3.2,Medium,Exceeded
706760,13380,2025,2.5,Medium,Partially Met
706761,13381,2024,3.4,Low,Exceeded
706762,13381,2025,4.5,Low,Met
706763,13382,2024,4.1,Medium,Exceeded
706764,13382,2025,4.0,Medium,Partially Met
706765,13383,2024,4.4,Medium,Partially Met
706766,13383,2025,3.2,Low,Partially Met
706767,13384,2024,3.7,Medium,Exceeded
706768,13384,2025,3.0,Medium,Met
706769,13385,2024,3.4,Medium,Met
706770,13385,2025,3.4,Medium,Partially Met
706771,13386,2024,3.1,Medium,Met
706772,13386,2025,4.1,High,Met
706773,13387,2024,3.4,Medium,Exceeded
706774,13387,2025,5.0,Medium,Met
706775,13388,2024,3.6,Low,Partially Met
706776,13388,2025,3.1,Low,Exceeded
706777,13389,2024,3.2,Low,Met
706778,13389,2025,3.2,Medium,Met
706779,13390,2024,3.5,High,Met
706780,13390,2025,3.5,Medium,Met
706781,13391,2024,3.3,Medium,Met
706782,13391,2025,3.5,High,Exceeded
706783,13392,2024,3.9,High,Exceeded
706784,13392,2025,2.8,Medium,Partially Met
706785,13393,2024,3.2,Medium,Partially Met
706786,13393,2025,3.8,Medium,Met
706787,13394,2024,2.8,Medium,Met
706788,13394,2025,4.1,Medium,Partially Met
706789,13395,2024,3.8,Medium,Exceeded
706790,13395,2025,4.2,Medium,Met
706791,13396,2024,4.8,Medium,Partially Met
706792,13396,2025,4.4,High,Met
706793,13397,2024,2.7,Medium,Exceeded
706794,13397,2025,3.3,Medium,Partially Met
706795,13398,2024,3.0,Medium,Exceeded
706796,13398,2025,3.7,High,Met
706797,13399,2024,2.3,Medium,Met
706798,13399,2025,3.4,Medium,Exceeded
706799,13400,2024,2.7,Low,Met
706800,13400,2025,2.4,Medium,Met
706801,13401,2024,3.7,Medium,Partially Met
706802,13401,2025,3.5,High,Met
706803,13402,2024,4.2,Medium,Met
706804,13402,2025,4.5,Low,Met
706805,13403,2024,2.1,Medium,Exceeded
706806,13403,2025,3.7,Low,Met
706807,13404,2024,3.2,Medium,Met
706808,13404,2025,3.8,Medium,Met
706809,13405,2024,4.4,Medium,Partially Met
706810,13405,2025,2.7,Medium,Exceeded
706811,13406,2024,2.1,Low,Partially Met
706812,13406,2025,3.7,Medium,Met
706813,13407,2024,3.5,Medium,Met
706814,13407,2025,4.1,Medium,Met
706815,13408,2024,2.9,High,Exceeded
706816,13408,2025,3.3,High,Met
706817,13409,2024,3.4,Medium,Met
706818,13409,2025,3.7,Low,Partially Met
706819,13410,2024,3.0,Medium,Exceeded
706820,13410,2025,2.0,Low,Met
706821,13411,2024,3.6,Medium,Met
706822,13411,2025,3.4,High,Exceeded
706823,13412,2024,2.9,High,Met
706824,13412,2025,3.6,High,Partially Met
706825,13413,2024,3.5,High,Met
706826,13413,2025,4.2,High,Met
706827,13414,2024,4.6,Low,Partially Met
706828,13414,2025,2.4,Low,Met
706829,13415,2024,2.9,Low,Met
706830,13415,2025,4.8,Medium,Partially Met
706831,13416,2024,4.1,High,Met
706832,13416,2025,4.0,Low,Partially Met
706833,13417,2024,3.3,Medium,Exceeded
706834,13417,2025,3.3,Low,Met
706835,13418,2024,2.9,Medium,Partially Met
706836,13418,2025,4.5,Medium,Met
706837,13419,2024,3.1,High,Exceeded
706838,13419,2025,2.7,High,Met
706839,13420,2024,3.8,High,Exceeded
706840,13420,2025,3.6,Low,Met
706841,13421,2024,4.5,Medium,Exceeded
706842,13421,2025,5.0,Medium,Met
706843,13422,2024,2.9,Medium,Met
706844,13422,2025,4.2,Medium,Exceeded
706845,13423,2024,4.4,Medium,Met
706846,13423,2025,4.2,Low,Partially Met
706847,13424,2024,4.3,Low,Met
706848,13424,2025,2.3,Medium,Partially Met
706849,13425,2024,4.5,Low,Exceeded
706850,13425,2025,3.0,High,Met
706851,13426,2024,3.9,High,Met
706852,13426,2025,4.7,Low,Met
706853,13427,2024,3.1,Medium,Exceeded
706854,13427,2025,3.7,High,Met
706855,13428,2024,3.9,High,Exceeded
706856,13428,2025,2.7,Low,Met
706857,13429,2024,3.2,Medium,Exceeded
706858,13429,2025,3.9,High,Met
706859,13430,2024,2.1,Medium,Met
706860,13430,2025,3.6,Medium,Met
706861,13431,2024,4.0,Medium,Exceeded
706862,13431,2025,3.1,Medium,Exceeded
706863,13432,2024,4.1,Low,Exceeded
706864,13432,2025,2.6,Medium,Met
706865,13433,2024,2.1,High,Met
706866,13433,2025,3.2,Medium,Exceeded
706867,13434,2024,3.0,Low,Met
706868,13434,2025,4.8,Medium,Exceeded
706869,13435,2024,2.1,Medium,Met
706870,13435,2025,2.8,Medium,Met
706871,13436,2024,2.5,Medium,Exceeded
706872,13436,2025,3.7,High,Met
706873,13437,2024,4.1,Medium,Met
706874,13437,2025,2.2,High,Partially Met
706875,13438,2024,3.7,Medium,Exceeded
706876,13438,2025,2.5,Low,Partially Met
706877,13439,2024,3.3,Medium,Exceeded
706878,13439,2025,3.6,Medium,Met
706879,13440,2024,2.4,Medium,Met
706880,13440,2025,3.1,Medium,Met
706881,13441,2024,3.4,Medium,Met
706882,13441,2025,3.3,Low,Partially Met
706883,13442,2024,3.5,Medium,Met
706884,13442,2025,4.1,Medium,Met
706885,13443,2024,3.6,Medium,Partially Met
706886,13443,2025,3.3,Medium,Exceeded
706887,13444,2024,4.1,High,Met
706888,13444,2025,2.5,Medium,Exceeded
706889,13445,2024,3.9,Low,Met
706890,13445,2025,3.7,Medium,Exceeded
706891,13446,2024,3.7,Medium,Exceeded
706892,13446,2025,3.3,Low,Met
706893,13447,2024,2.7,Low,Exceeded
706894,13447,2025,3.2,Medium,Exceeded
706895,13448,2024,4.4,Low,Partially Met
706896,13448,2025,3.7,Low,Met
706897,13449,2024,3.7,Medium,Met
706898,13449,2025,3.1,Medium,Met
706899,13450,2024,4.4,Low,Met
706900,13450,2025,3.3,Medium,Met
706901,13451,2024,3.6,Medium,Exceeded
706902,13451,2025,3.4,Medium,Exceeded
706903,13452,2024,2.6,Low,Met
706904,13452,2025,2.5,High,Partially Met
706905,13453,2024,2.1,Medium,Met
706906,13453,2025,3.5,Medium,Met
706907,13454,2024,3.1,Low,Met
706908,13454,2025,3.7,Medium,Met
706909,13455,2024,2.3,Medium,Exceeded
706910,13455,2025,4.4,Low,Met
706911,13456,2024,3.5,Medium,Met
706912,13456,2025,3.7,High,Met
706913,13457,2024,3.3,Medium,Partially Met
706914,13457,2025,3.0,Medium,Exceeded
706915,13458,2024,3.1,High,Met
706916,13458,2025,3.3,Medium,Met
706917,13459,2024,4.3,Low,Exceeded
706918,13459,2025,3.1,Medium,Partially Met
706919,13460,2024,4.3,High,Exceeded
706920,13460,2025,3.6,Medium,Met
706921,13461,2024,4.1,High,Met
706922,13461,2025,4.5,Medium,Exceeded
706923,13462,2024,2.6,Medium,Met
706924,13462,2025,3.7,Medium,Met
706925,13463,2024,4.0,Medium,Met
706926,13463,2025,3.2,Low,Met
706927,13464,2024,3.9,Medium,Exceeded
706928,13464,2025,2.9,Medium,Exceeded
706929,13465,2024,4.0,High,Met
706930,13465,2025,3.5,Low,Met
706931,13466,2024,1.9,High,Met
706932,13466,2025,4.3,Medium,Met
706933,13467,2024,3.1,Medium,Exceeded
706934,13467,2025,2.3,Low,Met
706935,13468,2024,3.7,Low,Met
706936,13468,2025,4.3,Low,Partially Met
706937,13469,2024,3.3,Medium,Met
706938,13469,2025,3.5,Medium,Exceeded
706939,13470,2024,2.4,Low,Met
706940,13470,2025,3.7,Medium,Exceeded
706941,13471,2024,4.6,High,Met
706942,13471,2025,2.4,Low,Exceeded
706943,13472,2024,2.7,Low,Met
706944,13472,2025,3.7,Medium,Exceeded
706945,13473,2024,3.9,Medium,Met
706946,13473,2025,3.9,Medium,Partially Met
706947,13474,2024,4.5,Medium,Met
706948,13474,2025,2.8,Medium,Met
706949,13475,2024,2.8,Medium,Met
706950,13475,2025,3.7,High,Met
706951,13476,2024,1.5,High,Met
706952,13476,2025,2.9,Medium,Met
706953,13477,2024,3.2,High,Met
706954,13477,2025,3.6,Medium,Partially Met
706955,13478,2024,4.6,Medium,Partially Met
706956,13478,2025,2.9,Medium,Met
706957,13479,2024,4.0,Medium,Exceeded
706958,13479,2025,3.4,Medium,Met
706959,13480,2024,2.6,Medium,Met
706960,13480,2025,3.9,Low,Exceeded
706961,13481,2024,2.8,Medium,Met
706962,13481,2025,3.9,Medium,Met
706963,13482,2024,4.1,Medium,Met
706964,13482,2025,3.1,Medium,Partially Met
706965,13483,2024,4.0,Medium,Exceeded
706966,13483,2025,4.1,Medium,Met
706967,13484,2024,3.5,Medium,Met
706968,13484,2025,3.1,Medium,Met
706969,13485,2024,5.0,High,Exceeded
706970,13485,2025,2.6,Low,Met
706971,13486,2024,2.6,Medium,Met
706972,13486,2025,3.7,Medium,Met
706973,13487,2024,3.1,Medium,Met
706974,13487,2025,2.9,Medium,Met
706975,13488,2024,3.5,Medium,Exceeded
706976,13488,2025,3.8,Low,Exceeded
706977,13489,2024,2.8,Medium,Exceeded
706978,13489,2025,2.8,Medium,Exceeded
706979,13490,2024,2.8,Medium,Met
706980,13490,2025,4.3,High,Met
706981,13491,2024,4.2,Medium,Met
706982,13491,2025,3.9,Medium,Met
706983,13492,2024,3.4,High,Met
706984,13492,2025,3.4,Medium,Met
706985,13493,2024,3.7,Low,Partially Met
706986,13493,2025,4.7,Medium,Met
706987,13494,2024,2.8,Low,Partially Met
706988,13494,2025,3.1,Medium,Exceeded
706989,13495,2024,2.9,Medium,Met
706990,13495,2025,3.7,High,Met
706991,13496,2024,3.5,Medium,Exceeded
706992,13496,2025,3.9,Medium,Met
706993,13497,2024,4.1,High,Met
706994,13497,2025,3.2,Low,Partially Met
706995,13498,2024,4.4,Low,Exceeded
706996,13498,2025,3.0,Medium,Exceeded
706997,13499,2024,4.3,Medium,Met
706998,13499,2025,3.0,Low,Met
706999,13500,2024,3.0,Medium,Exceeded
707000,13500,2025,4.2,Medium,Met
707001,13501,2024,4.4,High,Met
707002,13501,2025,3.1,Medium,Partially Met
707003,13502,2024,4.4,Medium,Met
707004,13502,2025,2.6,Medium,Met
707005,13503,2024,2.7,High,Partially Met
707006,13503,2025,3.3,Medium,Met
707007,13504,2024,3.2,Low,Met
707008,13504,2025,3.3,Low,Exceeded
707009,13505,2024,3.0,Medium,Met
707010,13505,2025,2.5,High,Partially Met
707011,13506,2024,3.1,High,Met
707012,13506,2025,2.8,Low,Met
707013,13507,2024,3.7,High,Partially Met
707014,13507,2025,3.5,Medium,Met
707015,13508,2024,4.1,Medium,Met
707016,13508,2025,5.0,Medium,Met
707017,13509,2024,3.8,Low,Partially Met
707018,13509,2025,2.8,Medium,Met
707019,13510,2024,4.6,Medium,Met
707020,13510,2025,3.2,Medium,Met
707021,13511,2024,3.4,High,Exceeded
707022,13511,2025,2.7,High,Met
707023,13512,2024,3.3,Medium,Met
707024,13512,2025,2.5,High,Partially Met
707025,13513,2024,2.9,Low,Partially Met
707026,13513,2025,3.2,High,Met
707027,13514,2024,3.4,High,Met
707028,13514,2025,4.3,High,Met
707029,13515,2024,4.1,Medium,Met
707030,13515,2025,3.8,Medium,Met
707031,13516,2024,3.8,Medium,Met
707032,13516,2025,2.9,Medium,Met
707033,13517,2024,3.9,Low,Met
707034,13517,2025,2.5,High,Partially Met
707035,13518,2024,3.3,Medium,Met
707036,13518,2025,3.7,High,Met
707037,13519,2024,2.7,High,Met
707038,13519,2025,3.5,Medium,Met
707039,13520,2024,4.0,High,Met
707040,13520,2025,3.0,High,Exceeded
707041,13521,2024,3.0,Medium,Partially Met
707042,13521,2025,3.3,Medium,Met
707043,13522,2024,3.2,Medium,Met
707044,13522,2025,3.5,Medium,Met
707045,13523,2024,3.2,Medium,Met
707046,13523,2025,2.7,Medium,Partially Met
707047,13524,2024,3.5,Low,Met
707048,13524,2025,3.6,Medium,Partially Met
707049,13525,2024,2.5,Medium,Met
707050,13525,2025,3.7,Medium,Met
707051,13526,2024,2.7,Medium,Met
707052,13526,2025,3.0,Low,Met
707053,13527,2024,3.4,Medium,Met
707054,13527,2025,3.8,Low,Exceeded
707055,13528,2024,4.2,Medium,Partially Met
707056,13528,2025,3.9,Medium,Met
707057,13529,2024,3.4,Medium,Exceeded
707058,13529,2025,3.2,High,Met
707059,13530,2024,3.3,Medium,Met
707060,13530,2025,2.9,Medium,Partially Met
707061,13531,2024,3.5,Medium,Partially Met
707062,13531,2025,3.3,Medium,Met
707063,13532,2024,2.9,Medium,Partially Met
707064,13532,2025,3.5,Low,Met
707065,13533,2024,3.4,Medium,Met
707066,13533,2025,3.6,Medium,Exceeded
707067,13534,2024,3.8,Medium,Met
707068,13534,2025,2.7,High,Met
707069,13535,2024,3.3,Medium,Met
707070,13535,2025,2.4,Medium,Met
707071,13536,2024,3.1,Medium,Met
707072,13536,2025,2.1,Medium,Met
707073,13537,2024,3.6,High,Partially Met
707074,13537,2025,3.0,High,Partially Met
707075,13538,2024,2.5,Low,Exceeded
707076,13538,2025,2.6,Medium,Met
707077,13539,2024,4.2,Low,Exceeded
707078,13539,2025,2.5,High,Met
707079,13540,2024,4.3,Medium,Met
707080,13540,2025,2.3,Low,Met
707081,13541,2024,3.4,Medium,Met
707082,13541,2025,3.2,Medium,Exceeded
707083,13542,2024,4.1,High,Met
707084,13542,2025,3.3,High,Met
707085,13543,2024,4.2,Medium,Exceeded
707086,13543,2025,3.7,Medium,Met
707087,13544,2024,3.8,Medium,Exceeded
707088,13544,2025,3.7,High,Exceeded
707089,13545,2024,3.2,Medium,Exceeded
707090,13545,2025,2.4,High,Exceeded
707091,13546,2024,3.0,High,Met
707092,13546,2025,4.7,High,Met
707093,13547,2024,3.1,Medium,Exceeded
707094,13547,2025,5.0,Medium,Exceeded
707095,13548,2024,3.9,Medium,Met
707096,13548,2025,2.7,Medium,Exceeded
707097,13549,2024,3.5,Medium,Met
707098,13549,2025,2.6,High,Exceeded
707099,13550,2024,3.6,High,Partially Met
707100,13550,2025,3.9,Medium,Partially Met
707101,13551,2024,3.2,Medium,Met
707102,13551,2025,3.8,Medium,Met
707103,13552,2024,2.6,Medium,Met
707104,13552,2025,2.2,High,Met
707105,13553,2024,2.7,High,Met
707106,13553,2025,3.2,High,Met
707107,13554,2024,3.3,Low,Exceeded
707108,13554,2025,2.9,Medium,Met
707109,13555,2024,3.0,High,Exceeded
707110,13555,2025,3.7,Low,Exceeded
707111,13556,2024,3.6,Low,Met
707112,13556,2025,2.8,Medium,Met
707113,13557,2024,3.3,High,Met
707114,13557,2025,3.6,High,Partially Met
707115,13558,2024,3.5,High,Met
707116,13558,2025,3.5,High,Met
707117,13559,2024,3.9,Medium,Exceeded
707118,13559,2025,3.3,Low,Exceeded
707119,13560,2024,3.2,Medium,Met
707120,13560,2025,4.2,Medium,Exceeded
707121,13561,2024,2.9,Medium,Met
707122,13561,2025,3.4,Medium,Exceeded
707123,13562,2024,3.6,Medium,Exceeded
707124,13562,2025,1.8,High,Exceeded
707125,13563,2024,2.8,Medium,Exceeded
707126,13563,2025,3.6,Low,Partially Met
707127,13564,2024,2.3,High,Exceeded
707128,13564,2025,3.0,Medium,Exceeded
707129,13565,2024,3.4,High,Exceeded
707130,13565,2025,3.5,Medium,Met
707131,13566,2024,3.4,High,Partially Met
707132,13566,2025,2.5,Medium,Met
707133,13567,2024,2.5,High,Met
707134,13567,2025,3.5,Medium,Met
707135,13568,2024,3.9,Low,Met
707136,13568,2025,2.3,Low,Met
707137,13569,2024,3.9,High,Met
707138,13569,2025,2.9,Low,Met
707139,13570,2024,2.6,Medium,Met
707140,13570,2025,4.2,Medium,Met
707141,13571,2024,4.7,High,Exceeded
707142,13571,2025,4.1,Low,Met
707143,13572,2024,4.3,Medium,Met
707144,13572,2025,3.5,Medium,Met
707145,13573,2024,2.3,Low,Exceeded
707146,13573,2025,4.3,Low,Exceeded
707147,13574,2024,4.4,Medium,Met
707148,13574,2025,3.7,Low,Partially Met
707149,13575,2024,3.0,Low,Met
707150,13575,2025,4.4,Low,Met
707151,13576,2024,4.0,Medium,Met
707152,13576,2025,3.1,Low,Exceeded
707153,13577,2024,4.3,Medium,Met
707154,13577,2025,2.8,Medium,Exceeded
707155,13578,2024,3.4,Medium,Met
707156,13578,2025,3.4,Medium,Met
707157,13579,2024,2.8,High,Met
707158,13579,2025,2.8,Low,Met
707159,13580,2024,2.7,Low,Met
707160,13580,2025,4.1,Low,Met
707161,13581,2024,3.2,Medium,Met
707162,13581,2025,4.0,Medium,Exceeded
707163,13582,2024,3.6,High,Met
707164,13582,2025,3.3,Medium,Met
707165,13583,2024,4.1,Medium,Met
707166,13583,2025,4.2,Medium,Met
707167,13584,2024,2.4,Medium,Met
707168,13584,2025,3.4,Medium,Partially Met
707169,13585,2024,4.7,Medium,Met
707170,13585,2025,2.6,High,Exceeded
707171,13586,2024,2.6,Medium,Partially Met
707172,13586,2025,2.8,Low,Met
707173,13587,2024,2.8,High,Met
707174,13587,2025,3.9,Low,Met
707175,13588,2024,3.0,Medium,Exceeded
707176,13588,2025,3.4,Medium,Met
707177,13589,2024,3.8,Low,Met
707178,13589,2025,3.9,High,Exceeded
707179,13590,2024,3.6,Medium,Met
707180,13590,2025,3.1,Low,Met
707181,13591,2024,2.4,High,Met
707182,13591,2025,3.2,Medium,Met
707183,13592,2024,3.2,High,Exceeded
707184,13592,2025,3.4,High,Met
707185,13593,2024,3.2,High,Met
707186,13593,2025,2.3,Medium,Exceeded
707187,13594,2024,5.0,Medium,Met
707188,13594,2025,3.9,Medium,Met
707189,13595,2024,3.0,Medium,Met
707190,13595,2025,4.1,High,Met
707191,13596,2024,3.7,Medium,Exceeded
707192,13596,2025,3.6,Low,Exceeded
707193,13597,2024,3.1,High,Met
707194,13597,2025,3.3,Medium,Exceeded
707195,13598,2024,3.1,Medium,Met
707196,13598,2025,2.1,High,Exceeded
707197,13599,2024,2.8,Medium,Met
707198,13599,2025,3.6,High,Met
707199,13600,2024,2.6,High,Partially Met
707200,13600,2025,3.0,High,Met
707201,13601,2024,4.2,High,Partially Met
707202,13601,2025,3.6,Medium,Exceeded
707203,13602,2024,2.7,Low,Met
707204,13602,2025,2.8,High,Met
707205,13603,2024,2.6,Medium,Met
707206,13603,2025,3.8,Medium,Met
707207,13604,2024,3.1,Medium,Exceeded
707208,13604,2025,2.9,High,Exceeded
707209,13605,2024,2.8,Medium,Met
707210,13605,2025,3.3,Low,Met
707211,13606,2024,2.0,Medium,Exceeded
707212,13606,2025,2.7,Medium,Met
707213,13607,2024,3.3,Medium,Met
707214,13607,2025,3.6,Medium,Partially Met
707215,13608,2024,3.9,Medium,Partially Met
707216,13608,2025,1.6,Medium,Exceeded
707217,13609,2024,3.8,Low,Met
707218,13609,2025,5.0,High,Met
707219,13610,2024,1.8,High,Partially Met
707220,13610,2025,3.6,Medium,Partially Met
707221,13611,2024,3.3,Medium,Met
707222,13611,2025,2.5,High,Met
707223,13612,2024,4.3,Medium,Met
707224,13612,2025,3.6,Medium,Exceeded
707225,13613,2024,2.9,Medium,Partially Met
707226,13613,2025,3.3,Medium,Exceeded
707227,13614,2024,4.6,High,Met
707228,13614,2025,3.4,Medium,Exceeded
707229,13615,2024,3.1,Low,Met
707230,13615,2025,4.5,High,Exceeded
707231,13616,2024,3.1,High,Exceeded
707232,13616,2025,1.8,High,Exceeded
707233,13617,2024,3.2,Low,Exceeded
707234,13617,2025,2.7,Medium,Partially Met
707235,13618,2024,4.7,Medium,Exceeded
707236,13618,2025,3.0,Medium,Partially Met
707237,13619,2024,3.4,High,Met
707238,13619,2025,3.3,High,Met
707239,13620,2024,3.4,Medium,Met
707240,13620,2025,4.0,High,Met
707241,13621,2024,3.6,Medium,Exceeded
707242,13621,2025,4.0,Medium,Met
707243,13622,2024,3.5,Medium,Met
707244,13622,2025,2.8,High,Met
707245,13623,2024,4.2,Medium,Partially Met
707246,13623,2025,3.4,Medium,Met
707247,13624,2024,3.2,Medium,Exceeded
707248,13624,2025,3.2,Medium,Met
707249,13625,2024,3.1,Medium,Exceeded
707250,13625,2025,3.0,Medium,Partially Met
707251,13626,2024,3.6,High,Met
707252,13626,2025,3.7,High,Met
707253,13627,2024,3.4,Medium,Exceeded
707254,13627,2025,3.5,Medium,Met
707255,13628,2024,2.6,High,Partially Met
707256,13628,2025,3.8,High,Exceeded
707257,13629,2024,3.8,Medium,Met
707258,13629,2025,3.5,Medium,Partially Met
707259,13630,2024,3.2,Medium,Exceeded
707260,13630,2025,4.0,Medium,Met
707261,13631,2024,3.9,High,Met
707262,13631,2025,4.2,Low,Met
707263,13632,2024,2.7,Medium,Met
707264,13632,2025,5.0,High,Met
707265,13633,2024,2.2,Medium,Exceeded
707266,13633,2025,3.1,Medium,Met
707267,13634,2024,3.2,Low,Partially Met
707268,13634,2025,2.8,High,Exceeded
707269,13635,2024,4.1,High,Exceeded
707270,13635,2025,2.6,Medium,Met
707271,13636,2024,2.9,Medium,Exceeded
707272,13636,2025,3.2,High,Met
707273,13637,2024,3.4,High,Met
707274,13637,2025,3.3,Medium,Met
707275,13638,2024,4.0,Medium,Exceeded
707276,13638,2025,4.3,High,Met
707277,13639,2024,3.0,Medium,Met
707278,13639,2025,4.1,Low,Met
707279,13640,2024,3.7,Low,Exceeded
707280,13640,2025,3.4,High,Met
707281,13641,2024,4.6,High,Exceeded
707282,13641,2025,4.9,Medium,Met
707283,13642,2024,3.2,Medium,Partially Met
707284,13642,2025,2.8,Medium,Partially Met
707285,13643,2024,3.8,Medium,Met
707286,13643,2025,3.9,Low,Met
707287,13644,2024,3.6,High,Met
707288,13644,2025,3.7,Medium,Met
707289,13645,2024,2.7,Medium,Met
707290,13645,2025,3.8,High,Met
707291,13646,2024,3.0,High,Partially Met
707292,13646,2025,3.0,Medium,Met
707293,13647,2024,2.9,Low,Exceeded
707294,13647,2025,2.4,High,Met
707295,13648,2024,3.3,Medium,Exceeded
707296,13648,2025,4.3,Medium,Met
707297,13649,2024,3.1,High,Met
707298,13649,2025,2.6,High,Exceeded
707299,13650,2024,3.1,Medium,Exceeded
707300,13650,2025,2.8,Medium,Met
707301,13651,2024,3.3,Medium,Exceeded
707302,13651,2025,3.0,Medium,Exceeded
707303,13652,2024,3.3,Low,Met
707304,13652,2025,3.3,High,Partially Met
707305,13653,2024,3.7,Medium,Exceeded
707306,13653,2025,4.0,Medium,Met
707307,13654,2024,2.8,Medium,Met
707308,13654,2025,2.6,High,Met
707309,13655,2024,2.7,Medium,Exceeded
707310,13655,2025,2.9,Medium,Met
707311,13656,2024,3.6,Medium,Met
707312,13656,2025,4.4,High,Met
707313,13657,2024,2.8,Low,Met
707314,13657,2025,2.5,Medium,Partially Met
707315,13658,2024,3.6,Medium,Partially Met
707316,13658,2025,3.4,High,Met
707317,13659,2024,3.9,Medium,Exceeded
707318,13659,2025,3.5,Medium,Partially Met
707319,13660,2024,3.8,Low,Met
707320,13660,2025,3.8,Low,Partially Met
707321,13661,2024,3.6,Medium,Met
707322,13661,2025,2.2,Medium,Partially Met
707323,13662,2024,3.6,Medium,Met
707324,13662,2025,4.0,Medium,Met
707325,13663,2024,4.8,Medium,Met
707326,13663,2025,3.9,High,Met
707327,13664,2024,3.8,Low,Partially Met
707328,13664,2025,3.2,Medium,Met
707329,13665,2024,4.3,High,Exceeded
707330,13665,2025,4.3,Medium,Met
707331,13666,2024,3.6,Medium,Met
707332,13666,2025,3.4,Medium,Exceeded
707333,13667,2024,2.3,Medium,Partially Met
707334,13667,2025,3.6,Medium,Met
707335,13668,2024,3.6,Medium,Met
707336,13668,2025,4.7,Medium,Met
707337,13669,2024,3.0,Medium,Met
707338,13669,2025,3.3,Medium,Met
707339,13670,2024,3.4,High,Met
707340,13670,2025,4.0,High,Partially Met
707341,13671,2024,3.8,Medium,Met
707342,13671,2025,3.1,Medium,Met
707343,13672,2024,1.9,High,Met
707344,13672,2025,3.9,Medium,Exceeded
707345,13673,2024,4.1,Medium,Exceeded
707346,13673,2025,4.2,Medium,Met
707347,13674,2024,3.7,High,Partially Met
707348,13674,2025,3.8,Medium,Met
707349,13675,2024,2.9,Medium,Met
707350,13675,2025,3.3,Low,Partially Met
707351,13676,2024,4.0,Low,Exceeded
707352,13676,2025,2.9,High,Exceeded
707353,13677,2024,3.8,Medium,Exceeded
707354,13677,2025,4.3,Medium,Partially Met
707355,13678,2024,3.5,Medium,Met
707356,13678,2025,3.9,High,Partially Met
707357,13679,2024,3.5,Medium,Exceeded
707358,13679,2025,4.5,High,Partially Met
707359,13680,2024,4.2,Medium,Partially Met
707360,13680,2025,4.2,High,Met
707361,13681,2024,3.6,Medium,Exceeded
707362,13681,2025,3.0,Low,Met
707363,13682,2024,2.9,High,Met
707364,13682,2025,3.9,Medium,Met
707365,13683,2024,2.9,Medium,Met
707366,13683,2025,3.5,Medium,Met
707367,13684,2024,2.2,Medium,Met
707368,13684,2025,3.8,Medium,Met
707369,13685,2024,3.6,Medium,Met
707370,13685,2025,3.2,Low,Exceeded
707371,13686,2024,4.5,High,Met
707372,13686,2025,3.7,High,Exceeded
707373,13687,2024,2.8,High,Met
707374,13687,2025,4.6,Medium,Met
707375,13688,2024,3.5,Medium,Exceeded
707376,13688,2025,5.0,Low,Met
707377,13689,2024,3.6,High,Met
707378,13689,2025,2.9,Low,Met
707379,13690,2024,2.8,Medium,Met
707380,13690,2025,4.1,High,Met
707381,13691,2024,3.6,Medium,Exceeded
707382,13691,2025,3.0,Medium,Exceeded
707383,13692,2024,3.7,Low,Met
707384,13692,2025,4.0,High,Met
707385,13693,2024,2.9,Medium,Met
707386,13693,2025,3.9,Medium,Met
707387,13694,2024,3.4,Medium,Met
707388,13694,2025,3.0,Medium,Met
707389,13695,2024,2.8,High,Met
707390,13695,2025,3.2,Medium,Exceeded
707391,13696,2024,2.9,Medium,Partially Met
707392,13696,2025,3.3,Low,Met
707393,13697,2024,4.4,Medium,Exceeded
707394,13697,2025,2.3,High,Met
707395,13698,2024,3.3,Medium,Met
707396,13698,2025,3.7,Low,Exceeded
707397,13699,2024,2.9,Medium,Partially Met
707398,13699,2025,4.0,Low,Met
707399,13700,2024,3.5,High,Exceeded
707400,13700,2025,3.4,Low,Exceeded
707401,13701,2024,3.0,Low,Met
707402,13701,2025,3.0,High,Met
707403,13702,2024,3.8,High,Met
707404,13702,2025,3.0,Medium,Met
707405,13703,2024,3.9,Medium,Met
707406,13703,2025,3.8,Medium,Partially Met
707407,13704,2024,3.0,Low,Exceeded
707408,13704,2025,2.7,Medium,Met
707409,13705,2024,1.9,High,Exceeded
707410,13705,2025,4.2,Medium,Exceeded
707411,13706,2024,3.5,Medium,Exceeded
707412,13706,2025,3.9,Low,Met
707413,13707,2024,2.5,Medium,Partially Met
707414,13707,2025,3.5,Low,Partially Met
707415,13708,2024,3.1,High,Met
707416,13708,2025,3.7,Medium,Met
707417,13709,2024,3.7,Medium,Met
707418,13709,2025,2.9,Medium,Met
707419,13710,2024,3.0,Medium,Met
707420,13710,2025,3.1,High,Met
707421,13711,2024,3.2,Low,Met
707422,13711,2025,4.5,High,Met
707423,13712,2024,4.0,Medium,Met
707424,13712,2025,3.9,High,Met
707425,13713,2024,3.6,Low,Met
707426,13713,2025,3.6,Low,Exceeded
707427,13714,2024,3.3,Low,Met
707428,13714,2025,4.4,High,Exceeded
707429,13715,2024,4.4,Low,Partially Met
707430,13715,2025,2.3,Medium,Met
707431,13716,2024,2.1,Low,Met
707432,13716,2025,2.9,Medium,Exceeded
707433,13717,2024,3.4,Medium,Exceeded
707434,13717,2025,3.0,Medium,Exceeded
707435,13718,2024,3.1,Medium,Met
707436,13718,2025,3.2,Low,Met
707437,13719,2024,2.6,Low,Met
707438,13719,2025,4.1,Medium,Met
707439,13720,2024,3.1,Low,Partially Met
707440,13720,2025,3.9,Medium,Met
707441,13721,2024,3.4,High,Exceeded
707442,13721,2025,3.5,Medium,Partially Met
707443,13722,2024,3.1,Medium,Partially Met
707444,13722,2025,2.9,Medium,Exceeded
707445,13723,2024,3.4,Medium,Met
707446,13723,2025,4.3,Medium,Met
707447,13724,2024,3.7,High,Met
707448,13724,2025,2.6,Low,Met
707449,13725,2024,3.4,Low,Met
707450,13725,2025,3.5,Medium,Exceeded
707451,13726,2024,3.6,Low,Partially Met
707452,13726,2025,4.0,Medium,Met
707453,13727,2024,3.6,High,Exceeded
707454,13727,2025,3.4,Low,Met
707455,13728,2024,3.7,Medium,Partially Met
707456,13728,2025,2.1,Low,Exceeded
707457,13729,2024,2.8,Medium,Met
707458,13729,2025,3.1,Medium,Exceeded
707459,13730,2024,2.9,Medium,Met
707460,13730,2025,4.0,High,Met
707461,13731,2024,3.8,Medium,Partially Met
707462,13731,2025,3.2,Low,Met
707463,13732,2024,4.1,High,Partially Met
707464,13732,2025,4.2,Medium,Met
707465,13733,2024,3.1,Medium,Met
707466,13733,2025,3.0,Medium,Exceeded
707467,13734,2024,3.5,Low,Partially Met
707468,13734,2025,3.1,Low,Exceeded
707469,13735,2024,4.2,Medium,Met
707470,13735,2025,2.8,Medium,Met
707471,13736,2024,1.4,Medium,Met
707472,13736,2025,3.2,Medium,Met
707473,13737,2024,3.5,Medium,Partially Met
707474,13737,2025,3.9,Medium,Met
707475,13738,2024,4.4,High,Met
707476,13738,2025,3.8,High,Met
707477,13739,2024,3.0,High,Met
707478,13739,2025,2.5,High,Met
707479,13740,2024,2.8,High,Met
707480,13740,2025,3.9,High,Met
707481,13741,2024,3.0,Medium,Met
707482,13741,2025,4.5,Medium,Exceeded
707483,13742,2024,4.2,Medium,Met
707484,13742,2025,2.5,Medium,Met
707485,13743,2024,3.0,Medium,Met
707486,13743,2025,2.7,Low,Met
707487,13744,2024,2.8,Medium,Met
707488,13744,2025,4.9,Medium,Partially Met
707489,13745,2024,2.8,Medium,Partially Met
707490,13745,2025,2.8,Medium,Exceeded
707491,13746,2024,3.5,Medium,Exceeded
707492,13746,2025,3.6,Medium,Met
707493,13747,2024,2.8,Medium,Exceeded
707494,13747,2025,3.4,Medium,Met
707495,13748,2024,4.0,Medium,Met
707496,13748,2025,3.5,Medium,Met
707497,13749,2024,2.9,Medium,Met
707498,13749,2025,3.2,Medium,Met
707499,13750,2024,4.5,Medium,Met
707500,13750,2025,3.3,High,Met
707501,13751,2024,4.6,Medium,Exceeded
707502,13751,2025,3.8,Medium,Exceeded
707503,13752,2024,2.7,High,Met
707504,13752,2025,4.0,Medium,Partially Met
707505,13753,2024,2.6,High,Partially Met
707506,13753,2025,3.2,Medium,Met
707507,13754,2024,2.6,High,Met
707508,13754,2025,3.9,High,Exceeded
707509,13755,2024,3.3,Medium,Met
707510,13755,2025,3.6,Low,Partially Met
707511,13756,2024,4.1,Medium,Exceeded
707512,13756,2025,2.8,High,Met
707513,13757,2024,3.8,Medium,Met
707514,13757,2025,2.5,High,Partially Met
707515,13758,2024,2.8,Medium,Met
707516,13758,2025,3.8,High,Met
707517,13759,2024,2.3,Medium,Met
707518,13759,2025,3.4,Medium,Met
707519,13760,2024,3.1,Medium,Met
707520,13760,2025,4.1,Low,Partially Met
707521,13761,2024,3.5,High,Met
707522,13761,2025,3.1,Medium,Met
707523,13762,2024,4.0,Medium,Exceeded
707524,13762,2025,3.3,Medium,Met
707525,13763,2024,2.9,Medium,Met
707526,13763,2025,2.7,High,Met
707527,13764,2024,2.6,High,Met
707528,13764,2025,4.0,Medium,Met
707529,13765,2024,2.9,Medium,Met
707530,13765,2025,2.7,Low,Met
707531,13766,2024,2.9,Medium,Met
707532,13766,2025,2.3,Low,Met
707533,13767,2024,4.0,Medium,Exceeded
707534,13767,2025,3.2,Medium,Exceeded
707535,13768,2024,3.1,Low,Exceeded
707536,13768,2025,4.3,High,Partially Met
707537,13769,2024,3.5,Medium,Met
707538,13769,2025,2.0,Medium,Met
707539,13770,2024,4.6,Low,Met
707540,13770,2025,2.9,Medium,Exceeded
707541,13771,2024,3.6,Low,Met
707542,13771,2025,2.8,Low,Partially Met
707543,13772,2024,3.3,High,Met
707544,13772,2025,3.1,Low,Exceeded
707545,13773,2024,4.6,High,Met
707546,13773,2025,3.7,High,Met
707547,13774,2024,2.1,High,Exceeded
707548,13774,2025,4.5,Medium,Met
707549,13775,2024,4.0,Low,Met
707550,13775,2025,4.0,Medium,Met
707551,13776,2024,4.2,Medium,Met
707552,13776,2025,1.9,High,Met
707553,13777,2024,2.2,Medium,Met
707554,13777,2025,3.0,Low,Met
707555,13778,2024,4.6,Medium,Met
707556,13778,2025,3.8,Low,Met
707557,13779,2024,3.7,High,Exceeded
707558,13779,2025,3.9,Medium,Met
707559,13780,2024,2.7,Low,Met
707560,13780,2025,2.5,Medium,Exceeded
707561,13781,2024,2.7,Medium,Exceeded
707562,13781,2025,3.5,Medium,Exceeded
707563,13782,2024,2.8,Medium,Met
707564,13782,2025,2.8,Medium,Met
707565,13783,2024,2.6,High,Met
707566,13783,2025,3.5,High,Exceeded
707567,13784,2024,4.5,High,Met
707568,13784,2025,4.0,Low,Met
707569,13785,2024,2.8,Low,Exceeded
707570,13785,2025,2.6,Medium,Met
707571,13786,2024,3.9,Medium,Met
707572,13786,2025,2.7,Medium,Met
707573,13787,2024,4.2,Medium,Met
707574,13787,2025,2.2,Medium,Partially Met
707575,13788,2024,3.3,High,Met
707576,13788,2025,3.6,High,Met
707577,13789,2024,3.5,Medium,Partially Met
707578,13789,2025,3.5,Low,Met
707579,13790,2024,5.0,Medium,Met
707580,13790,2025,3.7,Medium,Met
707581,13791,2024,3.0,Low,Met
707582,13791,2025,4.6,High,Partially Met
707583,13792,2024,2.7,Low,Partially Met
707584,13792,2025,3.7,High,Met
707585,13793,2024,3.9,Low,Met
707586,13793,2025,3.5,High,Met
707587,13794,2024,3.4,Medium,Exceeded
707588,13794,2025,3.4,Low,Exceeded
707589,13795,2024,2.9,High,Partially Met
707590,13795,2025,4.0,Low,Met
707591,13796,2024,4.0,Low,Met
707592,13796,2025,4.1,Medium,Met
707593,13797,2024,4.2,High,Exceeded
707594,13797,2025,3.4,Medium,Exceeded
707595,13798,2024,2.9,Medium,Met
707596,13798,2025,2.1,Low,Partially Met
707597,13799,2024,2.8,Medium,Met
707598,13799,2025,3.1,Low,Met
707599,13800,2024,3.5,Low,Partially Met
707600,13800,2025,4.5,High,Met
707601,13801,2024,3.1,Low,Met
707602,13801,2025,3.6,Medium,Partially Met
707603,13802,2024,3.4,Low,Exceeded
707604,13802,2025,4.4,High,Met
707605,13803,2024,2.9,Medium,Exceeded
707606,13803,2025,3.9,High,Exceeded
707607,13804,2024,2.9,High,Met
707608,13804,2025,3.7,Medium,Met
707609,13805,2024,3.0,High,Met
707610,13805,2025,3.6,Medium,Partially Met
707611,13806,2024,3.1,High,Exceeded
707612,13806,2025,3.9,Medium,Exceeded
707613,13807,2024,3.5,Medium,Met
707614,13807,2025,2.4,Medium,Exceeded
707615,13808,2024,4.7,Medium,Met
707616,13808,2025,4.1,Medium,Met
707617,13809,2024,3.1,Medium,Met
707618,13809,2025,2.4,Medium,Exceeded
707619,13810,2024,4.0,High,Partially Met
707620,13810,2025,3.5,High,Exceeded
707621,13811,2024,4.0,Low,Met
707622,13811,2025,4.3,Medium,Partially Met
707623,13812,2024,3.7,Medium,Met
707624,13812,2025,3.8,High,Met
707625,13813,2024,3.2,Medium,Exceeded
707626,13813,2025,3.0,High,Met
707627,13814,2024,2.3,High,Met
707628,13814,2025,4.3,Medium,Partially Met
707629,13815,2024,4.2,High,Met
707630,13815,2025,4.4,High,Exceeded
707631,13816,2024,3.5,Low,Met
707632,13816,2025,3.3,Medium,Met
707633,13817,2024,3.7,High,Partially Met
707634,13817,2025,3.8,High,Partially Met
707635,13818,2024,2.2,Medium,Partially Met
707636,13818,2025,3.8,High,Met
707637,13819,2024,2.7,Medium,Met
707638,13819,2025,4.0,Medium,Met
707639,13820,2024,3.9,High,Met
707640,13820,2025,3.4,Low,Met
707641,13821,2024,4.4,Medium,Partially Met
707642,13821,2025,3.5,Medium,Met
707643,13822,2024,2.6,Medium,Met
707644,13822,2025,2.8,Medium,Met
707645,13823,2024,2.8,High,Met
707646,13823,2025,4.1,High,Exceeded
707647,13824,2024,3.6,High,Met
707648,13824,2025,2.2,Medium,Met
707649,13825,2024,3.9,High,Met
707650,13825,2025,4.0,High,Met
707651,13826,2024,2.5,Low,Met
707652,13826,2025,2.6,High,Exceeded
707653,13827,2024,2.6,Medium,Exceeded
707654,13827,2025,3.6,Low,Exceeded
707655,13828,2024,4.7,Medium,Exceeded
707656,13828,2025,2.9,High,Partially Met
707657,13829,2024,4.2,High,Met
707658,13829,2025,3.3,Medium,Met
707659,13830,2024,3.9,Medium,Met
707660,13830,2025,3.8,Low,Met
707661,13831,2024,3.5,Medium,Partially Met
707662,13831,2025,3.1,Medium,Exceeded
707663,13832,2024,2.8,High,Exceeded
707664,13832,2025,2.2,Low,Exceeded
707665,13833,2024,3.2,Medium,Exceeded
707666,13833,2025,2.6,Low,Partially Met
707667,13834,2024,3.6,Medium,Met
707668,13834,2025,2.1,High,Met
707669,13835,2024,3.0,High,Met
707670,13835,2025,3.0,High,Met
707671,13836,2024,2.3,Medium,Met
707672,13836,2025,4.5,Medium,Met
707673,13837,2024,3.6,High,Exceeded
707674,13837,2025,4.4,Medium,Met
707675,13838,2024,3.7,Medium,Met
707676,13838,2025,3.8,Medium,Exceeded
707677,13839,2024,3.5,Medium,Met
707678,13839,2025,2.6,Medium,Met
707679,13840,2024,3.9,Medium,Exceeded
707680,13840,2025,3.6,High,Met
707681,13841,2024,3.4,High,Exceeded
707682,13841,2025,3.2,Medium,Met
707683,13842,2024,3.7,Medium,Met
707684,13842,2025,4.1,Low,Met
707685,13843,2024,2.3,High,Partially Met
707686,13843,2025,2.7,Medium,Met
707687,13844,2024,2.5,Medium,Exceeded
707688,13844,2025,3.5,Medium,Met
707689,13845,2024,3.6,Medium,Met
707690,13845,2025,3.9,Medium,Met
707691,13846,2024,3.9,Medium,Met
707692,13846,2025,2.8,Medium,Met
707693,13847,2024,3.1,Medium,Met
707694,13847,2025,4.1,Medium,Exceeded
707695,13848,2024,3.1,Medium,Exceeded
707696,13848,2025,4.0,Medium,Met
707697,13849,2024,3.6,Low,Exceeded
707698,13849,2025,3.1,Medium,Met
707699,13850,2024,3.7,Medium,Met
707700,13850,2025,2.3,High,Met
707701,13851,2024,3.2,Medium,Met
707702,13851,2025,3.0,Low,Met
707703,13852,2024,2.9,High,Met
707704,13852,2025,4.9,High,Met
707705,13853,2024,3.4,High,Met
707706,13853,2025,3.4,Medium,Met
707707,13854,2024,3.3,Medium,Partially Met
707708,13854,2025,2.8,Medium,Met
707709,13855,2024,3.7,High,Met
707710,13855,2025,2.0,Low,Met
707711,13856,2024,3.3,Medium,Met
707712,13856,2025,3.2,High,Met
707713,13857,2024,2.8,High,Met
707714,13857,2025,2.7,Low,Met
707715,13858,2024,3.8,High,Exceeded
707716,13858,2025,2.5,Medium,Met
707717,13859,2024,3.4,Low,Exceeded
707718,13859,2025,3.3,Medium,Met
707719,13860,2024,3.6,Medium,Partially Met
707720,13860,2025,2.4,Medium,Exceeded
707721,13861,2024,3.2,Medium,Met
707722,13861,2025,3.3,Medium,Exceeded
707723,13862,2024,2.9,Medium,Exceeded
707724,13862,2025,3.2,Medium,Met
707725,13863,2024,3.9,Medium,Met
707726,13863,2025,4.0,Medium,Met
707727,13864,2024,4.1,High,Exceeded
707728,13864,2025,3.5,Medium,Exceeded
707729,13865,2024,4.0,High,Met
707730,13865,2025,4.6,High,Met
707731,13866,2024,3.4,Low,Met
707732,13866,2025,3.4,High,Partially Met
707733,13867,2024,2.8,Medium,Exceeded
707734,13867,2025,3.6,Medium,Met
707735,13868,2024,3.6,Low,Met
707736,13868,2025,3.8,Medium,Met
707737,13869,2024,4.0,Medium,Partially Met
707738,13869,2025,3.2,Medium,Met
707739,13870,2024,3.3,High,Met
707740,13870,2025,2.8,Medium,Met
707741,13871,2024,3.3,Medium,Met
707742,13871,2025,2.7,Low,Met
707743,13872,2024,2.9,High,Met
707744,13872,2025,3.6,Medium,Met
707745,13873,2024,3.2,Medium,Met
707746,13873,2025,4.7,Low,Exceeded
707747,13874,2024,3.0,Medium,Met
707748,13874,2025,2.6,Medium,Met
707749,13875,2024,3.7,Medium,Partially Met
707750,13875,2025,4.6,Medium,Met
707751,13876,2024,3.3,Medium,Met
707752,13876,2025,2.2,Medium,Met
707753,13877,2024,4.1,Medium,Partially Met
707754,13877,2025,3.7,Medium,Met
707755,13878,2024,4.3,Medium,Met
707756,13878,2025,3.9,High,Met
707757,13879,2024,3.5,Low,Partially Met
707758,13879,2025,3.0,High,Met
707759,13880,2024,3.5,Medium,Exceeded
707760,13880,2025,3.6,Low,Met
707761,13881,2024,3.0,Medium,Exceeded
707762,13881,2025,2.8,High,Met
707763,13882,2024,3.9,Medium,Partially Met
707764,13882,2025,3.5,High,Exceeded
707765,13883,2024,3.8,Medium,Met
707766,13883,2025,3.8,Low,Met
707767,13884,2024,3.1,Low,Met
707768,13884,2025,4.5,Medium,Partially Met
707769,13885,2024,2.8,Medium,Partially Met
707770,13885,2025,3.0,Low,Exceeded
707771,13886,2024,2.6,Low,Exceeded
707772,13886,2025,3.7,Medium,Met
707773,13887,2024,3.5,High,Exceeded
707774,13887,2025,3.8,Low,Met
707775,13888,2024,2.1,Medium,Met
707776,13888,2025,4.0,Medium,Exceeded
707777,13889,2024,2.5,Medium,Exceeded
707778,13889,2025,3.7,Medium,Met
707779,13890,2024,4.4,High,Met
707780,13890,2025,3.7,Medium,Met
707781,13891,2024,2.9,Medium,Met
707782,13891,2025,2.6,Medium,Met
707783,13892,2024,2.5,Medium,Met
707784,13892,2025,3.2,Medium,Exceeded
707785,13893,2024,3.3,Medium,Exceeded
707786,13893,2025,3.6,High,Met
707787,13894,2024,4.0,Medium,Met
707788,13894,2025,2.7,Medium,Met
707789,13895,2024,3.8,Medium,Exceeded
707790,13895,2025,2.9,Medium,Met
707791,13896,2024,3.9,Medium,Met
707792,13896,2025,3.6,Low,Exceeded
707793,13897,2024,2.7,Medium,Met
707794,13897,2025,3.4,Medium,Met
707795,13898,2024,2.9,Medium,Exceeded
707796,13898,2025,3.8,Low,Met
707797,13899,2024,3.4,High,Met
707798,13899,2025,2.5,High,Met
707799,13900,2024,2.8,Medium,Met
707800,13900,2025,3.8,Medium,Met
707801,13901,2024,3.5,High,Met
707802,13901,2025,3.5,Medium,Met
707803,13902,2024,2.8,Medium,Exceeded
707804,13902,2025,2.8,High,Met
707805,13903,2024,3.9,Low,Met
707806,13903,2025,3.5,Medium,Exceeded
707807,13904,2024,3.9,High,Met
707808,13904,2025,3.8,Low,Met
707809,13905,2024,2.3,Medium,Met
707810,13905,2025,3.1,High,Exceeded
707811,13906,2024,2.7,Medium,Met
707812,13906,2025,3.3,Medium,Met
707813,13907,2024,3.4,High,Exceeded
707814,13907,2025,4.3,Low,Met
707815,13908,2024,2.1,Medium,Met
707816,13908,2025,3.9,Low,Met
707817,13909,2024,2.0,High,Met
707818,13909,2025,2.6,High,Partially Met
707819,13910,2024,3.3,Low,Exceeded
707820,13910,2025,3.8,Medium,Exceeded
707821,13911,2024,4.4,High,Met
707822,13911,2025,2.7,Low,Exceeded
707823,13912,2024,3.5,Low,Exceeded
707824,13912,2025,3.2,Low,Met
707825,13913,2024,3.0,Low,Met
707826,13913,2025,3.8,High,Met
707827,13914,2024,2.4,Medium,Met
707828,13914,2025,3.5,High,Met
707829,13915,2024,4.7,Medium,Met
707830,13915,2025,2.9,Medium,Partially Met
707831,13916,2024,3.5,Medium,Met
707832,13916,2025,3.9,High,Exceeded
707833,13917,2024,3.8,Medium,Partially Met
707834,13917,2025,4.2,Low,Partially Met
707835,13918,2024,4.2,Low,Met
707836,13918,2025,3.1,Low,Met
707837,13919,2024,3.3,Medium,Met
707838,13919,2025,4.2,Medium,Met
707839,13920,2024,3.1,Low,Met
707840,13920,2025,3.6,High,Met
707841,13921,2024,4.0,Medium,Exceeded
707842,13921,2025,4.2,High,Met
707843,13922,2024,3.0,High,Met
707844,13922,2025,3.2,High,Met
707845,13923,2024,3.3,Medium,Met
707846,13923,2025,2.8,Medium,Met
707847,13924,2024,2.0,High,Met
707848,13924,2025,3.8,Medium,Exceeded
707849,13925,2024,3.5,Medium,Partially Met
707850,13925,2025,2.7,Medium,Met
707851,13926,2024,3.9,Medium,Met
707852,13926,2025,3.6,High,Exceeded
707853,13927,2024,4.0,Medium,Exceeded
707854,13927,2025,2.9,Medium,Met
707855,13928,2024,2.1,Low,Met
707856,13928,2025,3.0,Medium,Met
707857,13929,2024,3.3,High,Met
707858,13929,2025,2.6,High,Met
707859,13930,2024,3.8,High,Met
707860,13930,2025,3.6,Low,Met
707861,13931,2024,3.3,Medium,Met
707862,13931,2025,2.5,Medium,Met
707863,13932,2024,4.1,Medium,Met
707864,13932,2025,3.3,Medium,Partially Met
707865,13933,2024,3.8,Medium,Met
707866,13933,2025,3.4,High,Met
707867,13934,2024,3.2,Medium,Met
707868,13934,2025,3.6,Medium,Met
707869,13935,2024,3.2,Medium,Partially Met
707870,13935,2025,2.5,High,Exceeded
707871,13936,2024,4.0,Medium,Met
707872,13936,2025,2.9,Medium,Met
707873,13937,2024,3.1,Medium,Met
707874,13937,2025,3.5,Medium,Exceeded
707875,13938,2024,3.6,Low,Met
707876,13938,2025,2.7,Medium,Met
707877,13939,2024,3.0,Medium,Exceeded
707878,13939,2025,2.4,High,Met
707879,13940,2024,3.1,Medium,Met
707880,13940,2025,3.7,Medium,Exceeded
707881,13941,2024,4.1,Medium,Met
707882,13941,2025,3.2,Medium,Met
707883,13942,2024,3.1,High,Met
707884,13942,2025,2.7,Medium,Met
707885,13943,2024,3.0,Low,Met
707886,13943,2025,2.9,Medium,Partially Met
707887,13944,2024,4.7,Medium,Exceeded
707888,13944,2025,3.8,Medium,Met
707889,13945,2024,2.6,Medium,Partially Met
707890,13945,2025,3.7,High,Exceeded
707891,13946,2024,3.2,Medium,Exceeded
707892,13946,2025,3.1,Medium,Met
707893,13947,2024,2.8,Medium,Met
707894,13947,2025,4.5,High,Met
707895,13948,2024,4.1,High,Partially Met
707896,13948,2025,2.8,Medium,Met
707897,13949,2024,3.2,Medium,Met
707898,13949,2025,3.7,Medium,Partially Met
707899,13950,2024,3.2,Low,Partially Met
707900,13950,2025,5.0,Medium,Met
707901,13951,2024,4.5,Medium,Met
707902,13951,2025,3.4,Medium,Met
707903,13952,2024,3.7,High,Met
707904,13952,2025,3.5,High,Met
707905,13953,2024,3.8,Medium,Exceeded
707906,13953,2025,2.6,Medium,Exceeded
707907,13954,2024,3.8,Medium,Partially Met
707908,13954,2025,4.0,Low,Exceeded
707909,13955,2024,3.6,Medium,Met
707910,13955,2025,3.9,Medium,Met
707911,13956,2024,2.3,High,Exceeded
707912,13956,2025,3.0,Low,Met
707913,13957,2024,3.8,Low,Partially Met
707914,13957,2025,3.1,Low,Partially Met
707915,13958,2024,2.0,Medium,Met
707916,13958,2025,3.3,High,Partially Met
707917,13959,2024,2.4,Medium,Exceeded
707918,13959,2025,3.4,Medium,Partially Met
707919,13960,2024,4.3,High,Exceeded
707920,13960,2025,2.5,High,Met
707921,13961,2024,3.2,Medium,Met
707922,13961,2025,3.6,High,Met
707923,13962,2024,2.7,High,Exceeded
707924,13962,2025,5.0,Medium,Exceeded
707925,13963,2024,3.8,High,Met
707926,13963,2025,3.5,Medium,Met
707927,13964,2024,3.6,Low,Met
707928,13964,2025,3.8,Medium,Met
707929,13965,2024,2.4,Medium,Exceeded
707930,13965,2025,3.5,Medium,Met
707931,13966,2024,2.7,Low,Partially Met
707932,13966,2025,1.5,Low,Met
707933,13967,2024,3.2,Low,Met
707934,13967,2025,2.8,Low,Met
707935,13968,2024,3.4,Medium,Met
707936,13968,2025,3.2,Medium,Met
707937,13969,2024,2.9,High,Met
707938,13969,2025,4.2,Medium,Exceeded
707939,13970,2024,4.7,Low,Partially Met
707940,13970,2025,4.1,Medium,Exceeded
707941,13971,2024,1.7,Medium,Exceeded
707942,13971,2025,3.9,Low,Met
707943,13972,2024,3.2,Medium,Met
707944,13972,2025,3.2,High,Met
707945,13973,2024,2.4,Medium,Exceeded
707946,13973,2025,4.0,Medium,Met
707947,13974,2024,4.4,High,Met
707948,13974,2025,3.4,Medium,Partially Met
707949,13975,2024,2.1,Low,Exceeded
707950,13975,2025,3.2,Medium,Exceeded
707951,13976,2024,2.9,Medium,Met
707952,13976,2025,3.1,High,Partially Met
707953,13977,2024,2.7,Medium,Partially Met
707954,13977,2025,3.7,Medium,Met
707955,13978,2024,3.3,High,Met
707956,13978,2025,3.7,Medium,Met
707957,13979,2024,4.4,High,Met
707958,13979,2025,2.6,Medium,Partially Met
707959,13980,2024,2.6,Medium,Met
707960,13980,2025,3.2,High,Exceeded
707961,13981,2024,2.5,High,Met
707962,13981,2025,2.7,Medium,Exceeded
707963,13982,2024,3.3,High,Met
707964,13982,2025,3.5,Medium,Met
707965,13983,2024,3.8,Medium,Partially Met
707966,13983,2025,3.9,Medium,Met
707967,13984,2024,3.3,High,Met
707968,13984,2025,3.6,Medium,Met
707969,13985,2024,2.3,Medium,Exceeded
707970,13985,2025,3.1,Medium,Met
707971,13986,2024,2.5,High,Met
707972,13986,2025,3.7,Medium,Met
707973,13987,2024,4.4,Low,Exceeded
707974,13987,2025,4.1,Low,Exceeded
707975,13988,2024,2.5,Medium,Met
707976,13988,2025,3.7,Medium,Met
707977,13989,2024,2.7,Medium,Met
707978,13989,2025,3.5,Medium,Met
707979,13990,2024,2.7,Medium,Met
707980,13990,2025,3.3,High,Exceeded
707981,13991,2024,3.0,Medium,Partially Met
707982,13991,2025,2.7,Low,Met
707983,13992,2024,4.4,Medium,Met
707984,13992,2025,3.3,Low,Met
707985,13993,2024,3.1,Medium,Met
707986,13993,2025,3.2,Low,Met
707987,13994,2024,2.9,High,Exceeded
707988,13994,2025,2.5,Low,Met
707989,13995,2024,4.2,High,Met
707990,13995,2025,3.7,Medium,Met
707991,13996,2024,3.3,Medium,Met
707992,13996,2025,2.5,Low,Partially Met
707993,13997,2024,3.0,Medium,Met
707994,13997,2025,4.0,High,Met
707995,13998,2024,4.0,High,Met
707996,13998,2025,2.8,Low,Met
707997,13999,2024,2.6,Medium,Met
707998,13999,2025,3.0,Low,Met
707999,14000,2024,3.1,High,Met
708000,14000,2025,3.4,Low,Partially Met
708001,14001,2024,2.4,Low,Met
708002,14001,2025,3.1,High,Exceeded
708003,14002,2024,2.4,Medium,Partially Met
708004,14002,2025,3.1,Low,Met
708005,14003,2024,3.1,Low,Met
708006,14003,2025,3.0,Low,Met
708007,14004,2024,3.1,Medium,Met
708008,14004,2025,3.0,Low,Met
708009,14005,2024,3.3,Low,Met
708010,14005,2025,4.0,Medium,Met
708011,14006,2024,2.8,High,Met
708012,14006,2025,3.0,Medium,Met
708013,14007,2024,2.6,Medium,Exceeded
708014,14007,2025,4.6,Low,Met
708015,14008,2024,4.0,Medium,Exceeded
708016,14008,2025,4.2,Low,Met
708017,14009,2024,2.6,Medium,Exceeded
708018,14009,2025,4.1,Low,Met
708019,14010,2024,3.8,Medium,Met
708020,14010,2025,3.3,Low,Met
708021,14011,2024,3.9,Low,Exceeded
708022,14011,2025,3.6,High,Met
708023,14012,2024,2.9,High,Met
708024,14012,2025,2.3,Medium,Partially Met
708025,14013,2024,2.7,Medium,Exceeded
708026,14013,2025,3.0,Medium,Met
708027,14014,2024,3.8,Medium,Exceeded
708028,14014,2025,2.8,Medium,Met
708029,14015,2024,3.7,Low,Met
708030,14015,2025,4.1,Medium,Exceeded
708031,14016,2024,3.9,Medium,Met
708032,14016,2025,3.1,Medium,Partially Met
708033,14017,2024,2.6,Medium,Exceeded
708034,14017,2025,2.7,High,Met
708035,14018,2024,3.2,Low,Met
708036,14018,2025,3.0,High,Met
708037,14019,2024,2.9,High,Met
708038,14019,2025,3.5,High,Met
708039,14020,2024,4.9,Medium,Met
708040,14020,2025,3.8,High,Met
708041,14021,2024,3.0,Medium,Met
708042,14021,2025,3.5,High,Met
708043,14022,2024,3.8,Medium,Met
708044,14022,2025,3.0,High,Met
708045,14023,2024,3.5,Medium,Met
708046,14023,2025,3.6,Low,Exceeded
708047,14024,2024,2.1,Medium,Partially Met
708048,14024,2025,3.7,High,Met
708049,14025,2024,4.1,High,Exceeded
708050,14025,2025,3.9,Medium,Met
708051,14026,2024,3.1,High,Partially Met
708052,14026,2025,4.2,Medium,Met
708053,14027,2024,4.6,High,Exceeded
708054,14027,2025,3.6,High,Met
708055,14028,2024,3.1,Medium,Exceeded
708056,14028,2025,2.8,Medium,Exceeded
708057,14029,2024,4.2,Medium,Met
708058,14029,2025,3.6,Low,Met
708059,14030,2024,3.6,Low,Met
708060,14030,2025,3.7,Low,Met
708061,14031,2024,4.9,Low,Exceeded
708062,14031,2025,3.4,Medium,Exceeded
708063,14032,2024,3.8,Medium,Met
708064,14032,2025,3.3,Medium,Exceeded
708065,14033,2024,3.2,Medium,Exceeded
708066,14033,2025,3.1,Medium,Partially Met
708067,14034,2024,3.6,Medium,Met
708068,14034,2025,3.2,Low,Met
708069,14035,2024,3.2,High,Met
708070,14035,2025,3.2,Low,Exceeded
708071,14036,2024,4.2,High,Met
708072,14036,2025,4.0,Medium,Met
708073,14037,2024,3.8,Medium,Met
708074,14037,2025,3.8,High,Met
708075,14038,2024,3.9,Medium,Met
708076,14038,2025,4.7,Medium,Met
708077,14039,2024,3.6,Medium,Met
708078,14039,2025,2.6,Medium,Met
708079,14040,2024,3.4,High,Partially Met
708080,14040,2025,2.8,Medium,Met
708081,14041,2024,3.0,Medium,Exceeded
708082,14041,2025,2.5,High,Met
708083,14042,2024,3.5,Medium,Met
708084,14042,2025,4.3,Medium,Met
708085,14043,2024,3.9,Medium,Met
708086,14043,2025,3.9,Medium,Exceeded
708087,14044,2024,3.4,Medium,Met
708088,14044,2025,2.7,Medium,Met
708089,14045,2024,3.0,High,Met
708090,14045,2025,3.5,Medium,Met
708091,14046,2024,3.2,Medium,Partially Met
708092,14046,2025,4.4,High,Exceeded
708093,14047,2024,4.1,Low,Partially Met
708094,14047,2025,3.9,Medium,Partially Met
708095,14048,2024,3.5,High,Met
708096,14048,2025,4.8,Medium,Partially Met
708097,14049,2024,1.8,High,Met
708098,14049,2025,2.8,Low,Met
708099,14050,2024,3.6,Medium,Exceeded
708100,14050,2025,3.8,High,Met
708101,14051,2024,2.6,Medium,Partially Met
708102,14051,2025,3.4,Medium,Met
708103,14052,2024,4.6,Medium,Met
708104,14052,2025,3.3,Medium,Met
708105,14053,2024,3.4,Medium,Met
708106,14053,2025,3.7,High,Exceeded
708107,14054,2024,3.5,High,Met
708108,14054,2025,3.3,Low,Partially Met
708109,14055,2024,3.9,High,Met
708110,14055,2025,2.1,Medium,Partially Met
708111,14056,2024,3.0,High,Exceeded
708112,14056,2025,4.4,Medium,Met
708113,14057,2024,3.0,Medium,Exceeded
708114,14057,2025,3.2,Medium,Exceeded
708115,14058,2024,3.7,Medium,Met
708116,14058,2025,3.8,High,Partially Met
708117,14059,2024,3.6,Low,Exceeded
708118,14059,2025,3.1,Low,Met
708119,14060,2024,2.8,Medium,Met
708120,14060,2025,3.2,High,Met
708121,14061,2024,2.1,Low,Met
708122,14061,2025,3.1,Medium,Exceeded
708123,14062,2024,3.2,Medium,Met
708124,14062,2025,3.5,Medium,Exceeded
708125,14063,2024,3.4,Medium,Met
708126,14063,2025,3.0,Medium,Met
708127,14064,2024,3.2,Medium,Met
708128,14064,2025,2.1,Medium,Met
708129,14065,2024,3.3,Medium,Met
708130,14065,2025,4.4,Low,Exceeded
708131,14066,2024,2.8,Low,Met
708132,14066,2025,3.3,Medium,Exceeded
708133,14067,2024,3.4,High,Met
708134,14067,2025,1.8,Medium,Met
708135,14068,2024,2.6,Medium,Exceeded
708136,14068,2025,4.3,Medium,Met
708137,14069,2024,3.3,Medium,Met
708138,14069,2025,4.0,Low,Exceeded
708139,14070,2024,3.5,Medium,Partially Met
708140,14070,2025,4.2,Low,Met
708141,14071,2024,3.2,Low,Exceeded
708142,14071,2025,3.6,High,Met
708143,14072,2024,3.5,Medium,Exceeded
708144,14072,2025,3.1,High,Exceeded
708145,14073,2024,3.6,Medium,Partially Met
708146,14073,2025,3.5,Low,Partially Met
708147,14074,2024,3.4,High,Met
708148,14074,2025,2.9,Medium,Exceeded
708149,14075,2024,4.0,Low,Met
708150,14075,2025,2.8,Medium,Exceeded
708151,14076,2024,3.6,Low,Met
708152,14076,2025,3.8,Medium,Met
708153,14077,2024,2.6,Medium,Met
708154,14077,2025,3.7,Medium,Met
708155,14078,2024,1.7,Low,Met
708156,14078,2025,2.3,Medium,Met
708157,14079,2024,3.5,High,Met
708158,14079,2025,3.0,Medium,Met
708159,14080,2024,3.5,Medium,Exceeded
708160,14080,2025,3.5,High,Met
708161,14081,2024,3.3,Low,Met
708162,14081,2025,4.1,Medium,Met
708163,14082,2024,4.0,Medium,Exceeded
708164,14082,2025,3.3,High,Met
708165,14083,2024,3.1,Medium,Exceeded
708166,14083,2025,3.9,High,Exceeded
708167,14084,2024,3.4,Medium,Exceeded
708168,14084,2025,2.7,Medium,Met
708169,14085,2024,3.8,Medium,Met
708170,14085,2025,3.9,High,Met
708171,14086,2024,3.1,Low,Met
708172,14086,2025,3.2,Medium,Met
708173,14087,2024,3.4,Low,Exceeded
708174,14087,2025,3.5,Medium,Partially Met
708175,14088,2024,3.9,Low,Met
708176,14088,2025,3.9,Low,Exceeded
708177,14089,2024,2.9,Low,Partially Met
708178,14089,2025,1.6,Medium,Met
708179,14090,2024,4.3,Medium,Partially Met
708180,14090,2025,4.4,Medium,Partially Met
708181,14091,2024,3.9,Medium,Met
708182,14091,2025,4.4,Medium,Exceeded
708183,14092,2024,3.4,Low,Exceeded
708184,14092,2025,4.3,Medium,Exceeded
708185,14093,2024,3.6,Medium,Partially Met
708186,14093,2025,3.7,High,Met
708187,14094,2024,4.1,Medium,Met
708188,14094,2025,2.6,Medium,Exceeded
708189,14095,2024,2.2,Medium,Exceeded
708190,14095,2025,3.7,Medium,Met
708191,14096,2024,4.1,Medium,Met
708192,14096,2025,2.6,Medium,Partially Met
708193,14097,2024,3.2,High,Met
708194,14097,2025,3.2,Medium,Met
708195,14098,2024,2.7,Low,Exceeded
708196,14098,2025,2.9,Medium,Met
708197,14099,2024,3.2,Medium,Partially Met
708198,14099,2025,3.5,High,Met
708199,14100,2024,4.9,High,Met
708200,14100,2025,3.1,Medium,Met
708201,14101,2024,2.9,Low,Partially Met
708202,14101,2025,3.4,Medium,Met
708203,14102,2024,3.2,Medium,Met
708204,14102,2025,3.6,High,Partially Met
708205,14103,2024,1.7,High,Exceeded
708206,14103,2025,4.0,Medium,Met
708207,14104,2024,3.8,High,Met
708208,14104,2025,4.5,Medium,Met
708209,14105,2024,3.7,Medium,Met
708210,14105,2025,3.2,Medium,Partially Met
708211,14106,2024,1.6,Medium,Met
708212,14106,2025,2.3,Low,Met
708213,14107,2024,2.6,Medium,Met
708214,14107,2025,3.1,High,Met
708215,14108,2024,2.9,Medium,Met
708216,14108,2025,3.0,Medium,Met
708217,14109,2024,2.4,Medium,Met
708218,14109,2025,3.6,Medium,Met
708219,14110,2024,2.7,High,Met
708220,14110,2025,3.7,Medium,Met
708221,14111,2024,2.5,Medium,Exceeded
708222,14111,2025,4.0,Medium,Met
708223,14112,2024,2.8,Medium,Exceeded
708224,14112,2025,3.6,High,Partially Met
708225,14113,2024,3.3,Medium,Exceeded
708226,14113,2025,2.2,Medium,Met
708227,14114,2024,2.9,Low,Partially Met
708228,14114,2025,3.4,High,Exceeded
708229,14115,2024,2.9,High,Exceeded
708230,14115,2025,3.4,Medium,Met
708231,14116,2024,3.5,High,Exceeded
708232,14116,2025,2.9,Medium,Met
708233,14117,2024,3.6,High,Met
708234,14117,2025,2.3,High,Exceeded
708235,14118,2024,3.9,Medium,Partially Met
708236,14118,2025,2.5,High,Exceeded
708237,14119,2024,4.1,High,Met
708238,14119,2025,2.4,Low,Exceeded
708239,14120,2024,3.0,Low,Met
708240,14120,2025,3.3,Medium,Met
708241,14121,2024,1.8,Low,Met
708242,14121,2025,4.2,Medium,Met
708243,14122,2024,2.8,Low,Met
708244,14122,2025,2.9,High,Met
708245,14123,2024,3.2,High,Partially Met
708246,14123,2025,3.5,Low,Met
708247,14124,2024,4.7,Medium,Exceeded
708248,14124,2025,3.2,High,Exceeded
708249,14125,2024,4.2,Low,Met
708250,14125,2025,3.2,Medium,Met
708251,14126,2024,3.7,Low,Exceeded
708252,14126,2025,3.3,Medium,Met
708253,14127,2024,3.1,Low,Met
708254,14127,2025,3.8,Medium,Met
708255,14128,2024,3.4,High,Met
708256,14128,2025,4.6,Low,Met
708257,14129,2024,2.7,Medium,Met
708258,14129,2025,3.5,Medium,Met
708259,14130,2024,4.3,Medium,Met
708260,14130,2025,4.2,High,Met
708261,14131,2024,3.3,Low,Met
708262,14131,2025,3.0,High,Met
708263,14132,2024,4.6,Medium,Met
708264,14132,2025,3.3,High,Met
708265,14133,2024,3.1,Low,Partially Met
708266,14133,2025,3.5,Medium,Met
708267,14134,2024,3.6,Medium,Met
708268,14134,2025,3.1,Low,Met
708269,14135,2024,2.7,Medium,Exceeded
708270,14135,2025,2.9,Medium,Met
708271,14136,2024,3.2,Low,Met
708272,14136,2025,4.2,High,Met
708273,14137,2024,3.4,Medium,Met
708274,14137,2025,1.8,High,Exceeded
708275,14138,2024,3.3,Medium,Partially Met
708276,14138,2025,4.3,Medium,Exceeded
708277,14139,2024,3.0,High,Exceeded
708278,14139,2025,3.9,Medium,Partially Met
708279,14140,2024,3.2,High,Exceeded
708280,14140,2025,3.6,Low,Exceeded
708281,14141,2024,3.4,Medium,Met
708282,14141,2025,3.0,Medium,Met
708283,14142,2024,3.1,Medium,Met
708284,14142,2025,3.3,Medium,Met
708285,14143,2024,2.5,High,Met
708286,14143,2025,3.2,High,Met
708287,14144,2024,3.4,Low,Partially Met
708288,14144,2025,3.0,Low,Partially Met
708289,14145,2024,3.5,Medium,Met
708290,14145,2025,2.9,Medium,Met
708291,14146,2024,3.1,Medium,Met
708292,14146,2025,3.5,Medium,Exceeded
708293,14147,2024,4.0,Medium,Exceeded
708294,14147,2025,2.2,Medium,Met
708295,14148,2024,3.5,Medium,Partially Met
708296,14148,2025,2.9,Medium,Met
708297,14149,2024,4.5,High,Met
708298,14149,2025,3.9,Low,Partially Met
708299,14150,2024,3.1,Medium,Partially Met
708300,14150,2025,2.9,Medium,Partially Met
708301,14151,2024,1.8,Medium,Met
708302,14151,2025,3.1,Low,Met
708303,14152,2024,4.0,Medium,Met
708304,14152,2025,3.1,High,Partially Met
708305,14153,2024,3.1,Medium,Met
708306,14153,2025,3.6,Low,Met
708307,14154,2024,3.6,Medium,Met
708308,14154,2025,2.4,High,Met
708309,14155,2024,3.2,Medium,Met
708310,14155,2025,3.5,Medium,Met
708311,14156,2024,4.9,Medium,Met
708312,14156,2025,4.1,Medium,Met
708313,14157,2024,2.3,High,Met
708314,14157,2025,3.2,High,Met
708315,14158,2024,2.5,Medium,Partially Met
708316,14158,2025,3.0,Medium,Met
708317,14159,2024,3.0,Low,Met
708318,14159,2025,3.3,Medium,Partially Met
708319,14160,2024,2.6,Medium,Met
708320,14160,2025,3.2,Medium,Met
708321,14161,2024,4.4,Medium,Met
708322,14161,2025,3.9,Medium,Met
708323,14162,2024,3.6,Medium,Exceeded
708324,14162,2025,3.1,Medium,Met
708325,14163,2024,2.0,Medium,Met
708326,14163,2025,2.0,Medium,Exceeded
708327,14164,2024,3.5,Medium,Met
708328,14164,2025,2.5,High,Met
708329,14165,2024,1.5,Medium,Met
708330,14165,2025,4.2,Low,Met
708331,14166,2024,3.3,Low,Met
708332,14166,2025,3.4,Medium,Met
708333,14167,2024,3.8,Medium,Exceeded
708334,14167,2025,3.3,Medium,Met
708335,14168,2024,3.0,Medium,Met
708336,14168,2025,2.9,High,Met
708337,14169,2024,2.9,Medium,Met
708338,14169,2025,3.5,Medium,Met
708339,14170,2024,3.7,High,Met
708340,14170,2025,3.1,High,Met
708341,14171,2024,2.8,High,Exceeded
708342,14171,2025,3.1,Low,Met
708343,14172,2024,3.6,Medium,Partially Met
708344,14172,2025,2.6,Medium,Met
708345,14173,2024,2.8,Medium,Met
708346,14173,2025,3.9,Medium,Exceeded
708347,14174,2024,3.2,Medium,Exceeded
708348,14174,2025,3.3,Medium,Partially Met
708349,14175,2024,4.0,Medium,Exceeded
708350,14175,2025,4.1,High,Met
708351,14176,2024,3.1,Medium,Met
708352,14176,2025,4.6,Medium,Met
708353,14177,2024,2.9,High,Met
708354,14177,2025,3.3,Low,Exceeded
708355,14178,2024,3.1,Medium,Partially Met
708356,14178,2025,3.4,High,Partially Met
708357,14179,2024,3.2,Medium,Met
708358,14179,2025,2.8,Medium,Met
708359,14180,2024,4.0,Medium,Exceeded
708360,14180,2025,3.0,High,Exceeded
708361,14181,2024,3.2,Medium,Met
708362,14181,2025,3.5,High,Exceeded
708363,14182,2024,2.8,High,Met
708364,14182,2025,2.9,High,Met
708365,14183,2024,2.7,Medium,Met
708366,14183,2025,3.0,Medium,Met
708367,14184,2024,2.7,Medium,Met
708368,14184,2025,2.6,Medium,Met
708369,14185,2024,2.3,Medium,Met
708370,14185,2025,4.0,Medium,Met
708371,14186,2024,3.6,Medium,Met
708372,14186,2025,3.9,Medium,Exceeded
708373,14187,2024,3.5,Medium,Partially Met
708374,14187,2025,3.7,Low,Met
708375,14188,2024,4.7,Medium,Exceeded
708376,14188,2025,3.6,Medium,Met
708377,14189,2024,2.5,Low,Exceeded
708378,14189,2025,4.3,Medium,Met
708379,14190,2024,3.2,Medium,Met
708380,14190,2025,4.0,High,Partially Met
708381,14191,2024,3.1,High,Met
708382,14191,2025,4.3,Medium,Exceeded
708383,14192,2024,4.4,Low,Met
708384,14192,2025,4.0,Medium,Met
708385,14193,2024,2.9,Medium,Partially Met
708386,14193,2025,3.6,High,Exceeded
708387,14194,2024,3.5,High,Exceeded
708388,14194,2025,4.0,Medium,Exceeded
708389,14195,2024,4.3,Medium,Exceeded
708390,14195,2025,4.1,Medium,Met
708391,14196,2024,3.2,Low,Met
708392,14196,2025,4.3,Medium,Partially Met
708393,14197,2024,4.0,Medium,Met
708394,14197,2025,3.7,Medium,Met
708395,14198,2024,2.9,Medium,Partially Met
708396,14198,2025,3.0,Medium,Met
708397,14199,2024,5.0,Medium,Exceeded
708398,14199,2025,2.4,Medium,Exceeded
708399,14200,2024,2.6,Low,Met
708400,14200,2025,3.3,Low,Met
708401,14201,2024,3.8,High,Met
708402,14201,2025,2.8,High,Met
708403,14202,2024,2.4,Medium,Met
708404,14202,2025,2.6,Medium,Exceeded
708405,14203,2024,3.9,Medium,Met
708406,14203,2025,4.0,Medium,Exceeded
708407,14204,2024,3.5,Medium,Met
708408,14204,2025,3.3,Medium,Exceeded
708409,14205,2024,2.2,High,Exceeded
708410,14205,2025,2.3,High,Exceeded
708411,14206,2024,4.1,Medium,Met
708412,14206,2025,2.7,Low,Partially Met
708413,14207,2024,4.2,Medium,Met
708414,14207,2025,3.8,Medium,Met
708415,14208,2024,3.8,Low,Met
708416,14208,2025,4.0,Medium,Met
708417,14209,2024,4.2,Low,Met
708418,14209,2025,3.4,Low,Met
708419,14210,2024,3.5,Medium,Met
708420,14210,2025,2.5,Medium,Met
708421,14211,2024,2.9,High,Exceeded
708422,14211,2025,4.4,High,Met
708423,14212,2024,2.5,Medium,Met
708424,14212,2025,3.7,Medium,Exceeded
708425,14213,2024,2.2,Medium,Met
708426,14213,2025,3.1,Low,Met
708427,14214,2024,3.9,High,Partially Met
708428,14214,2025,3.5,Low,Met
708429,14215,2024,2.8,Medium,Exceeded
708430,14215,2025,1.9,Medium,Met
708431,14216,2024,4.5,High,Exceeded
708432,14216,2025,2.9,Low,Partially Met
708433,14217,2024,3.2,Low,Partially Met
708434,14217,2025,3.8,Medium,Met
708435,14218,2024,3.2,High,Met
708436,14218,2025,3.0,Low,Partially Met
708437,14219,2024,1.9,High,Met
708438,14219,2025,4.1,High,Met
708439,14220,2024,2.6,High,Met
708440,14220,2025,4.2,Medium,Exceeded
708441,14221,2024,4.7,Medium,Exceeded
708442,14221,2025,3.8,High,Met
708443,14222,2024,2.7,Low,Met
708444,14222,2025,3.9,Medium,Met
708445,14223,2024,2.7,Low,Partially Met
708446,14223,2025,3.5,Medium,Met
708447,14224,2024,4.0,Low,Met
708448,14224,2025,3.8,High,Exceeded
708449,14225,2024,2.8,Medium,Met
708450,14225,2025,3.1,Medium,Met
708451,14226,2024,5.0,Low,Met
708452,14226,2025,5.0,Low,Met
708453,14227,2024,4.0,Medium,Met
708454,14227,2025,3.2,High,Exceeded
708455,14228,2024,4.3,Medium,Exceeded
708456,14228,2025,4.3,Medium,Met
708457,14229,2024,4.5,High,Met
708458,14229,2025,3.4,High,Met
708459,14230,2024,3.6,Medium,Met
708460,14230,2025,3.7,Medium,Exceeded
708461,14231,2024,3.5,High,Exceeded
708462,14231,2025,3.4,High,Met
708463,14232,2024,2.5,Medium,Partially Met
708464,14232,2025,3.8,Medium,Met
708465,14233,2024,3.9,Medium,Met
708466,14233,2025,3.8,Medium,Met
708467,14234,2024,3.0,Low,Exceeded
708468,14234,2025,3.8,Medium,Met
708469,14235,2024,2.3,Low,Met
708470,14235,2025,3.6,Medium,Exceeded
708471,14236,2024,2.8,Medium,Met
708472,14236,2025,2.0,Medium,Met
708473,14237,2024,3.0,Medium,Met
708474,14237,2025,3.5,High,Met
708475,14238,2024,3.6,Low,Met
708476,14238,2025,3.8,Medium,Met
708477,14239,2024,3.0,Medium,Met
708478,14239,2025,3.1,Medium,Met
708479,14240,2024,1.8,High,Exceeded
708480,14240,2025,3.9,Medium,Exceeded
708481,14241,2024,3.8,Medium,Met
708482,14241,2025,2.6,Medium,Met
708483,14242,2024,3.6,Medium,Met
708484,14242,2025,4.0,Medium,Exceeded
708485,14243,2024,2.7,Medium,Met
708486,14243,2025,2.8,Low,Exceeded
708487,14244,2024,2.9,Medium,Met
708488,14244,2025,3.8,High,Exceeded
708489,14245,2024,3.4,Low,Exceeded
708490,14245,2025,4.5,Medium,Partially Met
708491,14246,2024,2.6,Medium,Met
708492,14246,2025,4.3,Low,Partially Met
708493,14247,2024,3.8,High,Met
708494,14247,2025,3.2,High,Met
708495,14248,2024,3.8,Medium,Met
708496,14248,2025,3.1,High,Met
708497,14249,2024,3.7,Low,Met
708498,14249,2025,3.3,High,Exceeded
708499,14250,2024,2.9,High,Met
708500,14250,2025,2.9,Medium,Partially Met
708501,14251,2024,3.9,Medium,Exceeded
708502,14251,2025,2.6,High,Met
708503,14252,2024,2.6,High,Exceeded
708504,14252,2025,3.0,Medium,Met
708505,14253,2024,3.8,High,Exceeded
708506,14253,2025,3.4,Medium,Met
708507,14254,2024,3.2,Medium,Exceeded
708508,14254,2025,3.7,Low,Met
708509,14255,2024,4.5,High,Exceeded
708510,14255,2025,3.1,Low,Partially Met
708511,14256,2024,3.8,Medium,Met
708512,14256,2025,3.3,Medium,Exceeded
708513,14257,2024,2.2,Low,Met
708514,14257,2025,2.6,Medium,Exceeded
708515,14258,2024,3.4,Medium,Met
708516,14258,2025,3.2,Low,Exceeded
708517,14259,2024,3.6,Medium,Met
708518,14259,2025,3.5,Low,Met
708519,14260,2024,3.3,Low,Exceeded
708520,14260,2025,3.0,Medium,Exceeded
708521,14261,2024,3.7,High,Met
708522,14261,2025,3.2,Low,Exceeded
708523,14262,2024,3.7,Low,Exceeded
708524,14262,2025,2.7,Medium,Met
708525,14263,2024,2.9,Medium,Met
708526,14263,2025,1.4,High,Met
708527,14264,2024,3.3,High,Met
708528,14264,2025,3.3,Low,Met
708529,14265,2024,2.7,Medium,Met
708530,14265,2025,3.3,High,Exceeded
708531,14266,2024,3.5,Medium,Exceeded
708532,14266,2025,3.1,High,Met
708533,14267,2024,3.1,High,Met
708534,14267,2025,2.3,High,Met
708535,14268,2024,3.8,Medium,Partially Met
708536,14268,2025,4.2,Medium,Partially Met
708537,14269,2024,3.8,Medium,Partially Met
708538,14269,2025,2.4,Medium,Partially Met
708539,14270,2024,3.5,Medium,Exceeded
708540,14270,2025,3.3,Medium,Partially Met
708541,14271,2024,3.8,Low,Partially Met
708542,14271,2025,3.2,Medium,Exceeded
708543,14272,2024,4.0,High,Exceeded
708544,14272,2025,3.0,Medium,Partially Met
708545,14273,2024,3.2,High,Exceeded
708546,14273,2025,3.9,Medium,Met
708547,14274,2024,3.0,Medium,Met
708548,14274,2025,3.9,Low,Met
708549,14275,2024,3.7,High,Exceeded
708550,14275,2025,3.7,Medium,Exceeded
708551,14276,2024,4.0,Low,Met
708552,14276,2025,3.6,Medium,Exceeded
708553,14277,2024,3.5,High,Met
708554,14277,2025,2.4,Low,Exceeded
708555,14278,2024,3.6,Low,Met
708556,14278,2025,3.9,Low,Partially Met
708557,14279,2024,4.2,Medium,Met
708558,14279,2025,3.8,Medium,Met
708559,14280,2024,3.1,Medium,Partially Met
708560,14280,2025,3.3,Medium,Met
708561,14281,2024,3.6,Medium,Partially Met
708562,14281,2025,4.4,Medium,Exceeded
708563,14282,2024,3.5,Medium,Met
708564,14282,2025,3.3,High,Met
708565,14283,2024,3.4,Medium,Met
708566,14283,2025,3.0,Low,Met
708567,14284,2024,3.9,Medium,Met
708568,14284,2025,2.6,Low,Met
708569,14285,2024,3.3,Medium,Met
708570,14285,2025,3.8,Medium,Met
708571,14286,2024,3.0,High,Met
708572,14286,2025,3.1,High,Met
708573,14287,2024,2.7,Medium,Partially Met
708574,14287,2025,3.2,Low,Met
708575,14288,2024,3.6,Low,Met
708576,14288,2025,2.1,Medium,Exceeded
708577,14289,2024,2.6,Medium,Partially Met
708578,14289,2025,3.2,Medium,Met
708579,14290,2024,1.9,Medium,Exceeded
708580,14290,2025,3.7,Medium,Partially Met
708581,14291,2024,2.2,Medium,Partially Met
708582,14291,2025,3.4,Low,Met
708583,14292,2024,3.0,Medium,Met
708584,14292,2025,3.7,Medium,Met
708585,14293,2024,2.6,Low,Met
708586,14293,2025,1.6,High,Partially Met
708587,14294,2024,4.1,Medium,Exceeded
708588,14294,2025,3.7,Medium,Met
708589,14295,2024,3.4,High,Partially Met
708590,14295,2025,3.2,Medium,Met
708591,14296,2024,4.0,Medium,Met
708592,14296,2025,4.2,Medium,Partially Met
708593,14297,2024,3.9,Low,Met
708594,14297,2025,3.2,Medium,Met
708595,14298,2024,3.4,Medium,Met
708596,14298,2025,2.9,Medium,Met
708597,14299,2024,3.5,Medium,Met
708598,14299,2025,4.1,High,Met
708599,14300,2024,2.2,Medium,Met
708600,14300,2025,2.9,Medium,Met
708601,14301,2024,3.8,High,Exceeded
708602,14301,2025,2.6,Medium,Partially Met
708603,14302,2024,4.5,Low,Exceeded
708604,14302,2025,3.5,High,Partially Met
708605,14303,2024,2.8,Low,Partially Met
708606,14303,2025,2.6,High,Exceeded
708607,14304,2024,3.6,Low,Partially Met
708608,14304,2025,3.3,Medium,Exceeded
708609,14305,2024,3.7,Low,Exceeded
708610,14305,2025,2.9,High,Met
708611,14306,2024,3.5,Low,Exceeded
708612,14306,2025,4.0,High,Partially Met
708613,14307,2024,3.1,Medium,Exceeded
708614,14307,2025,4.2,Medium,Met
708615,14308,2024,3.3,Medium,Met
708616,14308,2025,3.7,Medium,Exceeded
708617,14309,2024,3.5,High,Met
708618,14309,2025,3.2,Medium,Met
708619,14310,2024,3.8,Medium,Met
708620,14310,2025,2.7,High,Met
708621,14311,2024,3.7,Medium,Met
708622,14311,2025,3.5,Medium,Exceeded
708623,14312,2024,3.1,Medium,Met
708624,14312,2025,2.9,Medium,Met
708625,14313,2024,5.0,Medium,Exceeded
708626,14313,2025,4.1,Medium,Exceeded
708627,14314,2024,3.6,High,Exceeded
708628,14314,2025,4.0,Medium,Exceeded
708629,14315,2024,3.3,Medium,Met
708630,14315,2025,4.9,Medium,Met
708631,14316,2024,3.3,Medium,Met
708632,14316,2025,3.0,Medium,Met
708633,14317,2024,3.6,Medium,Exceeded
708634,14317,2025,3.6,Medium,Met
708635,14318,2024,3.5,High,Met
708636,14318,2025,4.1,Medium,Met
708637,14319,2024,3.5,Medium,Met
708638,14319,2025,3.4,High,Met
708639,14320,2024,3.1,Medium,Met
708640,14320,2025,3.5,Medium,Met
708641,14321,2024,2.7,High,Met
708642,14321,2025,3.2,Medium,Met
708643,14322,2024,3.3,Low,Met
708644,14322,2025,3.8,Medium,Met
708645,14323,2024,4.3,Medium,Met
708646,14323,2025,3.4,Low,Met
708647,14324,2024,2.8,Medium,Met
708648,14324,2025,3.3,Low,Exceeded
708649,14325,2024,2.8,High,Partially Met
708650,14325,2025,4.4,Medium,Exceeded
708651,14326,2024,3.7,Medium,Met
708652,14326,2025,3.4,Medium,Exceeded
708653,14327,2024,3.9,Medium,Met
708654,14327,2025,4.1,High,Partially Met
708655,14328,2024,3.5,Medium,Met
708656,14328,2025,3.7,Medium,Met
708657,14329,2024,2.1,High,Met
708658,14329,2025,4.0,Medium,Met
708659,14330,2024,3.7,Medium,Exceeded
708660,14330,2025,2.2,Medium,Exceeded
708661,14331,2024,3.3,Low,Partially Met
708662,14331,2025,3.7,High,Exceeded
708663,14332,2024,3.8,Medium,Met
708664,14332,2025,3.0,Low,Met
708665,14333,2024,2.8,High,Met
708666,14333,2025,1.8,Low,Met
708667,14334,2024,2.0,Low,Exceeded
708668,14334,2025,2.2,High,Met
708669,14335,2024,3.6,Low,Partially Met
708670,14335,2025,3.0,High,Exceeded
708671,14336,2024,3.8,Medium,Met
708672,14336,2025,3.7,High,Met
708673,14337,2024,3.3,Low,Met
708674,14337,2025,2.5,Medium,Partially Met
708675,14338,2024,3.4,Medium,Met
708676,14338,2025,3.2,Medium,Met
708677,14339,2024,3.4,Medium,Met
708678,14339,2025,2.5,Low,Exceeded
708679,14340,2024,4.5,Medium,Met
708680,14340,2025,2.2,Medium,Met
708681,14341,2024,2.8,High,Met
708682,14341,2025,3.2,Low,Met
708683,14342,2024,4.1,High,Exceeded
708684,14342,2025,3.6,High,Met
708685,14343,2024,3.9,Low,Exceeded
708686,14343,2025,3.6,Medium,Met
708687,14344,2024,2.3,High,Exceeded
708688,14344,2025,2.9,Medium,Met
708689,14345,2024,3.0,Medium,Exceeded
708690,14345,2025,3.4,Medium,Met
708691,14346,2024,4.1,High,Met
708692,14346,2025,2.8,Medium,Met
708693,14347,2024,2.8,High,Met
708694,14347,2025,3.5,Medium,Met
708695,14348,2024,3.5,Low,Met
708696,14348,2025,3.5,Medium,Met
708697,14349,2024,3.2,Low,Met
708698,14349,2025,4.4,High,Met
708699,14350,2024,3.1,Medium,Met
708700,14350,2025,3.9,Low,Exceeded
708701,14351,2024,4.1,Low,Met
708702,14351,2025,4.6,Medium,Exceeded
708703,14352,2024,3.3,Low,Met
708704,14352,2025,3.9,Medium,Met
708705,14353,2024,3.3,Medium,Met
708706,14353,2025,3.0,Medium,Met
708707,14354,2024,2.7,Medium,Exceeded
708708,14354,2025,3.4,Low,Exceeded
708709,14355,2024,4.5,High,Met
708710,14355,2025,3.1,Medium,Exceeded
708711,14356,2024,3.2,Medium,Met
708712,14356,2025,3.5,Medium,Met
708713,14357,2024,3.4,Medium,Partially Met
708714,14357,2025,3.6,Medium,Met
708715,14358,2024,3.0,High,Met
708716,14358,2025,3.2,Medium,Met
708717,14359,2024,3.1,Low,Partially Met
708718,14359,2025,2.4,Medium,Partially Met
708719,14360,2024,3.9,Medium,Met
708720,14360,2025,2.5,Medium,Met
708721,14361,2024,2.5,Low,Met
708722,14361,2025,3.6,Medium,Met
708723,14362,2024,3.0,Medium,Met
708724,14362,2025,1.7,High,Met
708725,14363,2024,3.6,Low,Exceeded
708726,14363,2025,4.0,Medium,Met
708727,14364,2024,4.2,Medium,Met
708728,14364,2025,4.4,High,Met
708729,14365,2024,3.2,Low,Exceeded
708730,14365,2025,2.0,Medium,Partially Met
708731,14366,2024,3.7,Medium,Partially Met
708732,14366,2025,3.9,High,Met
708733,14367,2024,2.7,Low,Met
708734,14367,2025,3.2,Medium,Exceeded
708735,14368,2024,3.2,High,Met
708736,14368,2025,2.2,Medium,Exceeded
708737,14369,2024,4.8,High,Partially Met
708738,14369,2025,3.6,Medium,Met
708739,14370,2024,3.1,Medium,Partially Met
708740,14370,2025,3.2,Medium,Met
708741,14371,2024,4.0,High,Met
708742,14371,2025,3.5,Low,Met
708743,14372,2024,3.1,Medium,Exceeded
708744,14372,2025,3.6,Medium,Met
708745,14373,2024,3.1,Medium,Met
708746,14373,2025,3.2,Low,Partially Met
708747,14374,2024,4.0,Low,Partially Met
708748,14374,2025,4.2,Medium,Met
708749,14375,2024,5.0,High,Exceeded
708750,14375,2025,4.2,Medium,Met
708751,14376,2024,3.5,Medium,Met
708752,14376,2025,2.8,Medium,Exceeded
708753,14377,2024,2.9,High,Partially Met
708754,14377,2025,3.7,Medium,Met
708755,14378,2024,3.5,High,Met
708756,14378,2025,2.7,Low,Met
708757,14379,2024,4.1,Medium,Met
708758,14379,2025,3.0,Medium,Exceeded
708759,14380,2024,4.2,High,Exceeded
708760,14380,2025,3.0,Medium,Partially Met
708761,14381,2024,3.6,Medium,Met
708762,14381,2025,4.3,Medium,Met
708763,14382,2024,2.4,Medium,Exceeded
708764,14382,2025,4.4,Medium,Met
708765,14383,2024,3.3,High,Met
708766,14383,2025,3.1,Medium,Exceeded
708767,14384,2024,4.0,Medium,Exceeded
708768,14384,2025,4.1,Medium,Exceeded
708769,14385,2024,3.5,Medium,Met
708770,14385,2025,3.5,Medium,Met
708771,14386,2024,5.0,High,Met
708772,14386,2025,2.9,High,Partially Met
708773,14387,2024,4.6,Medium,Partially Met
708774,14387,2025,3.5,Low,Met
708775,14388,2024,2.9,Medium,Met
708776,14388,2025,3.4,Medium,Met
708777,14389,2024,2.8,Medium,Met
708778,14389,2025,2.8,High,Met
708779,14390,2024,2.4,High,Partially Met
708780,14390,2025,4.0,Low,Met
708781,14391,2024,3.4,Medium,Partially Met
708782,14391,2025,4.0,Medium,Exceeded
708783,14392,2024,3.6,Low,Met
708784,14392,2025,4.0,High,Exceeded
708785,14393,2024,3.8,Low,Partially Met
708786,14393,2025,2.4,Medium,Met
708787,14394,2024,3.3,Low,Met
708788,14394,2025,3.0,Medium,Met
708789,14395,2024,4.3,High,Exceeded
708790,14395,2025,4.0,Medium,Exceeded
708791,14396,2024,3.1,Low,Met
708792,14396,2025,3.9,Low,Met
708793,14397,2024,2.8,High,Exceeded
708794,14397,2025,2.5,Medium,Met
708795,14398,2024,4.2,Medium,Met
708796,14398,2025,3.6,Medium,Met
708797,14399,2024,4.0,Medium,Partially Met
708798,14399,2025,3.8,Medium,Met
708799,14400,2024,4.1,Low,Partially Met
708800,14400,2025,3.9,High,Met
708801,14401,2024,4.0,Low,Exceeded
708802,14401,2025,3.8,Medium,Met
708803,14402,2024,3.8,High,Met
708804,14402,2025,3.1,Medium,Exceeded
708805,14403,2024,3.3,Medium,Partially Met
708806,14403,2025,3.8,Medium,Met
708807,14404,2024,3.1,High,Partially Met
708808,14404,2025,3.4,Medium,Met
708809,14405,2024,2.1,Low,Met
708810,14405,2025,3.8,Medium,Met
708811,14406,2024,4.9,Medium,Partially Met
708812,14406,2025,4.0,Low,Met
708813,14407,2024,3.7,Medium,Met
708814,14407,2025,3.6,Low,Met
708815,14408,2024,4.0,High,Met
708816,14408,2025,3.5,Low,Met
708817,14409,2024,4.2,High,Met
708818,14409,2025,3.7,Medium,Partially Met
708819,14410,2024,3.7,Low,Exceeded
708820,14410,2025,3.1,High,Partially Met
708821,14411,2024,4.1,Medium,Met
708822,14411,2025,4.1,Medium,Met
708823,14412,2024,4.1,Medium,Met
708824,14412,2025,2.8,Low,Met
708825,14413,2024,2.9,Medium,Partially Met
708826,14413,2025,2.9,Medium,Met
708827,14414,2024,3.2,Medium,Met
708828,14414,2025,3.5,Medium,Met
708829,14415,2024,4.2,Medium,Met
708830,14415,2025,3.4,Low,Met
708831,14416,2024,4.1,Medium,Exceeded
708832,14416,2025,3.1,Medium,Met
708833,14417,2024,2.6,Medium,Met
708834,14417,2025,2.7,Low,Met
708835,14418,2024,4.3,Medium,Met
708836,14418,2025,3.8,Medium,Partially Met
708837,14419,2024,4.3,High,Met
708838,14419,2025,3.5,Medium,Met
708839,14420,2024,3.9,High,Exceeded
708840,14420,2025,3.4,Medium,Met
708841,14421,2024,3.1,High,Met
708842,14421,2025,3.8,Medium,Met
708843,14422,2024,3.3,Medium,Met
708844,14422,2025,3.8,Medium,Met
708845,14423,2024,4.3,High,Partially Met
708846,14423,2025,3.6,Low,Met
708847,14424,2024,2.6,Medium,Partially Met
708848,14424,2025,3.2,Low,Met
708849,14425,2024,3.1,Medium,Met
708850,14425,2025,3.9,Low,Met
708851,14426,2024,3.2,Medium,Met
708852,14426,2025,3.0,Low,Met
708853,14427,2024,4.6,High,Met
708854,14427,2025,3.9,Medium,Met
708855,14428,2024,2.7,High,Exceeded
708856,14428,2025,4.2,Medium,Met
708857,14429,2024,3.8,Low,Partially Met
708858,14429,2025,2.1,High,Partially Met
708859,14430,2024,2.2,Medium,Met
708860,14430,2025,3.4,Low,Exceeded
708861,14431,2024,3.4,Low,Met
708862,14431,2025,3.5,High,Met
708863,14432,2024,4.6,Medium,Met
708864,14432,2025,3.9,High,Partially Met
708865,14433,2024,4.2,Medium,Met
708866,14433,2025,4.6,High,Met
708867,14434,2024,4.7,Low,Partially Met
708868,14434,2025,3.1,Medium,Met
708869,14435,2024,3.4,Medium,Met
708870,14435,2025,3.7,Medium,Met
708871,14436,2024,4.6,High,Met
708872,14436,2025,2.6,Medium,Met
708873,14437,2024,2.8,High,Met
708874,14437,2025,3.4,Medium,Partially Met
708875,14438,2024,2.0,Low,Met
708876,14438,2025,3.8,Medium,Met
708877,14439,2024,4.5,Medium,Met
708878,14439,2025,3.4,Medium,Met
708879,14440,2024,4.2,Medium,Exceeded
708880,14440,2025,2.8,Medium,Partially Met
708881,14441,2024,3.6,Low,Met
708882,14441,2025,3.5,Low,Met
708883,14442,2024,2.1,Medium,Exceeded
708884,14442,2025,4.6,Medium,Met
708885,14443,2024,4.1,Medium,Partially Met
708886,14443,2025,3.8,Low,Partially Met
708887,14444,2024,3.6,High,Met
708888,14444,2025,3.2,Medium,Met
708889,14445,2024,3.1,Medium,Met
708890,14445,2025,3.4,Medium,Met
708891,14446,2024,3.6,High,Met
708892,14446,2025,4.1,Low,Met
708893,14447,2024,3.7,Low,Met
708894,14447,2025,2.9,High,Met
708895,14448,2024,2.6,High,Met
708896,14448,2025,3.1,High,Exceeded
708897,14449,2024,3.4,Low,Met
708898,14449,2025,3.4,Medium,Met
708899,14450,2024,4.0,Medium,Met
708900,14450,2025,3.0,High,Met
708901,14451,2024,4.3,Medium,Partially Met
708902,14451,2025,4.5,High,Exceeded
708903,14452,2024,2.8,High,Met
708904,14452,2025,2.1,High,Met
708905,14453,2024,3.3,Medium,Exceeded
708906,14453,2025,3.5,Medium,Met
708907,14454,2024,2.8,Medium,Met
708908,14454,2025,3.1,Medium,Met
708909,14455,2024,3.2,High,Met
708910,14455,2025,5.0,Medium,Partially Met
708911,14456,2024,2.5,Medium,Met
708912,14456,2025,3.3,Low,Exceeded
708913,14457,2024,3.4,Medium,Partially Met
708914,14457,2025,3.4,Medium,Partially Met
708915,14458,2024,3.3,Medium,Met
708916,14458,2025,2.7,Low,Met
708917,14459,2024,3.1,High,Exceeded
708918,14459,2025,3.1,Medium,Exceeded
708919,14460,2024,3.9,Medium,Met
708920,14460,2025,3.8,Medium,Met
708921,14461,2024,3.9,High,Met
708922,14461,2025,4.1,Low,Met
708923,14462,2024,4.4,Low,Met
708924,14462,2025,4.6,Medium,Met
708925,14463,2024,3.5,Medium,Met
708926,14463,2025,4.1,High,Met
708927,14464,2024,3.8,High,Partially Met
708928,14464,2025,3.8,High,Met
708929,14465,2024,3.1,Medium,Met
708930,14465,2025,4.7,High,Met
708931,14466,2024,4.0,High,Met
708932,14466,2025,2.1,Low,Met
708933,14467,2024,4.1,High,Met
708934,14467,2025,3.6,Low,Met
708935,14468,2024,2.8,High,Partially Met
708936,14468,2025,3.7,Medium,Exceeded
708937,14469,2024,3.0,Low,Met
708938,14469,2025,2.7,Low,Exceeded
708939,14470,2024,2.7,Medium,Partially Met
708940,14470,2025,2.6,High,Met
708941,14471,2024,3.6,High,Partially Met
708942,14471,2025,3.0,Medium,Exceeded
708943,14472,2024,3.7,Medium,Exceeded
708944,14472,2025,4.1,Medium,Met
708945,14473,2024,3.3,Medium,Partially Met
708946,14473,2025,2.3,Low,Met
708947,14474,2024,3.1,Medium,Met
708948,14474,2025,4.3,Medium,Partially Met
708949,14475,2024,4.0,High,Partially Met
708950,14475,2025,4.0,Medium,Met
708951,14476,2024,2.6,Medium,Met
708952,14476,2025,4.2,Medium,Met
708953,14477,2024,3.3,Medium,Met
708954,14477,2025,2.6,Low,Met
708955,14478,2024,3.4,Medium,Met
708956,14478,2025,4.3,High,Partially Met
708957,14479,2024,3.4,Medium,Met
708958,14479,2025,2.0,Medium,Met
708959,14480,2024,3.3,Low,Met
708960,14480,2025,2.2,High,Met
708961,14481,2024,4.2,Medium,Met
708962,14481,2025,4.2,Medium,Exceeded
708963,14482,2024,3.0,High,Met
708964,14482,2025,3.4,High,Met
708965,14483,2024,3.4,Medium,Exceeded
708966,14483,2025,3.3,Low,Met
708967,14484,2024,2.6,Medium,Partially Met
708968,14484,2025,3.2,Medium,Exceeded
708969,14485,2024,4.2,Low,Met
708970,14485,2025,2.7,Medium,Exceeded
708971,14486,2024,3.9,Medium,Partially Met
708972,14486,2025,3.5,Medium,Met
708973,14487,2024,3.3,Low,Exceeded
708974,14487,2025,4.0,High,Met
708975,14488,2024,4.0,Medium,Met
708976,14488,2025,4.4,Medium,Partially Met
708977,14489,2024,3.6,Medium,Exceeded
708978,14489,2025,3.0,Medium,Met
708979,14490,2024,3.7,Low,Met
708980,14490,2025,2.4,High,Met
708981,14491,2024,3.3,Medium,Met
708982,14491,2025,4.3,Medium,Partially Met
708983,14492,2024,4.2,Medium,Met
708984,14492,2025,2.6,Medium,Met
708985,14493,2024,4.0,High,Exceeded
708986,14493,2025,3.7,High,Met
708987,14494,2024,4.6,High,Met
708988,14494,2025,4.0,High,Met
708989,14495,2024,2.7,Low,Exceeded
708990,14495,2025,3.1,High,Met
708991,14496,2024,2.5,Medium,Met
708992,14496,2025,3.7,Low,Met
708993,14497,2024,2.8,High,Met
708994,14497,2025,3.5,Low,Exceeded
708995,14498,2024,3.5,High,Met
708996,14498,2025,2.3,Medium,Met
708997,14499,2024,2.6,Medium,Met
708998,14499,2025,3.7,Low,Met
708999,14500,2024,4.0,Medium,Met
709000,14500,2025,2.5,High,Met
709001,14501,2024,2.3,Medium,Met
709002,14501,2025,3.3,Medium,Met
709003,14502,2024,3.5,Medium,Met
709004,14502,2025,3.4,Medium,Exceeded
709005,14503,2024,3.3,Medium,Met
709006,14503,2025,2.2,High,Exceeded
709007,14504,2024,2.7,Medium,Exceeded
709008,14504,2025,2.5,Medium,Exceeded
709009,14505,2024,4.5,Medium,Met
709010,14505,2025,3.6,Low,Met
709011,14506,2024,3.4,High,Met
709012,14506,2025,3.0,Medium,Exceeded
709013,14507,2024,4.1,Medium,Met
709014,14507,2025,4.5,Medium,Partially Met
709015,14508,2024,3.6,Medium,Met
709016,14508,2025,3.4,Low,Met
709017,14509,2024,3.3,Medium,Met
709018,14509,2025,4.0,Medium,Met
709019,14510,2024,2.7,Medium,Met
709020,14510,2025,3.4,Low,Exceeded
709021,14511,2024,4.2,Medium,Met
709022,14511,2025,3.5,High,Exceeded
709023,14512,2024,3.7,Low,Exceeded
709024,14512,2025,2.9,High,Exceeded
709025,14513,2024,2.5,Low,Met
709026,14513,2025,4.5,Medium,Met
709027,14514,2024,3.0,Low,Partially Met
709028,14514,2025,3.5,Low,Met
709029,14515,2024,3.6,Medium,Met
709030,14515,2025,3.2,Medium,Met
709031,14516,2024,2.9,Medium,Met
709032,14516,2025,3.8,Medium,Met
709033,14517,2024,3.0,Medium,Met
709034,14517,2025,3.8,High,Exceeded
709035,14518,2024,4.1,Low,Met
709036,14518,2025,3.4,Medium,Exceeded
709037,14519,2024,3.4,Medium,Exceeded
709038,14519,2025,2.4,Low,Met
709039,14520,2024,3.4,Medium,Partially Met
709040,14520,2025,3.0,Low,Met
709041,14521,2024,2.9,Medium,Exceeded
709042,14521,2025,2.9,Low,Exceeded
709043,14522,2024,3.6,Low,Met
709044,14522,2025,4.1,Medium,Exceeded
709045,14523,2024,2.9,Medium,Partially Met
709046,14523,2025,3.2,Medium,Met
709047,14524,2024,2.3,Medium,Met
709048,14524,2025,2.9,Medium,Exceeded
709049,14525,2024,4.1,Low,Exceeded
709050,14525,2025,4.2,Medium,Met
709051,14526,2024,4.4,Medium,Met
709052,14526,2025,3.7,Medium,Met
709053,14527,2024,3.0,High,Met
709054,14527,2025,3.9,Low,Partially Met
709055,14528,2024,4.0,Medium,Exceeded
709056,14528,2025,3.7,Medium,Met
709057,14529,2024,3.9,Medium,Exceeded
709058,14529,2025,2.5,High,Met
709059,14530,2024,2.7,High,Met
709060,14530,2025,3.6,Low,Met
709061,14531,2024,2.0,High,Met
709062,14531,2025,3.3,Low,Met
709063,14532,2024,4.2,Low,Exceeded
709064,14532,2025,3.9,Low,Met
709065,14533,2024,3.3,Medium,Exceeded
709066,14533,2025,3.4,Medium,Met
709067,14534,2024,4.5,Medium,Met
709068,14534,2025,3.2,Medium,Met
709069,14535,2024,3.3,High,Met
709070,14535,2025,3.6,High,Exceeded
709071,14536,2024,3.8,High,Met
709072,14536,2025,3.1,Medium,Met
709073,14537,2024,3.3,Medium,Met
709074,14537,2025,3.3,Medium,Met
709075,14538,2024,3.6,Low,Met
709076,14538,2025,3.1,High,Partially Met
709077,14539,2024,2.8,Low,Met
709078,14539,2025,3.2,High,Exceeded
709079,14540,2024,3.6,Low,Partially Met
709080,14540,2025,2.6,Medium,Met
709081,14541,2024,3.7,Low,Partially Met
709082,14541,2025,4.0,Medium,Met
709083,14542,2024,3.5,Low,Met
709084,14542,2025,4.0,High,Met
709085,14543,2024,3.4,Medium,Met
709086,14543,2025,3.6,Medium,Met
709087,14544,2024,3.8,High,Met
709088,14544,2025,3.3,High,Exceeded
709089,14545,2024,4.6,Medium,Exceeded
709090,14545,2025,3.5,Low,Partially Met
709091,14546,2024,2.6,High,Partially Met
709092,14546,2025,3.4,Medium,Met
709093,14547,2024,4.2,High,Exceeded
709094,14547,2025,2.8,Medium,Met
709095,14548,2024,2.8,Medium,Met
709096,14548,2025,3.8,Medium,Met
709097,14549,2024,2.9,High,Exceeded
709098,14549,2025,2.3,Medium,Exceeded
709099,14550,2024,4.4,Low,Met
709100,14550,2025,2.3,High,Met
709101,14551,2024,3.7,Medium,Partially Met
709102,14551,2025,3.5,Medium,Exceeded
709103,14552,2024,3.4,Medium,Met
709104,14552,2025,4.3,High,Met
709105,14553,2024,3.0,Medium,Met
709106,14553,2025,4.8,Low,Met
709107,14554,2024,3.5,Low,Met
709108,14554,2025,3.9,High,Met
709109,14555,2024,3.2,Medium,Met
709110,14555,2025,3.5,Low,Exceeded
709111,14556,2024,4.0,High,Met
709112,14556,2025,3.3,Medium,Partially Met
709113,14557,2024,3.4,Medium,Met
709114,14557,2025,3.6,High,Met
709115,14558,2024,3.3,Low,Met
709116,14558,2025,2.8,Medium,Met
709117,14559,2024,4.1,Medium,Exceeded
709118,14559,2025,4.0,High,Met
709119,14560,2024,3.9,High,Met
709120,14560,2025,3.1,Medium,Partially Met
709121,14561,2024,2.8,Medium,Partially Met
709122,14561,2025,3.0,Low,Met
709123,14562,2024,4.1,High,Met
709124,14562,2025,4.3,Medium,Met
709125,14563,2024,3.0,Medium,Met
709126,14563,2025,3.9,Medium,Met
709127,14564,2024,3.7,Medium,Exceeded
709128,14564,2025,5.0,High,Met
709129,14565,2024,3.3,Medium,Exceeded
709130,14565,2025,3.1,Low,Met
709131,14566,2024,4.0,High,Met
709132,14566,2025,3.1,Medium,Partially Met
709133,14567,2024,3.6,Medium,Exceeded
709134,14567,2025,3.3,Medium,Met
709135,14568,2024,2.5,Medium,Exceeded
709136,14568,2025,4.4,High,Met
709137,14569,2024,2.5,Medium,Met
709138,14569,2025,3.2,Low,Met
709139,14570,2024,2.9,Low,Partially Met
709140,14570,2025,3.3,High,Met
709141,14571,2024,2.9,Medium,Met
709142,14571,2025,2.9,Medium,Met
709143,14572,2024,3.4,High,Partially Met
709144,14572,2025,3.2,Low,Met
709145,14573,2024,4.4,Medium,Met
709146,14573,2025,3.2,Medium,Met
709147,14574,2024,3.4,Medium,Partially Met
709148,14574,2025,3.3,Medium,Met
709149,14575,2024,3.9,High,Met
709150,14575,2025,2.8,Medium,Met
709151,14576,2024,4.7,Medium,Met
709152,14576,2025,3.1,Low,Exceeded
709153,14577,2024,3.5,Medium,Met
709154,14577,2025,3.9,Low,Met
709155,14578,2024,2.5,Medium,Met
709156,14578,2025,3.1,Medium,Met
709157,14579,2024,4.0,Medium,Met
709158,14579,2025,3.4,High,Met
709159,14580,2024,3.4,Medium,Met
709160,14580,2025,3.5,Medium,Met
709161,14581,2024,3.8,High,Met
709162,14581,2025,2.4,Medium,Exceeded
709163,14582,2024,3.8,Medium,Partially Met
709164,14582,2025,3.1,Medium,Met
709165,14583,2024,3.4,Medium,Met
709166,14583,2025,3.7,Low,Exceeded
709167,14584,2024,4.1,High,Exceeded
709168,14584,2025,3.8,High,Met
709169,14585,2024,2.3,Medium,Exceeded
709170,14585,2025,3.4,Medium,Exceeded
709171,14586,2024,2.4,Low,Exceeded
709172,14586,2025,3.8,Low,Met
709173,14587,2024,2.7,High,Exceeded
709174,14587,2025,5.0,Low,Met
709175,14588,2024,3.3,High,Met
709176,14588,2025,2.3,Low,Met
709177,14589,2024,4.3,Low,Met
709178,14589,2025,3.0,Low,Met
709179,14590,2024,2.5,Low,Exceeded
709180,14590,2025,4.0,Medium,Exceeded
709181,14591,2024,3.0,Medium,Met
709182,14591,2025,4.2,Medium,Partially Met
709183,14592,2024,4.0,Medium,Met
709184,14592,2025,3.6,High,Exceeded
709185,14593,2024,3.7,High,Exceeded
709186,14593,2025,4.0,High,Partially Met
709187,14594,2024,3.1,Medium,Met
709188,14594,2025,3.2,Medium,Met
709189,14595,2024,2.3,High,Met
709190,14595,2025,3.7,Medium,Met
709191,14596,2024,3.7,Medium,Exceeded
709192,14596,2025,3.2,Medium,Met
709193,14597,2024,3.4,Medium,Met
709194,14597,2025,2.8,Medium,Met
709195,14598,2024,3.6,Medium,Met
709196,14598,2025,3.5,High,Exceeded
709197,14599,2024,3.8,High,Met
709198,14599,2025,3.2,Low,Met
709199,14600,2024,3.2,High,Met
709200,14600,2025,3.8,High,Met
709201,14601,2024,4.4,Medium,Exceeded
709202,14601,2025,2.5,High,Met
709203,14602,2024,2.9,Low,Exceeded
709204,14602,2025,3.9,Medium,Met
709205,14603,2024,3.5,Medium,Partially Met
709206,14603,2025,4.1,Low,Partially Met
709207,14604,2024,3.8,Low,Exceeded
709208,14604,2025,4.0,Low,Met
709209,14605,2024,2.9,Low,Exceeded
709210,14605,2025,3.5,Medium,Met
709211,14606,2024,3.5,Medium,Met
709212,14606,2025,2.8,Medium,Met
709213,14607,2024,4.0,Medium,Exceeded
709214,14607,2025,2.5,Low,Met
709215,14608,2024,3.9,Low,Met
709216,14608,2025,4.2,Low,Met
709217,14609,2024,3.6,Medium,Met
709218,14609,2025,2.9,High,Met
709219,14610,2024,2.9,High,Exceeded
709220,14610,2025,2.5,Medium,Met
709221,14611,2024,2.6,Medium,Met
709222,14611,2025,2.7,High,Met
709223,14612,2024,3.2,Medium,Partially Met
709224,14612,2025,3.4,High,Exceeded
709225,14613,2024,3.2,Low,Met
709226,14613,2025,3.0,Medium,Met
709227,14614,2024,3.9,Medium,Partially Met
709228,14614,2025,4.9,Medium,Met
709229,14615,2024,3.2,Medium,Met
709230,14615,2025,3.4,Low,Met
709231,14616,2024,2.7,Medium,Partially Met
709232,14616,2025,4.0,Low,Partially Met
709233,14617,2024,4.4,Low,Met
709234,14617,2025,3.5,Medium,Met
709235,14618,2024,2.5,Medium,Met
709236,14618,2025,4.4,Medium,Partially Met
709237,14619,2024,3.2,Medium,Partially Met
709238,14619,2025,3.0,Medium,Exceeded
709239,14620,2024,3.0,Medium,Exceeded
709240,14620,2025,1.8,Medium,Met
709241,14621,2024,2.9,High,Met
709242,14621,2025,3.6,Medium,Met
709243,14622,2024,4.9,Medium,Met
709244,14622,2025,2.7,Medium,Met
709245,14623,2024,2.5,Low,Met
709246,14623,2025,3.2,Low,Met
709247,14624,2024,2.5,Medium,Exceeded
709248,14624,2025,2.9,High,Exceeded
709249,14625,2024,2.6,Low,Met
709250,14625,2025,3.4,Medium,Exceeded
709251,14626,2024,3.2,Medium,Met
709252,14626,2025,4.0,Medium,Met
709253,14627,2024,3.8,High,Met
709254,14627,2025,3.1,Medium,Partially Met
709255,14628,2024,3.6,Medium,Met
709256,14628,2025,2.6,Medium,Partially Met
709257,14629,2024,3.4,Medium,Met
709258,14629,2025,3.2,High,Met
709259,14630,2024,3.7,Medium,Met
709260,14630,2025,4.2,Medium,Exceeded
709261,14631,2024,3.3,Medium,Met
709262,14631,2025,3.7,Medium,Partially Met
709263,14632,2024,3.3,High,Met
709264,14632,2025,4.0,Low,Exceeded
709265,14633,2024,3.6,High,Met
709266,14633,2025,3.3,Medium,Partially Met
709267,14634,2024,3.3,Medium,Partially Met
709268,14634,2025,4.2,Low,Partially Met
709269,14635,2024,3.2,Low,Exceeded
709270,14635,2025,4.2,High,Met
709271,14636,2024,3.9,Medium,Partially Met
709272,14636,2025,4.1,Medium,Met
709273,14637,2024,3.1,Medium,Met
709274,14637,2025,3.8,High,Met
709275,14638,2024,3.0,Medium,Met
709276,14638,2025,3.9,Low,Met
709277,14639,2024,4.6,Medium,Exceeded
709278,14639,2025,2.6,Low,Met
709279,14640,2024,3.2,High,Met
709280,14640,2025,4.8,Low,Exceeded
709281,14641,2024,2.9,Medium,Met
709282,14641,2025,2.9,Medium,Met
709283,14642,2024,2.1,Medium,Met
709284,14642,2025,3.3,High,Exceeded
709285,14643,2024,2.9,Low,Partially Met
709286,14643,2025,4.1,Medium,Met
709287,14644,2024,2.3,Medium,Met
709288,14644,2025,2.4,High,Met
709289,14645,2024,4.0,Medium,Exceeded
709290,14645,2025,3.9,Medium,Met
709291,14646,2024,3.6,High,Met
709292,14646,2025,2.9,Low,Met
709293,14647,2024,3.6,Medium,Met
709294,14647,2025,2.4,Medium,Partially Met
709295,14648,2024,5.0,Medium,Met
709296,14648,2025,2.7,Medium,Met
709297,14649,2024,3.3,Medium,Met
709298,14649,2025,2.7,Low,Met
709299,14650,2024,2.8,Medium,Partially Met
709300,14650,2025,3.5,Medium,Exceeded
709301,14651,2024,2.9,Low,Exceeded
709302,14651,2025,3.3,Medium,Exceeded
709303,14652,2024,3.7,Medium,Met
709304,14652,2025,2.7,Medium,Partially Met
709305,14653,2024,3.9,Medium,Met
709306,14653,2025,3.7,Medium,Met
709307,14654,2024,2.7,Low,Met
709308,14654,2025,4.1,Low,Met
709309,14655,2024,5.0,Medium,Met
709310,14655,2025,3.3,Medium,Partially Met
709311,14656,2024,3.4,High,Met
709312,14656,2025,3.8,Medium,Met
709313,14657,2024,2.9,High,Met
709314,14657,2025,3.7,Medium,Partially Met
709315,14658,2024,2.9,High,Met
709316,14658,2025,3.1,Medium,Met
709317,14659,2024,3.5,Low,Exceeded
709318,14659,2025,2.3,Medium,Partially Met
709319,14660,2024,2.3,High,Met
709320,14660,2025,2.0,Medium,Exceeded
709321,14661,2024,2.4,Medium,Met
709322,14661,2025,3.0,Medium,Partially Met
709323,14662,2024,3.8,Low,Met
709324,14662,2025,3.6,Medium,Partially Met
709325,14663,2024,3.2,High,Met
709326,14663,2025,5.0,Medium,Met
709327,14664,2024,2.8,Medium,Met
709328,14664,2025,4.0,High,Partially Met
709329,14665,2024,3.9,Medium,Exceeded
709330,14665,2025,3.8,Medium,Met
709331,14666,2024,3.7,Medium,Met
709332,14666,2025,3.3,Low,Met
709333,14667,2024,2.5,High,Met
709334,14667,2025,3.8,Medium,Met
709335,14668,2024,4.2,Low,Met
709336,14668,2025,3.2,High,Exceeded
709337,14669,2024,3.3,High,Met
709338,14669,2025,3.7,Medium,Met
709339,14670,2024,2.9,High,Met
709340,14670,2025,3.6,Medium,Met
709341,14671,2024,3.5,Medium,Exceeded
709342,14671,2025,3.8,Low,Met
709343,14672,2024,3.7,Medium,Exceeded
709344,14672,2025,4.3,Medium,Partially Met
709345,14673,2024,3.4,Low,Met
709346,14673,2025,3.0,High,Exceeded
709347,14674,2024,3.7,Low,Partially Met
709348,14674,2025,3.3,Low,Exceeded
709349,14675,2024,2.5,Low,Met
709350,14675,2025,3.8,Medium,Partially Met
709351,14676,2024,4.0,Medium,Exceeded
709352,14676,2025,2.6,High,Met
709353,14677,2024,3.1,Medium,Met
709354,14677,2025,3.8,Medium,Met
709355,14678,2024,2.9,Medium,Met
709356,14678,2025,3.0,Medium,Exceeded
709357,14679,2024,3.3,High,Met
709358,14679,2025,2.3,Medium,Met
709359,14680,2024,3.3,Low,Met
709360,14680,2025,3.1,Medium,Exceeded
709361,14681,2024,3.0,Medium,Met
709362,14681,2025,4.0,Medium,Met
709363,14682,2024,3.2,Medium,Met
709364,14682,2025,2.2,High,Met
709365,14683,2024,3.3,High,Met
709366,14683,2025,3.4,Low,Met
709367,14684,2024,3.1,Medium,Exceeded
709368,14684,2025,2.5,Low,Met
709369,14685,2024,2.4,Medium,Met
709370,14685,2025,3.2,Medium,Exceeded
709371,14686,2024,2.8,Medium,Met
709372,14686,2025,3.6,Low,Met
709373,14687,2024,2.7,Medium,Met
709374,14687,2025,2.9,Medium,Met
709375,14688,2024,3.3,Medium,Met
709376,14688,2025,2.9,Medium,Partially Met
709377,14689,2024,2.7,Medium,Exceeded
709378,14689,2025,3.8,High,Met
709379,14690,2024,3.5,High,Exceeded
709380,14690,2025,3.7,High,Exceeded
709381,14691,2024,3.7,Medium,Met
709382,14691,2025,4.6,Medium,Met
709383,14692,2024,3.5,Medium,Met
709384,14692,2025,3.4,Medium,Met
709385,14693,2024,3.0,Medium,Met
709386,14693,2025,4.0,Medium,Exceeded
709387,14694,2024,3.1,Medium,Exceeded
709388,14694,2025,4.0,Medium,Exceeded
709389,14695,2024,4.2,Medium,Met
709390,14695,2025,3.2,Low,Exceeded
709391,14696,2024,1.7,Low,Partially Met
709392,14696,2025,2.6,Medium,Met
709393,14697,2024,2.6,High,Exceeded
709394,14697,2025,2.9,High,Met
709395,14698,2024,2.9,Medium,Exceeded
709396,14698,2025,2.9,Medium,Met
709397,14699,2024,3.2,Medium,Met
709398,14699,2025,3.5,High,Met
709399,14700,2024,3.2,Medium,Met
709400,14700,2025,3.2,High,Met
709401,14701,2024,3.1,High,Met
709402,14701,2025,3.8,Medium,Met
709403,14702,2024,3.2,Medium,Met
709404,14702,2025,3.8,High,Met
709405,14703,2024,4.7,High,Met
709406,14703,2025,2.7,Low,Met
709407,14704,2024,2.7,Medium,Partially Met
709408,14704,2025,3.7,Low,Partially Met
709409,14705,2024,3.9,Medium,Met
709410,14705,2025,2.4,Medium,Met
709411,14706,2024,2.0,Medium,Met
709412,14706,2025,3.4,Medium,Exceeded
709413,14707,2024,2.8,Low,Exceeded
709414,14707,2025,2.6,High,Met
709415,14708,2024,4.3,Medium,Met
709416,14708,2025,2.7,Medium,Met
709417,14709,2024,4.0,High,Exceeded
709418,14709,2025,3.5,High,Met
709419,14710,2024,2.9,Medium,Met
709420,14710,2025,3.7,Medium,Met
709421,14711,2024,3.2,Medium,Met
709422,14711,2025,3.2,Medium,Met
709423,14712,2024,3.7,Medium,Met
709424,14712,2025,3.8,High,Partially Met
709425,14713,2024,3.4,Medium,Met
709426,14713,2025,4.2,Medium,Met
709427,14714,2024,3.4,High,Met
709428,14714,2025,4.1,Medium,Exceeded
709429,14715,2024,2.6,High,Met
709430,14715,2025,3.0,High,Exceeded
709431,14716,2024,3.3,High,Exceeded
709432,14716,2025,3.0,High,Exceeded
709433,14717,2024,3.7,Medium,Exceeded
709434,14717,2025,2.9,Medium,Met
709435,14718,2024,5.0,Medium,Exceeded
709436,14718,2025,4.5,Medium,Exceeded
709437,14719,2024,3.9,Medium,Exceeded
709438,14719,2025,3.7,Medium,Partially Met
709439,14720,2024,3.8,Low,Met
709440,14720,2025,2.7,Medium,Met
709441,14721,2024,3.4,Medium,Met
709442,14721,2025,3.1,High,Met
709443,14722,2024,3.7,Medium,Exceeded
709444,14722,2025,3.0,Low,Met
709445,14723,2024,2.6,High,Met
709446,14723,2025,3.5,Low,Met
709447,14724,2024,3.4,Medium,Exceeded
709448,14724,2025,3.5,Medium,Exceeded
709449,14725,2024,4.0,Low,Exceeded
709450,14725,2025,3.2,Low,Met
709451,14726,2024,3.5,Medium,Met
709452,14726,2025,2.9,Low,Met
709453,14727,2024,2.8,Medium,Partially Met
709454,14727,2025,3.2,Medium,Partially Met
709455,14728,2024,3.5,Medium,Partially Met
709456,14728,2025,4.0,High,Met
709457,14729,2024,3.8,Medium,Exceeded
709458,14729,2025,3.9,Medium,Partially Met
709459,14730,2024,4.3,Medium,Met
709460,14730,2025,4.4,Medium,Partially Met
709461,14731,2024,2.8,Medium,Met
709462,14731,2025,3.0,Low,Met
709463,14732,2024,3.8,Low,Met
709464,14732,2025,2.2,Medium,Met
709465,14733,2024,1.9,Low,Exceeded
709466,14733,2025,3.6,High,Met
709467,14734,2024,3.3,High,Met
709468,14734,2025,3.4,Low,Met
709469,14735,2024,1.9,Medium,Met
709470,14735,2025,3.4,Medium,Met
709471,14736,2024,3.6,Medium,Partially Met
709472,14736,2025,2.8,Medium,Met
709473,14737,2024,3.8,Medium,Met
709474,14737,2025,4.2,High,Exceeded
709475,14738,2024,3.2,Medium,Met
709476,14738,2025,2.4,Medium,Met
709477,14739,2024,2.6,Medium,Partially Met
709478,14739,2025,2.9,Medium,Met
709479,14740,2024,3.7,High,Met
709480,14740,2025,2.9,Medium,Exceeded
709481,14741,2024,3.6,Medium,Met
709482,14741,2025,2.8,Medium,Met
709483,14742,2024,2.2,High,Met
709484,14742,2025,2.0,Medium,Met
709485,14743,2024,4.1,Medium,Met
709486,14743,2025,2.7,Medium,Met
709487,14744,2024,3.4,High,Met
709488,14744,2025,3.4,Low,Met
709489,14745,2024,3.1,Medium,Partially Met
709490,14745,2025,3.4,High,Met
709491,14746,2024,3.8,Medium,Met
709492,14746,2025,3.6,Medium,Met
709493,14747,2024,3.1,Medium,Met
709494,14747,2025,4.1,Medium,Met
709495,14748,2024,2.9,Medium,Met
709496,14748,2025,3.5,Medium,Met
709497,14749,2024,2.8,Medium,Met
709498,14749,2025,3.3,Medium,Partially Met
709499,14750,2024,3.5,Medium,Exceeded
709500,14750,2025,3.9,Medium,Met
709501,14751,2024,4.2,Medium,Met
709502,14751,2025,2.8,Medium,Exceeded
709503,14752,2024,3.0,Low,Met
709504,14752,2025,3.3,Medium,Partially Met
709505,14753,2024,4.2,High,Met
709506,14753,2025,4.4,Low,Partially Met
709507,14754,2024,3.4,Low,Met
709508,14754,2025,4.1,Medium,Met
709509,14755,2024,3.6,Medium,Met
709510,14755,2025,2.7,Medium,Met
709511,14756,2024,3.9,Medium,Met
709512,14756,2025,3.1,High,Met
709513,14757,2024,2.9,Medium,Met
709514,14757,2025,3.3,Medium,Met
709515,14758,2024,3.3,High,Met
709516,14758,2025,4.0,Medium,Exceeded
709517,14759,2024,2.7,Low,Exceeded
709518,14759,2025,4.2,Medium,Met
709519,14760,2024,3.1,High,Exceeded
709520,14760,2025,4.6,Low,Met
709521,14761,2024,3.6,Medium,Met
709522,14761,2025,3.1,High,Met
709523,14762,2024,1.8,Medium,Met
709524,14762,2025,4.5,Medium,Met
709525,14763,2024,4.8,Medium,Met
709526,14763,2025,2.7,Medium,Met
709527,14764,2024,4.5,Medium,Met
709528,14764,2025,3.8,Medium,Met
709529,14765,2024,3.7,Medium,Partially Met
709530,14765,2025,3.2,Medium,Met
709531,14766,2024,3.0,High,Met
709532,14766,2025,4.1,Medium,Met
709533,14767,2024,3.6,High,Met
709534,14767,2025,3.3,High,Met
709535,14768,2024,2.9,Low,Met
709536,14768,2025,3.5,Low,Met
709537,14769,2024,4.7,Medium,Met
709538,14769,2025,3.5,Medium,Met
709539,14770,2024,3.2,Low,Met
709540,14770,2025,1.8,Medium,Exceeded
709541,14771,2024,3.6,Medium,Met
709542,14771,2025,3.4,Medium,Met
709543,14772,2024,4.1,Low,Met
709544,14772,2025,3.1,High,Exceeded
709545,14773,2024,4.2,Medium,Met
709546,14773,2025,3.1,Medium,Met
709547,14774,2024,2.7,Medium,Exceeded
709548,14774,2025,3.6,Low,Exceeded
709549,14775,2024,3.8,Medium,Exceeded
709550,14775,2025,3.5,Medium,Exceeded
709551,14776,2024,3.6,Low,Partially Met
709552,14776,2025,5.0,Medium,Partially Met
709553,14777,2024,2.7,Low,Met
709554,14777,2025,3.2,Medium,Partially Met
709555,14778,2024,3.8,Low,Partially Met
709556,14778,2025,2.8,Medium,Met
709557,14779,2024,2.6,Medium,Met
709558,14779,2025,3.2,Low,Partially Met
709559,14780,2024,4.3,High,Exceeded
709560,14780,2025,3.6,High,Met
709561,14781,2024,2.8,Low,Exceeded
709562,14781,2025,2.9,Low,Exceeded
709563,14782,2024,3.7,Medium,Met
709564,14782,2025,3.3,Medium,Met
709565,14783,2024,2.5,High,Exceeded
709566,14783,2025,2.9,Medium,Met
709567,14784,2024,4.0,Medium,Met
709568,14784,2025,3.7,Medium,Met
709569,14785,2024,4.0,High,Met
709570,14785,2025,3.1,Medium,Met
709571,14786,2024,3.3,Low,Exceeded
709572,14786,2025,3.2,Medium,Exceeded
709573,14787,2024,2.7,Low,Met
709574,14787,2025,4.3,Medium,Met
709575,14788,2024,4.1,Medium,Partially Met
709576,14788,2025,5.0,Medium,Met
709577,14789,2024,2.4,Low,Exceeded
709578,14789,2025,3.6,High,Met
709579,14790,2024,3.5,Low,Met
709580,14790,2025,2.9,High,Met
709581,14791,2024,2.3,Medium,Met
709582,14791,2025,4.1,Medium,Met
709583,14792,2024,4.5,Medium,Partially Met
709584,14792,2025,3.3,High,Met
709585,14793,2024,4.1,High,Met
709586,14793,2025,3.4,Medium,Exceeded
709587,14794,2024,3.2,High,Met
709588,14794,2025,3.2,Medium,Met
709589,14795,2024,3.9,Medium,Met
709590,14795,2025,3.1,High,Met
709591,14796,2024,4.7,Medium,Exceeded
709592,14796,2025,3.2,High,Met
709593,14797,2024,3.4,High,Met
709594,14797,2025,3.3,Medium,Partially Met
709595,14798,2024,2.4,Medium,Met
709596,14798,2025,3.7,Low,Exceeded
709597,14799,2024,4.0,Medium,Met
709598,14799,2025,2.9,High,Met
709599,14800,2024,4.0,Medium,Exceeded
709600,14800,2025,4.8,High,Met
709601,14801,2024,3.4,Low,Met
709602,14801,2025,3.5,High,Met
709603,14802,2024,3.8,Medium,Met
709604,14802,2025,4.3,Medium,Met
709605,14803,2024,3.4,Medium,Exceeded
709606,14803,2025,2.5,Low,Met
709607,14804,2024,3.5,Medium,Exceeded
709608,14804,2025,2.7,Medium,Met
709609,14805,2024,4.6,Low,Exceeded
709610,14805,2025,3.0,Low,Partially Met
709611,14806,2024,4.2,Medium,Partially Met
709612,14806,2025,3.6,Medium,Met
709613,14807,2024,2.8,Medium,Met
709614,14807,2025,3.6,Medium,Exceeded
709615,14808,2024,3.7,Medium,Partially Met
709616,14808,2025,3.4,High,Exceeded
709617,14809,2024,2.4,Medium,Met
709618,14809,2025,3.0,Medium,Met
709619,14810,2024,3.5,Low,Exceeded
709620,14810,2025,3.4,Medium,Met
709621,14811,2024,3.4,Medium,Partially Met
709622,14811,2025,3.8,Medium,Exceeded
709623,14812,2024,5.0,Medium,Exceeded
709624,14812,2025,4.8,Low,Met
709625,14813,2024,4.5,High,Met
709626,14813,2025,3.4,Low,Met
709627,14814,2024,4.6,High,Met
709628,14814,2025,3.4,High,Exceeded
709629,14815,2024,3.7,Low,Met
709630,14815,2025,3.9,High,Met
709631,14816,2024,3.9,High,Met
709632,14816,2025,1.8,Medium,Met
709633,14817,2024,3.9,Low,Partially Met
709634,14817,2025,3.8,Medium,Met
709635,14818,2024,3.1,Medium,Met
709636,14818,2025,4.0,High,Met
709637,14819,2024,3.3,High,Met
709638,14819,2025,3.0,High,Partially Met
709639,14820,2024,3.5,Medium,Exceeded
709640,14820,2025,3.7,Medium,Met
709641,14821,2024,2.5,Medium,Exceeded
709642,14821,2025,3.5,Low,Exceeded
709643,14822,2024,3.7,High,Met
709644,14822,2025,4.2,Medium,Met
709645,14823,2024,2.3,Medium,Exceeded
709646,14823,2025,2.5,Medium,Met
709647,14824,2024,4.3,Low,Met
709648,14824,2025,4.5,High,Partially Met
709649,14825,2024,4.0,Medium,Met
709650,14825,2025,3.5,High,Met
709651,14826,2024,3.1,High,Met
709652,14826,2025,4.0,High,Exceeded
709653,14827,2024,3.0,Low,Met
709654,14827,2025,4.4,Medium,Met
709655,14828,2024,3.2,High,Met
709656,14828,2025,3.3,Low,Met
709657,14829,2024,2.5,Medium,Met
709658,14829,2025,4.1,Low,Met
709659,14830,2024,3.2,Low,Met
709660,14830,2025,3.0,Medium,Met
709661,14831,2024,3.7,Low,Exceeded
709662,14831,2025,3.0,Medium,Partially Met
709663,14832,2024,3.4,High,Met
709664,14832,2025,3.7,High,Met
709665,14833,2024,3.0,High,Met
709666,14833,2025,4.6,Medium,Partially Met
709667,14834,2024,3.5,Medium,Met
709668,14834,2025,4.8,Low,Met
709669,14835,2024,2.8,High,Met
709670,14835,2025,3.2,Medium,Met
709671,14836,2024,2.6,Medium,Met
709672,14836,2025,3.7,Medium,Met
709673,14837,2024,2.5,Medium,Met
709674,14837,2025,2.7,Low,Met
709675,14838,2024,2.6,Medium,Met
709676,14838,2025,3.3,Medium,Partially Met
709677,14839,2024,4.1,Low,Met
709678,14839,2025,4.2,High,Met
709679,14840,2024,3.7,Medium,Partially Met
709680,14840,2025,3.1,Medium,Met
709681,14841,2024,2.4,Medium,Exceeded
709682,14841,2025,3.9,High,Partially Met
709683,14842,2024,3.6,Low,Met
709684,14842,2025,3.3,Medium,Exceeded
709685,14843,2024,3.9,High,Exceeded
709686,14843,2025,3.8,High,Exceeded
709687,14844,2024,2.6,High,Met
709688,14844,2025,3.3,Medium,Met
709689,14845,2024,3.0,Medium,Met
709690,14845,2025,1.8,Medium,Met
709691,14846,2024,3.6,High,Partially Met
709692,14846,2025,3.6,Low,Partially Met
709693,14847,2024,3.2,Medium,Partially Met
709694,14847,2025,4.1,Low,Met
709695,14848,2024,3.4,Low,Partially Met
709696,14848,2025,3.7,High,Met
709697,14849,2024,3.4,High,Met
709698,14849,2025,4.3,Medium,Exceeded
709699,14850,2024,2.5,Medium,Met
709700,14850,2025,3.1,Medium,Met
709701,14851,2024,2.7,Medium,Exceeded
709702,14851,2025,3.4,High,Met
709703,14852,2024,2.5,Medium,Met
709704,14852,2025,3.3,High,Exceeded
709705,14853,2024,2.9,Medium,Met
709706,14853,2025,2.8,Low,Met
709707,14854,2024,3.3,Medium,Met
709708,14854,2025,4.2,Medium,Exceeded
709709,14855,2024,2.5,Medium,Partially Met
709710,14855,2025,2.8,Medium,Met
709711,14856,2024,3.5,Medium,Met
709712,14856,2025,3.6,Medium,Met
709713,14857,2024,3.8,Medium,Met
709714,14857,2025,3.1,High,Exceeded
709715,14858,2024,2.6,Medium,Met
709716,14858,2025,4.1,High,Met
709717,14859,2024,4.1,Medium,Met
709718,14859,2025,2.7,Low,Met
709719,14860,2024,4.0,Medium,Exceeded
709720,14860,2025,3.6,High,Partially Met
709721,14861,2024,3.7,Low,Exceeded
709722,14861,2025,2.7,Medium,Partially Met
709723,14862,2024,2.4,Medium,Met
709724,14862,2025,4.6,Medium,Exceeded
709725,14863,2024,2.8,Medium,Partially Met
709726,14863,2025,3.1,Medium,Exceeded
709727,14864,2024,4.2,Low,Met
709728,14864,2025,3.2,Medium,Met
709729,14865,2024,3.2,Low,Met
709730,14865,2025,5.0,Medium,Partially Met
709731,14866,2024,3.8,Medium,Exceeded
709732,14866,2025,3.7,Medium,Met
709733,14867,2024,4.3,High,Met
709734,14867,2025,3.7,High,Exceeded
709735,14868,2024,4.0,High,Met
709736,14868,2025,3.9,Low,Met
709737,14869,2024,2.6,Medium,Met
709738,14869,2025,3.9,High,Met
709739,14870,2024,2.6,Medium,Partially Met
709740,14870,2025,4.0,High,Partially Met
709741,14871,2024,4.5,Medium,Met
709742,14871,2025,2.5,Medium,Met
709743,14872,2024,4.0,Medium,Exceeded
709744,14872,2025,3.6,High,Met
709745,14873,2024,3.8,Medium,Partially Met
709746,14873,2025,4.1,Medium,Met
709747,14874,2024,2.6,High,Exceeded
709748,14874,2025,3.7,Medium,Met
709749,14875,2024,2.9,Medium,Partially Met
709750,14875,2025,3.3,High,Met
709751,14876,2024,3.2,High,Met
709752,14876,2025,3.8,Medium,Exceeded
709753,14877,2024,3.1,Low,Met
709754,14877,2025,3.3,Medium,Met
709755,14878,2024,2.8,Medium,Exceeded
709756,14878,2025,3.3,High,Exceeded
709757,14879,2024,2.2,High,Met
709758,14879,2025,2.3,Low,Met
709759,14880,2024,2.8,Medium,Exceeded
709760,14880,2025,4.2,Medium,Exceeded
709761,14881,2024,3.9,High,Met
709762,14881,2025,2.5,High,Met
709763,14882,2024,4.3,High,Partially Met
709764,14882,2025,4.1,Medium,Met
709765,14883,2024,2.9,Medium,Met
709766,14883,2025,3.7,Medium,Met
709767,14884,2024,4.4,Medium,Partially Met
709768,14884,2025,3.8,Medium,Met
709769,14885,2024,3.2,High,Partially Met
709770,14885,2025,3.3,High,Met
709771,14886,2024,3.7,High,Met
709772,14886,2025,2.3,High,Met
709773,14887,2024,3.5,Medium,Partially Met
709774,14887,2025,3.4,Low,Met
709775,14888,2024,2.9,Low,Met
709776,14888,2025,2.4,Medium,Met
709777,14889,2024,3.3,High,Exceeded
709778,14889,2025,3.6,High,Met
709779,14890,2024,3.1,Medium,Exceeded
709780,14890,2025,3.8,Low,Met
709781,14891,2024,2.8,Medium,Met
709782,14891,2025,2.5,Low,Met
709783,14892,2024,4.1,Low,Met
709784,14892,2025,3.6,Medium,Met
709785,14893,2024,3.0,Medium,Met
709786,14893,2025,3.3,Medium,Met
709787,14894,2024,3.5,Low,Met
709788,14894,2025,2.4,Medium,Partially Met
709789,14895,2024,3.0,Medium,Exceeded
709790,14895,2025,3.7,Medium,Met
709791,14896,2024,2.6,Low,Met
709792,14896,2025,4.4,High,Met
709793,14897,2024,3.1,Medium,Exceeded
709794,14897,2025,2.4,Medium,Exceeded
709795,14898,2024,3.1,High,Met
709796,14898,2025,2.6,Medium,Met
709797,14899,2024,2.6,High,Met
709798,14899,2025,3.8,Medium,Met
709799,14900,2024,3.1,Medium,Partially Met
709800,14900,2025,3.4,High,Met
709801,14901,2024,3.0,Low,Met
709802,14901,2025,4.2,Low,Partially Met
709803,14902,2024,4.2,Medium,Exceeded
709804,14902,2025,3.2,High,Met
709805,14903,2024,2.7,Medium,Exceeded
709806,14903,2025,3.5,High,Met
709807,14904,2024,3.9,Medium,Met
709808,14904,2025,3.4,High,Met
709809,14905,2024,2.7,Medium,Exceeded
709810,14905,2025,3.4,Medium,Exceeded
709811,14906,2024,3.1,Low,Met
709812,14906,2025,3.3,High,Met
709813,14907,2024,3.1,Medium,Exceeded
709814,14907,2025,2.7,High,Met
709815,14908,2024,3.7,Low,Exceeded
709816,14908,2025,3.0,Medium,Met
709817,14909,2024,3.5,Low,Met
709818,14909,2025,4.0,Medium,Met
709819,14910,2024,2.8,Medium,Met
709820,14910,2025,2.4,Low,Met
709821,14911,2024,4.3,Low,Exceeded
709822,14911,2025,3.3,High,Exceeded
709823,14912,2024,4.0,Low,Met
709824,14912,2025,2.4,Medium,Met
709825,14913,2024,3.3,Medium,Met
709826,14913,2025,2.9,Low,Met
709827,14914,2024,3.1,Medium,Met
709828,14914,2025,2.4,Low,Exceeded
709829,14915,2024,2.7,Medium,Exceeded
709830,14915,2025,4.7,High,Met
709831,14916,2024,3.0,Medium,Partially Met
709832,14916,2025,3.3,High,Met
709833,14917,2024,3.3,Medium,Met
709834,14917,2025,3.7,High,Met
709835,14918,2024,3.7,Medium,Partially Met
709836,14918,2025,3.4,Medium,Exceeded
709837,14919,2024,3.5,Low,Exceeded
709838,14919,2025,3.1,Medium,Met
709839,14920,2024,3.1,Medium,Met
709840,14920,2025,2.5,High,Partially Met
709841,14921,2024,3.3,High,Met
709842,14921,2025,3.0,Medium,Met
709843,14922,2024,3.5,Low,Exceeded
709844,14922,2025,3.2,High,Partially Met
709845,14923,2024,3.2,Medium,Met
709846,14923,2025,3.4,Medium,Met
709847,14924,2024,2.5,Low,Met
709848,14924,2025,3.9,Medium,Met
709849,14925,2024,2.5,Medium,Met
709850,14925,2025,4.0,Medium,Met
709851,14926,2024,3.2,Low,Met
709852,14926,2025,2.2,Medium,Met
709853,14927,2024,3.6,High,Partially Met
709854,14927,2025,3.4,Medium,Met
709855,14928,2024,2.0,Medium,Met
709856,14928,2025,4.8,High,Met
709857,14929,2024,4.3,Medium,Met
709858,14929,2025,4.3,Low,Met
709859,14930,2024,3.1,Low,Met
709860,14930,2025,3.3,Medium,Met
709861,14931,2024,3.1,Low,Exceeded
709862,14931,2025,2.8,Medium,Met
709863,14932,2024,3.2,Medium,Partially Met
709864,14932,2025,3.7,Low,Partially Met
709865,14933,2024,4.0,Medium,Met
709866,14933,2025,3.1,Low,Partially Met
709867,14934,2024,2.8,High,Partially Met
709868,14934,2025,3.3,High,Met
709869,14935,2024,4.4,Medium,Met
709870,14935,2025,2.3,Medium,Met
709871,14936,2024,3.2,Medium,Exceeded
709872,14936,2025,3.2,Medium,Met
709873,14937,2024,3.0,Low,Met
709874,14937,2025,2.7,Medium,Exceeded
709875,14938,2024,3.1,Medium,Met
709876,14938,2025,2.8,Low,Met
709877,14939,2024,5.0,Medium,Met
709878,14939,2025,2.8,Medium,Exceeded
709879,14940,2024,4.4,Medium,Met
709880,14940,2025,2.9,Medium,Met
709881,14941,2024,3.8,Low,Met
709882,14941,2025,3.4,Low,Met
709883,14942,2024,3.8,Medium,Met
709884,14942,2025,3.0,Medium,Met
709885,14943,2024,2.9,Medium,Met
709886,14943,2025,3.1,Low,Met
709887,14944,2024,4.1,Low,Met
709888,14944,2025,1.4,Medium,Exceeded
709889,14945,2024,2.7,Medium,Met
709890,14945,2025,3.7,High,Met
709891,14946,2024,3.8,Medium,Met
709892,14946,2025,3.1,Medium,Met
709893,14947,2024,2.2,Medium,Met
709894,14947,2025,3.9,High,Met
709895,14948,2024,2.8,High,Met
709896,14948,2025,4.4,Low,Met
709897,14949,2024,2.6,Low,Partially Met
709898,14949,2025,3.4,Medium,Met
709899,14950,2024,3.0,Medium,Met
709900,14950,2025,3.3,High,Exceeded
709901,14951,2024,3.0,High,Met
709902,14951,2025,2.5,Medium,Met
709903,14952,2024,3.3,Low,Partially Met
709904,14952,2025,3.0,High,Exceeded
709905,14953,2024,3.8,Medium,Met
709906,14953,2025,3.4,Medium,Met
709907,14954,2024,2.9,Low,Met
709908,14954,2025,3.5,High,Met
709909,14955,2024,2.5,Medium,Partially Met
709910,14955,2025,2.7,High,Met
709911,14956,2024,4.3,Medium,Partially Met
709912,14956,2025,2.9,Medium,Met
709913,14957,2024,4.0,Low,Partially Met
709914,14957,2025,2.9,Medium,Met
709915,14958,2024,3.8,Medium,Met
709916,14958,2025,3.8,Medium,Met
709917,14959,2024,2.0,Medium,Met
709918,14959,2025,3.7,Medium,Met
709919,14960,2024,3.0,Medium,Exceeded
709920,14960,2025,4.1,High,Met
709921,14961,2024,2.6,Medium,Met
709922,14961,2025,3.3,Medium,Met
709923,14962,2024,3.7,Medium,Met
709924,14962,2025,3.0,High,Exceeded
709925,14963,2024,2.8,High,Met
709926,14963,2025,3.2,Medium,Met
709927,14964,2024,4.3,High,Partially Met
709928,14964,2025,3.5,Low,Exceeded
709929,14965,2024,2.7,Medium,Met
709930,14965,2025,1.9,High,Met
709931,14966,2024,2.6,Low,Exceeded
709932,14966,2025,3.1,Low,Exceeded
709933,14967,2024,3.0,High,Met
709934,14967,2025,3.3,High,Met
709935,14968,2024,2.9,Low,Partially Met
709936,14968,2025,3.6,Medium,Exceeded
709937,14969,2024,3.3,Medium,Partially Met
709938,14969,2025,2.5,Low,Met
709939,14970,2024,2.0,Medium,Met
709940,14970,2025,3.5,Medium,Met
709941,14971,2024,3.4,Low,Met
709942,14971,2025,3.5,High,Met
709943,14972,2024,3.7,Medium,Exceeded
709944,14972,2025,3.5,High,Met
709945,14973,2024,3.5,Medium,Met
709946,14973,2025,2.8,High,Met
709947,14974,2024,3.8,Medium,Met
709948,14974,2025,2.9,High,Exceeded
709949,14975,2024,3.2,High,Exceeded
709950,14975,2025,2.6,Medium,Exceeded
709951,14976,2024,4.5,Low,Exceeded
709952,14976,2025,3.2,High,Exceeded
709953,14977,2024,4.2,Medium,Exceeded
709954,14977,2025,4.3,Medium,Met
709955,14978,2024,3.5,Medium,Met
709956,14978,2025,3.6,Medium,Met
709957,14979,2024,2.6,High,Partially Met
709958,14979,2025,4.3,Medium,Met
709959,14980,2024,3.6,Medium,Met
709960,14980,2025,3.3,High,Met
709961,14981,2024,3.0,Medium,Exceeded
709962,14981,2025,3.6,Medium,Exceeded
709963,14982,2024,5.0,Medium,Met
709964,14982,2025,2.9,High,Met
709965,14983,2024,3.9,Medium,Met
709966,14983,2025,3.6,Low,Met
709967,14984,2024,3.0,Low,Met
709968,14984,2025,2.5,High,Met
709969,14985,2024,3.2,Medium,Exceeded
709970,14985,2025,3.6,Medium,Met
709971,14986,2024,3.2,Medium,Exceeded
709972,14986,2025,3.1,High,Met
709973,14987,2024,4.2,Medium,Met
709974,14987,2025,2.5,Medium,Partially Met
709975,14988,2024,3.6,Medium,Met
709976,14988,2025,3.9,High,Partially Met
709977,14989,2024,3.5,High,Exceeded
709978,14989,2025,3.4,High,Exceeded
709979,14990,2024,4.3,Medium,Met
709980,14990,2025,3.4,Low,Met
709981,14991,2024,3.6,Medium,Met
709982,14991,2025,3.8,Low,Partially Met
709983,14992,2024,1.8,Medium,Met
709984,14992,2025,4.2,Medium,Exceeded
709985,14993,2024,3.0,Medium,Met
709986,14993,2025,3.8,Medium,Met
709987,14994,2024,4.5,Low,Met
709988,14994,2025,3.7,Low,Partially Met
709989,14995,2024,4.1,Medium,Exceeded
709990,14995,2025,4.2,Low,Met
709991,14996,2024,3.0,Medium,Met
709992,14996,2025,3.4,High,Met
709993,14997,2024,4.2,Low,Exceeded
709994,14997,2025,3.9,Medium,Met
709995,14998,2024,3.8,Medium,Met
709996,14998,2025,2.8,Medium,Met
709997,14999,2024,2.9,Medium,Met
709998,14999,2025,2.5,Medium,Met
709999,15000,2024,3.4,Medium,Exceeded
710000,15000,2025,2.0,Medium,Met
