salary_id,employee_id,job_id,effective_from,effective_to,annual_salary_inr,annual_bonus_target_inr
500001,10001,103,2022-08-27,2024-08-28,75100.0,6200.0
500002,10001,103,2024-08-29,2025-12-31,85500.0,7600.0
500003,10002,106,2024-05-12,2025-05-11,87800.0,9400.0
500004,10002,106,2025-05-12,2025-12-31,92600.0,8400.0
500005,10003,115,2017-09-24,2025-12-31,91800.0,8600.0
500006,10004,101,2019-08-17,2023-06-13,46300.0,6700.0
500007,10004,101,2023-06-14,2025-12-31,50600.0,7400.0
500008,10005,107,2016-08-24,2022-04-04,147000.0,9000.0
500009,10005,107,2022-04-05,2025-12-31,140300.0,14000.0
500010,10006,107,2022-03-18,2025-12-31,125300.0,17800.0
500011,10007,111,2023-01-04,2025-12-31,100700.0,6200.0
500012,10008,109,2017-01-19,2022-06-02,95400.0,12100.0
500013,10008,109,2022-06-03,2025-12-31,94500.0,10800.0
500014,10009,107,2025-07-10,2025-12-31,140400.0,13100.0
500015,10010,104,2017-01-15,2025-12-31,101300.0,7200.0
500016,10011,106,2025-07-20,2025-12-31,75900.0,11300.0
500017,10012,109,2021-07-18,2024-03-19,95300.0,7900.0
500018,10012,109,2024-03-20,2025-12-31,118700.0,17700.0
500019,10013,106,2025-07-04,2026-07-03,74600.0,9300.0
500020,10013,106,2026-07-04,2025-12-31,96500.0,11200.0
500021,10014,117,2018-09-28,2025-12-31,84400.0,9600.0
500022,10015,109,2019-10-15,2025-12-31,87600.0,11200.0
500023,10016,101,2021-03-11,2025-12-31,49200.0,3700.0
500024,10017,112,2018-04-03,2022-11-25,55100.0,3600.0
500025,10017,112,2022-11-26,2025-12-31,67900.0,4500.0
500026,10018,107,2016-03-16,2025-12-31,126900.0,13600.0
500027,10019,111,2023-12-29,2025-03-12,86000.0,8100.0
500028,10019,111,2025-03-13,2025-12-31,107400.0,13700.0
500029,10020,107,2025-05-24,2026-05-23,120300.0,14800.0
500030,10020,107,2026-05-24,2025-12-31,157800.0,11600.0
500031,10021,109,2025-11-26,2026-11-25,85000.0,5500.0
500032,10021,109,2026-11-26,2025-12-31,91300.0,10000.0
500033,10022,113,2019-11-04,2025-12-31,88500.0,11100.0
500034,10023,114,2020-11-18,2025-12-31,47300.0,6100.0
500035,10024,105,2018-08-05,2025-12-31,87900.0,11500.0
500036,10025,107,2019-05-05,2023-05-02,122300.0,17300.0
500037,10025,107,2023-05-03,2025-12-31,154800.0,9100.0
500038,10026,108,2019-07-24,2025-12-31,50900.0,4100.0
500039,10027,114,2025-02-27,2025-12-31,43200.0,4500.0
500040,10028,114,2019-04-28,2023-04-30,47500.0,6900.0
500041,10028,114,2023-05-01,2025-12-31,40500.0,3400.0
500042,10029,104,2025-08-09,2026-08-08,121600.0,16900.0
500043,10029,104,2026-08-09,2025-12-31,123000.0,16500.0
500044,10030,103,2019-10-02,2025-12-31,68900.0,6000.0
500045,10031,108,2018-12-05,2023-03-03,49600.0,5300.0
500046,10031,108,2023-03-04,2025-12-31,53200.0,3600.0
500047,10032,104,2023-03-03,2024-11-12,114600.0,17100.0
500048,10032,104,2024-11-13,2025-12-31,135000.0,16300.0
500049,10033,105,2018-12-19,2025-12-31,82900.0,6600.0
500050,10034,104,2016-03-01,2022-01-23,99000.0,11200.0
500051,10034,104,2022-01-24,2025-12-31,111900.0,14100.0
500052,10035,111,2021-09-08,2024-04-09,86600.0,12600.0
500053,10035,111,2024-04-10,2025-12-31,91900.0,9200.0
500054,10036,117,2019-07-07,2023-05-28,85100.0,9600.0
500055,10036,117,2023-05-29,2025-12-31,108600.0,7500.0
500056,10037,117,2017-01-09,2025-12-31,100500.0,8000.0
500057,10038,106,2017-09-15,2022-09-06,84800.0,10500.0
500058,10038,106,2022-09-07,2025-12-31,79300.0,6700.0
500059,10039,111,2025-04-21,2026-04-20,88200.0,6900.0
500060,10039,111,2026-04-21,2025-12-31,115500.0,14400.0
500061,10040,115,2022-06-11,2025-12-31,77800.0,3900.0
500062,10041,103,2023-04-11,2024-11-27,69900.0,5500.0
500063,10041,103,2024-11-28,2025-12-31,69600.0,3800.0
500064,10042,111,2018-06-14,2025-12-31,95700.0,5800.0
500065,10043,107,2017-04-29,2025-12-31,141500.0,11200.0
500066,10044,106,2019-01-22,2023-03-22,86100.0,7100.0
500067,10044,106,2023-03-23,2025-12-31,95500.0,5200.0
500068,10045,106,2020-09-19,2023-11-20,72800.0,8500.0
500069,10045,106,2023-11-21,2025-12-31,98900.0,9000.0
500070,10046,101,2022-06-20,2024-08-01,42400.0,5900.0
500071,10046,101,2024-08-02,2025-12-31,52400.0,3800.0
500072,10047,111,2018-12-23,2025-12-31,96300.0,6400.0
500073,10048,106,2020-08-28,2025-12-31,78500.0,10400.0
500074,10049,107,2020-12-16,2023-12-25,145600.0,19100.0
500075,10049,107,2023-12-26,2025-12-31,152500.0,11600.0
500076,10050,104,2019-12-17,2025-12-31,112700.0,15900.0
500077,10051,115,2024-06-27,2025-06-26,93200.0,12300.0
500078,10051,115,2025-06-27,2025-12-31,101700.0,7200.0
500079,10052,108,2024-02-18,2025-04-01,47400.0,3000.0
500080,10052,108,2025-04-02,2025-12-31,55000.0,8000.0
500081,10053,108,2023-09-02,2025-12-31,50400.0,7300.0
500082,10054,109,2022-10-03,2025-12-31,105700.0,15100.0
500083,10055,105,2020-02-01,2025-12-31,79000.0,11800.0
500084,10056,105,2021-04-06,2024-02-07,88600.0,11900.0
500085,10056,105,2024-02-08,2025-12-31,85300.0,9500.0
500086,10057,112,2016-10-16,2022-04-25,51400.0,2600.0
500087,10057,112,2022-04-26,2025-12-31,66600.0,4200.0
500088,10058,103,2016-03-11,2025-12-31,70700.0,7900.0
500089,10059,103,2017-08-22,2025-12-31,69100.0,5900.0
500090,10060,113,2019-02-05,2023-03-28,99300.0,10500.0
500091,10060,113,2023-03-29,2025-12-31,101400.0,11200.0
500092,10061,107,2020-09-21,2023-11-20,143200.0,15200.0
500093,10061,107,2023-11-21,2025-12-31,162400.0,16500.0
500094,10062,105,2017-02-07,2025-12-31,85300.0,9000.0
500095,10063,109,2025-04-16,2026-04-15,92900.0,13300.0
500096,10063,109,2026-04-16,2025-12-31,97300.0,6000.0
500097,10064,109,2019-08-13,2025-12-31,97300.0,7600.0
500098,10065,111,2022-02-04,2024-06-08,93900.0,10300.0
500099,10065,111,2024-06-09,2025-12-31,111300.0,10000.0
500100,10066,111,2024-08-14,2025-12-31,101500.0,13600.0
500101,10067,111,2025-05-26,2026-05-25,89600.0,9800.0
500102,10067,111,2026-05-26,2025-12-31,113100.0,14600.0
500103,10068,113,2017-10-06,2025-12-31,110000.0,10300.0
500104,10069,106,2017-03-03,2025-12-31,86200.0,12100.0
500105,10070,105,2019-05-18,2025-12-31,84700.0,5900.0
500106,10071,108,2025-04-22,2026-04-21,58000.0,7700.0
500107,10071,108,2026-04-22,2025-12-31,55800.0,3100.0
500108,10072,107,2019-09-12,2025-12-31,131600.0,7700.0
500109,10073,117,2022-03-18,2025-12-31,89900.0,10300.0
500110,10074,113,2017-05-03,2022-07-14,106800.0,13200.0
500111,10074,113,2022-07-15,2025-12-31,104100.0,11800.0
500112,10075,104,2017-11-22,2022-10-03,125600.0,16300.0
500113,10075,104,2022-10-04,2025-12-31,131800.0,8600.0
500114,10076,102,2023-01-24,2024-10-27,92100.0,5900.0
500115,10076,102,2024-10-28,2025-12-31,106500.0,9800.0
500116,10077,101,2016-07-08,2022-03-16,39500.0,5900.0
500117,10077,101,2022-03-17,2025-12-31,54900.0,3500.0
500118,10078,105,2021-02-28,2024-01-23,82400.0,6600.0
500119,10078,105,2024-01-24,2025-12-31,104000.0,12700.0
500120,10079,104,2018-12-21,2025-12-31,122300.0,15300.0
500121,10080,108,2017-08-30,2025-12-31,58100.0,6900.0
500122,10081,114,2024-08-23,2025-08-22,44100.0,4500.0
500123,10081,114,2025-08-23,2025-12-31,52600.0,5300.0
500124,10082,113,2023-08-02,2025-01-11,91400.0,13000.0
500125,10082,113,2025-01-12,2025-12-31,120400.0,14800.0
500126,10083,106,2023-03-26,2024-11-21,69500.0,6800.0
500127,10083,106,2024-11-22,2025-12-31,99000.0,13600.0
500128,10084,107,2023-03-03,2025-12-31,136800.0,18600.0
500129,10085,108,2018-12-18,2023-03-08,46400.0,6600.0
500130,10085,108,2023-03-09,2025-12-31,54000.0,6600.0
500131,10086,113,2018-07-07,2025-12-31,88700.0,6200.0
500132,10087,113,2025-02-17,2026-02-16,104100.0,5600.0
500133,10087,113,2026-02-17,2025-12-31,104600.0,12200.0
500134,10088,114,2018-03-10,2022-11-15,38100.0,3400.0
500135,10088,114,2022-11-16,2025-12-31,44000.0,5100.0
500136,10089,109,2017-03-24,2025-12-31,82900.0,11600.0
500137,10090,111,2023-11-15,2025-02-22,97300.0,13100.0
500138,10090,111,2025-02-23,2025-12-31,104600.0,6200.0
500139,10091,104,2022-07-18,2024-08-12,119800.0,8700.0
500140,10091,104,2024-08-13,2025-12-31,124700.0,11600.0
500141,10092,108,2024-11-06,2025-11-05,57000.0,7000.0
500142,10092,108,2025-11-06,2025-12-31,60600.0,5300.0
500143,10093,107,2021-07-24,2024-03-22,133100.0,17500.0
500144,10093,107,2024-03-23,2025-12-31,148700.0,21900.0
500145,10094,109,2018-05-17,2022-12-12,108000.0,12900.0
500146,10094,109,2022-12-13,2025-12-31,114200.0,9500.0
500147,10095,110,2024-10-22,2025-12-31,54900.0,6900.0
500148,10096,107,2023-10-13,2025-02-09,126400.0,14700.0
500149,10096,107,2025-02-10,2025-12-31,162400.0,15200.0
500150,10097,101,2019-04-28,2023-04-30,49200.0,5800.0
500151,10097,101,2023-05-01,2025-12-31,47500.0,2600.0
500152,10098,101,2016-03-03,2025-12-31,42800.0,2400.0
500153,10099,102,2024-02-17,2025-12-31,85900.0,7200.0
500154,10100,102,2019-02-14,2023-03-31,95300.0,7400.0
500155,10100,102,2023-04-01,2025-12-31,88100.0,8100.0
500156,10101,104,2023-10-08,2025-02-07,117100.0,17100.0
500157,10101,104,2025-02-08,2025-12-31,127600.0,9900.0
500158,10102,105,2016-05-31,2022-03-01,78800.0,5700.0
500159,10102,105,2022-03-02,2025-12-31,88700.0,5300.0
500160,10103,106,2020-05-13,2025-12-31,87600.0,9800.0
500161,10104,117,2017-05-14,2022-07-18,103100.0,5800.0
500162,10104,117,2022-07-19,2025-12-31,94000.0,7800.0
500163,10105,106,2017-12-24,2022-10-16,76400.0,5100.0
500164,10105,106,2022-10-17,2025-12-31,78500.0,10700.0
500165,10106,103,2019-04-19,2023-04-26,63800.0,6300.0
500166,10106,103,2023-04-27,2025-12-31,66500.0,7300.0
500167,10107,109,2020-04-20,2023-09-20,97900.0,10900.0
500168,10107,109,2023-09-21,2025-12-31,113500.0,8300.0
500169,10108,115,2019-07-11,2023-05-29,92800.0,11400.0
500170,10108,115,2023-05-30,2025-12-31,102400.0,14600.0
500171,10109,110,2020-02-17,2025-12-31,47700.0,6000.0
500172,10110,105,2017-11-02,2025-12-31,86800.0,10400.0
500173,10111,108,2020-05-24,2025-12-31,53300.0,4900.0
500174,10112,112,2025-08-24,2026-08-23,60400.0,8200.0
500175,10112,112,2026-08-24,2025-12-31,62100.0,4800.0
500176,10113,113,2025-06-06,2026-06-05,84700.0,4900.0
500177,10113,113,2026-06-06,2025-12-31,103300.0,7100.0
500178,10114,110,2021-12-23,2024-05-22,53600.0,7800.0
500179,10114,110,2024-05-23,2025-12-31,51600.0,5000.0
500180,10115,114,2022-12-09,2025-12-31,47200.0,4000.0
500181,10116,114,2019-09-17,2023-06-25,39500.0,2600.0
500182,10116,114,2023-06-26,2025-12-31,46100.0,3900.0
500183,10117,109,2022-02-07,2025-12-31,88800.0,11000.0
500184,10118,108,2021-10-08,2024-04-21,54300.0,6200.0
500185,10118,108,2024-04-22,2025-12-31,60900.0,4100.0
500186,10119,110,2020-06-12,2023-10-11,47500.0,5100.0
500187,10119,110,2023-10-12,2025-12-31,49700.0,5100.0
500188,10120,112,2022-08-14,2024-08-23,52700.0,6300.0
500189,10120,112,2024-08-24,2025-12-31,59200.0,4600.0
500190,10121,102,2018-03-25,2025-12-31,95800.0,7200.0
500191,10122,116,2022-06-06,2024-07-27,55000.0,8100.0
500192,10122,116,2024-07-28,2025-12-31,53900.0,6200.0
500193,10123,107,2018-10-25,2025-12-31,131200.0,10700.0
500194,10124,109,2017-11-13,2025-12-31,83600.0,7200.0
500195,10125,115,2025-01-10,2026-01-09,76700.0,5200.0
500196,10125,115,2026-01-10,2025-12-31,96600.0,14100.0
500197,10126,106,2020-01-09,2023-08-10,70000.0,8500.0
500198,10126,106,2023-08-11,2025-12-31,88300.0,10800.0
500199,10127,108,2020-02-25,2025-12-31,58700.0,3800.0
500200,10128,103,2023-04-27,2024-12-04,66000.0,6500.0
500201,10128,103,2024-12-05,2025-12-31,84300.0,11900.0
500202,10129,105,2017-05-27,2025-12-31,78600.0,9700.0
500203,10130,103,2017-07-11,2022-08-10,76700.0,5500.0
500204,10130,103,2022-08-11,2025-12-31,68600.0,9200.0
500205,10131,107,2020-03-21,2025-12-31,143700.0,9500.0
500206,10132,106,2023-04-27,2025-12-31,83200.0,9600.0
500207,10133,116,2023-10-21,2025-12-31,56700.0,5200.0
500208,10134,116,2023-11-12,2025-02-21,53500.0,6700.0
500209,10134,116,2025-02-22,2025-12-31,53000.0,3800.0
500210,10135,103,2024-04-04,2025-12-31,64700.0,4300.0
500211,10136,113,2024-10-21,2025-12-31,88800.0,7500.0
500212,10137,102,2021-02-18,2024-01-19,89500.0,7700.0
500213,10137,102,2024-01-20,2025-12-31,109900.0,12700.0
500214,10138,102,2024-10-25,2025-10-24,86700.0,8700.0
500215,10138,102,2025-10-25,2025-12-31,86900.0,12400.0
500216,10139,104,2025-06-20,2026-06-19,117100.0,15000.0
500217,10139,104,2026-06-20,2025-12-31,133000.0,8900.0
500218,10140,116,2019-11-17,2025-12-31,47200.0,6200.0
500219,10141,116,2018-02-22,2022-11-09,48200.0,5900.0
500220,10141,116,2022-11-10,2025-12-31,55700.0,3400.0
500221,10142,107,2020-01-23,2023-08-16,123200.0,17900.0
500222,10142,107,2023-08-17,2025-12-31,140400.0,15100.0
500223,10143,103,2021-05-20,2025-12-31,67000.0,5700.0
500224,10144,105,2020-01-26,2023-08-17,94600.0,12300.0
500225,10144,105,2023-08-18,2025-12-31,86400.0,7200.0
500226,10145,109,2021-12-20,2025-12-31,96300.0,10200.0
500227,10146,109,2020-04-16,2025-12-31,102000.0,14700.0
500228,10147,107,2021-07-08,2025-12-31,147700.0,19500.0
500229,10148,112,2019-09-30,2023-07-01,49600.0,6900.0
500230,10148,112,2023-07-02,2025-12-31,53100.0,6900.0
500231,10149,107,2024-02-27,2025-12-31,129500.0,11100.0
500232,10150,114,2016-11-19,2022-05-09,37300.0,4600.0
500233,10150,114,2022-05-10,2025-12-31,41400.0,6000.0
500234,10151,111,2017-06-01,2022-07-25,100500.0,5600.0
500235,10151,111,2022-07-26,2025-12-31,103600.0,8800.0
500236,10152,108,2023-09-14,2025-01-29,55200.0,8000.0
500237,10152,108,2025-01-30,2025-12-31,50800.0,3900.0
500238,10153,112,2016-02-19,2025-12-31,60500.0,4200.0
500239,10154,112,2023-05-22,2024-12-14,48000.0,3400.0
500240,10154,112,2024-12-15,2025-12-31,53800.0,4600.0
500241,10155,107,2017-12-13,2022-10-11,131800.0,8500.0
500242,10155,107,2022-10-12,2025-12-31,144400.0,7400.0
500243,10156,105,2024-10-11,2025-10-10,81900.0,5100.0
500244,10156,105,2025-10-11,2025-12-31,101000.0,7100.0
500245,10157,115,2022-08-22,2025-12-31,82100.0,8000.0
500246,10158,104,2024-03-09,2025-12-31,97900.0,5700.0
500247,10159,101,2018-08-16,2023-01-18,43500.0,4000.0
500248,10159,101,2023-01-19,2025-12-31,51300.0,2600.0
500249,10160,108,2024-01-26,2025-12-31,48400.0,3600.0
500250,10161,112,2016-09-26,2025-12-31,47900.0,7100.0
500251,10162,112,2023-08-23,2025-01-20,49600.0,3700.0
500252,10162,112,2025-01-21,2025-12-31,59700.0,6100.0
500253,10163,114,2016-11-01,2022-05-01,37600.0,2000.0
500254,10163,114,2022-05-02,2025-12-31,43600.0,6200.0
500255,10164,109,2023-10-24,2025-02-14,102100.0,7000.0
500256,10164,109,2025-02-15,2025-12-31,92900.0,9800.0
500257,10165,104,2016-10-17,2025-12-31,123000.0,12900.0
500258,10166,109,2017-04-25,2022-07-10,85600.0,10000.0
500259,10166,109,2022-07-11,2025-12-31,98900.0,13300.0
500260,10167,113,2024-07-30,2025-12-31,106800.0,11400.0
500261,10168,104,2025-05-05,2025-12-31,105300.0,10600.0
500262,10169,103,2021-07-07,2024-03-15,70900.0,7300.0
500263,10169,103,2024-03-16,2025-12-31,80900.0,9900.0
500264,10170,101,2020-09-14,2025-12-31,39300.0,5500.0
500265,10171,111,2018-09-28,2023-02-04,100800.0,9900.0
500266,10171,111,2023-02-05,2025-12-31,111200.0,10700.0
500267,10172,114,2019-06-20,2025-12-31,40900.0,5100.0
500268,10173,110,2024-03-18,2025-04-13,53800.0,3700.0
500269,10173,110,2025-04-14,2025-12-31,59300.0,4700.0
500270,10174,117,2021-03-28,2024-02-04,103200.0,13600.0
500271,10174,117,2024-02-05,2025-12-31,110200.0,15700.0
500272,10175,102,2025-02-15,2026-02-14,84600.0,6700.0
500273,10175,102,2026-02-15,2025-12-31,94000.0,7800.0
500274,10176,115,2023-05-04,2025-12-31,77700.0,6100.0
500275,10177,112,2018-07-01,2025-12-31,50700.0,4400.0
500276,10178,106,2021-08-23,2024-04-03,89000.0,7300.0
500277,10178,106,2024-04-04,2025-12-31,95500.0,9800.0
500278,10179,117,2017-07-14,2022-08-11,87700.0,10500.0
500279,10179,117,2022-08-12,2025-12-31,117800.0,8000.0
500280,10180,105,2022-10-29,2024-09-23,82300.0,7400.0
500281,10180,105,2024-09-24,2025-12-31,100800.0,9800.0
500282,10181,114,2019-01-30,2023-03-25,47100.0,4100.0
500283,10181,114,2023-03-26,2025-12-31,48700.0,5700.0
500284,10182,115,2023-01-22,2024-10-27,71800.0,4200.0
500285,10182,115,2024-10-28,2025-12-31,101900.0,13200.0
500286,10183,112,2021-07-05,2024-03-14,56800.0,6300.0
500287,10183,112,2024-03-15,2025-12-31,52600.0,4900.0
500288,10184,109,2023-10-05,2025-12-31,87500.0,11800.0
500289,10185,103,2021-04-22,2025-12-31,59900.0,8100.0
500290,10186,109,2018-09-13,2023-01-29,105200.0,8800.0
500291,10186,109,2023-01-30,2025-12-31,110400.0,14200.0
500292,10187,107,2022-10-26,2024-09-21,127500.0,12900.0
500293,10187,107,2024-09-22,2025-12-31,148900.0,11800.0
500294,10188,112,2017-09-04,2025-12-31,58600.0,4500.0
500295,10189,112,2025-07-02,2025-12-31,54200.0,7400.0
500296,10190,115,2016-03-02,2022-01-24,75900.0,4100.0
500297,10190,115,2022-01-25,2025-12-31,102600.0,8800.0
500298,10191,102,2020-10-18,2023-12-01,89900.0,7100.0
500299,10191,102,2023-12-02,2025-12-31,92100.0,10300.0
500300,10192,113,2020-05-04,2023-09-25,97800.0,8700.0
500301,10192,113,2023-09-26,2025-12-31,108200.0,8900.0
500302,10193,114,2023-02-07,2025-12-31,37700.0,3300.0
500303,10194,112,2022-12-16,2024-10-12,54200.0,4900.0
500304,10194,112,2024-10-13,2025-12-31,62700.0,7100.0
500305,10195,103,2025-09-16,2026-09-15,63100.0,6800.0
500306,10195,103,2026-09-16,2025-12-31,85100.0,5800.0
500307,10196,104,2025-10-04,2026-10-03,104400.0,9500.0
500308,10196,104,2026-10-04,2025-12-31,116200.0,15500.0
500309,10197,101,2024-05-16,2025-05-15,41500.0,6000.0
500310,10197,101,2025-05-16,2025-12-31,44100.0,2700.0
500311,10198,111,2016-01-17,2022-01-06,82900.0,10400.0
500312,10198,111,2022-01-07,2025-12-31,97500.0,12000.0
500313,10199,111,2025-04-05,2025-12-31,86800.0,8800.0
500314,10200,117,2016-01-10,2025-12-31,104800.0,5500.0
500315,10201,106,2025-08-10,2026-08-09,87500.0,6400.0
500316,10201,106,2026-08-10,2025-12-31,79100.0,8500.0
500317,10202,105,2023-04-05,2024-11-25,84100.0,11100.0
500318,10202,105,2024-11-26,2025-12-31,93800.0,9500.0
500319,10203,110,2017-02-27,2022-06-18,54800.0,6800.0
500320,10203,110,2022-06-19,2025-12-31,52000.0,4300.0
500321,10204,112,2022-02-21,2025-12-31,53000.0,4800.0
500322,10205,114,2017-06-10,2022-07-29,38600.0,3200.0
500323,10205,114,2022-07-30,2025-12-31,50400.0,5000.0
500324,10206,112,2023-06-07,2024-12-20,50100.0,3400.0
500325,10206,112,2024-12-21,2025-12-31,53300.0,2700.0
500326,10207,108,2016-09-13,2022-04-12,51700.0,4000.0
500327,10207,108,2022-04-13,2025-12-31,65800.0,5900.0
500328,10208,111,2017-01-17,2025-12-31,86100.0,6400.0
500329,10209,114,2017-06-17,2025-12-31,36800.0,1900.0
500330,10210,109,2016-08-26,2022-04-05,88400.0,9100.0
500331,10210,109,2022-04-06,2025-12-31,110100.0,8900.0
500332,10211,106,2025-06-25,2026-06-24,86300.0,5700.0
500333,10211,106,2026-06-25,2025-12-31,91600.0,13100.0
500334,10212,104,2019-08-09,2023-06-10,99200.0,14700.0
500335,10212,104,2023-06-11,2025-12-31,115000.0,8900.0
500336,10213,102,2023-09-13,2025-01-28,83700.0,12500.0
500337,10213,102,2025-01-29,2025-12-31,87100.0,8300.0
500338,10214,112,2021-12-13,2025-12-31,54600.0,5600.0
500339,10215,103,2024-12-07,2025-12-31,75800.0,6100.0
500340,10216,105,2025-06-03,2025-12-31,73600.0,6700.0
500341,10217,106,2020-10-09,2023-11-28,83900.0,6000.0
500342,10217,106,2023-11-29,2025-12-31,93200.0,7600.0
500343,10218,108,2025-06-06,2025-12-31,52200.0,7000.0
500344,10219,105,2018-10-26,2025-12-31,95500.0,11900.0
500345,10220,111,2018-02-25,2025-12-31,87500.0,8800.0
500346,10221,102,2018-12-22,2023-03-10,78700.0,9500.0
500347,10221,102,2023-03-11,2025-12-31,92200.0,8300.0
500348,10222,103,2024-04-08,2025-04-21,63400.0,3600.0
500349,10222,103,2025-04-22,2025-12-31,72500.0,4200.0
500350,10223,109,2017-07-12,2025-12-31,83300.0,12000.0
500351,10224,105,2018-04-23,2025-12-31,80400.0,6100.0
500352,10225,106,2017-08-24,2022-08-28,88000.0,9600.0
500353,10225,106,2022-08-29,2025-12-31,90000.0,12600.0
500354,10226,102,2021-04-27,2025-12-31,97900.0,12500.0
500355,10227,115,2023-12-16,2025-12-31,90900.0,7900.0
500356,10228,111,2019-06-03,2025-12-31,98400.0,8600.0
500357,10229,103,2021-07-21,2024-03-21,72300.0,6200.0
500358,10229,103,2024-03-22,2025-12-31,82300.0,5300.0
500359,10230,101,2025-04-05,2025-12-31,42200.0,2800.0
500360,10231,117,2019-01-20,2025-12-31,88800.0,11900.0
500361,10232,111,2024-06-25,2025-06-24,104000.0,7500.0
500362,10232,111,2025-06-25,2025-12-31,90900.0,13100.0
500363,10233,107,2022-11-17,2024-09-30,148000.0,19600.0
500364,10233,107,2024-10-01,2025-12-31,129700.0,12300.0
500365,10234,110,2022-10-14,2024-09-17,48600.0,4100.0
500366,10234,110,2024-09-18,2025-12-31,57400.0,8500.0
500367,10235,113,2016-02-23,2022-01-21,93100.0,10100.0
500368,10235,113,2022-01-22,2025-12-31,98000.0,11900.0
500369,10236,113,2018-01-30,2022-10-30,109100.0,12300.0
500370,10236,113,2022-10-31,2025-12-31,103400.0,12600.0
500371,10237,108,2017-09-21,2025-12-31,57200.0,4400.0
500372,10238,109,2025-02-02,2026-02-01,94200.0,8400.0
500373,10238,109,2026-02-02,2025-12-31,99700.0,12500.0
500374,10239,102,2019-11-19,2023-07-21,85200.0,5500.0
500375,10239,102,2023-07-22,2025-12-31,89400.0,6900.0
500376,10240,114,2025-05-26,2025-12-31,47700.0,4800.0
500377,10241,110,2025-10-18,2026-10-17,55300.0,3100.0
500378,10241,110,2026-10-18,2025-12-31,50000.0,4200.0
500379,10242,105,2016-06-27,2022-03-12,91500.0,13000.0
500380,10242,105,2022-03-13,2025-12-31,94100.0,9400.0
500381,10243,114,2016-04-11,2022-02-09,41900.0,6000.0
500382,10243,114,2022-02-10,2025-12-31,45300.0,3200.0
500383,10244,115,2016-03-23,2022-02-01,83000.0,9100.0
500384,10244,115,2022-02-02,2025-12-31,89300.0,11200.0
500385,10245,117,2020-03-08,2025-12-31,99600.0,13600.0
500386,10246,115,2018-12-17,2025-12-31,76200.0,8600.0
500387,10247,117,2021-05-03,2025-12-31,86500.0,11600.0
500388,10248,105,2024-05-11,2025-05-10,91500.0,6100.0
500389,10248,105,2025-05-11,2025-12-31,99200.0,6400.0
500390,10249,114,2025-08-24,2026-08-23,38400.0,3000.0
500391,10249,114,2026-08-24,2025-12-31,52600.0,3200.0
500392,10250,113,2021-02-23,2024-01-21,102100.0,6100.0
500393,10250,113,2024-01-22,2025-12-31,96200.0,6200.0
500394,10251,105,2025-07-07,2025-12-31,94000.0,12500.0
500395,10252,103,2018-01-03,2025-12-31,70300.0,10300.0
500396,10253,116,2025-11-25,2026-11-24,51900.0,4700.0
500397,10253,116,2026-11-25,2025-12-31,51300.0,6800.0
500398,10254,106,2023-08-15,2025-01-17,84300.0,7600.0
500399,10254,106,2025-01-18,2025-12-31,76000.0,6000.0
500400,10255,115,2020-02-25,2023-08-29,92800.0,10800.0
500401,10255,115,2023-08-30,2025-12-31,92000.0,5800.0
500402,10256,101,2025-04-23,2026-04-22,39100.0,4900.0
500403,10256,101,2026-04-23,2025-12-31,44600.0,4900.0
500404,10257,102,2020-01-13,2025-12-31,86900.0,9800.0
500405,10258,108,2023-12-18,2025-12-31,48600.0,5400.0
500406,10259,106,2024-10-01,2025-12-31,76500.0,5100.0
500407,10260,111,2022-04-06,2024-07-02,104000.0,8900.0
500408,10260,111,2024-07-03,2025-12-31,92000.0,5400.0
500409,10261,108,2021-03-28,2024-02-04,47800.0,4800.0
500410,10261,108,2024-02-05,2025-12-31,56000.0,7500.0
500411,10262,101,2016-11-01,2025-12-31,44200.0,6100.0
500412,10263,104,2016-02-06,2022-01-14,115500.0,7700.0
500413,10263,104,2022-01-15,2025-12-31,108000.0,7100.0
500414,10264,105,2022-07-07,2024-08-08,90400.0,6100.0
500415,10264,105,2024-08-09,2025-12-31,84200.0,12000.0
500416,10265,105,2018-11-28,2025-12-31,84200.0,5000.0
500417,10266,112,2016-12-10,2025-12-31,49400.0,5500.0
500418,10267,107,2024-10-06,2025-12-31,129000.0,18200.0
500419,10268,103,2021-01-20,2024-01-08,74700.0,7900.0
500420,10268,103,2024-01-09,2025-12-31,78000.0,11600.0
500421,10269,109,2023-03-18,2025-12-31,102900.0,6700.0
500422,10270,104,2018-08-15,2025-12-31,119000.0,17500.0
500423,10271,104,2025-06-13,2025-12-31,102900.0,9900.0
500424,10272,107,2018-10-29,2025-12-31,137400.0,13200.0
500425,10273,115,2025-10-09,2026-10-08,79400.0,9300.0
500426,10273,115,2026-10-09,2025-12-31,97600.0,9200.0
500427,10274,114,2022-09-10,2024-09-03,43900.0,6200.0
500428,10274,114,2024-09-04,2025-12-31,46600.0,6700.0
500429,10275,113,2023-07-16,2025-01-05,107500.0,13800.0
500430,10275,113,2025-01-06,2025-12-31,120400.0,15500.0
500431,10276,105,2022-07-01,2024-08-06,93800.0,11000.0
500432,10276,105,2024-08-07,2025-12-31,85000.0,4600.0
500433,10277,106,2021-12-04,2024-05-14,85500.0,9600.0
500434,10277,106,2024-05-15,2025-12-31,88100.0,4400.0
500435,10278,109,2021-04-14,2024-02-10,86800.0,8300.0
500436,10278,109,2024-02-11,2025-12-31,118600.0,16400.0
500437,10279,113,2021-12-29,2024-05-24,99900.0,10000.0
500438,10279,113,2024-05-25,2025-12-31,96800.0,14400.0
500439,10280,117,2022-05-25,2024-07-22,95500.0,11000.0
500440,10280,117,2024-07-23,2025-12-31,96400.0,7000.0
500441,10281,103,2022-08-02,2024-08-18,66800.0,4700.0
500442,10281,103,2024-08-19,2025-12-31,84300.0,10200.0
500443,10282,102,2021-03-10,2025-12-31,98400.0,11800.0
500444,10283,111,2019-06-17,2023-05-20,96100.0,6600.0
500445,10283,111,2023-05-21,2025-12-31,92600.0,10500.0
500446,10284,113,2019-05-19,2025-12-31,88700.0,7600.0
500447,10285,115,2022-11-24,2024-10-03,87400.0,13000.0
500448,10285,115,2024-10-04,2025-12-31,96700.0,13000.0
500449,10286,111,2020-09-14,2023-11-18,83300.0,10200.0
500450,10286,111,2023-11-19,2025-12-31,96000.0,8500.0
500451,10287,117,2021-08-17,2025-12-31,105600.0,10400.0
500452,10288,108,2024-02-02,2025-12-31,53300.0,3300.0
500453,10289,115,2017-09-14,2025-12-31,90600.0,9400.0
500454,10290,117,2024-04-25,2025-12-31,96600.0,10100.0
500455,10291,114,2021-05-30,2024-02-29,39100.0,3000.0
500456,10291,114,2024-03-01,2025-12-31,45900.0,6000.0
500457,10292,107,2024-01-09,2025-12-31,120700.0,12700.0
500458,10293,106,2025-01-28,2026-01-27,81000.0,9300.0
500459,10293,106,2026-01-28,2025-12-31,82400.0,11700.0
500460,10294,108,2022-09-12,2025-12-31,47500.0,5700.0
500461,10295,108,2022-05-12,2024-07-17,46700.0,6800.0
500462,10295,108,2024-07-18,2025-12-31,61300.0,5100.0
500463,10296,115,2024-05-02,2025-12-31,90200.0,12400.0
500464,10297,104,2024-11-27,2025-11-26,120700.0,16300.0
500465,10297,104,2025-11-27,2025-12-31,125500.0,12300.0
500466,10298,105,2019-09-29,2023-06-30,79000.0,7800.0
500467,10298,105,2023-07-01,2025-12-31,102300.0,13300.0
500468,10299,112,2021-07-11,2024-03-17,59300.0,7500.0
500469,10299,112,2024-03-18,2025-12-31,61900.0,4500.0
500470,10300,103,2017-07-02,2022-08-07,62800.0,3200.0
500471,10300,103,2022-08-08,2025-12-31,67400.0,8500.0
500472,10301,107,2020-12-02,2023-12-19,129000.0,19200.0
500473,10301,107,2023-12-20,2025-12-31,157100.0,19600.0
500474,10302,105,2017-01-19,2022-06-02,88000.0,8800.0
500475,10302,105,2022-06-03,2025-12-31,96300.0,9000.0
500476,10303,110,2022-10-20,2025-12-31,57400.0,4800.0
500477,10304,104,2020-05-08,2023-09-27,109800.0,11200.0
500478,10304,104,2023-09-28,2025-12-31,109000.0,14200.0
500479,10305,114,2025-03-23,2026-03-22,41400.0,4800.0
500480,10305,114,2026-03-23,2025-12-31,50000.0,7400.0
500481,10306,109,2019-07-05,2023-05-27,91500.0,6100.0
500482,10306,109,2023-05-28,2025-12-31,115500.0,12100.0
500483,10307,114,2017-01-10,2025-12-31,47800.0,5000.0
500484,10308,109,2020-02-26,2023-08-29,91900.0,4900.0
500485,10308,109,2023-08-30,2025-12-31,114600.0,5900.0
500486,10309,105,2025-01-27,2025-12-31,76000.0,3900.0
500487,10310,104,2023-07-08,2025-01-01,112800.0,6500.0
500488,10310,104,2025-01-02,2025-12-31,126100.0,14800.0
500489,10311,102,2018-05-20,2025-12-31,99600.0,10600.0
500490,10312,108,2020-03-09,2025-12-31,51100.0,5500.0
500491,10313,104,2016-04-10,2022-02-08,106500.0,13100.0
500492,10313,104,2022-02-09,2025-12-31,115900.0,10200.0
500493,10314,107,2024-10-10,2025-10-09,145500.0,9800.0
500494,10314,107,2025-10-10,2025-12-31,141200.0,19600.0
500495,10315,109,2025-11-18,2026-11-17,106700.0,14900.0
500496,10315,109,2026-11-18,2025-12-31,102700.0,11800.0
500497,10316,106,2019-06-15,2025-12-31,80700.0,4800.0
500498,10317,103,2020-07-03,2025-12-31,62200.0,4700.0
500499,10318,112,2023-09-27,2025-12-31,51600.0,6400.0
500500,10319,117,2023-07-11,2025-01-03,101900.0,7500.0
500501,10319,117,2025-01-04,2025-12-31,102700.0,8400.0
500502,10320,104,2018-11-18,2023-02-24,105800.0,8700.0
500503,10320,104,2023-02-25,2025-12-31,137200.0,14200.0
500504,10321,104,2022-06-01,2024-07-25,111400.0,16700.0
500505,10321,104,2024-07-26,2025-12-31,127400.0,15300.0
500506,10322,117,2023-08-24,2025-01-20,94700.0,6500.0
500507,10322,117,2025-01-21,2025-12-31,110100.0,9300.0
500508,10323,102,2018-06-01,2025-12-31,83300.0,7500.0
500509,10324,116,2025-01-02,2026-01-01,48300.0,2800.0
500510,10324,116,2026-01-02,2025-12-31,55500.0,5800.0
500511,10325,102,2020-09-29,2025-12-31,88300.0,8800.0
500512,10326,114,2024-02-14,2025-12-31,42500.0,2500.0
500513,10327,107,2017-01-23,2022-06-04,122200.0,12600.0
500514,10327,107,2022-06-05,2025-12-31,155700.0,16800.0
500515,10328,114,2021-05-30,2024-02-29,39100.0,2100.0
500516,10328,114,2024-03-01,2025-12-31,45700.0,4300.0
500517,10329,105,2025-09-12,2026-09-11,90700.0,8000.0
500518,10329,105,2026-09-12,2025-12-31,97500.0,11100.0
500519,10330,111,2016-06-16,2025-12-31,103300.0,5300.0
500520,10331,104,2019-12-21,2023-08-02,117800.0,10100.0
500521,10331,104,2023-08-03,2025-12-31,138200.0,9900.0
500522,10332,105,2016-10-08,2022-04-22,86800.0,6800.0
500523,10332,105,2022-04-23,2025-12-31,89300.0,12700.0
500524,10333,112,2017-05-06,2022-07-15,55600.0,4600.0
500525,10333,112,2022-07-16,2025-12-31,58200.0,4400.0
500526,10334,109,2016-07-27,2022-03-24,83700.0,12500.0
500527,10334,109,2022-03-25,2025-12-31,109400.0,14000.0
500528,10335,114,2025-04-16,2026-04-15,37000.0,4100.0
500529,10335,114,2026-04-16,2025-12-31,49400.0,4400.0
500530,10336,109,2022-03-11,2024-06-22,92500.0,6000.0
500531,10336,109,2024-06-23,2025-12-31,112000.0,8000.0
500532,10337,114,2016-07-17,2022-03-20,44300.0,2200.0
500533,10337,114,2022-03-21,2025-12-31,49900.0,7000.0
500534,10338,108,2024-06-28,2025-06-27,54300.0,4900.0
500535,10338,108,2025-06-28,2025-12-31,51800.0,6100.0
500536,10339,116,2022-08-27,2025-12-31,55000.0,7200.0
500537,10340,116,2019-12-21,2023-08-02,55500.0,6900.0
500538,10340,116,2023-08-03,2025-12-31,53200.0,7800.0
500539,10341,105,2021-05-03,2024-02-18,89600.0,11200.0
500540,10341,105,2024-02-19,2025-12-31,93400.0,5900.0
500541,10342,114,2017-07-02,2022-08-07,39400.0,4000.0
500542,10342,114,2022-08-08,2025-12-31,43700.0,4600.0
500543,10343,114,2021-06-16,2024-03-07,36800.0,3200.0
500544,10343,114,2024-03-08,2025-12-31,48000.0,6100.0
500545,10344,106,2023-04-01,2024-11-23,74400.0,11100.0
500546,10344,106,2024-11-24,2025-12-31,81900.0,10500.0
500547,10345,111,2016-06-12,2025-12-31,84000.0,9600.0
500548,10346,101,2025-08-25,2025-12-31,49100.0,5800.0
500549,10347,112,2022-05-13,2025-12-31,52500.0,4500.0
500550,10348,104,2021-01-25,2024-01-10,123700.0,8800.0
500551,10348,104,2024-01-11,2025-12-31,118500.0,11000.0
500552,10349,101,2024-04-26,2025-04-29,38700.0,3000.0
500553,10349,101,2025-04-30,2025-12-31,49000.0,6200.0
500554,10350,106,2018-07-12,2025-12-31,77100.0,9000.0
500555,10351,109,2019-12-20,2025-12-31,89000.0,5400.0
500556,10352,115,2017-06-08,2025-12-31,83300.0,5600.0
500557,10353,117,2023-12-09,2025-03-04,102100.0,11800.0
500558,10353,117,2025-03-05,2025-12-31,117300.0,11300.0
500559,10354,108,2022-07-25,2024-08-15,55800.0,4200.0
500560,10354,108,2024-08-16,2025-12-31,55600.0,3900.0
500561,10355,101,2020-08-10,2023-11-04,48400.0,5200.0
500562,10355,101,2023-11-05,2025-12-31,43900.0,4800.0
500563,10356,113,2016-05-30,2025-12-31,107400.0,14600.0
500564,10357,108,2020-01-09,2023-08-10,58100.0,3200.0
500565,10357,108,2023-08-11,2025-12-31,53000.0,3200.0
500566,10358,109,2020-10-16,2023-11-30,103000.0,12200.0
500567,10358,109,2023-12-01,2025-12-31,110100.0,15700.0
500568,10359,107,2025-12-26,2026-12-25,115100.0,13100.0
500569,10359,107,2026-12-26,2025-12-31,159900.0,23600.0
500570,10360,108,2016-06-12,2022-03-06,57500.0,7800.0
500571,10360,108,2022-03-07,2025-12-31,52800.0,6000.0
500572,10361,107,2016-10-07,2022-04-21,130600.0,18000.0
500573,10361,107,2022-04-22,2025-12-31,156900.0,16800.0
500574,10362,112,2024-08-30,2025-12-31,50100.0,3500.0
500575,10363,108,2025-06-17,2026-06-16,56900.0,7900.0
500576,10363,108,2026-06-17,2025-12-31,59300.0,8600.0
500577,10364,114,2024-12-16,2025-12-31,43100.0,4800.0
500578,10365,108,2022-02-12,2025-12-31,47300.0,3200.0
500579,10366,107,2021-10-25,2024-04-28,146300.0,21100.0
500580,10366,107,2024-04-29,2025-12-31,140200.0,20000.0
500581,10367,115,2020-08-24,2025-12-31,82100.0,10900.0
500582,10368,109,2025-08-07,2025-12-31,94300.0,4900.0
500583,10369,107,2018-12-03,2023-03-02,137000.0,7900.0
500584,10369,107,2023-03-03,2025-12-31,154900.0,17400.0
500585,10370,110,2020-11-16,2023-12-13,53700.0,8000.0
500586,10370,110,2023-12-14,2025-12-31,52200.0,5500.0
500587,10371,107,2024-06-13,2025-12-31,115600.0,8100.0
500588,10372,115,2020-11-12,2025-12-31,83800.0,4900.0
500589,10373,108,2016-09-15,2022-04-13,53300.0,4900.0
500590,10373,108,2022-04-14,2025-12-31,61400.0,7800.0
500591,10374,112,2018-03-13,2022-11-16,54000.0,6500.0
500592,10374,112,2022-11-17,2025-12-31,61500.0,8400.0
500593,10375,104,2016-08-09,2022-03-29,113500.0,7100.0
500594,10375,104,2022-03-30,2025-12-31,133300.0,12300.0
500595,10376,105,2024-02-24,2025-12-31,83200.0,4200.0
500596,10377,117,2023-09-02,2025-01-24,86500.0,7800.0
500597,10377,117,2025-01-25,2025-12-31,100000.0,7000.0
500598,10378,112,2021-09-10,2024-04-10,58400.0,7300.0
500599,10378,112,2024-04-11,2025-12-31,56900.0,5700.0
500600,10379,104,2021-06-10,2024-03-04,107000.0,8300.0
500601,10379,104,2024-03-05,2025-12-31,112300.0,15400.0
500602,10380,105,2018-05-24,2025-12-31,82900.0,10100.0
500603,10381,107,2023-01-21,2024-10-26,118000.0,15600.0
500604,10381,107,2024-10-27,2025-12-31,134900.0,16300.0
500605,10382,110,2023-09-25,2025-12-31,53400.0,5200.0
500606,10383,113,2018-04-11,2025-12-31,85500.0,4600.0
500607,10384,112,2023-03-27,2025-12-31,58800.0,7800.0
500608,10385,108,2017-08-11,2022-08-23,52400.0,5400.0
500609,10385,108,2022-08-24,2025-12-31,54400.0,6700.0
500610,10386,112,2017-10-20,2025-12-31,61000.0,6200.0
500611,10387,109,2016-06-17,2022-03-08,103700.0,13000.0
500612,10387,109,2022-03-09,2025-12-31,115100.0,13300.0
500613,10388,103,2019-08-24,2025-12-31,61400.0,7200.0
500614,10389,108,2023-07-24,2025-01-08,56500.0,6400.0
500615,10389,108,2025-01-09,2025-12-31,50800.0,5600.0
500616,10390,116,2019-04-22,2023-04-27,48000.0,3100.0
500617,10390,116,2023-04-28,2025-12-31,58100.0,3600.0
500618,10391,112,2021-08-12,2024-03-29,51600.0,2600.0
500619,10391,112,2024-03-30,2025-12-31,57000.0,6400.0
500620,10392,109,2020-09-01,2025-12-31,107200.0,6600.0
500621,10393,110,2021-05-07,2025-12-31,49400.0,4400.0
500622,10394,115,2024-04-29,2025-04-30,74500.0,7300.0
500623,10394,115,2025-05-01,2025-12-31,97900.0,13500.0
500624,10395,109,2019-10-21,2025-12-31,102600.0,11500.0
500625,10396,107,2020-11-06,2023-12-09,145600.0,18000.0
500626,10396,107,2023-12-10,2025-12-31,132700.0,15700.0
500627,10397,117,2024-05-21,2025-05-20,97800.0,13700.0
500628,10397,117,2025-05-21,2025-12-31,109200.0,15700.0
500629,10398,115,2018-08-05,2025-12-31,74600.0,3800.0
500630,10399,106,2016-03-15,2022-01-29,87200.0,6400.0
500631,10399,106,2022-01-30,2025-12-31,91900.0,9000.0
500632,10400,108,2022-06-19,2025-12-31,48300.0,3600.0
500633,10401,106,2023-03-23,2024-11-20,80500.0,6400.0
500634,10401,106,2024-11-21,2025-12-31,94700.0,8000.0
500635,10402,103,2018-05-28,2025-12-31,77100.0,8500.0
500636,10403,116,2021-07-27,2024-03-23,57600.0,3000.0
500637,10403,116,2024-03-24,2025-12-31,54600.0,4800.0
500638,10404,106,2022-06-14,2024-07-30,81700.0,8600.0
500639,10404,106,2024-07-31,2025-12-31,85300.0,6800.0
500640,10405,114,2022-09-24,2024-09-09,40100.0,2900.0
500641,10405,114,2024-09-10,2025-12-31,44800.0,4900.0
500642,10406,106,2024-06-10,2025-12-31,75200.0,10900.0
500643,10407,108,2018-06-08,2022-12-21,56000.0,3300.0
500644,10407,108,2022-12-22,2025-12-31,60800.0,5800.0
500645,10408,102,2022-02-23,2025-12-31,82600.0,7700.0
500646,10409,113,2022-06-10,2025-12-31,104400.0,7700.0
500647,10410,108,2019-11-18,2023-07-20,46100.0,2700.0
500648,10410,108,2023-07-21,2025-12-31,52600.0,4200.0
500649,10411,111,2025-02-07,2025-12-31,93500.0,12100.0
500650,10412,101,2016-02-22,2025-12-31,45500.0,4500.0
500651,10413,106,2016-05-10,2025-12-31,81000.0,8000.0
500652,10414,101,2021-03-10,2025-12-31,39500.0,4600.0
500653,10415,107,2021-03-30,2024-02-04,143700.0,18600.0
500654,10415,107,2024-02-05,2025-12-31,145900.0,16900.0
500655,10416,111,2019-03-17,2025-12-31,92900.0,13100.0
500656,10417,108,2020-12-21,2023-12-27,58500.0,6300.0
500657,10417,108,2023-12-28,2025-12-31,57200.0,2900.0
500658,10418,111,2019-08-23,2023-06-15,102300.0,9500.0
500659,10418,111,2023-06-16,2025-12-31,100500.0,9900.0
500660,10419,108,2017-12-26,2022-10-16,52900.0,4600.0
500661,10419,108,2022-10-17,2025-12-31,64600.0,6900.0
500662,10420,105,2025-09-17,2025-12-31,89000.0,6300.0
500663,10421,105,2019-03-21,2025-12-31,75600.0,7200.0
500664,10422,104,2017-06-17,2022-08-01,112400.0,9000.0
500665,10422,104,2022-08-02,2025-12-31,129600.0,18600.0
500666,10423,114,2020-07-06,2025-12-31,40800.0,4500.0
500667,10424,110,2023-02-21,2025-12-31,47800.0,3000.0
500668,10425,105,2021-10-18,2024-04-25,84700.0,10400.0
500669,10425,105,2024-04-26,2025-12-31,97200.0,9300.0
500670,10426,104,2024-04-21,2025-12-31,115200.0,13000.0
500671,10427,115,2018-12-06,2023-03-03,78600.0,6600.0
500672,10427,115,2023-03-04,2025-12-31,98400.0,12500.0
500673,10428,112,2019-03-29,2023-04-18,48600.0,6200.0
500674,10428,112,2023-04-19,2025-12-31,59200.0,4300.0
500675,10429,110,2025-08-05,2026-08-04,44300.0,4100.0
500676,10429,110,2026-08-05,2025-12-31,53600.0,6400.0
500677,10430,106,2024-11-14,2025-12-31,73300.0,5400.0
500678,10431,105,2022-12-17,2024-10-12,84000.0,10100.0
500679,10431,105,2024-10-13,2025-12-31,89600.0,5400.0
500680,10432,116,2022-11-16,2025-12-31,57100.0,4300.0
500681,10433,112,2018-12-27,2023-03-12,55500.0,3900.0
500682,10433,112,2023-03-13,2025-12-31,58600.0,7500.0
500683,10434,107,2022-03-26,2024-06-28,143200.0,16800.0
500684,10434,107,2024-06-29,2025-12-31,135000.0,13900.0
500685,10435,114,2021-08-29,2025-12-31,39000.0,2500.0
500686,10436,112,2024-03-24,2025-12-31,57900.0,5600.0
500687,10437,107,2016-07-15,2022-03-19,147400.0,17600.0
500688,10437,107,2022-03-20,2025-12-31,150400.0,17200.0
500689,10438,108,2018-08-29,2023-01-23,59800.0,3800.0
500690,10438,108,2023-01-24,2025-12-31,62000.0,5700.0
500691,10439,107,2016-10-16,2025-12-31,140100.0,14900.0
500692,10440,104,2017-08-17,2025-12-31,123400.0,6800.0
500693,10441,112,2023-08-23,2025-01-20,57700.0,8200.0
500694,10441,112,2025-01-21,2025-12-31,59500.0,3200.0
500695,10442,106,2020-11-25,2025-12-31,73100.0,7700.0
500696,10443,112,2016-08-27,2022-04-05,56000.0,8000.0
500697,10443,112,2022-04-06,2025-12-31,60400.0,3200.0
500698,10444,117,2025-11-08,2025-12-31,91000.0,11600.0
500699,10445,102,2023-01-25,2024-10-28,95800.0,13500.0
500700,10445,102,2024-10-29,2025-12-31,95500.0,14200.0
500701,10446,109,2022-12-14,2024-10-11,99000.0,5300.0
500702,10446,109,2024-10-12,2025-12-31,97000.0,11000.0
500703,10447,112,2019-04-29,2023-04-30,49300.0,3900.0
500704,10447,112,2023-05-01,2025-12-31,61800.0,3200.0
500705,10448,112,2021-09-08,2024-04-09,57000.0,5100.0
500706,10448,112,2024-04-10,2025-12-31,53700.0,6000.0
500707,10449,113,2018-10-10,2025-12-31,97700.0,11700.0
500708,10450,107,2017-12-23,2022-10-15,138700.0,9200.0
500709,10450,107,2022-10-16,2025-12-31,141600.0,8000.0
500710,10451,109,2018-07-09,2025-12-31,96400.0,14200.0
500711,10452,110,2024-04-04,2025-12-31,57600.0,3500.0
500712,10453,117,2020-02-01,2025-12-31,93100.0,9600.0
500713,10454,107,2025-11-01,2026-10-31,116700.0,14100.0
500714,10454,107,2026-11-01,2025-12-31,163700.0,16900.0
500715,10455,115,2019-06-13,2023-05-18,92300.0,8000.0
500716,10455,115,2023-05-19,2025-12-31,100900.0,13700.0
500717,10456,107,2018-05-26,2025-12-31,138700.0,16600.0
500718,10457,116,2024-09-20,2025-12-31,48300.0,5800.0
500719,10458,111,2023-03-05,2024-11-12,98500.0,10400.0
500720,10458,111,2024-11-13,2025-12-31,96100.0,12500.0
500721,10459,109,2024-06-03,2025-06-02,95000.0,5000.0
500722,10459,109,2025-06-03,2025-12-31,102200.0,6800.0
500723,10460,110,2023-10-16,2025-02-10,47500.0,2600.0
500724,10460,110,2025-02-11,2025-12-31,55400.0,5700.0
500725,10461,106,2023-01-07,2025-12-31,78700.0,10800.0
500726,10462,106,2019-01-28,2023-03-25,81900.0,11200.0
500727,10462,106,2023-03-26,2025-12-31,76800.0,7700.0
500728,10463,104,2025-11-02,2025-12-31,102200.0,7700.0
500729,10464,104,2019-03-18,2025-12-31,113300.0,9200.0
500730,10465,107,2018-06-30,2025-12-31,141100.0,11900.0
500731,10466,113,2019-06-13,2023-05-18,101800.0,8600.0
500732,10466,113,2023-05-19,2025-12-31,110900.0,8300.0
500733,10467,110,2021-10-15,2024-04-24,48300.0,6900.0
500734,10467,110,2024-04-25,2025-12-31,60900.0,6500.0
500735,10468,103,2017-06-27,2025-12-31,60800.0,7000.0
500736,10469,115,2020-03-30,2023-09-11,85100.0,11400.0
500737,10469,115,2023-09-12,2025-12-31,80000.0,8900.0
500738,10470,111,2019-05-17,2025-12-31,86100.0,9900.0
500739,10471,116,2024-03-21,2025-12-31,56700.0,3500.0
500740,10472,111,2016-12-30,2022-05-25,105500.0,12500.0
500741,10472,111,2022-05-26,2025-12-31,107600.0,8800.0
500742,10473,104,2023-12-09,2025-03-04,124500.0,7500.0
500743,10473,104,2025-03-05,2025-12-31,138400.0,8700.0
500744,10474,108,2022-02-11,2024-06-11,50300.0,5100.0
500745,10474,108,2024-06-12,2025-12-31,62800.0,9200.0
500746,10475,110,2024-08-04,2025-08-03,44400.0,5000.0
500747,10475,110,2025-08-04,2025-12-31,59100.0,5300.0
500748,10476,101,2025-09-24,2026-09-23,42200.0,4900.0
500749,10476,101,2026-09-24,2025-12-31,48900.0,6100.0
500750,10477,102,2025-02-27,2026-02-26,98200.0,6400.0
500751,10477,102,2026-02-27,2025-12-31,94700.0,10300.0
500752,10478,104,2025-10-06,2025-12-31,104400.0,15100.0
500753,10479,107,2016-12-13,2025-12-31,122600.0,15000.0
500754,10480,108,2023-08-27,2025-12-31,56500.0,8000.0
500755,10481,109,2018-11-28,2025-12-31,91700.0,11800.0
500756,10482,104,2016-04-04,2025-12-31,113500.0,9700.0
500757,10483,111,2018-06-19,2025-12-31,93600.0,10600.0
500758,10484,110,2019-10-31,2023-07-13,54700.0,4600.0
500759,10484,110,2023-07-14,2025-12-31,60600.0,3700.0
500760,10485,106,2020-01-21,2025-12-31,79000.0,9500.0
500761,10486,102,2025-08-31,2025-12-31,81400.0,8000.0
500762,10487,101,2025-08-28,2025-12-31,47500.0,3800.0
500763,10488,106,2019-01-06,2025-12-31,85400.0,7400.0
500764,10489,103,2024-06-21,2025-12-31,67600.0,4000.0
500765,10490,106,2021-10-14,2025-12-31,73000.0,7000.0
500766,10491,110,2021-08-03,2025-12-31,56700.0,3200.0
500767,10492,108,2023-01-02,2024-10-19,54600.0,7000.0
500768,10492,108,2024-10-20,2025-12-31,64800.0,3200.0
500769,10493,107,2025-01-18,2025-12-31,115200.0,14800.0
500770,10494,106,2016-02-14,2022-01-17,87800.0,5800.0
500771,10494,106,2022-01-18,2025-12-31,93600.0,7400.0
500772,10495,111,2019-06-21,2025-12-31,96000.0,6800.0
500773,10496,115,2023-07-13,2025-01-03,74100.0,3700.0
500774,10496,115,2025-01-04,2025-12-31,84700.0,8600.0
500775,10497,113,2016-01-31,2025-12-31,105100.0,6000.0
500776,10498,108,2023-07-26,2025-01-09,56800.0,5600.0
500777,10498,108,2025-01-10,2025-12-31,53400.0,4800.0
500778,10499,106,2017-01-14,2022-05-31,70100.0,8900.0
500779,10499,106,2022-06-01,2025-12-31,82600.0,11900.0
500780,10500,105,2016-02-21,2025-12-31,89600.0,7400.0
500781,10501,114,2018-12-08,2023-03-04,42100.0,3600.0
500782,10501,114,2023-03-05,2025-12-31,51600.0,3200.0
500783,10502,101,2024-08-18,2025-12-31,45800.0,6000.0
500784,10503,116,2018-08-14,2025-12-31,54800.0,8000.0
500785,10504,111,2017-06-01,2022-07-25,83500.0,7500.0
500786,10504,111,2022-07-26,2025-12-31,101900.0,7100.0
500787,10505,110,2023-07-17,2025-01-05,44500.0,5600.0
500788,10505,110,2025-01-06,2025-12-31,55700.0,7500.0
500789,10506,102,2017-10-03,2022-09-13,94900.0,9400.0
500790,10506,102,2022-09-14,2025-12-31,102000.0,8900.0
500791,10507,111,2022-06-15,2024-07-30,104300.0,13900.0
500792,10507,111,2024-07-31,2025-12-31,97500.0,14200.0
500793,10508,108,2020-10-26,2023-12-04,52200.0,6600.0
500794,10508,108,2023-12-05,2025-12-31,55400.0,4600.0
500795,10509,103,2017-07-12,2022-08-11,68300.0,4300.0
500796,10509,103,2022-08-12,2025-12-31,66100.0,9400.0
500797,10510,105,2024-05-18,2025-05-17,75900.0,9600.0
500798,10510,105,2025-05-18,2025-12-31,88200.0,6000.0
500799,10511,114,2024-07-19,2025-12-31,47100.0,2900.0
500800,10512,108,2023-10-06,2025-12-31,58500.0,6600.0
500801,10513,106,2020-04-30,2025-12-31,73600.0,4600.0
500802,10514,101,2023-04-14,2025-12-31,48300.0,5700.0
500803,10515,113,2018-11-15,2023-02-23,92100.0,9600.0
500804,10515,113,2023-02-24,2025-12-31,110800.0,6300.0
500805,10516,110,2021-12-16,2025-12-31,54100.0,3700.0
500806,10517,111,2022-12-13,2024-10-11,87300.0,12600.0
500807,10517,111,2024-10-12,2025-12-31,100100.0,10300.0
500808,10518,109,2025-04-03,2025-12-31,92200.0,5600.0
500809,10519,109,2025-05-08,2025-12-31,99600.0,7600.0
500810,10520,110,2020-10-29,2023-12-06,53100.0,6400.0
500811,10520,110,2023-12-07,2025-12-31,49000.0,5800.0
500812,10521,107,2022-08-18,2025-12-31,121300.0,12400.0
500813,10522,116,2017-06-25,2025-12-31,49200.0,6200.0
500814,10523,109,2021-07-26,2025-12-31,103300.0,7800.0
500815,10524,107,2017-09-29,2025-12-31,129500.0,9900.0
500816,10525,108,2019-04-14,2023-04-24,58700.0,5400.0
500817,10525,108,2023-04-25,2025-12-31,63900.0,4200.0
500818,10526,113,2020-09-14,2025-12-31,87500.0,4500.0
500819,10527,104,2016-01-08,2025-12-31,98800.0,9500.0
500820,10528,107,2017-11-04,2025-12-31,143700.0,14000.0
500821,10529,110,2022-06-29,2025-12-31,52600.0,3200.0
500822,10530,105,2025-05-02,2026-05-01,80300.0,7100.0
500823,10530,105,2026-05-02,2025-12-31,87700.0,6600.0
500824,10531,113,2019-05-11,2023-05-05,94400.0,9300.0
500825,10531,113,2023-05-06,2025-12-31,98000.0,12600.0
500826,10532,104,2020-10-29,2025-12-31,103900.0,6500.0
500827,10533,112,2022-01-04,2025-12-31,61300.0,3300.0
500828,10534,101,2020-06-10,2023-10-10,40800.0,4800.0
500829,10534,101,2023-10-11,2025-12-31,55000.0,6900.0
500830,10535,101,2024-04-23,2025-12-31,46900.0,3400.0
500831,10536,114,2025-08-29,2025-12-31,40400.0,2900.0
500832,10537,108,2017-05-06,2022-07-15,55300.0,7000.0
500833,10537,108,2022-07-16,2025-12-31,59600.0,3400.0
500834,10538,106,2023-08-15,2025-01-17,73600.0,5800.0
500835,10538,106,2025-01-18,2025-12-31,85300.0,4900.0
500836,10539,107,2017-04-20,2025-12-31,139900.0,11800.0
500837,10540,111,2018-05-12,2025-12-31,83400.0,7600.0
500838,10541,109,2023-06-05,2025-12-31,99400.0,6000.0
500839,10542,117,2024-10-16,2025-12-31,100000.0,9500.0
500840,10543,117,2020-01-24,2025-12-31,87200.0,9200.0
500841,10544,111,2019-03-05,2025-12-31,103800.0,5900.0
500842,10545,109,2018-06-21,2022-12-26,106400.0,7600.0
500843,10545,109,2022-12-27,2025-12-31,113600.0,5700.0
500844,10546,109,2022-04-07,2024-07-03,91100.0,11600.0
500845,10546,109,2024-07-04,2025-12-31,94000.0,8300.0
500846,10547,111,2017-02-04,2022-06-08,86500.0,8700.0
500847,10547,111,2022-06-09,2025-12-31,97700.0,7000.0
500848,10548,103,2023-12-21,2025-03-09,72600.0,4500.0
500849,10548,103,2025-03-10,2025-12-31,75400.0,5800.0
500850,10549,107,2020-09-23,2023-11-21,143800.0,20600.0
500851,10549,107,2023-11-22,2025-12-31,135900.0,15400.0
500852,10550,101,2019-10-26,2025-12-31,48500.0,6800.0
500853,10551,101,2021-01-12,2024-01-05,50200.0,7400.0
500854,10551,101,2024-01-06,2025-12-31,49100.0,5100.0
500855,10552,107,2019-03-13,2025-12-31,128100.0,14900.0
500856,10553,109,2018-06-22,2025-12-31,83700.0,11300.0
500857,10554,113,2022-03-25,2025-12-31,85300.0,11000.0
500858,10555,109,2019-12-08,2023-07-28,97600.0,9800.0
500859,10555,109,2023-07-29,2025-12-31,106400.0,10600.0
500860,10556,106,2023-01-29,2025-12-31,83400.0,7600.0
500861,10557,104,2024-01-11,2025-12-31,125000.0,7300.0
500862,10558,108,2023-05-28,2024-12-16,58200.0,7200.0
500863,10558,108,2024-12-17,2025-12-31,65000.0,3500.0
500864,10559,107,2017-06-12,2025-12-31,142700.0,18800.0
500865,10560,111,2022-06-25,2025-12-31,82200.0,8500.0
500866,10561,116,2016-11-13,2022-05-06,53400.0,6600.0
500867,10561,116,2022-05-07,2025-12-31,59800.0,4700.0
500868,10562,103,2017-11-23,2025-12-31,61300.0,3100.0
500869,10563,105,2024-07-27,2025-07-26,90600.0,12000.0
500870,10563,105,2025-07-27,2025-12-31,94500.0,12900.0
500871,10564,108,2025-09-22,2026-09-21,59500.0,8500.0
500872,10564,108,2026-09-22,2025-12-31,59800.0,3300.0
500873,10565,116,2018-01-27,2022-10-29,48500.0,5500.0
500874,10565,116,2022-10-30,2025-12-31,53500.0,5300.0
500875,10566,113,2020-12-21,2023-12-27,89300.0,6700.0
500876,10566,113,2023-12-28,2025-12-31,93900.0,11400.0
500877,10567,114,2016-03-26,2022-02-02,44600.0,5100.0
500878,10567,114,2022-02-03,2025-12-31,41300.0,3400.0
500879,10568,107,2022-07-07,2025-12-31,147100.0,13300.0
500880,10569,117,2022-10-15,2025-12-31,101700.0,13300.0
500881,10570,104,2020-01-17,2025-12-31,111200.0,7700.0
500882,10571,102,2024-06-22,2025-12-31,81200.0,7500.0
500883,10572,115,2018-09-16,2025-12-31,86900.0,10700.0
500884,10573,115,2019-08-04,2023-06-08,93200.0,6300.0
500885,10573,115,2023-06-09,2025-12-31,81200.0,9500.0
500886,10574,104,2022-06-06,2025-12-31,113000.0,12400.0
500887,10575,104,2020-02-04,2025-12-31,97900.0,11600.0
500888,10576,102,2020-11-11,2023-12-11,100500.0,6900.0
500889,10576,102,2023-12-12,2025-12-31,93900.0,9400.0
500890,10577,103,2018-01-26,2022-10-29,67100.0,5500.0
500891,10577,103,2022-10-30,2025-12-31,68700.0,9100.0
500892,10578,106,2021-11-15,2024-05-06,81000.0,8500.0
500893,10578,106,2024-05-07,2025-12-31,89200.0,10700.0
500894,10579,116,2024-11-16,2025-12-31,49800.0,5200.0
500895,10580,111,2022-11-28,2024-10-05,95500.0,8900.0
500896,10580,111,2024-10-06,2025-12-31,90100.0,11100.0
500897,10581,113,2018-07-01,2022-12-30,108300.0,8500.0
500898,10581,113,2022-12-31,2025-12-31,121300.0,11700.0
500899,10582,113,2024-04-24,2025-04-28,86600.0,5000.0
500900,10582,113,2025-04-29,2025-12-31,94700.0,7300.0
500901,10583,109,2018-10-17,2023-02-11,85600.0,8000.0
500902,10583,109,2023-02-12,2025-12-31,101200.0,11500.0
500903,10584,112,2016-06-29,2022-03-12,61100.0,6200.0
500904,10584,112,2022-03-13,2025-12-31,62600.0,3400.0
500905,10585,110,2016-06-24,2025-12-31,49100.0,7000.0
500906,10586,106,2021-10-09,2025-12-31,82400.0,10400.0
500907,10587,108,2018-12-11,2025-12-31,46200.0,5600.0
500908,10588,108,2025-01-17,2026-01-16,55600.0,2800.0
500909,10588,108,2026-01-17,2025-12-31,55400.0,5600.0
500910,10589,112,2017-11-14,2022-09-30,57900.0,5900.0
500911,10589,112,2022-10-01,2025-12-31,68000.0,5800.0
500912,10590,116,2018-09-13,2025-12-31,57700.0,4300.0
500913,10591,105,2016-09-28,2025-12-31,82400.0,5200.0
500914,10592,112,2024-06-20,2025-06-19,58700.0,4000.0
500915,10592,112,2025-06-20,2025-12-31,53400.0,5300.0
500916,10593,104,2023-04-27,2024-12-04,116900.0,7100.0
500917,10593,104,2024-12-05,2025-12-31,110600.0,10000.0
500918,10594,113,2023-10-04,2025-12-31,105900.0,11500.0
500919,10595,107,2018-10-17,2025-12-31,122600.0,13400.0
500920,10596,101,2025-08-23,2025-12-31,47200.0,7000.0
500921,10597,105,2025-02-25,2026-02-24,81900.0,11100.0
500922,10597,105,2026-02-25,2025-12-31,85300.0,4600.0
500923,10598,111,2023-08-09,2025-01-14,87100.0,7800.0
500924,10598,111,2025-01-15,2025-12-31,115800.0,9800.0
500925,10599,104,2020-09-24,2025-12-31,104000.0,8400.0
500926,10600,115,2025-09-02,2026-09-01,84300.0,6100.0
500927,10600,115,2026-09-02,2025-12-31,96200.0,11400.0
500928,10601,102,2020-03-02,2023-08-31,78800.0,4100.0
500929,10601,102,2023-09-01,2025-12-31,100000.0,13400.0
500930,10602,115,2017-04-10,2025-12-31,81300.0,11200.0
500931,10603,111,2019-03-20,2023-04-14,89800.0,9600.0
500932,10603,111,2023-04-15,2025-12-31,97000.0,14500.0
500933,10604,107,2017-02-17,2022-06-14,116800.0,7900.0
500934,10604,107,2022-06-15,2025-12-31,147000.0,15400.0
500935,10605,106,2024-08-15,2025-12-31,81600.0,9500.0
500936,10606,112,2022-09-04,2024-09-01,49400.0,5400.0
500937,10606,112,2024-09-02,2025-12-31,66500.0,7200.0
500938,10607,111,2019-09-10,2023-06-23,95200.0,9200.0
500939,10607,111,2023-06-24,2025-12-31,92900.0,11500.0
500940,10608,110,2022-10-11,2025-12-31,49500.0,5200.0
500941,10609,107,2016-02-25,2022-01-21,130000.0,14600.0
500942,10609,107,2022-01-22,2025-12-31,135200.0,16900.0
500943,10610,109,2017-08-25,2025-12-31,104500.0,14100.0
500944,10611,117,2023-08-25,2025-01-21,87700.0,10800.0
500945,10611,117,2025-01-22,2025-12-31,102700.0,11200.0
500946,10612,105,2022-02-24,2024-06-16,87700.0,7700.0
500947,10612,105,2024-06-17,2025-12-31,89200.0,13200.0
500948,10613,106,2024-08-05,2025-08-04,83200.0,9400.0
500949,10613,106,2025-08-05,2025-12-31,78300.0,9800.0
500950,10614,107,2020-01-28,2023-08-18,143000.0,15800.0
500951,10614,107,2023-08-19,2025-12-31,138700.0,11900.0
500952,10615,112,2017-06-01,2025-12-31,55800.0,6500.0
500953,10616,113,2017-08-24,2022-08-28,104900.0,8600.0
500954,10616,113,2022-08-29,2025-12-31,110700.0,6800.0
500955,10617,107,2019-09-12,2023-06-23,137700.0,10700.0
500956,10617,107,2023-06-24,2025-12-31,160400.0,18600.0
500957,10618,104,2020-08-08,2025-12-31,108200.0,5800.0
500958,10619,101,2025-08-13,2025-12-31,42600.0,4000.0
500959,10620,109,2021-05-30,2025-12-31,100500.0,5300.0
500960,10621,105,2018-08-10,2025-12-31,84700.0,9000.0
500961,10622,117,2022-09-05,2024-09-01,93400.0,11300.0
500962,10622,117,2024-09-02,2025-12-31,112600.0,10000.0
500963,10623,109,2016-07-27,2025-12-31,89300.0,11900.0
500964,10624,107,2018-05-19,2025-12-31,142100.0,13900.0
500965,10625,114,2019-06-03,2023-05-14,41600.0,3700.0
500966,10625,114,2023-05-15,2025-12-31,44600.0,3200.0
500967,10626,109,2022-06-15,2025-12-31,85000.0,11800.0
500968,10627,110,2023-12-03,2025-03-02,57300.0,8500.0
500969,10627,110,2025-03-03,2025-12-31,54500.0,8100.0
500970,10628,103,2019-06-30,2025-12-31,61300.0,8900.0
500971,10629,105,2024-01-18,2025-03-20,77700.0,8400.0
500972,10629,105,2025-03-21,2025-12-31,82900.0,5500.0
500973,10630,116,2024-06-14,2025-12-31,59900.0,7800.0
500974,10631,109,2019-02-16,2025-12-31,105500.0,6500.0
500975,10632,107,2021-10-23,2025-12-31,127300.0,17300.0
500976,10633,111,2025-11-19,2025-12-31,104600.0,14300.0
500977,10634,115,2020-05-02,2025-12-31,85600.0,11400.0
500978,10635,106,2025-12-05,2025-12-31,72400.0,8300.0
500979,10636,108,2024-04-12,2025-04-23,58200.0,3300.0
500980,10636,108,2025-04-24,2025-12-31,65800.0,5900.0
500981,10637,117,2020-12-25,2023-12-28,106400.0,5800.0
500982,10637,117,2023-12-29,2025-12-31,104100.0,13200.0
500983,10638,104,2016-06-23,2022-03-10,112100.0,13500.0
500984,10638,104,2022-03-11,2025-12-31,137000.0,8300.0
500985,10639,113,2020-01-07,2023-08-09,97700.0,9000.0
500986,10639,113,2023-08-10,2025-12-31,104700.0,8300.0
500987,10640,111,2025-03-15,2025-12-31,102700.0,6800.0
500988,10641,111,2021-03-07,2024-01-26,97500.0,5400.0
500989,10641,111,2024-01-27,2025-12-31,107300.0,8700.0
500990,10642,107,2018-08-29,2023-01-23,129200.0,11000.0
500991,10642,107,2023-01-24,2025-12-31,158900.0,23000.0
500992,10643,107,2017-06-01,2025-12-31,135400.0,7700.0
500993,10644,111,2018-12-26,2025-12-31,95400.0,5300.0
500994,10645,106,2024-11-28,2025-11-27,73200.0,4900.0
500995,10645,106,2025-11-28,2025-12-31,91100.0,13000.0
500996,10646,105,2017-05-27,2025-12-31,84300.0,7600.0
500997,10647,105,2016-05-30,2022-02-28,87100.0,7500.0
500998,10647,105,2022-03-01,2025-12-31,86500.0,9500.0
500999,10648,102,2022-08-30,2024-08-30,78500.0,4100.0
501000,10648,102,2024-08-31,2025-12-31,93200.0,9400.0
501001,10649,117,2019-02-09,2023-03-29,83400.0,6000.0
501002,10649,117,2023-03-30,2025-12-31,93800.0,13600.0
501003,10650,109,2017-07-23,2022-08-15,83200.0,9700.0
501004,10650,109,2022-08-16,2025-12-31,97500.0,10400.0
501005,10651,117,2016-04-19,2022-02-12,107600.0,15800.0
501006,10651,117,2022-02-13,2025-12-31,109300.0,13200.0
501007,10652,104,2021-05-07,2024-02-20,124900.0,11500.0
501008,10652,104,2024-02-21,2025-12-31,114000.0,7000.0
501009,10653,108,2016-04-15,2022-02-10,54000.0,4000.0
501010,10653,108,2022-02-11,2025-12-31,60700.0,5400.0
501011,10654,106,2023-08-31,2025-12-31,80700.0,9100.0
501012,10655,112,2019-01-02,2025-12-31,60700.0,3400.0
501013,10656,112,2025-01-11,2026-01-10,58100.0,7400.0
501014,10656,112,2026-01-11,2025-12-31,59600.0,5100.0
501015,10657,104,2025-05-27,2026-05-26,103500.0,14600.0
501016,10657,104,2026-05-27,2025-12-31,115800.0,13300.0
501017,10658,114,2024-10-10,2025-12-31,37000.0,2000.0
501018,10659,105,2021-10-30,2024-04-30,89200.0,6800.0
501019,10659,105,2024-05-01,2025-12-31,81000.0,6400.0
501020,10660,110,2019-10-22,2023-07-09,47100.0,3900.0
501021,10660,110,2023-07-10,2025-12-31,50500.0,6100.0
501022,10661,117,2020-03-12,2023-09-04,99500.0,10900.0
501023,10661,117,2023-09-05,2025-12-31,116000.0,6800.0
501024,10662,115,2021-04-08,2024-02-08,90700.0,12000.0
501025,10662,115,2024-02-09,2025-12-31,83600.0,5100.0
501026,10663,117,2023-02-07,2025-12-31,87300.0,12000.0
501027,10664,107,2018-06-27,2025-12-31,122700.0,16400.0
501028,10665,104,2019-02-27,2023-04-06,119800.0,10900.0
501029,10665,104,2023-04-07,2025-12-31,108500.0,13200.0
501030,10666,106,2017-01-12,2022-05-30,88500.0,8100.0
501031,10666,106,2022-05-31,2025-12-31,77800.0,5700.0
501032,10667,108,2022-02-24,2025-12-31,50500.0,6800.0
501033,10668,113,2025-08-18,2026-08-17,96700.0,13300.0
501034,10668,113,2026-08-18,2025-12-31,94500.0,7600.0
501035,10669,103,2025-10-14,2025-12-31,70700.0,8600.0
501036,10670,110,2023-09-19,2025-12-31,51200.0,6900.0
501037,10671,107,2024-11-12,2025-12-31,139000.0,9100.0
501038,10672,105,2022-10-20,2025-12-31,91400.0,6900.0
501039,10673,111,2021-12-09,2025-12-31,90200.0,10500.0
501040,10674,109,2017-10-22,2025-12-31,84000.0,12200.0
501041,10675,113,2022-05-01,2024-07-12,96500.0,9500.0
501042,10675,113,2024-07-13,2025-12-31,100700.0,10700.0
501043,10676,103,2023-03-31,2025-12-31,65200.0,3700.0
501044,10677,113,2018-09-29,2025-12-31,104000.0,15100.0
501045,10678,102,2019-07-26,2023-06-04,99700.0,9800.0
501046,10678,102,2023-06-05,2025-12-31,92200.0,13500.0
501047,10679,107,2025-07-17,2026-07-16,140700.0,18100.0
501048,10679,107,2026-07-17,2025-12-31,143100.0,17000.0
501049,10680,110,2018-07-14,2025-12-31,46700.0,5900.0
501050,10681,115,2025-02-16,2025-12-31,82400.0,12300.0
501051,10682,105,2020-01-08,2023-08-10,84300.0,9900.0
501052,10682,105,2023-08-11,2025-12-31,85500.0,12000.0
501053,10683,106,2018-01-13,2025-12-31,87300.0,9700.0
501054,10684,108,2020-08-07,2025-12-31,55500.0,5600.0
501055,10685,107,2022-03-13,2025-12-31,130400.0,13000.0
501056,10686,113,2017-02-01,2022-06-07,109100.0,7900.0
501057,10686,113,2022-06-08,2025-12-31,98800.0,5900.0
501058,10687,112,2021-12-13,2024-05-18,51800.0,6400.0
501059,10687,112,2024-05-19,2025-12-31,57500.0,7000.0
501060,10688,103,2018-10-19,2023-02-12,64000.0,8400.0
501061,10688,103,2023-02-13,2025-12-31,73200.0,4500.0
501062,10689,108,2022-12-01,2025-12-31,48500.0,3200.0
501063,10690,113,2025-12-19,2026-12-18,87100.0,5700.0
501064,10690,113,2026-12-19,2025-12-31,117100.0,7900.0
501065,10691,107,2021-05-30,2024-02-29,145800.0,13800.0
501066,10691,107,2024-03-01,2025-12-31,132600.0,14300.0
501067,10692,110,2022-10-02,2024-09-12,49900.0,5400.0
501068,10692,110,2024-09-13,2025-12-31,62700.0,5200.0
501069,10693,101,2024-01-04,2025-12-31,40200.0,3800.0
501070,10694,110,2023-11-01,2025-02-17,50800.0,4700.0
501071,10694,110,2025-02-18,2025-12-31,63100.0,8900.0
501072,10695,104,2017-04-08,2025-12-31,101800.0,10800.0
501073,10696,113,2025-01-16,2025-12-31,85600.0,8000.0
501074,10697,105,2023-11-15,2025-02-22,79100.0,4700.0
501075,10697,105,2025-02-23,2025-12-31,104600.0,7000.0
501076,10698,106,2019-07-18,2023-06-01,89400.0,9100.0
501077,10698,106,2023-06-02,2025-12-31,93400.0,7700.0
501078,10699,114,2016-11-13,2025-12-31,36900.0,3400.0
501079,10700,102,2016-04-11,2025-12-31,90400.0,8200.0
501080,10701,106,2020-07-19,2025-12-31,79500.0,9000.0
501081,10702,106,2022-05-16,2024-07-18,87100.0,7500.0
501082,10702,106,2024-07-19,2025-12-31,87000.0,7400.0
501083,10703,105,2023-04-23,2025-12-31,93800.0,6800.0
501084,10704,115,2019-03-17,2025-12-31,74000.0,3900.0
501085,10705,113,2025-04-19,2025-12-31,88000.0,5800.0
501086,10706,101,2022-05-03,2025-12-31,48200.0,3300.0
501087,10707,113,2022-06-07,2024-07-27,86600.0,4500.0
501088,10707,113,2024-07-28,2025-12-31,96400.0,13900.0
501089,10708,108,2024-02-06,2025-03-28,54400.0,7700.0
501090,10708,108,2025-03-29,2025-12-31,60300.0,3200.0
501091,10709,114,2021-03-17,2025-12-31,46900.0,3900.0
501092,10710,105,2018-01-19,2022-10-26,79200.0,8000.0
501093,10710,105,2022-10-27,2025-12-31,86800.0,10600.0
501094,10711,108,2019-01-07,2025-12-31,51600.0,6300.0
501095,10712,109,2017-09-27,2022-09-10,101700.0,11200.0
501096,10712,109,2022-09-11,2025-12-31,108500.0,6100.0
501097,10713,109,2016-10-28,2025-12-31,95300.0,9400.0
501098,10714,108,2016-12-18,2022-05-20,46100.0,4300.0
501099,10714,108,2022-05-21,2025-12-31,56800.0,5200.0
501100,10715,106,2021-05-16,2025-12-31,75300.0,5800.0
501101,10716,112,2020-12-20,2023-12-26,56500.0,6000.0
501102,10716,112,2023-12-27,2025-12-31,66700.0,8500.0
501103,10717,109,2020-06-21,2023-10-15,97000.0,8900.0
501104,10717,109,2023-10-16,2025-12-31,101100.0,14700.0
501105,10718,117,2018-04-30,2022-12-05,100900.0,14800.0
501106,10718,117,2022-12-06,2025-12-31,95300.0,5300.0
501107,10719,105,2017-06-26,2022-08-04,74600.0,4600.0
501108,10719,105,2022-08-05,2025-12-31,105400.0,15400.0
501109,10720,111,2025-06-29,2025-12-31,99500.0,6400.0
501110,10721,116,2025-06-30,2025-12-31,48200.0,4200.0
501111,10722,111,2021-12-27,2024-05-23,96100.0,5600.0
501112,10722,111,2024-05-24,2025-12-31,91900.0,10200.0
501113,10723,115,2019-05-07,2025-12-31,79200.0,5100.0
501114,10724,113,2018-11-06,2025-12-31,86000.0,10500.0
501115,10725,107,2020-06-19,2023-10-14,137300.0,16000.0
501116,10725,107,2023-10-15,2025-12-31,157500.0,14100.0
501117,10726,110,2024-11-23,2025-11-22,55100.0,5200.0
501118,10726,110,2025-11-23,2025-12-31,61100.0,7800.0
501119,10727,103,2019-08-21,2023-06-15,78000.0,7500.0
501120,10727,103,2023-06-16,2025-12-31,79700.0,9300.0
501121,10728,109,2025-11-22,2025-12-31,97600.0,12700.0
501122,10729,107,2024-01-04,2025-12-31,130800.0,15200.0
501123,10730,112,2025-07-03,2026-07-02,49400.0,3100.0
501124,10730,112,2026-07-03,2025-12-31,59400.0,8100.0
501125,10731,108,2022-07-12,2025-12-31,59600.0,3200.0
501126,10732,106,2020-03-11,2025-12-31,75600.0,4000.0
501127,10733,106,2017-06-02,2025-12-31,72400.0,5200.0
501128,10734,117,2019-04-12,2023-04-23,102700.0,11500.0
501129,10734,117,2023-04-24,2025-12-31,98400.0,6600.0
501130,10735,101,2019-08-25,2023-06-16,40400.0,5500.0
501131,10735,101,2023-06-17,2025-12-31,54400.0,8000.0
501132,10736,102,2019-01-05,2025-12-31,99300.0,13100.0
501133,10737,107,2019-05-23,2025-12-31,144600.0,13900.0
501134,10738,117,2021-07-13,2024-03-17,97500.0,10800.0
501135,10738,117,2024-03-18,2025-12-31,107000.0,12900.0
501136,10739,116,2020-10-27,2025-12-31,47200.0,3700.0
501137,10740,110,2017-05-06,2025-12-31,52100.0,4300.0
501138,10741,115,2023-02-18,2025-12-31,77200.0,7000.0
501139,10742,105,2024-10-24,2025-10-23,93100.0,11400.0
501140,10742,105,2025-10-24,2025-12-31,92300.0,13200.0
501141,10743,116,2017-06-13,2025-12-31,56000.0,7800.0
501142,10744,103,2016-01-11,2025-12-31,71200.0,6600.0
501143,10745,103,2025-12-26,2026-12-25,60900.0,7900.0
501144,10745,103,2026-12-26,2025-12-31,68200.0,6200.0
501145,10746,104,2016-10-10,2022-04-23,110000.0,9000.0
501146,10746,104,2022-04-24,2025-12-31,133100.0,19700.0
501147,10747,109,2024-07-15,2025-12-31,98500.0,14600.0
501148,10748,112,2018-09-05,2023-01-26,55400.0,4200.0
501149,10748,112,2023-01-27,2025-12-31,67000.0,4600.0
501150,10749,105,2016-06-13,2025-12-31,91500.0,10000.0
501151,10750,116,2022-02-27,2024-06-17,54600.0,6900.0
501152,10750,116,2024-06-18,2025-12-31,53500.0,6600.0
501153,10751,109,2024-04-11,2025-12-31,107700.0,9800.0
501154,10752,103,2019-10-31,2023-07-13,67400.0,7800.0
501155,10752,103,2023-07-14,2025-12-31,83600.0,12000.0
501156,10753,109,2016-04-11,2025-12-31,99400.0,11800.0
501157,10754,110,2021-05-06,2024-02-19,49000.0,6900.0
501158,10754,110,2024-02-20,2025-12-31,58800.0,5700.0
501159,10755,113,2016-11-14,2022-05-07,91000.0,9600.0
501160,10755,113,2022-05-08,2025-12-31,118500.0,7100.0
501161,10756,109,2024-06-10,2025-06-09,99300.0,7900.0
501162,10756,109,2025-06-10,2025-12-31,95800.0,6500.0
501163,10757,110,2022-11-22,2024-10-02,52000.0,7300.0
501164,10757,110,2024-10-03,2025-12-31,56400.0,6700.0
501165,10758,106,2024-09-01,2025-08-31,84000.0,9600.0
501166,10758,106,2025-09-01,2025-12-31,80900.0,9500.0
501167,10759,110,2017-06-16,2022-07-31,52100.0,6100.0
501168,10759,110,2022-08-01,2025-12-31,58800.0,8300.0
501169,10760,117,2025-08-16,2025-12-31,103200.0,14200.0
501170,10761,101,2018-02-24,2022-11-09,42900.0,2300.0
501171,10761,101,2022-11-10,2025-12-31,45400.0,4000.0
501172,10762,115,2018-03-09,2025-12-31,82900.0,9500.0
501173,10763,109,2023-06-18,2024-12-24,98000.0,12900.0
501174,10763,109,2024-12-25,2025-12-31,99400.0,14200.0
501175,10764,105,2020-10-17,2023-12-01,94200.0,5000.0
501176,10764,105,2023-12-02,2025-12-31,94300.0,14000.0
501177,10765,117,2019-08-09,2025-12-31,96800.0,11400.0
501178,10766,108,2021-12-04,2024-05-14,46800.0,3500.0
501179,10766,108,2024-05-15,2025-12-31,53300.0,7600.0
501180,10767,106,2018-02-24,2025-12-31,75700.0,10100.0
501181,10768,105,2021-04-03,2024-02-06,78100.0,9900.0
501182,10768,105,2024-02-07,2025-12-31,89000.0,5000.0
501183,10769,105,2025-11-11,2025-12-31,95800.0,10200.0
501184,10770,112,2022-11-12,2024-09-28,53300.0,6100.0
501185,10770,112,2024-09-29,2025-12-31,63900.0,8900.0
501186,10771,110,2023-03-29,2025-12-31,55700.0,6400.0
501187,10772,114,2020-05-10,2023-09-28,44400.0,5200.0
501188,10772,114,2023-09-29,2025-12-31,43200.0,4400.0
501189,10773,105,2018-10-14,2023-02-10,93700.0,7700.0
501190,10773,105,2023-02-11,2025-12-31,100800.0,8800.0
501191,10774,104,2020-03-08,2025-12-31,103100.0,13000.0
501192,10775,101,2018-07-15,2023-01-05,44400.0,2700.0
501193,10775,101,2023-01-06,2025-12-31,49300.0,6500.0
501194,10776,109,2021-02-26,2025-12-31,84100.0,8300.0
501195,10777,116,2019-08-08,2025-12-31,55100.0,3100.0
501196,10778,110,2021-12-24,2024-05-22,51600.0,3500.0
501197,10778,110,2024-05-23,2025-12-31,58700.0,6700.0
501198,10779,106,2025-07-08,2026-07-07,80600.0,10600.0
501199,10779,106,2026-07-08,2025-12-31,84600.0,6300.0
501200,10780,115,2024-07-28,2025-12-31,73300.0,9800.0
501201,10781,112,2025-12-20,2025-12-31,61900.0,5800.0
501202,10782,101,2025-04-01,2025-12-31,48700.0,3500.0
501203,10783,113,2019-02-18,2023-04-02,94500.0,13100.0
501204,10783,113,2023-04-03,2025-12-31,107400.0,11100.0
501205,10784,106,2022-02-09,2025-12-31,81100.0,4500.0
501206,10785,103,2023-01-21,2025-12-31,71600.0,8200.0
501207,10786,105,2021-11-27,2025-12-31,85200.0,11900.0
501208,10787,108,2017-12-29,2022-10-18,53300.0,6800.0
501209,10787,108,2022-10-19,2025-12-31,63400.0,7300.0
501210,10788,109,2025-09-15,2026-09-14,91200.0,4700.0
501211,10788,109,2026-09-15,2025-12-31,99300.0,10600.0
501212,10789,105,2021-07-17,2025-12-31,86700.0,4700.0
501213,10790,104,2024-05-07,2025-05-06,113600.0,13700.0
501214,10790,104,2025-05-07,2025-12-31,134300.0,19700.0
501215,10791,113,2022-02-14,2025-12-31,96700.0,12100.0
501216,10792,116,2020-11-25,2023-12-16,46900.0,2600.0
501217,10792,116,2023-12-17,2025-12-31,54300.0,2900.0
501218,10793,112,2019-10-23,2025-12-31,55000.0,7200.0
501219,10794,105,2016-11-19,2025-12-31,95900.0,13800.0
501220,10795,107,2025-07-15,2025-12-31,130500.0,14300.0
501221,10796,107,2024-12-20,2025-12-31,146400.0,21300.0
501222,10797,104,2022-03-18,2025-12-31,112500.0,16500.0
501223,10798,109,2022-09-15,2025-12-31,94800.0,10900.0
501224,10799,110,2025-03-01,2025-12-31,50000.0,6600.0
501225,10800,111,2020-09-02,2023-11-13,92800.0,9100.0
501226,10800,111,2023-11-14,2025-12-31,107600.0,6600.0
501227,10801,111,2021-06-23,2024-03-09,103200.0,8300.0
501228,10801,111,2024-03-10,2025-12-31,97900.0,12500.0
501229,10802,107,2021-05-26,2024-02-27,144200.0,13000.0
501230,10802,107,2024-02-28,2025-12-31,155800.0,16000.0
501231,10803,107,2020-12-09,2025-12-31,126500.0,10900.0
501232,10804,111,2022-01-12,2025-12-31,99100.0,12600.0
501233,10805,106,2021-02-24,2024-01-22,80200.0,6500.0
501234,10805,106,2024-01-23,2025-12-31,81900.0,8500.0
501235,10806,106,2020-11-22,2025-12-31,73500.0,5500.0
501236,10807,106,2025-09-25,2026-09-24,85600.0,8600.0
501237,10807,106,2026-09-25,2025-12-31,84800.0,11400.0
501238,10808,106,2016-12-24,2022-05-23,77200.0,4400.0
501239,10808,106,2022-05-24,2025-12-31,78600.0,5000.0
501240,10809,103,2021-11-19,2024-05-08,69300.0,3500.0
501241,10809,103,2024-05-09,2025-12-31,69600.0,4700.0
501242,10810,113,2022-04-13,2024-07-05,88900.0,6200.0
501243,10810,113,2024-07-06,2025-12-31,121000.0,13200.0
501244,10811,114,2019-05-22,2025-12-31,46000.0,5400.0
501245,10812,106,2018-02-20,2025-12-31,82300.0,9500.0
501246,10813,102,2025-02-15,2025-12-31,82600.0,6400.0
501247,10814,112,2021-05-28,2024-02-28,60000.0,5700.0
501248,10814,112,2024-02-29,2025-12-31,67200.0,6100.0
501249,10815,105,2016-05-25,2022-02-26,83600.0,9300.0
501250,10815,105,2022-02-27,2025-12-31,99800.0,8500.0
501251,10816,107,2024-10-04,2025-12-31,122100.0,12900.0
501252,10817,102,2025-05-26,2025-12-31,99400.0,13900.0
501253,10818,105,2025-11-30,2026-11-29,74200.0,10000.0
501254,10818,105,2026-11-30,2025-12-31,81000.0,7900.0
501255,10819,113,2025-07-16,2026-07-15,93700.0,10700.0
501256,10819,113,2026-07-16,2025-12-31,103600.0,14800.0
501257,10820,113,2020-09-13,2025-12-31,101300.0,8900.0
501258,10821,107,2016-11-28,2022-05-12,140800.0,17100.0
501259,10821,107,2022-05-13,2025-12-31,146900.0,13500.0
501260,10822,106,2021-10-06,2025-12-31,84700.0,10300.0
501261,10823,103,2019-02-21,2025-12-31,76200.0,8500.0
501262,10824,101,2022-05-03,2024-07-13,45900.0,5100.0
501263,10824,101,2024-07-14,2025-12-31,43400.0,4000.0
501264,10825,116,2025-09-19,2025-12-31,55900.0,7800.0
501265,10826,110,2025-10-31,2025-12-31,45700.0,5100.0
501266,10827,109,2025-03-29,2025-12-31,90500.0,6200.0
501267,10828,113,2019-01-14,2023-03-19,89200.0,11700.0
501268,10828,113,2023-03-20,2025-12-31,97300.0,7400.0
501269,10829,114,2020-03-09,2023-09-03,44800.0,2900.0
501270,10829,114,2023-09-04,2025-12-31,40800.0,3600.0
501271,10830,112,2020-05-16,2023-09-30,53600.0,6700.0
501272,10830,112,2023-10-01,2025-12-31,52800.0,2800.0
501273,10831,102,2023-04-11,2024-11-27,99400.0,6700.0
501274,10831,102,2024-11-28,2025-12-31,112100.0,14600.0
501275,10832,105,2017-06-25,2022-08-04,90400.0,9200.0
501276,10832,105,2022-08-05,2025-12-31,94900.0,10300.0
501277,10833,111,2023-12-12,2025-12-31,82500.0,9200.0
501278,10834,106,2021-03-11,2025-12-31,75500.0,11200.0
501279,10835,117,2016-03-08,2022-01-26,105700.0,12400.0
501280,10835,117,2022-01-27,2025-12-31,109500.0,15100.0
501281,10836,110,2023-04-01,2025-12-31,48800.0,5900.0
501282,10837,117,2016-11-05,2022-05-03,94500.0,13600.0
501283,10837,117,2022-05-04,2025-12-31,98700.0,5400.0
501284,10838,107,2017-04-15,2025-12-31,127400.0,11200.0
501285,10839,114,2016-12-31,2025-12-31,43800.0,4100.0
501286,10840,107,2018-05-12,2025-12-31,149800.0,21800.0
501287,10841,117,2019-09-07,2025-12-31,86900.0,7500.0
501288,10842,104,2023-11-21,2025-12-31,109100.0,15900.0
501289,10843,108,2022-10-30,2024-09-23,58100.0,3100.0
501290,10843,108,2024-09-24,2025-12-31,57300.0,6900.0
501291,10844,113,2025-02-09,2025-12-31,100300.0,6800.0
501292,10845,108,2023-09-19,2025-12-31,54000.0,3300.0
501293,10846,108,2024-06-22,2025-06-21,55800.0,5300.0
501294,10846,108,2025-06-22,2025-12-31,64000.0,5900.0
501295,10847,117,2019-08-11,2025-12-31,88100.0,8900.0
501296,10848,109,2025-08-21,2026-08-20,88500.0,6900.0
501297,10848,109,2026-08-21,2025-12-31,92300.0,6100.0
501298,10849,111,2020-09-12,2023-11-17,84200.0,5300.0
501299,10849,111,2023-11-18,2025-12-31,115300.0,10700.0
501300,10850,101,2020-06-14,2023-10-12,41800.0,4200.0
501301,10850,101,2023-10-13,2025-12-31,50200.0,4600.0
501302,10851,114,2017-02-20,2022-06-15,44600.0,6500.0
501303,10851,114,2022-06-16,2025-12-31,51300.0,3200.0
501304,10852,111,2023-08-01,2025-12-31,81100.0,9200.0
501305,10853,107,2018-04-04,2022-11-25,132200.0,14400.0
501306,10853,107,2022-11-26,2025-12-31,155100.0,19100.0
501307,10854,101,2018-05-01,2022-12-06,47300.0,6300.0
501308,10854,101,2022-12-07,2025-12-31,43400.0,3600.0
501309,10855,110,2024-04-06,2025-12-31,50800.0,6100.0
501310,10856,102,2024-02-01,2025-12-31,101500.0,14600.0
501311,10857,102,2025-07-27,2026-07-26,87400.0,8100.0
501312,10857,102,2026-07-27,2025-12-31,88700.0,8000.0
501313,10858,111,2019-11-07,2025-12-31,101800.0,14100.0
501314,10859,105,2025-08-13,2026-08-12,91300.0,9200.0
501315,10859,105,2026-08-13,2025-12-31,86000.0,8600.0
501316,10860,106,2020-09-20,2025-12-31,78100.0,11600.0
501317,10861,110,2025-02-18,2025-12-31,50700.0,4000.0
501318,10862,101,2021-11-25,2024-05-10,45800.0,4900.0
501319,10862,101,2024-05-11,2025-12-31,49200.0,5100.0
501320,10863,105,2024-03-17,2025-12-31,80700.0,8500.0
501321,10864,104,2022-10-13,2025-12-31,102800.0,14600.0
501322,10865,108,2025-01-20,2025-12-31,46700.0,6400.0
501323,10866,111,2024-03-18,2025-12-31,100500.0,9300.0
501324,10867,112,2024-08-02,2025-12-31,49700.0,5200.0
501325,10868,106,2020-02-23,2023-08-28,78200.0,11200.0
501326,10868,106,2023-08-29,2025-12-31,94200.0,12100.0
501327,10869,104,2018-11-03,2023-02-18,124100.0,10800.0
501328,10869,104,2023-02-19,2025-12-31,107600.0,12200.0
501329,10870,102,2016-03-28,2022-02-03,81900.0,11700.0
501330,10870,102,2022-02-04,2025-12-31,102700.0,14800.0
501331,10871,109,2023-03-20,2025-12-31,84400.0,4500.0
501332,10872,117,2019-04-22,2025-12-31,83800.0,9300.0
501333,10873,107,2025-10-03,2026-10-02,139100.0,10900.0
501334,10873,107,2026-10-03,2025-12-31,127900.0,15700.0
501335,10874,105,2016-05-04,2022-02-18,85900.0,10900.0
501336,10874,105,2022-02-19,2025-12-31,98300.0,8300.0
501337,10875,103,2023-06-11,2025-12-31,76600.0,8500.0
501338,10876,110,2022-08-25,2025-12-31,55800.0,7500.0
501339,10877,110,2020-05-05,2023-09-26,57500.0,3000.0
501340,10877,110,2023-09-27,2025-12-31,63200.0,4700.0
501341,10878,111,2024-07-30,2025-07-29,102700.0,7600.0
501342,10878,111,2025-07-30,2025-12-31,95100.0,10900.0
501343,10879,115,2019-09-03,2025-12-31,71900.0,6800.0
501344,10880,109,2017-05-03,2022-07-14,89700.0,9400.0
501345,10880,109,2022-07-15,2025-12-31,95400.0,7900.0
501346,10881,104,2022-10-12,2025-12-31,122300.0,13300.0
501347,10882,106,2018-06-07,2022-12-21,83300.0,11600.0
501348,10882,106,2022-12-22,2025-12-31,87500.0,8700.0
501349,10883,110,2017-03-23,2025-12-31,52700.0,6900.0
501350,10884,110,2017-12-29,2025-12-31,47100.0,3700.0
501351,10885,109,2023-08-10,2025-12-31,94300.0,8500.0
501352,10886,110,2017-08-08,2022-08-21,56000.0,7800.0
501353,10886,110,2022-08-22,2025-12-31,55400.0,6700.0
501354,10887,110,2017-02-02,2022-06-08,50900.0,4800.0
501355,10887,110,2022-06-09,2025-12-31,58300.0,5700.0
501356,10888,115,2017-05-06,2022-07-15,78200.0,4300.0
501357,10888,115,2022-07-16,2025-12-31,101000.0,5200.0
501358,10889,109,2018-02-13,2022-11-05,94100.0,7700.0
501359,10889,109,2022-11-06,2025-12-31,106400.0,10200.0
501360,10890,112,2024-11-17,2025-11-16,49100.0,3100.0
501361,10890,112,2025-11-17,2025-12-31,60400.0,8100.0
501362,10891,107,2025-08-01,2026-07-31,138700.0,17900.0
501363,10891,107,2026-08-01,2025-12-31,137200.0,16000.0
501364,10892,111,2022-11-24,2025-12-31,98400.0,13700.0
501365,10893,114,2020-12-28,2023-12-30,39500.0,4100.0
501366,10893,114,2023-12-31,2025-12-31,41300.0,3400.0
501367,10894,106,2017-05-15,2025-12-31,80200.0,7500.0
501368,10895,112,2025-08-17,2026-08-16,51500.0,3800.0
501369,10895,112,2026-08-17,2025-12-31,65900.0,9800.0
501370,10896,112,2020-04-26,2025-12-31,49000.0,6100.0
501371,10897,102,2022-10-08,2025-12-31,100400.0,11300.0
501372,10898,108,2018-07-10,2025-12-31,54700.0,2800.0
501373,10899,104,2020-06-23,2025-12-31,117500.0,14400.0
501374,10900,116,2018-07-18,2025-12-31,55800.0,6400.0
501375,10901,112,2019-06-23,2023-05-22,60900.0,6800.0
501376,10901,112,2023-05-23,2025-12-31,64300.0,5400.0
501377,10902,104,2019-01-11,2025-12-31,111400.0,13100.0
501378,10903,103,2023-06-11,2025-12-31,76500.0,8800.0
501379,10904,111,2018-11-26,2023-02-27,104400.0,15500.0
501380,10904,111,2023-02-28,2025-12-31,91900.0,8700.0
501381,10905,106,2023-10-11,2025-12-31,70900.0,4900.0
501382,10906,101,2017-03-21,2025-12-31,50000.0,2600.0
501383,10907,109,2025-10-20,2025-12-31,105400.0,14300.0
501384,10908,106,2023-06-14,2024-12-23,79300.0,7200.0
501385,10908,106,2024-12-24,2025-12-31,97800.0,10000.0
501386,10909,104,2022-03-07,2024-06-20,104700.0,10100.0
501387,10909,104,2024-06-21,2025-12-31,137100.0,14700.0
501388,10910,112,2019-05-07,2025-12-31,49100.0,6800.0
501389,10911,115,2023-10-15,2025-12-31,91900.0,8700.0
501390,10912,113,2017-04-10,2025-12-31,96800.0,6200.0
501391,10913,112,2016-10-27,2022-04-29,48800.0,4600.0
501392,10913,112,2022-04-30,2025-12-31,63000.0,4700.0
501393,10914,106,2020-12-09,2023-12-22,78600.0,8100.0
501394,10914,106,2023-12-23,2025-12-31,80200.0,8300.0
501395,10915,106,2019-02-24,2023-04-04,75000.0,8100.0
501396,10915,106,2023-04-05,2025-12-31,79300.0,11100.0
501397,10916,107,2024-12-14,2025-12-31,138100.0,11100.0
501398,10917,112,2020-02-27,2025-12-31,56600.0,5000.0
501399,10918,116,2024-02-15,2025-03-31,48400.0,3500.0
501400,10918,116,2025-04-01,2025-12-31,60700.0,8400.0
501401,10919,112,2022-01-21,2024-06-02,49600.0,2500.0
501402,10919,112,2024-06-03,2025-12-31,59100.0,4300.0
501403,10920,114,2023-09-11,2025-01-27,39500.0,4600.0
501404,10920,114,2025-01-28,2025-12-31,48300.0,6800.0
501405,10921,110,2024-05-09,2025-12-31,46400.0,5800.0
501406,10922,106,2022-01-20,2024-06-02,80700.0,4700.0
501407,10922,106,2024-06-03,2025-12-31,77000.0,7400.0
501408,10923,108,2021-07-06,2024-03-15,50300.0,4200.0
501409,10923,108,2024-03-16,2025-12-31,62400.0,5200.0
501410,10924,101,2021-01-14,2024-01-05,47700.0,3400.0
501411,10924,101,2024-01-06,2025-12-31,52900.0,7000.0
501412,10925,101,2017-10-16,2025-12-31,43900.0,3800.0
501413,10926,110,2024-01-21,2025-12-31,44900.0,2400.0
501414,10927,109,2025-05-09,2026-05-08,101200.0,6200.0
501415,10927,109,2026-05-09,2025-12-31,108700.0,8400.0
501416,10928,109,2020-04-15,2025-12-31,94300.0,5800.0
501417,10929,108,2018-07-24,2023-01-08,49100.0,3300.0
501418,10929,108,2023-01-09,2025-12-31,57800.0,8400.0
501419,10930,105,2021-07-03,2025-12-31,92300.0,13700.0
501420,10931,109,2022-12-28,2025-12-31,88800.0,12700.0
501421,10932,108,2020-02-04,2025-12-31,59400.0,6800.0
501422,10933,107,2019-07-11,2025-12-31,146200.0,18400.0
501423,10934,112,2018-04-27,2025-12-31,54700.0,7200.0
501424,10935,108,2021-06-24,2025-12-31,51100.0,5100.0
501425,10936,111,2021-03-22,2025-12-31,81700.0,6100.0
501426,10937,114,2023-08-13,2025-01-16,46700.0,3900.0
501427,10937,114,2025-01-17,2025-12-31,47200.0,6300.0
501428,10938,115,2020-07-29,2023-10-30,74500.0,10800.0
501429,10938,115,2023-10-31,2025-12-31,95900.0,6500.0
501430,10939,115,2018-09-01,2025-12-31,89000.0,11900.0
501431,10940,106,2022-05-30,2024-07-24,78400.0,9400.0
501432,10940,106,2024-07-25,2025-12-31,84900.0,4800.0
501433,10941,101,2019-11-03,2023-07-14,45700.0,4000.0
501434,10941,101,2023-07-15,2025-12-31,42600.0,5400.0
501435,10942,106,2024-03-03,2025-04-07,75600.0,9200.0
501436,10942,106,2025-04-08,2025-12-31,86400.0,10300.0
501437,10943,106,2019-11-26,2023-07-23,69200.0,7300.0
501438,10943,106,2023-07-24,2025-12-31,98600.0,7600.0
501439,10944,115,2018-03-23,2025-12-31,75500.0,6100.0
501440,10945,110,2020-02-07,2023-08-22,56000.0,4500.0
501441,10945,110,2023-08-23,2025-12-31,52000.0,6400.0
501442,10946,104,2019-07-29,2023-06-05,103700.0,6300.0
501443,10946,104,2023-06-06,2025-12-31,137400.0,10300.0
501444,10947,103,2018-12-03,2025-12-31,63000.0,3300.0
501445,10948,104,2017-07-08,2025-12-31,113700.0,9700.0
501446,10949,111,2020-12-28,2025-12-31,87400.0,9900.0
501447,10950,112,2020-08-24,2025-12-31,49000.0,6900.0
501448,10951,114,2020-06-28,2023-10-17,39000.0,3100.0
501449,10951,114,2023-10-18,2025-12-31,51200.0,4500.0
501450,10952,117,2022-04-05,2025-12-31,106700.0,12300.0
501451,10953,105,2016-06-16,2025-12-31,79200.0,9300.0
501452,10954,106,2020-04-10,2023-09-16,88100.0,5500.0
501453,10954,106,2023-09-17,2025-12-31,82500.0,4700.0
501454,10955,106,2025-02-19,2026-02-18,72100.0,9700.0
501455,10955,106,2026-02-19,2025-12-31,97300.0,11400.0
501456,10956,105,2022-06-11,2024-07-29,81300.0,11900.0
501457,10956,105,2024-07-30,2025-12-31,84300.0,8900.0
501458,10957,114,2024-02-06,2025-03-28,48000.0,3800.0
501459,10957,114,2025-03-29,2025-12-31,41100.0,4900.0
501460,10958,108,2023-01-15,2024-10-24,55200.0,3300.0
501461,10958,108,2024-10-25,2025-12-31,58700.0,5100.0
501462,10959,113,2021-04-18,2025-12-31,106600.0,15700.0
501463,10960,109,2019-11-07,2025-12-31,102100.0,10500.0
501464,10961,102,2020-05-25,2023-10-04,94100.0,6100.0
501465,10961,102,2023-10-05,2025-12-31,92500.0,11200.0
501466,10962,101,2016-08-17,2025-12-31,42300.0,5400.0
501467,10963,108,2023-10-09,2025-12-31,53600.0,6300.0
501468,10964,112,2024-10-08,2025-10-07,62000.0,4800.0
501469,10964,112,2025-10-08,2025-12-31,66800.0,9500.0
501470,10965,107,2020-09-29,2025-12-31,143400.0,13700.0
501471,10966,112,2016-05-02,2025-12-31,58700.0,4900.0
501472,10967,113,2021-10-21,2024-04-26,98600.0,13200.0
501473,10967,113,2024-04-27,2025-12-31,117500.0,15700.0
501474,10968,107,2025-02-27,2026-02-26,129900.0,14500.0
501475,10968,107,2026-02-27,2025-12-31,152200.0,12700.0
501476,10969,112,2019-02-10,2025-12-31,56400.0,6000.0
501477,10970,106,2019-08-14,2025-12-31,81700.0,5400.0
501478,10971,111,2019-04-18,2025-12-31,86900.0,10800.0
501479,10972,113,2022-08-30,2024-08-30,101700.0,14200.0
501480,10972,113,2024-08-31,2025-12-31,93400.0,13800.0
501481,10973,117,2019-10-26,2023-07-11,83100.0,11300.0
501482,10973,117,2023-07-12,2025-12-31,110700.0,6700.0
501483,10974,106,2024-04-01,2025-12-31,83100.0,5100.0
501484,10975,105,2025-07-13,2025-12-31,84400.0,6600.0
501485,10976,103,2020-10-31,2025-12-31,73200.0,8200.0
501486,10977,106,2023-07-06,2025-12-31,87100.0,6300.0
501487,10978,111,2017-07-26,2025-12-31,90200.0,8400.0
501488,10979,114,2018-08-01,2025-12-31,45300.0,3700.0
501489,10980,106,2020-04-21,2025-12-31,80300.0,5000.0
501490,10981,103,2023-10-23,2025-12-31,74800.0,9600.0
501491,10982,105,2017-12-12,2025-12-31,78500.0,10900.0
501492,10983,109,2019-03-17,2023-04-13,83300.0,12300.0
501493,10983,109,2023-04-14,2025-12-31,115000.0,12900.0
501494,10984,107,2016-06-23,2022-03-10,123000.0,11700.0
501495,10984,107,2022-03-11,2025-12-31,150700.0,18200.0
501496,10985,106,2016-04-24,2025-12-31,80700.0,9300.0
501497,10986,112,2023-02-18,2025-12-31,58300.0,8500.0
501498,10987,101,2022-02-25,2025-12-31,40600.0,5900.0
501499,10988,109,2017-02-03,2022-06-08,107800.0,13000.0
501500,10988,109,2022-06-09,2025-12-31,108500.0,8900.0
501501,10989,112,2020-10-15,2023-11-30,49700.0,6800.0
501502,10989,112,2023-12-01,2025-12-31,59500.0,6300.0
501503,10990,105,2019-08-29,2025-12-31,79300.0,10000.0
501504,10991,110,2021-10-31,2024-04-30,47000.0,6400.0
501505,10991,110,2024-05-01,2025-12-31,58600.0,3500.0
501506,10992,111,2023-06-09,2025-12-31,101900.0,5800.0
501507,10993,111,2024-07-15,2025-07-14,100800.0,13700.0
501508,10993,111,2025-07-15,2025-12-31,110100.0,8900.0
501509,10994,109,2022-02-06,2025-12-31,101500.0,6600.0
501510,10995,105,2019-12-19,2025-12-31,89700.0,12100.0
501511,10996,112,2020-06-04,2023-10-08,52600.0,5500.0
501512,10996,112,2023-10-09,2025-12-31,63900.0,7900.0
501513,10997,113,2020-04-05,2023-09-14,85000.0,10100.0
501514,10997,113,2023-09-15,2025-12-31,118900.0,15400.0
501515,10998,107,2021-09-30,2025-12-31,149200.0,13900.0
501516,10999,103,2019-07-03,2025-12-31,60000.0,8700.0
501517,11000,102,2020-03-01,2025-12-31,87500.0,4800.0
501518,11001,103,2023-11-23,2025-02-26,59900.0,4900.0
501519,11001,103,2025-02-27,2025-12-31,84800.0,5500.0
501520,11002,108,2016-06-20,2025-12-31,48600.0,6200.0
501521,11003,101,2017-08-17,2025-12-31,41000.0,5600.0
501522,11004,107,2021-10-03,2025-12-31,148300.0,7400.0
501523,11005,112,2023-06-20,2024-12-25,62400.0,8200.0
501524,11005,112,2024-12-26,2025-12-31,65900.0,7400.0
501525,11006,107,2016-11-24,2025-12-31,143200.0,8500.0
501526,11007,113,2024-11-11,2025-12-31,105600.0,5700.0
501527,11008,113,2016-12-27,2022-05-24,93000.0,12600.0
501528,11008,113,2022-05-25,2025-12-31,115200.0,13300.0
501529,11009,107,2016-08-10,2025-12-31,130900.0,18000.0
501530,11010,113,2025-07-26,2026-07-25,102800.0,7600.0
501531,11010,113,2026-07-26,2025-12-31,94200.0,7400.0
501532,11011,113,2025-12-18,2026-12-17,106400.0,10700.0
501533,11011,113,2026-12-18,2025-12-31,98200.0,14700.0
501534,11012,106,2017-06-02,2022-07-26,89700.0,12900.0
501535,11012,106,2022-07-27,2025-12-31,88400.0,5200.0
501536,11013,107,2016-11-03,2025-12-31,144600.0,13700.0
501537,11014,109,2017-01-23,2022-06-04,103000.0,10800.0
501538,11014,109,2022-06-05,2025-12-31,96600.0,14000.0
501539,11015,114,2019-01-11,2025-12-31,40900.0,2300.0
501540,11016,111,2022-02-27,2025-12-31,88800.0,5000.0
501541,11017,104,2023-02-10,2025-12-31,125900.0,10700.0
501542,11018,110,2016-05-30,2025-12-31,45000.0,3900.0
501543,11019,109,2024-10-23,2025-10-22,84200.0,9200.0
501544,11019,109,2025-10-23,2025-12-31,113300.0,10800.0
501545,11020,110,2016-06-26,2025-12-31,47800.0,5900.0
501546,11021,113,2020-05-24,2023-10-03,86400.0,5700.0
501547,11021,113,2023-10-04,2025-12-31,96700.0,9000.0
501548,11022,109,2020-01-17,2023-08-13,103100.0,14500.0
501549,11022,109,2023-08-14,2025-12-31,98000.0,9700.0
501550,11023,113,2018-03-17,2025-12-31,110000.0,6200.0
501551,11024,113,2025-11-20,2025-12-31,93500.0,9400.0
501552,11025,110,2020-12-18,2023-12-26,46300.0,3400.0
501553,11025,110,2023-12-27,2025-12-31,49600.0,3900.0
501554,11026,103,2021-08-25,2025-12-31,71700.0,7600.0
501555,11027,113,2024-07-29,2025-07-28,87900.0,11800.0
501556,11027,113,2025-07-29,2025-12-31,100800.0,14200.0
501557,11028,114,2021-01-07,2025-12-31,38500.0,5400.0
501558,11029,104,2018-04-24,2025-12-31,115100.0,15600.0
501559,11030,108,2019-03-22,2023-04-15,56300.0,6600.0
501560,11030,108,2023-04-16,2025-12-31,62500.0,7300.0
501561,11031,107,2017-12-14,2022-10-12,125200.0,18000.0
501562,11031,107,2022-10-13,2025-12-31,135100.0,13100.0
501563,11032,112,2019-12-24,2023-08-04,49100.0,3300.0
501564,11032,112,2023-08-05,2025-12-31,57200.0,5500.0
501565,11033,113,2019-09-18,2025-12-31,97900.0,11300.0
501566,11034,103,2019-11-04,2023-07-15,75600.0,8800.0
501567,11034,103,2023-07-16,2025-12-31,67600.0,6600.0
501568,11035,114,2020-01-27,2025-12-31,45000.0,6300.0
501569,11036,105,2019-12-10,2023-07-29,95500.0,7500.0
501570,11036,105,2023-07-30,2025-12-31,82200.0,8200.0
501571,11037,112,2018-01-10,2022-10-22,57800.0,8100.0
501572,11037,112,2022-10-23,2025-12-31,67400.0,7500.0
501573,11038,108,2023-09-04,2025-12-31,59900.0,6500.0
501574,11039,107,2017-07-28,2025-12-31,147100.0,11600.0
501575,11040,103,2018-07-21,2023-01-07,67800.0,9200.0
501576,11040,103,2023-01-08,2025-12-31,82500.0,9100.0
501577,11041,103,2018-07-27,2023-01-10,61800.0,9000.0
501578,11041,103,2023-01-11,2025-12-31,74200.0,8500.0
501579,11042,111,2016-10-31,2025-12-31,102400.0,10900.0
501580,11043,108,2022-03-12,2024-06-22,56300.0,4800.0
501581,11043,108,2024-06-23,2025-12-31,60200.0,3100.0
501582,11044,103,2018-11-10,2025-12-31,78000.0,11300.0
501583,11045,103,2023-08-31,2025-01-23,69500.0,5100.0
501584,11045,103,2025-01-24,2025-12-31,71800.0,6900.0
501585,11046,102,2024-09-12,2025-12-31,78600.0,7000.0
501586,11047,112,2018-07-03,2025-12-31,51000.0,3000.0
501587,11048,113,2020-12-21,2025-12-31,101100.0,11500.0
501588,11049,101,2021-10-21,2024-04-26,41400.0,3000.0
501589,11049,101,2024-04-27,2025-12-31,43000.0,2900.0
501590,11050,109,2020-04-23,2025-12-31,82900.0,4500.0
501591,11051,104,2021-03-05,2024-01-25,109000.0,9100.0
501592,11051,104,2024-01-26,2025-12-31,112000.0,6800.0
501593,11052,115,2024-06-08,2025-12-31,91700.0,11700.0
501594,11053,114,2021-05-10,2024-02-21,40400.0,4700.0
501595,11053,114,2024-02-22,2025-12-31,44100.0,4500.0
501596,11054,111,2023-03-30,2025-12-31,93800.0,8600.0
501597,11055,114,2018-10-28,2023-02-16,45500.0,5600.0
501598,11055,114,2023-02-17,2025-12-31,49100.0,4300.0
501599,11056,113,2019-03-24,2025-12-31,109300.0,13000.0
501600,11057,112,2018-10-06,2023-02-07,59400.0,6600.0
501601,11057,112,2023-02-08,2025-12-31,66700.0,8100.0
501602,11058,109,2021-11-22,2025-12-31,99600.0,5900.0
501603,11059,106,2020-01-24,2023-08-16,70200.0,6700.0
501604,11059,106,2023-08-17,2025-12-31,92400.0,8500.0
501605,11060,107,2024-11-16,2025-11-15,127900.0,7300.0
501606,11060,107,2025-11-16,2025-12-31,156600.0,20100.0
501607,11061,106,2021-06-17,2025-12-31,69600.0,3700.0
501608,11062,110,2019-01-22,2025-12-31,45800.0,5400.0
501609,11063,104,2025-10-27,2025-12-31,109800.0,11500.0
501610,11064,106,2021-02-13,2024-01-17,88400.0,7100.0
501611,11064,106,2024-01-18,2025-12-31,80900.0,8300.0
501612,11065,108,2021-09-10,2024-04-10,55600.0,5600.0
501613,11065,108,2024-04-11,2025-12-31,52900.0,3000.0
501614,11066,107,2017-08-11,2022-08-23,119800.0,9700.0
501615,11066,107,2022-08-24,2025-12-31,158600.0,8800.0
501616,11067,108,2016-05-02,2022-02-17,50200.0,5300.0
501617,11067,108,2022-02-18,2025-12-31,62300.0,8900.0
501618,11068,115,2016-06-01,2022-03-01,74100.0,5300.0
501619,11068,115,2022-03-02,2025-12-31,85800.0,11000.0
501620,11069,112,2019-12-09,2025-12-31,50900.0,6800.0
501621,11070,110,2017-04-08,2025-12-31,56000.0,4300.0
501622,11071,109,2017-07-11,2022-08-10,85400.0,7700.0
501623,11071,109,2022-08-11,2025-12-31,103000.0,14100.0
501624,11072,108,2016-06-28,2022-03-12,54800.0,7100.0
501625,11072,108,2022-03-13,2025-12-31,54700.0,4200.0
501626,11073,107,2017-11-25,2025-12-31,140400.0,20500.0
501627,11074,115,2020-04-23,2025-12-31,89700.0,10700.0
501628,11075,106,2016-05-11,2022-02-21,86000.0,12300.0
501629,11075,106,2022-02-22,2025-12-31,84900.0,6900.0
501630,11076,104,2019-10-03,2025-12-31,124700.0,6900.0
501631,11077,113,2016-06-26,2025-12-31,105600.0,13600.0
501632,11078,104,2021-08-07,2025-12-31,123700.0,7800.0
501633,11079,107,2016-02-08,2022-01-15,125700.0,6400.0
501634,11079,107,2022-01-16,2025-12-31,140800.0,9300.0
501635,11080,102,2016-05-31,2025-12-31,88100.0,10600.0
501636,11081,104,2016-12-24,2022-05-23,100500.0,6400.0
501637,11081,104,2022-05-24,2025-12-31,112800.0,6900.0
501638,11082,104,2025-12-16,2026-12-15,113600.0,8600.0
501639,11082,104,2026-12-16,2025-12-31,117400.0,6500.0
501640,11083,101,2019-03-22,2025-12-31,40300.0,3400.0
501641,11084,110,2024-12-23,2025-12-22,54500.0,5400.0
501642,11084,110,2025-12-23,2025-12-31,54200.0,6500.0
501643,11085,112,2020-11-13,2025-12-31,49000.0,4000.0
501644,11086,105,2018-10-19,2025-12-31,84400.0,7800.0
501645,11087,115,2017-03-29,2022-06-30,90100.0,5700.0
501646,11087,115,2022-07-01,2025-12-31,81500.0,7700.0
501647,11088,106,2021-07-17,2024-03-19,89600.0,5600.0
501648,11088,106,2024-03-20,2025-12-31,87100.0,6100.0
501649,11089,107,2024-09-16,2025-12-31,128700.0,14800.0
501650,11090,104,2017-07-31,2022-08-18,113200.0,11000.0
501651,11090,104,2022-08-19,2025-12-31,118400.0,12300.0
501652,11091,110,2019-07-24,2023-06-03,55000.0,5500.0
501653,11091,110,2023-06-04,2025-12-31,61900.0,4500.0
501654,11092,105,2018-02-07,2022-11-03,82100.0,5600.0
501655,11092,105,2022-11-04,2025-12-31,90600.0,6400.0
501656,11093,110,2021-11-01,2025-12-31,51800.0,5200.0
501657,11094,113,2022-12-27,2025-12-31,88000.0,11900.0
501658,11095,109,2016-03-31,2022-02-04,86200.0,11400.0
501659,11095,109,2022-02-05,2025-12-31,103900.0,11500.0
501660,11096,111,2017-02-08,2025-12-31,102900.0,14300.0
501661,11097,115,2024-08-07,2025-08-06,88100.0,6500.0
501662,11097,115,2025-08-07,2025-12-31,98900.0,8300.0
501663,11098,107,2020-08-03,2023-11-01,146200.0,19100.0
501664,11098,107,2023-11-02,2025-12-31,163200.0,14100.0
501665,11099,106,2017-10-16,2022-09-18,88100.0,8700.0
501666,11099,106,2022-09-19,2025-12-31,96400.0,11900.0
501667,11100,112,2022-12-18,2025-12-31,57400.0,7500.0
501668,11101,110,2024-09-07,2025-09-06,57200.0,3900.0
501669,11101,110,2025-09-07,2025-12-31,48900.0,5000.0
501670,11102,103,2021-07-24,2025-12-31,72800.0,6100.0
501671,11103,107,2020-04-27,2025-12-31,144500.0,16000.0
501672,11104,108,2022-07-22,2024-08-14,54600.0,7400.0
501673,11104,108,2024-08-15,2025-12-31,64500.0,3400.0
501674,11105,107,2025-01-13,2026-01-12,115200.0,11400.0
501675,11105,107,2026-01-13,2025-12-31,143300.0,15000.0
501676,11106,103,2018-11-13,2025-12-31,66500.0,4700.0
501677,11107,115,2024-07-27,2025-07-26,72000.0,9600.0
501678,11107,115,2025-07-27,2025-12-31,88200.0,9900.0
501679,11108,113,2025-05-01,2026-04-30,100500.0,10500.0
501680,11108,113,2026-05-01,2025-12-31,99000.0,11100.0
501681,11109,108,2017-05-17,2022-07-19,52700.0,6400.0
501682,11109,108,2022-07-20,2025-12-31,59100.0,7400.0
501683,11110,111,2023-04-21,2024-12-01,82200.0,4600.0
501684,11110,111,2024-12-02,2025-12-31,96300.0,8700.0
501685,11111,115,2018-10-26,2025-12-31,88300.0,11800.0
501686,11112,104,2025-10-07,2025-12-31,110200.0,8400.0
501687,11113,107,2016-07-23,2022-03-22,124600.0,14000.0
501688,11113,107,2022-03-23,2025-12-31,158000.0,16100.0
501689,11114,109,2020-02-11,2023-08-23,106500.0,8500.0
501690,11114,109,2023-08-24,2025-12-31,116400.0,15300.0
501691,11115,112,2024-12-17,2025-12-16,48700.0,7100.0
501692,11115,112,2025-12-17,2025-12-31,63200.0,4700.0
501693,11116,101,2020-06-24,2025-12-31,46100.0,3300.0
501694,11117,117,2018-10-25,2023-02-15,89500.0,4900.0
501695,11117,117,2023-02-16,2025-12-31,93000.0,6100.0
501696,11118,109,2023-06-25,2024-12-27,89000.0,12800.0
501697,11118,109,2024-12-28,2025-12-31,107000.0,9900.0
501698,11119,107,2017-11-27,2025-12-31,115200.0,16100.0
501699,11120,107,2022-07-19,2025-12-31,130800.0,18900.0
501700,11121,104,2019-07-29,2025-12-31,106500.0,15300.0
501701,11122,113,2016-04-24,2025-12-31,109200.0,6500.0
501702,11123,116,2024-12-14,2025-12-31,53600.0,6300.0
501703,11124,107,2023-05-02,2024-12-06,119900.0,6900.0
501704,11124,107,2024-12-07,2025-12-31,142800.0,10300.0
501705,11125,116,2024-11-29,2025-11-28,59400.0,7300.0
501706,11125,116,2025-11-29,2025-12-31,58600.0,7300.0
501707,11126,112,2020-04-20,2025-12-31,50400.0,5700.0
501708,11127,108,2016-12-19,2025-12-31,49300.0,4000.0
501709,11128,111,2017-03-19,2022-06-26,95800.0,6000.0
501710,11128,111,2022-06-27,2025-12-31,109200.0,9200.0
501711,11129,108,2017-06-07,2025-12-31,59100.0,8100.0
501712,11130,108,2024-06-30,2025-12-31,48700.0,6000.0
501713,11131,102,2024-04-11,2025-12-31,96600.0,13200.0
501714,11132,111,2019-09-02,2023-06-19,96800.0,7500.0
501715,11132,111,2023-06-20,2025-12-31,98400.0,10000.0
501716,11133,101,2017-08-09,2022-08-22,45700.0,5800.0
501717,11133,101,2022-08-23,2025-12-31,50300.0,7400.0
501718,11134,113,2016-05-05,2025-12-31,110000.0,13700.0
501719,11135,113,2016-03-06,2025-12-31,95200.0,11800.0
501720,11136,107,2016-01-03,2025-12-31,138400.0,16900.0
501721,11137,106,2022-07-21,2025-12-31,73800.0,7900.0
501722,11138,109,2021-08-09,2025-12-31,90200.0,13400.0
501723,11139,111,2019-01-06,2025-12-31,88900.0,7600.0
501724,11140,106,2021-06-12,2025-12-31,69200.0,6700.0
501725,11141,110,2016-12-05,2022-05-15,55600.0,7200.0
501726,11141,110,2022-05-16,2025-12-31,53500.0,7300.0
501727,11142,107,2024-09-02,2025-12-31,134300.0,8900.0
501728,11143,101,2023-09-30,2025-12-31,42400.0,4400.0
501729,11144,102,2023-09-24,2025-02-02,90100.0,7900.0
501730,11144,102,2025-02-03,2025-12-31,104000.0,5600.0
501731,11145,104,2025-01-11,2025-12-31,119300.0,6100.0
501732,11146,113,2024-01-03,2025-12-31,88000.0,10500.0
501733,11147,117,2024-05-29,2025-05-28,96700.0,8100.0
501734,11147,117,2025-05-29,2025-12-31,97900.0,5600.0
501735,11148,109,2023-12-10,2025-12-31,98200.0,14600.0
501736,11149,109,2025-10-02,2025-12-31,104700.0,11500.0
501737,11150,104,2018-03-24,2022-11-21,123500.0,7600.0
501738,11150,104,2022-11-22,2025-12-31,123000.0,16700.0
501739,11151,109,2024-12-21,2025-12-20,87000.0,7600.0
501740,11151,109,2025-12-21,2025-12-31,118500.0,17800.0
501741,11152,104,2025-12-06,2025-12-31,122700.0,6700.0
501742,11153,111,2022-11-16,2024-09-30,90100.0,4600.0
501743,11153,111,2024-10-01,2025-12-31,99300.0,5900.0
501744,11154,115,2022-02-21,2025-12-31,71900.0,5500.0
501745,11155,105,2021-08-24,2025-12-31,78400.0,4400.0
501746,11156,113,2018-02-04,2022-11-01,106000.0,11500.0
501747,11156,113,2022-11-02,2025-12-31,109700.0,5500.0
501748,11157,101,2023-05-02,2024-12-06,41800.0,3500.0
501749,11157,101,2024-12-07,2025-12-31,50200.0,6900.0
501750,11158,105,2022-03-03,2024-06-19,90800.0,5000.0
501751,11158,105,2024-06-20,2025-12-31,89000.0,6400.0
501752,11159,104,2019-05-17,2025-12-31,101800.0,11000.0
501753,11160,107,2022-02-15,2024-06-12,131600.0,12000.0
501754,11160,107,2024-06-13,2025-12-31,128100.0,17000.0
501755,11161,104,2024-07-06,2025-12-31,104800.0,11700.0
501756,11162,106,2022-04-25,2024-07-10,85200.0,10200.0
501757,11162,106,2024-07-11,2025-12-31,78000.0,10500.0
501758,11163,105,2019-02-07,2023-03-29,77500.0,9600.0
501759,11163,105,2023-03-30,2025-12-31,85500.0,5300.0
501760,11164,106,2019-03-13,2023-04-11,86600.0,5900.0
501761,11164,106,2023-04-12,2025-12-31,83700.0,6600.0
501762,11165,110,2019-01-11,2023-03-18,53800.0,4900.0
501763,11165,110,2023-03-19,2025-12-31,59800.0,6800.0
501764,11166,114,2025-01-10,2026-01-09,41600.0,5000.0
501765,11166,114,2026-01-10,2025-12-31,47100.0,6400.0
501766,11167,106,2020-12-24,2025-12-31,84100.0,12500.0
501767,11168,105,2017-02-04,2025-12-31,74500.0,7500.0
501768,11169,105,2024-04-27,2025-04-29,81100.0,8000.0
501769,11169,105,2025-04-30,2025-12-31,88200.0,7100.0
501770,11170,115,2021-09-10,2024-04-10,78000.0,5200.0
501771,11170,115,2024-04-11,2025-12-31,97300.0,8700.0
501772,11171,108,2018-08-10,2025-12-31,58400.0,7300.0
501773,11172,109,2017-05-10,2022-07-16,101000.0,6600.0
501774,11172,109,2022-07-17,2025-12-31,109400.0,9900.0
501775,11173,104,2025-06-11,2025-12-31,118800.0,12600.0
501776,11174,109,2020-07-28,2025-12-31,88200.0,9600.0
501777,11175,106,2022-05-15,2024-07-18,78000.0,7100.0
501778,11175,106,2024-07-19,2025-12-31,83100.0,6700.0
501779,11176,116,2025-11-10,2025-12-31,53800.0,2900.0
501780,11177,115,2023-01-02,2024-10-19,84200.0,11300.0
501781,11177,115,2024-10-20,2025-12-31,80000.0,8100.0
501782,11178,103,2023-12-15,2025-12-31,59900.0,4600.0
501783,11179,108,2021-12-11,2025-12-31,47100.0,5200.0
501784,11180,106,2020-09-17,2025-12-31,72200.0,3900.0
501785,11181,106,2021-09-20,2025-12-31,84400.0,5700.0
501786,11182,114,2020-04-27,2025-12-31,42900.0,3700.0
501787,11183,109,2016-03-07,2025-12-31,87600.0,8400.0
501788,11184,105,2021-07-05,2025-12-31,83900.0,7500.0
501789,11185,106,2017-08-04,2025-12-31,82800.0,9400.0
501790,11186,113,2021-12-24,2025-12-31,110200.0,11800.0
501791,11187,110,2025-12-15,2026-12-14,54600.0,3500.0
501792,11187,110,2026-12-15,2025-12-31,56200.0,5800.0
501793,11188,108,2018-03-11,2025-12-31,59900.0,7800.0
501794,11189,106,2022-08-25,2024-08-28,80500.0,6600.0
501795,11189,106,2024-08-29,2025-12-31,95100.0,11900.0
501796,11190,107,2025-09-21,2025-12-31,119900.0,10800.0
501797,11191,117,2023-11-27,2025-12-31,85900.0,7500.0
501798,11192,109,2020-03-21,2023-09-08,107000.0,13400.0
501799,11192,109,2023-09-09,2025-12-31,108300.0,7600.0
501800,11193,105,2025-07-01,2026-06-30,76800.0,8000.0
501801,11193,105,2026-07-01,2025-12-31,101200.0,5300.0
501802,11194,109,2023-12-13,2025-03-06,88600.0,10800.0
501803,11194,109,2025-03-07,2025-12-31,115900.0,14500.0
501804,11195,112,2025-04-11,2025-12-31,49400.0,6200.0
501805,11196,105,2022-07-09,2024-08-09,81400.0,6600.0
501806,11196,105,2024-08-10,2025-12-31,89800.0,7400.0
501807,11197,104,2018-07-16,2025-12-31,101600.0,13700.0
501808,11198,109,2023-01-11,2025-12-31,95200.0,5800.0
501809,11199,110,2023-01-18,2025-12-31,55200.0,4400.0
501810,11200,112,2020-11-25,2025-12-31,57700.0,8600.0
501811,11201,115,2021-04-04,2025-12-31,76200.0,7200.0
501812,11202,107,2018-01-12,2022-10-23,117400.0,14200.0
501813,11202,107,2022-10-24,2025-12-31,161600.0,23800.0
501814,11203,101,2017-02-27,2022-06-18,41000.0,4300.0
501815,11203,101,2022-06-19,2025-12-31,45100.0,3600.0
501816,11204,117,2021-09-19,2025-12-31,103200.0,14400.0
501817,11205,108,2025-06-12,2026-06-11,53900.0,6800.0
501818,11205,108,2026-06-12,2025-12-31,54300.0,7200.0
501819,11206,110,2017-01-03,2022-05-27,54900.0,7000.0
501820,11206,110,2022-05-28,2025-12-31,53000.0,6500.0
501821,11207,110,2021-03-16,2024-01-30,51900.0,6200.0
501822,11207,110,2024-01-31,2025-12-31,59100.0,8800.0
501823,11208,108,2020-07-17,2023-10-25,52700.0,7300.0
501824,11208,108,2023-10-26,2025-12-31,59200.0,8100.0
501825,11209,105,2019-10-28,2023-07-12,91400.0,12500.0
501826,11209,105,2023-07-13,2025-12-31,101800.0,14000.0
501827,11210,112,2017-08-05,2022-08-20,54200.0,3700.0
501828,11210,112,2022-08-21,2025-12-31,55500.0,5500.0
501829,11211,113,2025-08-31,2025-12-31,99900.0,13500.0
501830,11212,109,2022-05-02,2025-12-31,85000.0,5600.0
501831,11213,109,2016-12-03,2022-05-14,98300.0,5500.0
501832,11213,109,2022-05-15,2025-12-31,112900.0,6400.0
501833,11214,104,2023-12-09,2025-03-04,107800.0,11400.0
501834,11214,104,2025-03-05,2025-12-31,134800.0,19700.0
501835,11215,103,2021-07-22,2025-12-31,61700.0,7000.0
501836,11216,106,2023-03-27,2024-11-21,71600.0,7600.0
501837,11216,106,2024-11-22,2025-12-31,84100.0,7100.0
501838,11217,105,2016-10-04,2022-04-20,95500.0,11700.0
501839,11217,105,2022-04-21,2025-12-31,87900.0,12500.0
501840,11218,117,2025-01-23,2025-12-31,103200.0,12000.0
501841,11219,112,2025-12-23,2026-12-22,54200.0,5200.0
501842,11219,112,2026-12-23,2025-12-31,67800.0,8500.0
501843,11220,111,2018-05-31,2022-12-18,96400.0,10500.0
501844,11220,111,2022-12-19,2025-12-31,111100.0,6600.0
501845,11221,108,2020-05-25,2025-12-31,50600.0,3200.0
501846,11222,104,2019-05-01,2025-12-31,106400.0,13100.0
501847,11223,117,2022-03-12,2024-06-22,107600.0,14000.0
501848,11223,117,2024-06-23,2025-12-31,99100.0,12300.0
501849,11224,106,2022-10-07,2024-09-14,82700.0,4600.0
501850,11224,106,2024-09-15,2025-12-31,83600.0,12400.0
501851,11225,104,2023-01-11,2024-10-22,114200.0,6500.0
501852,11225,104,2024-10-23,2025-12-31,127900.0,10000.0
501853,11226,109,2017-08-02,2022-08-19,91300.0,6400.0
501854,11226,109,2022-08-20,2025-12-31,117200.0,16500.0
501855,11227,114,2019-01-08,2025-12-31,38000.0,2800.0
501856,11228,115,2017-04-20,2025-12-31,93000.0,10300.0
501857,11229,101,2017-03-14,2022-06-24,48300.0,3100.0
501858,11229,101,2022-06-25,2025-12-31,53900.0,7900.0
501859,11230,115,2019-04-14,2025-12-31,75000.0,7900.0
501860,11231,107,2022-05-20,2025-12-31,121800.0,12700.0
501861,11232,102,2021-01-05,2025-12-31,86000.0,7000.0
501862,11233,115,2019-06-20,2023-05-21,92700.0,12100.0
501863,11233,115,2023-05-22,2025-12-31,97200.0,5100.0
501864,11234,114,2016-06-08,2025-12-31,38800.0,4500.0
501865,11235,110,2022-12-01,2025-12-31,55600.0,4200.0
501866,11236,108,2021-12-26,2024-05-23,58800.0,8300.0
501867,11236,108,2024-05-24,2025-12-31,57600.0,3300.0
501868,11237,112,2016-01-02,2021-12-31,55500.0,7300.0
501869,11237,112,2022-01-01,2025-12-31,64100.0,3700.0
501870,11238,113,2020-04-11,2025-12-31,88100.0,5200.0
501871,11239,114,2019-01-04,2023-03-15,37700.0,5000.0
501872,11239,114,2023-03-16,2025-12-31,46200.0,5000.0
501873,11240,108,2021-12-14,2025-12-31,59700.0,8500.0
501874,11241,117,2025-09-20,2025-12-31,92500.0,6000.0
501875,11242,116,2017-07-04,2025-12-31,52200.0,3800.0
501876,11243,103,2016-11-21,2022-05-09,67700.0,7800.0
501877,11243,103,2022-05-10,2025-12-31,78300.0,10000.0
501878,11244,114,2025-03-11,2026-03-10,40400.0,4200.0
501879,11244,114,2026-03-11,2025-12-31,52500.0,2900.0
501880,11245,109,2020-05-13,2025-12-31,91100.0,5500.0
501881,11246,105,2019-03-19,2023-04-14,88000.0,9000.0
501882,11246,105,2023-04-15,2025-12-31,81700.0,8800.0
501883,11247,110,2022-03-12,2024-06-22,48700.0,4000.0
501884,11247,110,2024-06-23,2025-12-31,61300.0,3400.0
501885,11248,101,2016-06-17,2022-03-08,43300.0,4800.0
501886,11248,101,2022-03-09,2025-12-31,52700.0,6500.0
501887,11249,109,2016-11-19,2025-12-31,87600.0,12400.0
501888,11250,115,2024-08-20,2025-08-19,72000.0,8400.0
501889,11250,115,2025-08-20,2025-12-31,93400.0,5800.0
501890,11251,105,2019-11-15,2025-12-31,86200.0,8400.0
501891,11252,109,2020-09-01,2023-11-12,88100.0,12800.0
501892,11252,109,2023-11-13,2025-12-31,110500.0,11800.0
501893,11253,114,2017-02-27,2025-12-31,46200.0,5200.0
501894,11254,109,2021-05-07,2024-02-20,100400.0,10700.0
501895,11254,109,2024-02-21,2025-12-31,117900.0,14500.0
501896,11255,105,2018-03-20,2022-11-19,76600.0,7500.0
501897,11255,105,2022-11-20,2025-12-31,97700.0,6600.0
501898,11256,108,2024-09-16,2025-12-31,57600.0,3800.0
501899,11257,108,2017-06-12,2025-12-31,47000.0,2400.0
501900,11258,111,2018-10-09,2023-02-08,96500.0,14200.0
501901,11258,111,2023-02-09,2025-12-31,110000.0,8300.0
501902,11259,112,2017-04-03,2022-07-02,56800.0,2900.0
501903,11259,112,2022-07-03,2025-12-31,65300.0,4900.0
501904,11260,109,2023-04-02,2024-11-24,91500.0,11600.0
501905,11260,109,2024-11-25,2025-12-31,98400.0,7700.0
501906,11261,113,2023-01-30,2025-12-31,96600.0,14100.0
501907,11262,108,2024-08-09,2025-08-08,47300.0,4900.0
501908,11262,108,2025-08-09,2025-12-31,53400.0,4900.0
501909,11263,106,2021-07-06,2024-03-15,87500.0,7200.0
501910,11263,106,2024-03-16,2025-12-31,93800.0,13600.0
501911,11264,110,2023-09-16,2025-12-31,51200.0,7600.0
501912,11265,113,2020-11-05,2025-12-31,87900.0,12200.0
501913,11266,109,2021-07-23,2024-03-21,86600.0,11200.0
501914,11266,109,2024-03-22,2025-12-31,108400.0,15000.0
501915,11267,101,2024-10-12,2025-12-31,42400.0,3200.0
501916,11268,103,2021-02-04,2025-12-31,70200.0,4000.0
501917,11269,105,2016-11-20,2022-05-09,77000.0,8400.0
501918,11269,105,2022-05-10,2025-12-31,83100.0,5900.0
501919,11270,106,2025-04-03,2025-12-31,71800.0,5400.0
501920,11271,111,2016-03-20,2025-12-31,98100.0,7900.0
501921,11272,101,2020-02-03,2025-12-31,41600.0,4500.0
501922,11273,113,2020-10-05,2023-11-26,104000.0,9100.0
501923,11273,113,2023-11-27,2025-12-31,100200.0,11100.0
501924,11274,107,2016-11-14,2025-12-31,133800.0,16300.0
501925,11275,105,2023-02-04,2024-11-01,91400.0,9900.0
501926,11275,105,2024-11-02,2025-12-31,85800.0,11900.0
501927,11276,108,2025-04-28,2025-12-31,59500.0,6400.0
501928,11277,106,2025-05-14,2025-12-31,87100.0,4800.0
501929,11278,115,2021-06-17,2025-12-31,77700.0,4300.0
501930,11279,103,2020-07-12,2023-10-23,70500.0,3900.0
501931,11279,103,2023-10-24,2025-12-31,65800.0,7500.0
501932,11280,108,2016-11-08,2022-05-04,57800.0,4400.0
501933,11280,108,2022-05-05,2025-12-31,54900.0,3200.0
501934,11281,115,2020-01-28,2025-12-31,79800.0,6700.0
501935,11282,110,2021-01-13,2024-01-05,55600.0,3400.0
501936,11282,110,2024-01-06,2025-12-31,56300.0,3900.0
501937,11283,106,2019-06-11,2023-05-17,74400.0,7100.0
501938,11283,106,2023-05-18,2025-12-31,87300.0,12000.0
501939,11284,108,2019-05-28,2025-12-31,54200.0,4200.0
501940,11285,110,2021-05-27,2025-12-31,54800.0,7100.0
501941,11286,116,2025-08-01,2026-07-31,56600.0,7700.0
501942,11286,116,2026-08-01,2025-12-31,59900.0,7500.0
501943,11287,115,2023-11-20,2025-12-31,82800.0,10900.0
501944,11288,105,2024-10-11,2025-12-31,94100.0,13400.0
501945,11289,117,2021-07-11,2025-12-31,83600.0,4300.0
501946,11290,101,2022-12-26,2025-12-31,42600.0,3700.0
501947,11291,101,2017-07-10,2022-08-10,41800.0,4600.0
501948,11291,101,2022-08-11,2025-12-31,52700.0,4000.0
501949,11292,113,2018-10-24,2025-12-31,102000.0,10500.0
501950,11293,106,2019-05-26,2023-05-11,87300.0,7900.0
501951,11293,106,2023-05-12,2025-12-31,84600.0,9700.0
501952,11294,101,2024-03-12,2025-12-31,44600.0,5500.0
501953,11295,106,2016-09-08,2022-04-10,73600.0,4600.0
501954,11295,106,2022-04-11,2025-12-31,79000.0,4100.0
501955,11296,108,2016-08-15,2025-12-31,47800.0,6500.0
501956,11297,113,2016-02-20,2025-12-31,97400.0,9200.0
501957,11298,111,2019-12-15,2023-07-31,96700.0,10700.0
501958,11298,111,2023-08-01,2025-12-31,98400.0,8300.0
501959,11299,105,2023-05-05,2025-12-31,86000.0,10500.0
501960,11300,108,2018-11-24,2025-12-31,56900.0,4600.0
501961,11301,115,2020-05-20,2025-12-31,81600.0,10400.0
501962,11302,113,2023-09-29,2025-12-31,91100.0,6700.0
501963,11303,107,2019-09-09,2023-06-22,116800.0,13800.0
501964,11303,107,2023-06-23,2025-12-31,155400.0,13100.0
501965,11304,117,2020-10-02,2023-11-25,97700.0,5600.0
501966,11304,117,2023-11-26,2025-12-31,110800.0,11400.0
501967,11305,111,2024-07-07,2025-12-31,98800.0,11600.0
501968,11306,102,2021-01-03,2024-01-01,96800.0,10700.0
501969,11306,102,2024-01-02,2025-12-31,104700.0,8000.0
501970,11307,102,2020-11-28,2023-12-18,97900.0,8700.0
501971,11307,102,2023-12-19,2025-12-31,101100.0,10600.0
501972,11308,103,2025-03-05,2025-12-31,61100.0,4900.0
501973,11309,112,2021-06-21,2024-03-09,54800.0,7700.0
501974,11309,112,2024-03-10,2025-12-31,58900.0,7600.0
501975,11310,106,2022-04-23,2024-07-09,87000.0,8000.0
501976,11310,106,2024-07-10,2025-12-31,84100.0,10100.0
501977,11311,109,2018-09-27,2025-12-31,91300.0,5100.0
501978,11312,103,2017-01-05,2022-05-27,73900.0,10500.0
501979,11312,103,2022-05-28,2025-12-31,69200.0,7400.0
501980,11313,115,2019-11-08,2023-07-16,78100.0,7400.0
501981,11313,115,2023-07-17,2025-12-31,96600.0,5300.0
501982,11314,106,2018-02-13,2025-12-31,73300.0,9200.0
501983,11315,115,2025-05-20,2025-12-31,79200.0,9700.0
501984,11316,117,2019-04-26,2023-04-29,88300.0,5000.0
501985,11316,117,2023-04-30,2025-12-31,102000.0,6100.0
501986,11317,102,2021-08-04,2024-03-26,78400.0,5100.0
501987,11317,102,2024-03-27,2025-12-31,110400.0,14300.0
501988,11318,108,2021-02-12,2024-01-17,56100.0,6600.0
501989,11318,108,2024-01-18,2025-12-31,53300.0,4600.0
501990,11319,102,2020-05-10,2025-12-31,95800.0,12100.0
501991,11320,115,2024-05-26,2025-12-31,86300.0,8700.0
501992,11321,109,2021-04-05,2025-12-31,101300.0,5400.0
501993,11322,101,2016-04-30,2025-12-31,46000.0,2600.0
501994,11323,104,2022-04-02,2024-07-01,123000.0,17900.0
501995,11323,104,2024-07-02,2025-12-31,131600.0,8600.0
501996,11324,106,2022-02-11,2024-06-11,72800.0,8400.0
501997,11324,106,2024-06-12,2025-12-31,93800.0,13000.0
501998,11325,116,2023-04-19,2025-12-31,47400.0,3000.0
501999,11326,110,2022-08-16,2025-12-31,55500.0,5300.0
502000,11327,114,2021-04-17,2024-02-12,43000.0,4700.0
502001,11327,114,2024-02-13,2025-12-31,43600.0,3900.0
502002,11328,107,2017-08-16,2025-12-31,122200.0,18300.0
502003,11329,102,2025-08-26,2026-08-25,91300.0,9600.0
502004,11329,102,2026-08-26,2025-12-31,97800.0,7300.0
502005,11330,117,2016-06-17,2025-12-31,85100.0,7500.0
502006,11331,102,2018-06-03,2022-12-19,81200.0,11600.0
502007,11331,102,2022-12-20,2025-12-31,104300.0,7000.0
502008,11332,116,2017-12-10,2025-12-31,49000.0,3600.0
502009,11333,105,2018-02-19,2022-11-07,89900.0,9600.0
502010,11333,105,2022-11-08,2025-12-31,82400.0,4300.0
502011,11334,101,2021-04-20,2025-12-31,46300.0,6100.0
502012,11335,111,2024-07-12,2025-07-11,97600.0,12000.0
502013,11335,111,2025-07-12,2025-12-31,105700.0,9000.0
502014,11336,116,2019-11-23,2023-07-22,55100.0,7000.0
502015,11336,116,2023-07-23,2025-12-31,53500.0,5300.0
502016,11337,116,2019-01-29,2023-03-25,48900.0,3600.0
502017,11337,116,2023-03-26,2025-12-31,54300.0,5000.0
502018,11338,104,2016-03-11,2022-01-27,112900.0,6700.0
502019,11338,104,2022-01-28,2025-12-31,125100.0,6500.0
502020,11339,106,2019-08-03,2023-06-07,79500.0,9400.0
502021,11339,106,2023-06-08,2025-12-31,93700.0,5000.0
502022,11340,108,2024-12-14,2025-12-31,51000.0,6100.0
502023,11341,111,2021-02-26,2024-01-23,99300.0,10900.0
502024,11341,111,2024-01-24,2025-12-31,110500.0,16400.0
502025,11342,113,2020-12-16,2025-12-31,99900.0,13900.0
502026,11343,107,2020-08-31,2023-11-12,116500.0,12000.0
502027,11343,107,2023-11-13,2025-12-31,164000.0,19800.0
502028,11344,116,2016-06-22,2022-03-10,55400.0,3000.0
502029,11344,116,2022-03-11,2025-12-31,57800.0,4300.0
502030,11345,111,2020-04-10,2023-09-16,87100.0,10600.0
502031,11345,111,2023-09-17,2025-12-31,104000.0,5400.0
502032,11346,115,2021-11-29,2024-05-12,88200.0,12800.0
502033,11346,115,2024-05-13,2025-12-31,99900.0,5000.0
502034,11347,108,2024-01-04,2025-03-14,48900.0,4500.0
502035,11347,108,2025-03-15,2025-12-31,60500.0,4000.0
502036,11348,106,2024-05-09,2025-12-31,85300.0,7800.0
502037,11349,116,2020-03-13,2025-12-31,53600.0,5800.0
502038,11350,108,2020-12-24,2025-12-31,48800.0,5800.0
502039,11351,115,2022-02-08,2024-06-09,81800.0,9300.0
502040,11351,115,2024-06-10,2025-12-31,79200.0,4800.0
502041,11352,117,2024-06-06,2025-06-05,92200.0,10300.0
502042,11352,117,2025-06-06,2025-12-31,118700.0,9000.0
502043,11353,111,2020-09-04,2023-11-14,91200.0,5900.0
502044,11353,111,2023-11-15,2025-12-31,89700.0,9500.0
502045,11354,109,2019-02-07,2025-12-31,104500.0,6300.0
502046,11355,102,2024-05-01,2025-05-01,89900.0,7800.0
502047,11355,102,2025-05-02,2025-12-31,104400.0,10400.0
502048,11356,101,2019-12-06,2023-07-27,42000.0,5900.0
502049,11356,101,2023-07-28,2025-12-31,49100.0,6400.0
502050,11357,106,2023-12-22,2025-03-09,83200.0,5600.0
502051,11357,106,2025-03-10,2025-12-31,92900.0,12000.0
502052,11358,107,2017-01-30,2022-06-06,121400.0,11700.0
502053,11358,107,2022-06-07,2025-12-31,151000.0,17200.0
502054,11359,106,2018-01-01,2025-12-31,84000.0,8400.0
502055,11360,107,2022-03-13,2025-12-31,115300.0,7700.0
502056,11361,106,2019-04-17,2023-04-25,84700.0,11100.0
502057,11361,106,2023-04-26,2025-12-31,92700.0,9100.0
502058,11362,109,2021-08-16,2024-03-31,94000.0,4800.0
502059,11362,109,2024-04-01,2025-12-31,107700.0,6200.0
502060,11363,103,2021-12-25,2024-05-22,71200.0,3700.0
502061,11363,103,2024-05-23,2025-12-31,77300.0,8800.0
502062,11364,102,2022-02-10,2025-12-31,79800.0,4000.0
502063,11365,111,2020-02-25,2025-12-31,88100.0,12200.0
502064,11366,108,2025-01-13,2026-01-12,54200.0,3300.0
502065,11366,108,2026-01-13,2025-12-31,56800.0,7900.0
502066,11367,108,2023-07-28,2025-12-31,55700.0,4000.0
502067,11368,110,2021-10-21,2025-12-31,52500.0,3200.0
502068,11369,113,2017-08-18,2022-08-25,85100.0,4700.0
502069,11369,113,2022-08-26,2025-12-31,118900.0,10200.0
502070,11370,108,2024-09-29,2025-09-28,51800.0,4700.0
502071,11370,108,2025-09-29,2025-12-31,54300.0,3200.0
502072,11371,110,2024-05-17,2025-05-16,52200.0,4700.0
502073,11371,110,2025-05-17,2025-12-31,61900.0,6000.0
502074,11372,117,2023-08-21,2025-12-31,106200.0,10600.0
502075,11373,113,2020-12-26,2025-12-31,94000.0,11400.0
502076,11374,109,2017-10-09,2022-09-15,97600.0,9200.0
502077,11374,109,2022-09-16,2025-12-31,105700.0,14000.0
502078,11375,111,2020-02-08,2023-08-22,86600.0,9300.0
502079,11375,111,2023-08-23,2025-12-31,114500.0,13700.0
502080,11376,104,2018-10-29,2023-02-16,124900.0,10500.0
502081,11376,104,2023-02-17,2025-12-31,138100.0,9600.0
502082,11377,109,2025-03-03,2025-12-31,84700.0,10300.0
502083,11378,116,2024-01-20,2025-12-31,55500.0,7100.0
502084,11379,108,2022-01-18,2024-06-01,46800.0,4000.0
502085,11379,108,2024-06-02,2025-12-31,60500.0,6900.0
502086,11380,115,2020-06-24,2023-10-16,77300.0,7600.0
502087,11380,115,2023-10-17,2025-12-31,96400.0,13000.0
502088,11381,107,2022-07-03,2024-08-06,147400.0,21000.0
502089,11381,107,2024-08-07,2025-12-31,126800.0,12800.0
502090,11382,116,2025-05-24,2025-12-31,53800.0,6000.0
502091,11383,108,2017-12-10,2025-12-31,50100.0,3000.0
502092,11384,101,2024-11-26,2025-11-25,47300.0,3500.0
502093,11384,101,2025-11-26,2025-12-31,53200.0,4800.0
502094,11385,109,2019-09-03,2023-06-20,104700.0,7500.0
502095,11385,109,2023-06-21,2025-12-31,96300.0,14300.0
502096,11386,106,2017-08-05,2025-12-31,73000.0,4900.0
502097,11387,101,2017-09-08,2025-12-31,45700.0,2800.0
502098,11388,113,2017-05-15,2025-12-31,96100.0,14300.0
502099,11389,105,2020-05-28,2023-10-05,85400.0,5700.0
502100,11389,105,2023-10-06,2025-12-31,91800.0,6200.0
502101,11390,112,2017-11-06,2022-09-26,51800.0,4100.0
502102,11390,112,2022-09-27,2025-12-31,68200.0,3700.0
502103,11391,105,2025-07-28,2026-07-27,87700.0,10200.0
502104,11391,105,2026-07-28,2025-12-31,99600.0,12600.0
502105,11392,106,2018-02-03,2025-12-31,84900.0,11200.0
502106,11393,117,2020-10-28,2025-12-31,99400.0,9700.0
502107,11394,106,2025-03-12,2026-03-11,75600.0,6500.0
502108,11394,106,2026-03-12,2025-12-31,83800.0,8700.0
502109,11395,111,2018-11-05,2023-02-19,93700.0,13300.0
502110,11395,111,2023-02-20,2025-12-31,100100.0,7200.0
502111,11396,111,2021-09-09,2024-04-10,102600.0,14800.0
502112,11396,111,2024-04-11,2025-12-31,113100.0,8900.0
502113,11397,109,2023-09-12,2025-01-28,107400.0,8800.0
502114,11397,109,2025-01-29,2025-12-31,94900.0,7400.0
502115,11398,115,2022-09-13,2025-12-31,80800.0,11600.0
502116,11399,110,2023-04-20,2024-12-01,54500.0,3200.0
502117,11399,110,2024-12-02,2025-12-31,51500.0,5700.0
502118,11400,105,2024-02-12,2025-03-30,88500.0,13000.0
502119,11400,105,2025-03-31,2025-12-31,82300.0,5700.0
502120,11401,115,2019-12-31,2025-12-31,91300.0,11800.0
502121,11402,107,2021-10-09,2024-04-22,141100.0,10000.0
502122,11402,107,2024-04-23,2025-12-31,127000.0,13600.0
502123,11403,109,2020-07-19,2025-12-31,93700.0,10000.0
502124,11404,117,2020-12-25,2023-12-28,95800.0,13300.0
502125,11404,117,2023-12-29,2025-12-31,104300.0,5300.0
502126,11405,111,2024-12-04,2025-12-31,96200.0,11800.0
502127,11406,112,2016-11-17,2025-12-31,52000.0,5200.0
502128,11407,110,2022-07-26,2025-12-31,48800.0,6600.0
502129,11408,113,2024-10-03,2025-12-31,103500.0,13500.0
502130,11409,116,2022-09-21,2024-09-07,56400.0,7200.0
502131,11409,116,2024-09-08,2025-12-31,63600.0,6300.0
502132,11410,106,2018-06-10,2025-12-31,71100.0,9600.0
502133,11411,103,2025-08-14,2025-12-31,70600.0,4400.0
502134,11412,108,2019-09-18,2025-12-31,46600.0,6600.0
502135,11413,110,2018-04-01,2025-12-31,46800.0,5100.0
502136,11414,106,2016-04-24,2025-12-31,85900.0,10800.0
502137,11415,101,2018-11-17,2025-12-31,42800.0,2700.0
502138,11416,107,2018-03-26,2025-12-31,141700.0,11100.0
502139,11417,117,2020-08-25,2023-11-10,103000.0,12900.0
502140,11417,117,2023-11-11,2025-12-31,96700.0,13200.0
502141,11418,111,2018-10-19,2023-02-12,83700.0,7100.0
502142,11418,111,2023-02-13,2025-12-31,113100.0,13500.0
502143,11419,107,2022-07-04,2024-08-07,120500.0,14600.0
502144,11419,107,2024-08-08,2025-12-31,149600.0,22300.0
502145,11420,107,2016-02-03,2025-12-31,118600.0,14600.0
502146,11421,106,2024-04-24,2025-04-28,89200.0,4600.0
502147,11421,106,2025-04-29,2025-12-31,81400.0,8100.0
502148,11422,104,2020-02-07,2023-08-22,106700.0,10600.0
502149,11422,104,2023-08-23,2025-12-31,120700.0,11600.0
502150,11423,104,2016-11-22,2025-12-31,111500.0,16100.0
502151,11424,114,2020-08-08,2023-11-03,39900.0,4600.0
502152,11424,114,2023-11-04,2025-12-31,44000.0,3700.0
502153,11425,117,2019-02-24,2025-12-31,96400.0,8000.0
502154,11426,104,2022-01-20,2025-12-31,98700.0,10500.0
502155,11427,101,2021-12-14,2024-05-18,40700.0,2300.0
502156,11427,101,2024-05-19,2025-12-31,54200.0,3000.0
502157,11428,105,2025-09-21,2025-12-31,78600.0,6900.0
502158,11429,109,2016-12-11,2022-05-17,94100.0,11700.0
502159,11429,109,2022-05-18,2025-12-31,116400.0,9300.0
502160,11430,106,2024-06-27,2025-06-26,87800.0,13000.0
502161,11430,106,2025-06-27,2025-12-31,85900.0,8200.0
502162,11431,105,2025-04-03,2026-04-02,84300.0,6800.0
502163,11431,105,2026-04-03,2025-12-31,105500.0,7200.0
502164,11432,107,2017-03-28,2022-06-29,136600.0,11500.0
502165,11432,107,2022-06-30,2025-12-31,144800.0,21300.0
502166,11433,113,2019-07-04,2025-12-31,108100.0,5900.0
502167,11434,113,2025-05-06,2026-05-05,109000.0,6900.0
502168,11434,113,2026-05-06,2025-12-31,114000.0,10800.0
502169,11435,111,2022-07-31,2024-08-18,97200.0,11900.0
502170,11435,111,2024-08-19,2025-12-31,114300.0,8700.0
502171,11436,107,2017-12-17,2025-12-31,127000.0,15500.0
502172,11437,115,2023-12-11,2025-03-05,81800.0,5600.0
502173,11437,115,2025-03-06,2025-12-31,87000.0,10600.0
502174,11438,116,2019-12-16,2023-07-31,55600.0,5500.0
502175,11438,116,2023-08-01,2025-12-31,52000.0,4600.0
502176,11439,103,2023-08-14,2025-12-31,77800.0,6800.0
502177,11440,105,2016-07-28,2022-03-24,76500.0,9900.0
502178,11440,105,2022-03-25,2025-12-31,97100.0,7600.0
502179,11441,108,2021-05-18,2024-02-24,57400.0,5200.0
502180,11441,108,2024-02-25,2025-12-31,62200.0,4900.0
502181,11442,103,2025-05-07,2025-12-31,68300.0,7100.0
502182,11443,109,2024-11-17,2025-12-31,94200.0,9100.0
502183,11444,108,2024-02-10,2025-03-29,59800.0,8400.0
502184,11444,108,2025-03-30,2025-12-31,58700.0,3100.0
502185,11445,108,2025-06-11,2026-06-10,58000.0,8300.0
502186,11445,108,2026-06-11,2025-12-31,53100.0,6600.0
502187,11446,106,2016-06-13,2025-12-31,75400.0,7100.0
502188,11447,108,2017-01-15,2025-12-31,47400.0,3300.0
502189,11448,117,2017-04-10,2022-07-04,105500.0,11300.0
502190,11448,117,2022-07-05,2025-12-31,105600.0,12700.0
502191,11449,106,2021-04-13,2025-12-31,72600.0,4600.0
502192,11450,110,2018-03-17,2022-11-18,56300.0,5100.0
502193,11450,110,2022-11-19,2025-12-31,60300.0,4200.0
502194,11451,101,2017-12-06,2022-10-08,40100.0,3700.0
502195,11451,101,2022-10-09,2025-12-31,45900.0,4800.0
502196,11452,101,2023-03-18,2025-12-31,49700.0,3900.0
502197,11453,109,2023-07-31,2025-12-31,105100.0,6600.0
502198,11454,103,2016-02-19,2025-12-31,70900.0,5500.0
502199,11455,101,2023-11-20,2025-02-24,41700.0,4500.0
502200,11455,101,2025-02-25,2025-12-31,45000.0,3500.0
502201,11456,104,2016-07-15,2025-12-31,108300.0,6100.0
502202,11457,109,2023-01-09,2024-10-21,108000.0,8200.0
502203,11457,109,2024-10-22,2025-12-31,98400.0,6600.0
502204,11458,111,2021-06-28,2024-03-11,95100.0,13900.0
502205,11458,111,2024-03-12,2025-12-31,105500.0,9600.0
502206,11459,107,2025-04-11,2026-04-10,115800.0,5800.0
502207,11459,107,2026-04-11,2025-12-31,157200.0,15600.0
502208,11460,110,2018-02-04,2022-11-01,48000.0,4100.0
502209,11460,110,2022-11-02,2025-12-31,60200.0,5600.0
502210,11461,105,2024-08-17,2025-12-31,87800.0,4700.0
502211,11462,111,2021-07-01,2025-12-31,85400.0,6600.0
502212,11463,105,2022-08-17,2025-12-31,77900.0,7000.0
502213,11464,111,2017-05-20,2025-12-31,96700.0,7800.0
502214,11465,117,2025-08-11,2025-12-31,103300.0,9300.0
502215,11466,115,2018-12-17,2025-12-31,93300.0,13700.0
502216,11467,101,2021-09-18,2025-12-31,39800.0,4800.0
502217,11468,115,2018-09-20,2023-02-01,86400.0,7400.0
502218,11468,115,2023-02-02,2025-12-31,96200.0,8300.0
502219,11469,101,2024-08-01,2025-12-31,40200.0,2300.0
502220,11470,116,2018-04-10,2025-12-31,51600.0,5000.0
502221,11471,105,2020-11-26,2025-12-31,86800.0,10100.0
502222,11472,106,2024-04-26,2025-04-29,83100.0,7400.0
502223,11472,106,2025-04-30,2025-12-31,86500.0,11300.0
502224,11473,103,2018-08-24,2025-12-31,77800.0,10100.0
502225,11474,103,2017-11-07,2025-12-31,70500.0,6400.0
502226,11475,113,2022-06-01,2024-07-25,85100.0,4700.0
502227,11475,113,2024-07-26,2025-12-31,120300.0,9900.0
502228,11476,116,2016-06-06,2025-12-31,54300.0,5800.0
502229,11477,111,2021-11-12,2025-12-31,88400.0,12300.0
502230,11478,112,2024-11-14,2025-12-31,57200.0,7800.0
502231,11479,113,2021-03-08,2024-01-27,87200.0,9200.0
502232,11479,113,2024-01-28,2025-12-31,117100.0,9500.0
502233,11480,106,2017-11-16,2025-12-31,69200.0,10300.0
502234,11481,102,2024-03-01,2025-12-31,86800.0,12900.0
502235,11482,102,2024-02-20,2025-04-02,89200.0,5000.0
502236,11482,102,2025-04-03,2025-12-31,94800.0,6800.0
502237,11483,105,2019-11-16,2023-07-19,94800.0,8800.0
502238,11483,105,2023-07-20,2025-12-31,89000.0,10200.0
502239,11484,107,2016-09-02,2025-12-31,149400.0,15600.0
502240,11485,101,2019-02-01,2025-12-31,43100.0,2900.0
502241,11486,103,2022-07-31,2024-08-18,67400.0,6200.0
502242,11486,103,2024-08-19,2025-12-31,79700.0,7200.0
502243,11487,104,2016-03-28,2025-12-31,125500.0,12800.0
502244,11488,115,2024-11-22,2025-12-31,80700.0,6900.0
502245,11489,103,2019-07-19,2025-12-31,60500.0,5500.0
502246,11490,109,2018-12-23,2023-03-10,101100.0,7000.0
502247,11490,109,2023-03-11,2025-12-31,115600.0,10100.0
502248,11491,110,2022-04-15,2025-12-31,57400.0,7300.0
502249,11492,109,2021-01-20,2025-12-31,86600.0,12400.0
502250,11493,104,2016-10-11,2025-12-31,105100.0,10200.0
502251,11494,105,2019-07-21,2023-06-02,88400.0,5500.0
502252,11494,105,2023-06-03,2025-12-31,97000.0,11400.0
502253,11495,101,2024-10-28,2025-10-27,49800.0,6400.0
502254,11495,101,2025-10-28,2025-12-31,48900.0,6900.0
502255,11496,106,2018-04-21,2025-12-31,83500.0,5500.0
502256,11497,107,2018-03-03,2022-11-12,145300.0,16100.0
502257,11497,107,2022-11-13,2025-12-31,147500.0,21500.0
502258,11498,108,2020-01-22,2023-08-15,46200.0,6400.0
502259,11498,108,2023-08-16,2025-12-31,51200.0,4300.0
502260,11499,110,2021-05-25,2025-12-31,53400.0,6100.0
502261,11500,108,2019-01-25,2025-12-31,50400.0,5200.0
502262,11501,109,2025-12-05,2025-12-31,90500.0,11700.0
502263,11502,106,2019-07-03,2023-05-26,70500.0,4900.0
502264,11502,106,2023-05-27,2025-12-31,85300.0,12000.0
502265,11503,115,2021-10-03,2024-04-19,73700.0,5100.0
502266,11503,115,2024-04-20,2025-12-31,92000.0,6200.0
502267,11504,106,2021-12-12,2024-05-17,84000.0,10800.0
502268,11504,106,2024-05-18,2025-12-31,95500.0,12800.0
502269,11505,112,2019-05-27,2023-05-11,58500.0,6300.0
502270,11505,112,2023-05-12,2025-12-31,53000.0,4800.0
502271,11506,112,2020-11-02,2023-12-07,49100.0,2700.0
502272,11506,112,2023-12-08,2025-12-31,68000.0,9100.0
502273,11507,107,2019-02-19,2023-04-02,123700.0,7100.0
502274,11507,107,2023-04-03,2025-12-31,143100.0,15700.0
502275,11508,106,2017-03-23,2025-12-31,70100.0,6400.0
502276,11509,109,2025-01-02,2025-12-31,85800.0,7700.0
502277,11510,104,2016-12-17,2022-05-20,100500.0,13500.0
502278,11510,104,2022-05-21,2025-12-31,128800.0,11700.0
502279,11511,102,2021-07-09,2024-03-16,97900.0,5800.0
502280,11511,102,2024-03-17,2025-12-31,89900.0,12600.0
502281,11512,103,2022-03-18,2025-12-31,73900.0,8300.0
502282,11513,105,2024-10-23,2025-10-22,94500.0,9400.0
502283,11513,105,2025-10-23,2025-12-31,87900.0,7600.0
502284,11514,108,2025-11-04,2026-11-03,49600.0,3400.0
502285,11514,108,2026-11-04,2025-12-31,52700.0,2800.0
502286,11515,115,2016-04-08,2022-02-08,74000.0,4000.0
502287,11515,115,2022-02-09,2025-12-31,82200.0,5800.0
502288,11516,106,2025-02-24,2026-02-23,81300.0,6700.0
502289,11516,106,2026-02-24,2025-12-31,79200.0,11400.0
502290,11517,115,2019-05-05,2025-12-31,88000.0,10500.0
502291,11518,117,2016-06-09,2022-03-04,96900.0,10700.0
502292,11518,117,2022-03-05,2025-12-31,100800.0,11800.0
502293,11519,117,2023-06-06,2025-12-31,92000.0,4700.0
502294,11520,113,2020-03-14,2023-09-05,87600.0,5700.0
502295,11520,113,2023-09-06,2025-12-31,103500.0,7300.0
502296,11521,107,2025-01-04,2025-12-31,137800.0,14000.0
502297,11522,102,2021-03-19,2024-01-31,80700.0,10400.0
502298,11522,102,2024-02-01,2025-12-31,96200.0,5200.0
502299,11523,109,2022-02-07,2025-12-31,90400.0,8000.0
502300,11524,109,2021-01-25,2025-12-31,83200.0,10200.0
502301,11525,114,2016-03-26,2025-12-31,37500.0,5100.0
502302,11526,116,2020-01-25,2023-08-16,58300.0,4700.0
502303,11526,116,2023-08-17,2025-12-31,65700.0,7500.0
502304,11527,109,2016-11-24,2025-12-31,103100.0,9700.0
502305,11528,107,2021-09-30,2024-04-18,124200.0,10300.0
502306,11528,107,2024-04-19,2025-12-31,150300.0,20100.0
502307,11529,107,2020-05-07,2023-09-27,129100.0,16700.0
502308,11529,107,2023-09-28,2025-12-31,137700.0,16400.0
502309,11530,101,2020-04-03,2023-09-13,40000.0,4600.0
502310,11530,101,2023-09-14,2025-12-31,43600.0,2900.0
502311,11531,109,2016-12-07,2025-12-31,93800.0,10000.0
502312,11532,108,2017-06-12,2025-12-31,54800.0,6000.0
502313,11533,112,2024-03-28,2025-04-17,57000.0,2900.0
502314,11533,112,2025-04-18,2025-12-31,61600.0,3500.0
502315,11534,108,2019-05-16,2023-05-07,53900.0,6300.0
502316,11534,108,2023-05-08,2025-12-31,56500.0,5200.0
502317,11535,115,2025-07-18,2026-07-17,88300.0,4600.0
502318,11535,115,2026-07-18,2025-12-31,89700.0,4600.0
502319,11536,110,2020-03-24,2023-09-09,51100.0,3000.0
502320,11536,110,2023-09-10,2025-12-31,55700.0,7900.0
502321,11537,115,2020-08-17,2025-12-31,88800.0,9600.0
502322,11538,103,2019-06-22,2025-12-31,62500.0,5900.0
502323,11539,115,2023-02-08,2025-12-31,90800.0,7300.0
502324,11540,111,2023-01-11,2024-10-22,105000.0,5500.0
502325,11540,111,2024-10-23,2025-12-31,93200.0,8600.0
502326,11541,104,2016-09-25,2022-04-17,121100.0,11500.0
502327,11541,104,2022-04-18,2025-12-31,124000.0,8700.0
502328,11542,106,2022-06-20,2025-12-31,76300.0,4600.0
502329,11543,114,2024-04-01,2025-12-31,37700.0,4400.0
502330,11544,101,2021-09-07,2025-12-31,40700.0,3000.0
502331,11545,108,2018-03-22,2022-11-20,50100.0,6300.0
502332,11545,108,2022-11-21,2025-12-31,55800.0,8300.0
502333,11546,106,2024-05-28,2025-12-31,87800.0,4900.0
502334,11547,111,2024-02-02,2025-03-26,85100.0,10000.0
502335,11547,111,2025-03-27,2025-12-31,89400.0,11700.0
502336,11548,113,2020-01-27,2025-12-31,99200.0,10300.0
502337,11549,107,2018-01-31,2025-12-31,121900.0,9500.0
502338,11550,109,2023-06-08,2024-12-20,99900.0,7700.0
502339,11550,109,2024-12-21,2025-12-31,113400.0,14900.0
502340,11551,117,2016-03-08,2022-01-26,96900.0,8200.0
502341,11551,117,2022-01-27,2025-12-31,96400.0,12600.0
502342,11552,113,2021-09-19,2025-12-31,99200.0,14000.0
502343,11553,115,2016-10-15,2025-12-31,84100.0,8200.0
502344,11554,108,2016-08-17,2022-04-01,47200.0,4400.0
502345,11554,108,2022-04-02,2025-12-31,59200.0,6000.0
502346,11555,106,2021-03-17,2025-12-31,73000.0,6200.0
502347,11556,106,2025-10-22,2026-10-21,72900.0,10300.0
502348,11556,106,2026-10-22,2025-12-31,91600.0,5400.0
502349,11557,113,2016-04-19,2025-12-31,98800.0,10100.0
502350,11558,104,2020-02-14,2025-12-31,114800.0,16000.0
502351,11559,105,2021-12-22,2025-12-31,75900.0,3900.0
502352,11560,102,2023-01-26,2024-10-28,96500.0,12800.0
502353,11560,102,2024-10-29,2025-12-31,106600.0,10100.0
502354,11561,108,2016-04-23,2025-12-31,56100.0,4600.0
502355,11562,112,2018-09-19,2023-01-31,56900.0,6700.0
502356,11562,112,2023-02-01,2025-12-31,61700.0,4400.0
502357,11563,102,2023-07-20,2025-01-06,95100.0,13900.0
502358,11563,102,2025-01-07,2025-12-31,110800.0,11300.0
502359,11564,111,2016-09-06,2025-12-31,81700.0,11100.0
502360,11565,114,2018-09-30,2023-02-05,45600.0,2300.0
502361,11565,114,2023-02-06,2025-12-31,51200.0,5600.0
502362,11566,106,2024-06-28,2025-06-27,76300.0,5300.0
502363,11566,106,2025-06-28,2025-12-31,85700.0,7100.0
502364,11567,111,2017-09-26,2025-12-31,101000.0,15000.0
502365,11568,116,2020-08-02,2023-10-31,47500.0,4300.0
502366,11568,116,2023-11-01,2025-12-31,52800.0,7000.0
502367,11569,116,2016-11-05,2025-12-31,54700.0,3600.0
502368,11570,105,2019-01-25,2025-12-31,95400.0,9400.0
502369,11571,103,2020-12-31,2025-12-31,60400.0,3200.0
502370,11572,103,2021-08-25,2025-12-31,72500.0,5000.0
502371,11573,110,2017-06-02,2022-07-26,51000.0,6100.0
502372,11573,110,2022-07-27,2025-12-31,61000.0,3600.0
502373,11574,113,2025-09-11,2025-12-31,96900.0,10600.0
502374,11575,111,2018-01-23,2025-12-31,92100.0,6500.0
502375,11576,106,2017-11-11,2022-09-28,73000.0,4000.0
502376,11576,106,2022-09-29,2025-12-31,84500.0,4400.0
502377,11577,104,2019-12-30,2025-12-31,98700.0,9300.0
502378,11578,109,2016-05-26,2025-12-31,83000.0,7200.0
502379,11579,109,2018-08-04,2025-12-31,86800.0,9200.0
502380,11580,113,2019-07-29,2023-06-05,90400.0,12600.0
502381,11580,113,2023-06-06,2025-12-31,98900.0,8700.0
502382,11581,109,2023-09-06,2025-01-25,90000.0,7100.0
502383,11581,109,2025-01-26,2025-12-31,100100.0,11400.0
502384,11582,107,2024-05-28,2025-12-31,132900.0,14800.0
502385,11583,107,2024-02-21,2025-12-31,150000.0,14300.0
502386,11584,106,2024-05-03,2025-12-31,79300.0,10200.0
502387,11585,107,2017-06-30,2025-12-31,145900.0,13800.0
502388,11586,103,2019-11-08,2025-12-31,68300.0,9300.0
502389,11587,107,2025-01-14,2025-12-31,123500.0,12000.0
502390,11588,102,2018-10-09,2023-02-08,81600.0,11700.0
502391,11588,102,2023-02-09,2025-12-31,100300.0,9000.0
502392,11589,107,2018-10-03,2025-12-31,134600.0,10600.0
502393,11590,112,2024-02-27,2025-04-05,56400.0,3900.0
502394,11590,112,2025-04-06,2025-12-31,54900.0,4500.0
502395,11591,107,2021-10-29,2025-12-31,116300.0,15500.0
502396,11592,111,2021-09-27,2025-12-31,82000.0,9000.0
502397,11593,112,2020-04-22,2023-09-21,60100.0,8500.0
502398,11593,112,2023-09-22,2025-12-31,57200.0,7300.0
502399,11594,109,2023-09-04,2025-01-25,90300.0,6300.0
502400,11594,109,2025-01-26,2025-12-31,109900.0,8400.0
502401,11595,116,2016-10-16,2022-04-25,57400.0,7400.0
502402,11595,116,2022-04-26,2025-12-31,63800.0,4200.0
502403,11596,101,2021-01-19,2025-12-31,49400.0,2700.0
502404,11597,113,2020-12-14,2025-12-31,91000.0,10600.0
502405,11598,116,2021-09-13,2025-12-31,59000.0,6000.0
502406,11599,114,2019-12-13,2025-12-31,37300.0,3400.0
502407,11600,103,2022-02-07,2024-06-09,69600.0,6800.0
502408,11600,103,2024-06-10,2025-12-31,85200.0,4900.0
502409,11601,106,2016-04-13,2022-02-10,89300.0,8400.0
502410,11601,106,2022-02-11,2025-12-31,89100.0,5200.0
502411,11602,104,2025-10-29,2026-10-28,97800.0,6200.0
502412,11602,104,2026-10-29,2025-12-31,126700.0,16000.0
502413,11603,111,2016-04-13,2025-12-31,87200.0,7300.0
502414,11604,112,2016-10-12,2025-12-31,49100.0,6400.0
502415,11605,107,2023-09-03,2025-01-24,148800.0,9200.0
502416,11605,107,2025-01-25,2025-12-31,131600.0,11200.0
502417,11606,108,2025-09-27,2026-09-26,55800.0,8100.0
502418,11606,108,2026-09-27,2025-12-31,52000.0,3900.0
502419,11607,110,2021-07-27,2024-03-23,51000.0,4900.0
502420,11607,110,2024-03-24,2025-12-31,59300.0,7300.0
502421,11608,108,2017-10-21,2025-12-31,54300.0,7300.0
502422,11609,114,2017-08-08,2022-08-21,36900.0,2600.0
502423,11609,114,2022-08-22,2025-12-31,40900.0,3700.0
502424,11610,112,2019-04-20,2023-04-26,49300.0,6200.0
502425,11610,112,2023-04-27,2025-12-31,61500.0,4500.0
502426,11611,101,2018-09-16,2025-12-31,46500.0,3200.0
502427,11612,110,2022-11-04,2025-12-31,46500.0,5900.0
502428,11613,105,2019-12-28,2025-12-31,89900.0,10500.0
502429,11614,109,2023-10-21,2025-12-31,89600.0,7000.0
502430,11615,117,2019-10-09,2025-12-31,105000.0,11700.0
502431,11616,115,2017-02-27,2025-12-31,76600.0,10200.0
502432,11617,107,2024-06-16,2025-12-31,129900.0,19000.0
502433,11618,105,2022-06-14,2024-07-30,94900.0,13300.0
502434,11618,105,2024-07-31,2025-12-31,82600.0,8400.0
502435,11619,106,2018-08-07,2025-12-31,70200.0,3800.0
502436,11620,109,2020-03-05,2023-09-01,96000.0,9300.0
502437,11620,109,2023-09-02,2025-12-31,117100.0,9900.0
502438,11621,104,2023-11-02,2025-12-31,96800.0,11300.0
502439,11622,108,2020-03-29,2025-12-31,51000.0,4200.0
502440,11623,101,2021-12-30,2025-12-31,42500.0,3800.0
502441,11624,105,2016-08-16,2022-04-01,81300.0,9600.0
502442,11624,105,2022-04-02,2025-12-31,103700.0,11200.0
502443,11625,105,2022-03-16,2024-06-24,79500.0,11500.0
502444,11625,105,2024-06-25,2025-12-31,103400.0,6400.0
502445,11626,116,2024-09-11,2025-12-31,59500.0,4900.0
502446,11627,112,2022-02-13,2025-12-31,56000.0,4700.0
502447,11628,105,2017-02-12,2022-06-12,81800.0,11700.0
502448,11628,105,2022-06-13,2025-12-31,100900.0,8400.0
502449,11629,103,2018-08-23,2025-12-31,67200.0,6500.0
502450,11630,108,2016-04-12,2025-12-31,53600.0,3700.0
502451,11631,106,2016-10-01,2022-04-19,80900.0,9600.0
502452,11631,106,2022-04-20,2025-12-31,87600.0,9800.0
502453,11632,108,2020-03-11,2025-12-31,53600.0,7900.0
502454,11633,113,2019-03-10,2023-04-10,108300.0,8100.0
502455,11633,113,2023-04-11,2025-12-31,108200.0,10300.0
502456,11634,111,2019-10-13,2023-07-06,104700.0,8100.0
502457,11634,111,2023-07-07,2025-12-31,107300.0,14000.0
502458,11635,110,2023-03-18,2024-11-18,57200.0,6000.0
502459,11635,110,2024-11-19,2025-12-31,62100.0,7200.0
502460,11636,108,2017-12-22,2025-12-31,50800.0,6500.0
502461,11637,115,2020-05-19,2023-10-01,83900.0,4500.0
502462,11637,115,2023-10-02,2025-12-31,86300.0,5100.0
502463,11638,114,2022-03-16,2025-12-31,43800.0,5100.0
502464,11639,109,2024-11-15,2025-12-31,101300.0,6300.0
502465,11640,107,2022-10-23,2025-12-31,149200.0,10700.0
502466,11641,109,2023-06-12,2025-12-31,97000.0,8600.0
502467,11642,105,2020-05-27,2025-12-31,81600.0,4800.0
502468,11643,111,2024-01-06,2025-12-31,98900.0,8300.0
502469,11644,109,2021-02-06,2024-01-15,106200.0,8200.0
502470,11644,109,2024-01-16,2025-12-31,106000.0,7600.0
502471,11645,104,2024-04-21,2025-12-31,119200.0,12700.0
502472,11646,106,2022-07-24,2025-12-31,88200.0,12900.0
502473,11647,108,2022-04-05,2025-12-31,57900.0,5200.0
502474,11648,115,2019-06-07,2023-05-16,89400.0,11300.0
502475,11648,115,2023-05-17,2025-12-31,100600.0,6400.0
502476,11649,108,2018-02-05,2025-12-31,55100.0,7200.0
502477,11650,111,2017-05-05,2022-07-14,101300.0,8400.0
502478,11650,111,2022-07-15,2025-12-31,107700.0,12000.0
502479,11651,105,2016-06-06,2022-03-03,90300.0,13200.0
502480,11651,105,2022-03-04,2025-12-31,88900.0,11100.0
502481,11652,109,2020-05-15,2023-09-30,104100.0,9800.0
502482,11652,109,2023-10-01,2025-12-31,103500.0,13200.0
502483,11653,108,2024-08-30,2025-08-29,49700.0,7400.0
502484,11653,108,2025-08-30,2025-12-31,60200.0,6900.0
502485,11654,111,2021-03-17,2025-12-31,102700.0,7000.0
502486,11655,102,2016-02-10,2022-01-15,87400.0,9300.0
502487,11655,102,2022-01-16,2025-12-31,93500.0,11100.0
502488,11656,108,2023-04-03,2024-11-24,57100.0,7000.0
502489,11656,108,2024-11-25,2025-12-31,53900.0,4300.0
502490,11657,107,2020-06-21,2025-12-31,142100.0,18700.0
502491,11658,105,2019-01-28,2023-03-25,95300.0,11600.0
502492,11658,105,2023-03-26,2025-12-31,82600.0,8100.0
502493,11659,116,2021-05-09,2025-12-31,48400.0,6800.0
502494,11660,107,2024-10-21,2025-12-31,117900.0,16700.0
502495,11661,105,2023-12-25,2025-03-10,83700.0,10700.0
502496,11661,105,2025-03-11,2025-12-31,96800.0,9100.0
502497,11662,109,2016-03-20,2022-01-31,95800.0,10300.0
502498,11662,109,2022-02-01,2025-12-31,108600.0,12000.0
502499,11663,115,2016-05-16,2025-12-31,82200.0,8700.0
502500,11664,107,2021-08-08,2024-03-28,120500.0,13300.0
502501,11664,107,2024-03-29,2025-12-31,128300.0,7300.0
502502,11665,113,2017-11-16,2022-09-30,89600.0,7800.0
502503,11665,113,2022-10-01,2025-12-31,103600.0,6400.0
502504,11666,115,2024-10-20,2025-10-19,71900.0,6100.0
502505,11666,115,2025-10-20,2025-12-31,98100.0,7500.0
502506,11667,105,2023-01-16,2025-12-31,75800.0,3900.0
502507,11668,105,2022-11-10,2024-09-27,83900.0,5800.0
502508,11668,105,2024-09-28,2025-12-31,88000.0,4700.0
502509,11669,105,2020-04-26,2025-12-31,80300.0,5800.0
502510,11670,113,2022-10-25,2025-12-31,85700.0,6700.0
502511,11671,101,2018-02-07,2022-11-03,41700.0,2100.0
502512,11671,101,2022-11-04,2025-12-31,54600.0,7400.0
502513,11672,107,2023-05-06,2024-12-07,130600.0,13400.0
502514,11672,107,2024-12-08,2025-12-31,144900.0,18500.0
502515,11673,111,2017-07-18,2022-08-13,85600.0,5300.0
502516,11673,111,2022-08-14,2025-12-31,113900.0,6200.0
502517,11674,109,2025-01-24,2025-12-31,100200.0,9100.0
502518,11675,109,2023-02-28,2024-11-10,90600.0,9300.0
502519,11675,109,2024-11-11,2025-12-31,109300.0,13000.0
502520,11676,109,2021-11-27,2024-05-11,92200.0,11700.0
502521,11676,109,2024-05-12,2025-12-31,116700.0,16500.0
502522,11677,106,2021-04-30,2025-12-31,70700.0,4100.0
502523,11678,109,2020-05-02,2023-09-25,101300.0,10100.0
502524,11678,109,2023-09-26,2025-12-31,108500.0,14600.0
502525,11679,109,2021-01-18,2024-01-07,106100.0,8800.0
502526,11679,109,2024-01-08,2025-12-31,92400.0,12300.0
502527,11680,115,2016-10-29,2025-12-31,88500.0,11500.0
502528,11681,105,2020-11-30,2025-12-31,85300.0,10100.0
502529,11682,115,2020-12-10,2023-12-22,77200.0,8600.0
502530,11682,115,2023-12-23,2025-12-31,96600.0,8700.0
502531,11683,110,2024-06-19,2025-06-18,57000.0,5800.0
502532,11683,110,2025-06-19,2025-12-31,63200.0,8600.0
502533,11684,102,2020-02-29,2025-12-31,78400.0,6200.0
502534,11685,113,2025-10-27,2026-10-26,101500.0,9100.0
502535,11685,113,2026-10-27,2025-12-31,116600.0,13600.0
502536,11686,101,2017-06-03,2022-07-26,47900.0,3800.0
502537,11686,101,2022-07-27,2025-12-31,43300.0,2900.0
502538,11687,117,2020-08-09,2023-11-03,103800.0,11700.0
502539,11687,117,2023-11-04,2025-12-31,106900.0,12400.0
502540,11688,114,2019-11-02,2025-12-31,43100.0,5800.0
502541,11689,105,2021-03-08,2024-01-27,91600.0,11800.0
502542,11689,105,2024-01-28,2025-12-31,85900.0,8200.0
502543,11690,107,2016-05-01,2025-12-31,144100.0,7600.0
502544,11691,106,2021-02-16,2024-01-19,77900.0,4300.0
502545,11691,106,2024-01-20,2025-12-31,81900.0,6200.0
502546,11692,105,2022-05-15,2024-07-18,82500.0,10800.0
502547,11692,105,2024-07-19,2025-12-31,87000.0,9400.0
502548,11693,105,2020-01-02,2025-12-31,91900.0,8200.0
502549,11694,106,2016-01-09,2022-01-03,87700.0,11700.0
502550,11694,106,2022-01-04,2025-12-31,90300.0,5400.0
502551,11695,111,2019-12-22,2023-08-03,85500.0,6000.0
502552,11695,111,2023-08-04,2025-12-31,92700.0,7100.0
502553,11696,103,2024-12-01,2025-11-30,73500.0,8900.0
502554,11696,103,2025-12-01,2025-12-31,67900.0,10000.0
502555,11697,115,2020-05-22,2025-12-31,75300.0,4700.0
502556,11698,112,2024-04-26,2025-04-29,58500.0,4300.0
502557,11698,112,2025-04-30,2025-12-31,53800.0,5000.0
502558,11699,108,2017-06-08,2025-12-31,50300.0,4900.0
502559,11700,114,2018-09-24,2023-02-02,41600.0,3600.0
502560,11700,114,2023-02-03,2025-12-31,45800.0,4400.0
502561,11701,106,2020-06-10,2023-10-10,71000.0,5400.0
502562,11701,106,2023-10-11,2025-12-31,78600.0,5900.0
502563,11702,102,2017-08-16,2022-08-25,86500.0,6200.0
502564,11702,102,2022-08-26,2025-12-31,109400.0,14900.0
502565,11703,110,2017-04-25,2022-07-10,50600.0,7400.0
502566,11703,110,2022-07-11,2025-12-31,56300.0,7600.0
502567,11704,108,2021-08-25,2025-12-31,59200.0,4800.0
502568,11705,108,2020-12-10,2023-12-22,47500.0,5100.0
502569,11705,108,2023-12-23,2025-12-31,58800.0,4700.0
502570,11706,115,2021-07-22,2024-03-21,87300.0,7300.0
502571,11706,115,2024-03-22,2025-12-31,93400.0,11300.0
502572,11707,116,2023-12-16,2025-03-07,48700.0,6600.0
502573,11707,116,2025-03-08,2025-12-31,52000.0,6900.0
502574,11708,111,2021-12-11,2025-12-31,95000.0,10700.0
502575,11709,112,2016-10-13,2022-04-24,60100.0,4600.0
502576,11709,112,2022-04-25,2025-12-31,61600.0,3100.0
502577,11710,103,2023-08-20,2025-12-31,77100.0,9300.0
502578,11711,103,2018-02-05,2022-11-02,63100.0,6300.0
502579,11711,103,2022-11-03,2025-12-31,81600.0,9000.0
502580,11712,112,2023-09-18,2025-12-31,60200.0,4900.0
502581,11713,109,2023-08-05,2025-12-31,93900.0,4700.0
502582,11714,109,2016-12-23,2025-12-31,104900.0,10300.0
502583,11715,106,2023-03-26,2024-11-21,85900.0,11900.0
502584,11715,106,2024-11-22,2025-12-31,98400.0,8300.0
502585,11716,111,2024-08-27,2025-12-31,101200.0,10400.0
502586,11717,105,2019-10-29,2023-07-12,86400.0,7400.0
502587,11717,105,2023-07-13,2025-12-31,85700.0,4900.0
502588,11718,111,2017-06-08,2025-12-31,90300.0,12500.0
502589,11719,104,2025-10-11,2026-10-10,105700.0,15500.0
502590,11719,104,2026-10-11,2025-12-31,124300.0,10500.0
502591,11720,102,2023-05-06,2025-12-31,95900.0,10300.0
502592,11721,106,2018-11-08,2025-12-31,71000.0,6400.0
502593,11722,107,2023-02-26,2025-12-31,128500.0,18300.0
502594,11723,114,2022-11-05,2024-09-25,40600.0,3800.0
502595,11723,114,2024-09-26,2025-12-31,48900.0,3400.0
502596,11724,101,2016-10-06,2022-04-21,50100.0,7000.0
502597,11724,101,2022-04-22,2025-12-31,46400.0,4600.0
502598,11725,104,2017-08-07,2022-08-21,122200.0,13400.0
502599,11725,104,2022-08-22,2025-12-31,133000.0,18800.0
502600,11726,108,2018-12-14,2025-12-31,50000.0,5000.0
502601,11727,108,2021-03-22,2025-12-31,54200.0,7600.0
502602,11728,102,2017-06-29,2025-12-31,87100.0,8300.0
502603,11729,102,2022-11-25,2025-12-31,80800.0,7800.0
502604,11730,117,2020-09-23,2023-11-21,104200.0,15000.0
502605,11730,117,2023-11-22,2025-12-31,95000.0,11100.0
502606,11731,110,2024-08-15,2025-12-31,54400.0,6500.0
502607,11732,105,2020-06-18,2023-10-13,80100.0,5300.0
502608,11732,105,2023-10-14,2025-12-31,103700.0,10600.0
502609,11733,108,2025-06-14,2025-12-31,52300.0,5500.0
502610,11734,105,2023-02-25,2025-12-31,91500.0,6700.0
502611,11735,107,2016-01-07,2022-01-02,118400.0,15500.0
502612,11735,107,2022-01-03,2025-12-31,157100.0,9100.0
502613,11736,110,2017-11-07,2022-09-27,50200.0,5200.0
502614,11736,110,2022-09-28,2025-12-31,56300.0,8300.0
502615,11737,115,2021-03-22,2025-12-31,74200.0,5900.0
502616,11738,107,2023-10-19,2025-02-12,126000.0,16200.0
502617,11738,107,2025-02-13,2025-12-31,140400.0,13900.0
502618,11739,114,2023-05-10,2025-12-31,39800.0,3300.0
502619,11740,103,2022-10-04,2025-12-31,75600.0,4100.0
502620,11741,107,2024-10-27,2025-12-31,137200.0,17000.0
502621,11742,101,2024-10-15,2025-12-31,49000.0,2800.0
502622,11743,104,2016-01-07,2022-01-02,119600.0,16100.0
502623,11743,104,2022-01-03,2025-12-31,114800.0,12500.0
502624,11744,114,2022-09-12,2024-09-04,46300.0,5700.0
502625,11744,114,2024-09-05,2025-12-31,43200.0,4900.0
502626,11745,108,2024-10-14,2025-12-31,49600.0,6900.0
502627,11746,101,2016-06-18,2022-03-08,44100.0,4800.0
502628,11746,101,2022-03-09,2025-12-31,53200.0,3500.0
502629,11747,116,2023-07-04,2025-12-31,46100.0,6100.0
502630,11748,115,2017-07-31,2022-08-18,87500.0,9600.0
502631,11748,115,2022-08-19,2025-12-31,80100.0,5500.0
502632,11749,112,2016-03-09,2022-01-27,60800.0,6000.0
502633,11749,112,2022-01-28,2025-12-31,67300.0,3700.0
502634,11750,114,2025-05-03,2026-05-02,47400.0,5800.0
502635,11750,114,2026-05-03,2025-12-31,50100.0,7100.0
502636,11751,107,2016-12-19,2025-12-31,118400.0,7800.0
502637,11752,112,2021-06-23,2024-03-09,59800.0,5100.0
502638,11752,112,2024-03-10,2025-12-31,62100.0,8400.0
502639,11753,111,2022-06-04,2025-12-31,82600.0,7800.0
502640,11754,115,2018-01-07,2022-10-21,82200.0,5900.0
502641,11754,115,2022-10-22,2025-12-31,79000.0,10400.0
502642,11755,113,2025-09-14,2025-12-31,109500.0,8800.0
502643,11756,107,2018-02-16,2025-12-31,138800.0,18000.0
502644,11757,113,2017-04-04,2025-12-31,109900.0,7200.0
502645,11758,106,2019-07-09,2025-12-31,84400.0,6600.0
502646,11759,105,2024-10-12,2025-10-11,77600.0,11000.0
502647,11759,105,2025-10-12,2025-12-31,102600.0,11400.0
502648,11760,104,2018-01-14,2025-12-31,103400.0,13300.0
502649,11761,115,2022-05-08,2024-07-15,81900.0,11100.0
502650,11761,115,2024-07-16,2025-12-31,93800.0,10600.0
502651,11762,106,2025-08-06,2026-08-05,75000.0,8800.0
502652,11762,106,2026-08-06,2025-12-31,77000.0,6400.0
502653,11763,108,2022-12-07,2024-10-08,53000.0,4600.0
502654,11763,108,2024-10-09,2025-12-31,57600.0,6000.0
502655,11764,105,2022-05-17,2024-07-19,77600.0,10300.0
502656,11764,105,2024-07-20,2025-12-31,92300.0,7900.0
502657,11765,117,2021-11-09,2024-05-04,87200.0,6500.0
502658,11765,117,2024-05-05,2025-12-31,105400.0,9100.0
502659,11766,107,2019-06-17,2023-05-20,120200.0,7900.0
502660,11766,107,2023-05-21,2025-12-31,141300.0,12400.0
502661,11767,112,2022-02-09,2025-12-31,48300.0,7200.0
502662,11768,115,2024-09-25,2025-12-31,83600.0,10200.0
502663,11769,108,2025-02-23,2025-12-31,49500.0,4000.0
502664,11770,106,2025-05-18,2026-05-17,80800.0,5300.0
502665,11770,106,2026-05-18,2025-12-31,97400.0,9100.0
502666,11771,112,2017-09-11,2025-12-31,50800.0,6100.0
502667,11772,115,2016-07-01,2025-12-31,80500.0,11300.0
502668,11773,113,2022-09-08,2024-09-02,89800.0,13300.0
502669,11773,113,2024-09-03,2025-12-31,105600.0,7500.0
502670,11774,105,2025-09-24,2026-09-23,87300.0,8800.0
502671,11774,105,2026-09-24,2025-12-31,96600.0,11200.0
502672,11775,115,2019-01-22,2023-03-22,78600.0,9800.0
502673,11775,115,2023-03-23,2025-12-31,94600.0,5600.0
502674,11776,107,2016-10-07,2022-04-21,147600.0,20100.0
502675,11776,107,2022-04-22,2025-12-31,152300.0,8700.0
502676,11777,108,2022-06-27,2025-12-31,46200.0,5400.0
502677,11778,113,2017-03-24,2025-12-31,97400.0,4900.0
502678,11779,105,2021-11-15,2025-12-31,92000.0,10000.0
502679,11780,113,2021-04-23,2025-12-31,87000.0,10600.0
502680,11781,110,2024-03-29,2025-12-31,48600.0,5800.0
502681,11782,114,2017-05-31,2025-12-31,43500.0,3000.0
502682,11783,103,2020-09-17,2023-11-19,77800.0,7300.0
502683,11783,103,2023-11-20,2025-12-31,67000.0,9400.0
502684,11784,108,2019-10-15,2023-07-07,51600.0,4000.0
502685,11784,108,2023-07-08,2025-12-31,65400.0,5700.0
502686,11785,113,2017-02-13,2025-12-31,100100.0,5400.0
502687,11786,102,2023-12-24,2025-03-10,87500.0,13000.0
502688,11786,102,2025-03-11,2025-12-31,107300.0,14600.0
502689,11787,103,2021-07-23,2024-03-21,65800.0,6700.0
502690,11787,103,2024-03-22,2025-12-31,78400.0,9600.0
502691,11788,117,2023-08-10,2025-12-31,104800.0,5500.0
502692,11789,106,2017-01-10,2025-12-31,81800.0,8400.0
502693,11790,117,2018-04-10,2025-12-31,105000.0,11000.0
502694,11791,106,2020-08-10,2023-11-04,78200.0,11100.0
502695,11791,106,2023-11-05,2025-12-31,94700.0,6700.0
502696,11792,106,2016-01-06,2025-12-31,74400.0,6300.0
502697,11793,113,2020-09-21,2023-11-20,96000.0,5100.0
502698,11793,113,2023-11-21,2025-12-31,115000.0,15500.0
502699,11794,110,2024-10-19,2025-12-31,46500.0,3500.0
502700,11795,109,2024-06-20,2025-06-19,87100.0,12000.0
502701,11795,109,2025-06-20,2025-12-31,104400.0,6400.0
502702,11796,108,2023-11-28,2025-02-28,59300.0,6000.0
502703,11796,108,2025-03-01,2025-12-31,58500.0,6000.0
502704,11797,114,2017-05-07,2022-07-15,47700.0,2800.0
502705,11797,114,2022-07-16,2025-12-31,49100.0,2700.0
502706,11798,107,2025-02-22,2026-02-21,146500.0,18600.0
502707,11798,107,2026-02-22,2025-12-31,139400.0,14700.0
502708,11799,109,2025-10-02,2026-10-01,106900.0,12900.0
502709,11799,109,2026-10-02,2025-12-31,101500.0,8300.0
502710,11800,104,2019-02-19,2023-04-02,119700.0,11200.0
502711,11800,104,2023-04-03,2025-12-31,116900.0,16400.0
502712,11801,110,2025-11-04,2026-11-03,47700.0,4000.0
502713,11801,110,2026-11-04,2025-12-31,52400.0,5700.0
502714,11802,105,2017-08-25,2025-12-31,74800.0,4800.0
502715,11803,106,2022-05-21,2024-07-20,70500.0,4400.0
502716,11803,106,2024-07-21,2025-12-31,81400.0,6900.0
502717,11804,109,2017-09-12,2025-12-31,88300.0,10300.0
502718,11805,102,2018-07-09,2023-01-02,93900.0,12200.0
502719,11805,102,2023-01-03,2025-12-31,101900.0,7100.0
502720,11806,103,2020-02-07,2023-08-22,74500.0,6900.0
502721,11806,103,2023-08-23,2025-12-31,70900.0,10200.0
502722,11807,110,2021-03-19,2025-12-31,55000.0,2900.0
502723,11808,109,2023-01-13,2024-10-23,94400.0,10300.0
502724,11808,109,2024-10-24,2025-12-31,96300.0,9600.0
502725,11809,115,2022-08-07,2025-12-31,79300.0,9400.0
502726,11810,110,2021-09-14,2024-04-12,50500.0,3200.0
502727,11810,110,2024-04-13,2025-12-31,58200.0,4200.0
502728,11811,102,2020-08-13,2025-12-31,91400.0,9700.0
502729,11812,111,2025-06-27,2025-12-31,85100.0,8800.0
502730,11813,103,2016-07-23,2022-03-22,77400.0,10000.0
502731,11813,103,2022-03-23,2025-12-31,80900.0,5700.0
502732,11814,112,2021-04-22,2024-02-14,48300.0,5500.0
502733,11814,112,2024-02-15,2025-12-31,58600.0,4800.0
502734,11815,116,2021-05-12,2025-12-31,57600.0,3600.0
502735,11816,108,2017-03-14,2025-12-31,46500.0,2800.0
502736,11817,111,2016-12-08,2025-12-31,93100.0,13400.0
502737,11818,105,2018-08-04,2023-01-13,94300.0,7000.0
502738,11818,105,2023-01-14,2025-12-31,96100.0,14400.0
502739,11819,109,2020-06-20,2023-10-14,82800.0,4700.0
502740,11819,109,2023-10-15,2025-12-31,114900.0,11400.0
502741,11820,115,2020-01-24,2025-12-31,89200.0,11700.0
502742,11821,104,2019-06-18,2023-05-20,121800.0,11800.0
502743,11821,104,2023-05-21,2025-12-31,128100.0,6800.0
502744,11822,105,2018-03-04,2022-11-13,92700.0,7500.0
502745,11822,105,2022-11-14,2025-12-31,89200.0,10400.0
502746,11823,108,2024-11-21,2025-12-31,47200.0,6000.0
502747,11824,113,2024-10-05,2025-12-31,106700.0,11000.0
502748,11825,106,2016-05-10,2022-02-20,76800.0,3900.0
502749,11825,106,2022-02-21,2025-12-31,76800.0,4800.0
502750,11826,114,2025-02-14,2025-12-31,46700.0,4700.0
502751,11827,104,2018-10-18,2023-02-12,100900.0,7600.0
502752,11827,104,2023-02-13,2025-12-31,135600.0,13900.0
502753,11828,106,2021-07-23,2025-12-31,79600.0,8800.0
502754,11829,111,2018-05-13,2025-12-31,81700.0,7700.0
502755,11830,106,2017-12-13,2025-12-31,79300.0,7400.0
502756,11831,111,2018-12-18,2025-12-31,90300.0,9200.0
502757,11832,104,2018-02-24,2022-11-09,125100.0,6700.0
502758,11832,104,2022-11-10,2025-12-31,121900.0,8700.0
502759,11833,101,2023-12-01,2025-03-01,46300.0,6900.0
502760,11833,101,2025-03-02,2025-12-31,52200.0,3900.0
502761,11834,103,2021-04-18,2024-02-12,60700.0,6300.0
502762,11834,103,2024-02-13,2025-12-31,67800.0,8800.0
502763,11835,115,2024-08-28,2025-08-27,72000.0,9800.0
502764,11835,115,2025-08-28,2025-12-31,101600.0,6000.0
502765,11836,109,2025-09-19,2026-09-18,101500.0,10600.0
502766,11836,109,2026-09-19,2025-12-31,117400.0,10400.0
502767,11837,112,2022-02-09,2024-06-10,48100.0,5100.0
502768,11837,112,2024-06-11,2025-12-31,64700.0,8400.0
502769,11838,105,2016-07-20,2025-12-31,78700.0,9700.0
502770,11839,110,2020-09-26,2025-12-31,55400.0,5000.0
502771,11840,109,2018-09-24,2025-12-31,96700.0,10600.0
502772,11841,116,2017-03-28,2022-06-29,55600.0,6700.0
502773,11841,116,2022-06-30,2025-12-31,53600.0,5100.0
502774,11842,112,2020-06-04,2023-10-08,58700.0,6800.0
502775,11842,112,2023-10-09,2025-12-31,60300.0,6900.0
502776,11843,113,2025-08-11,2026-08-10,90600.0,6700.0
502777,11843,113,2026-08-11,2025-12-31,93900.0,11200.0
502778,11844,101,2018-09-02,2025-12-31,42300.0,6000.0
502779,11845,109,2025-06-28,2025-12-31,88500.0,4500.0
502780,11846,108,2019-01-02,2025-12-31,55800.0,4100.0
502781,11847,114,2025-01-21,2026-01-20,46900.0,3100.0
502782,11847,114,2026-01-21,2025-12-31,50800.0,3400.0
502783,11848,107,2020-05-14,2023-09-29,132500.0,12900.0
502784,11848,107,2023-09-30,2025-12-31,137600.0,10400.0
502785,11849,105,2019-05-20,2025-12-31,79800.0,8900.0
502786,11850,105,2025-08-26,2025-12-31,92300.0,6200.0
502787,11851,105,2018-09-24,2025-12-31,87100.0,6800.0
502788,11852,104,2017-01-06,2022-05-28,105000.0,10900.0
502789,11852,104,2022-05-29,2025-12-31,132200.0,18200.0
502790,11853,114,2019-07-25,2025-12-31,42200.0,6200.0
502791,11854,108,2022-12-30,2025-12-31,52700.0,7200.0
502792,11855,114,2020-09-14,2023-11-18,38600.0,5000.0
502793,11855,114,2023-11-19,2025-12-31,51200.0,2900.0
502794,11856,112,2019-12-07,2025-12-31,54000.0,6500.0
502795,11857,105,2016-03-30,2022-02-04,95400.0,13200.0
502796,11857,105,2022-02-05,2025-12-31,91000.0,12700.0
502797,11858,109,2019-11-27,2025-12-31,94400.0,13700.0
502798,11859,104,2016-08-05,2025-12-31,103000.0,5800.0
502799,11860,115,2016-04-04,2022-02-06,82400.0,4900.0
502800,11860,115,2022-02-07,2025-12-31,82300.0,12100.0
502801,11861,105,2025-02-17,2025-12-31,93200.0,13700.0
502802,11862,106,2020-03-26,2023-09-10,83400.0,5700.0
502803,11862,106,2023-09-11,2025-12-31,88600.0,6300.0
502804,11863,107,2016-03-06,2022-01-25,118400.0,12800.0
502805,11863,107,2022-01-26,2025-12-31,163100.0,10100.0
502806,11864,108,2020-09-19,2025-12-31,55600.0,5500.0
502807,11865,106,2022-06-01,2025-12-31,72500.0,3800.0
502808,11866,106,2021-12-28,2024-05-24,80700.0,6100.0
502809,11866,106,2024-05-25,2025-12-31,79800.0,10400.0
502810,11867,112,2022-01-26,2024-06-04,54300.0,7900.0
502811,11867,112,2024-06-05,2025-12-31,62400.0,6200.0
502812,11868,112,2018-03-25,2022-11-21,55400.0,6800.0
502813,11868,112,2022-11-22,2025-12-31,65800.0,7600.0
502814,11869,107,2019-05-26,2025-12-31,118100.0,6100.0
502815,11870,109,2024-08-03,2025-12-31,89400.0,12300.0
502816,11871,114,2020-11-30,2025-12-31,42200.0,5400.0
502817,11872,101,2017-03-19,2025-12-31,46900.0,5600.0
502818,11873,114,2021-11-03,2025-12-31,47200.0,6600.0
502819,11874,105,2022-02-28,2024-06-17,91600.0,12700.0
502820,11874,105,2024-06-18,2025-12-31,96200.0,10200.0
502821,11875,111,2025-01-06,2025-12-31,85000.0,5000.0
502822,11876,109,2023-07-23,2025-12-31,97200.0,6100.0
502823,11877,108,2024-11-03,2025-11-02,50200.0,6900.0
502824,11877,108,2025-11-03,2025-12-31,58400.0,6300.0
502825,11878,115,2018-03-10,2022-11-15,89200.0,12800.0
502826,11878,115,2022-11-16,2025-12-31,98000.0,9700.0
502827,11879,103,2024-11-06,2025-12-31,63200.0,3900.0
502828,11880,107,2018-08-18,2023-01-18,121400.0,9200.0
502829,11880,107,2023-01-19,2025-12-31,149000.0,13500.0
502830,11881,108,2017-03-07,2025-12-31,49200.0,7400.0
502831,11882,112,2021-03-05,2024-01-25,55300.0,3500.0
502832,11882,112,2024-01-26,2025-12-31,61900.0,9000.0
502833,11883,105,2017-04-21,2025-12-31,79100.0,7500.0
502834,11884,113,2022-06-15,2024-07-30,87200.0,12100.0
502835,11884,113,2024-07-31,2025-12-31,103900.0,10300.0
502836,11885,105,2022-01-06,2024-05-27,77000.0,10800.0
502837,11885,105,2024-05-28,2025-12-31,81900.0,7400.0
502838,11886,106,2025-11-28,2025-12-31,75500.0,7100.0
502839,11887,112,2019-01-17,2025-12-31,62300.0,7800.0
502840,11888,104,2020-08-22,2025-12-31,117000.0,9000.0
502841,11889,108,2019-01-26,2023-03-24,57500.0,5300.0
502842,11889,108,2023-03-25,2025-12-31,56300.0,8100.0
502843,11890,102,2017-09-23,2022-09-09,90700.0,11600.0
502844,11890,102,2022-09-10,2025-12-31,105300.0,9100.0
502845,11891,106,2018-11-27,2025-12-31,69100.0,7200.0
502846,11892,111,2020-07-15,2025-12-31,102500.0,7300.0
502847,11893,109,2019-07-14,2025-12-31,100900.0,11800.0
502848,11894,107,2017-06-05,2022-07-27,127900.0,15400.0
502849,11894,107,2022-07-28,2025-12-31,164600.0,14900.0
502850,11895,109,2024-08-30,2025-12-31,97600.0,13400.0
502851,11896,107,2023-04-25,2024-12-03,141700.0,18900.0
502852,11896,107,2024-12-04,2025-12-31,158500.0,20400.0
502853,11897,108,2016-01-19,2022-01-07,53300.0,4300.0
502854,11897,108,2022-01-08,2025-12-31,55900.0,4500.0
502855,11898,116,2019-01-23,2023-03-23,55700.0,6400.0
502856,11898,116,2023-03-24,2025-12-31,53700.0,6400.0
502857,11899,115,2024-05-31,2025-05-30,76200.0,9500.0
502858,11899,115,2025-05-31,2025-12-31,87700.0,9400.0
502859,11900,103,2021-04-20,2024-02-13,71000.0,5000.0
502860,11900,103,2024-02-14,2025-12-31,69100.0,6100.0
502861,11901,102,2019-08-17,2025-12-31,82400.0,5100.0
502862,11902,115,2025-01-23,2026-01-22,80800.0,6300.0
502863,11902,115,2026-01-23,2025-12-31,86000.0,12700.0
502864,11903,109,2025-08-02,2026-08-01,94400.0,14000.0
502865,11903,109,2026-08-02,2025-12-31,91900.0,11000.0
502866,11904,108,2023-01-05,2024-10-20,58700.0,8300.0
502867,11904,108,2024-10-21,2025-12-31,56600.0,4100.0
502868,11905,113,2019-08-21,2023-06-15,109500.0,8600.0
502869,11905,113,2023-06-16,2025-12-31,120900.0,16000.0
502870,11906,106,2025-10-23,2026-10-22,85600.0,4700.0
502871,11906,106,2026-10-23,2025-12-31,88600.0,7600.0
502872,11907,109,2021-04-04,2024-02-06,94700.0,9500.0
502873,11907,109,2024-02-07,2025-12-31,109300.0,13100.0
502874,11908,116,2021-11-11,2025-12-31,56700.0,6700.0
502875,11909,110,2020-04-17,2023-09-19,45700.0,2600.0
502876,11909,110,2023-09-20,2025-12-31,55600.0,6500.0
502877,11910,103,2020-03-05,2025-12-31,77100.0,6800.0
502878,11911,103,2018-03-13,2025-12-31,76000.0,6900.0
502879,11912,107,2016-10-10,2022-04-23,147300.0,15500.0
502880,11912,107,2022-04-24,2025-12-31,157300.0,22600.0
502881,11913,113,2019-04-07,2025-12-31,87500.0,11600.0
502882,11914,107,2017-11-05,2025-12-31,119000.0,12500.0
502883,11915,102,2025-10-15,2026-10-14,98400.0,7600.0
502884,11915,102,2026-10-15,2025-12-31,97200.0,10700.0
502885,11916,116,2020-09-21,2025-12-31,59400.0,8700.0
502886,11917,103,2025-09-20,2026-09-19,65200.0,3300.0
502887,11917,103,2026-09-20,2025-12-31,74100.0,8600.0
502888,11918,101,2022-10-22,2024-09-20,39400.0,2700.0
502889,11918,101,2024-09-21,2025-12-31,44700.0,4500.0
502890,11919,106,2016-03-27,2025-12-31,75600.0,4800.0
502891,11920,106,2023-06-07,2025-12-31,87000.0,6800.0
502892,11921,108,2024-03-10,2025-04-10,47100.0,3400.0
502893,11921,108,2025-04-11,2025-12-31,62400.0,5400.0
502894,11922,114,2020-01-27,2025-12-31,47400.0,5800.0
502895,11923,114,2022-12-06,2024-10-08,40900.0,2800.0
502896,11923,114,2024-10-09,2025-12-31,49800.0,3000.0
502897,11924,108,2025-05-13,2026-05-12,47500.0,3500.0
502898,11924,108,2026-05-13,2025-12-31,60300.0,8200.0
502899,11925,105,2022-11-13,2025-12-31,90000.0,5800.0
502900,11926,108,2019-04-18,2023-04-26,47800.0,2900.0
502901,11926,108,2023-04-27,2025-12-31,59300.0,8300.0
502902,11927,106,2021-01-24,2025-12-31,85800.0,8600.0
502903,11928,102,2018-07-26,2023-01-09,100500.0,12300.0
502904,11928,102,2023-01-10,2025-12-31,98000.0,8200.0
502905,11929,115,2019-02-07,2023-03-29,89700.0,6000.0
502906,11929,115,2023-03-30,2025-12-31,91300.0,10400.0
502907,11930,107,2025-04-15,2025-12-31,117900.0,6000.0
502908,11931,105,2018-11-13,2025-12-31,83800.0,5700.0
502909,11932,108,2017-01-24,2025-12-31,57100.0,6200.0
502910,11933,108,2016-06-25,2025-12-31,48200.0,7000.0
502911,11934,101,2024-10-28,2025-12-31,46300.0,5400.0
502912,11935,104,2018-05-16,2025-12-31,116200.0,10900.0
502913,11936,106,2024-01-13,2025-12-31,74900.0,7100.0
502914,11937,111,2023-08-15,2025-01-17,88100.0,11300.0
502915,11937,111,2025-01-18,2025-12-31,100200.0,10500.0
502916,11938,105,2022-06-01,2024-07-25,84200.0,10600.0
502917,11938,105,2024-07-26,2025-12-31,91900.0,9700.0
502918,11939,109,2018-01-05,2025-12-31,92600.0,7900.0
502919,11940,109,2019-09-19,2023-06-26,97500.0,11800.0
502920,11940,109,2023-06-27,2025-12-31,107200.0,8400.0
502921,11941,115,2018-07-09,2023-01-02,75200.0,4100.0
502922,11941,115,2023-01-03,2025-12-31,89200.0,5900.0
502923,11942,107,2024-12-27,2025-12-31,148700.0,8500.0
502924,11943,103,2020-12-11,2025-12-31,71800.0,9800.0
502925,11944,108,2017-02-15,2022-06-13,58700.0,8600.0
502926,11944,108,2022-06-14,2025-12-31,64600.0,8300.0
502927,11945,112,2017-10-17,2022-09-18,51100.0,7200.0
502928,11945,112,2022-09-19,2025-12-31,56300.0,4800.0
502929,11946,103,2017-11-17,2022-10-01,71200.0,7600.0
502930,11946,103,2022-10-02,2025-12-31,85000.0,11800.0
502931,11947,108,2016-02-28,2025-12-31,54500.0,5000.0
502932,11948,102,2016-02-17,2022-01-18,98900.0,10400.0
502933,11948,102,2022-01-19,2025-12-31,97200.0,5500.0
502934,11949,102,2017-05-11,2025-12-31,87700.0,6600.0
502935,11950,109,2018-09-24,2025-12-31,87400.0,8900.0
502936,11951,105,2017-07-23,2025-12-31,92600.0,12200.0
502937,11952,114,2016-06-11,2025-12-31,38400.0,5500.0
502938,11953,110,2018-09-20,2023-02-01,47600.0,2800.0
502939,11953,110,2023-02-02,2025-12-31,62600.0,5800.0
502940,11954,108,2019-03-08,2023-04-09,48300.0,3200.0
502941,11954,108,2023-04-10,2025-12-31,60100.0,3300.0
502942,11955,105,2023-08-02,2025-12-31,91000.0,10000.0
502943,11956,108,2021-02-27,2025-12-31,49700.0,2900.0
502944,11957,101,2021-11-24,2025-12-31,48400.0,4800.0
502945,11958,114,2023-11-17,2025-12-31,41900.0,2900.0
502946,11959,116,2022-12-08,2024-10-09,49000.0,4800.0
502947,11959,116,2024-10-10,2025-12-31,52900.0,3600.0
502948,11960,106,2025-11-20,2025-12-31,71400.0,5200.0
502949,11961,103,2024-01-12,2025-12-31,70300.0,7600.0
502950,11962,103,2023-02-07,2025-12-31,69300.0,5000.0
502951,11963,111,2025-07-02,2026-07-01,99600.0,13700.0
502952,11963,111,2026-07-02,2025-12-31,96500.0,7400.0
502953,11964,110,2017-09-24,2022-09-09,52200.0,4100.0
502954,11964,110,2022-09-10,2025-12-31,61800.0,9100.0
502955,11965,114,2024-08-02,2025-12-31,47700.0,3800.0
502956,11966,113,2019-11-29,2025-12-31,102100.0,7800.0
502957,11967,109,2016-08-26,2022-04-05,95100.0,12300.0
502958,11967,109,2022-04-06,2025-12-31,115300.0,13100.0
502959,11968,111,2017-08-24,2025-12-31,87500.0,10900.0
502960,11969,111,2019-12-19,2025-12-31,86500.0,12500.0
502961,11970,109,2017-07-22,2025-12-31,102800.0,10500.0
502962,11971,109,2019-09-23,2025-12-31,86400.0,9000.0
502963,11972,111,2024-12-16,2025-12-15,85800.0,6700.0
502964,11972,111,2025-12-16,2025-12-31,101900.0,13500.0
502965,11973,109,2016-05-01,2022-02-17,96900.0,13800.0
502966,11973,109,2022-02-18,2025-12-31,112100.0,6200.0
502967,11974,111,2017-01-25,2022-06-04,81900.0,4700.0
502968,11974,111,2022-06-05,2025-12-31,98200.0,12100.0
502969,11975,111,2017-08-22,2022-08-27,90600.0,8100.0
502970,11975,111,2022-08-28,2025-12-31,105100.0,14600.0
502971,11976,112,2016-05-30,2025-12-31,56600.0,5700.0
502972,11977,111,2017-05-22,2025-12-31,97400.0,10000.0
502973,11978,109,2021-09-25,2025-12-31,95200.0,14200.0
502974,11979,111,2017-12-27,2022-10-17,91900.0,8200.0
502975,11979,111,2022-10-18,2025-12-31,109900.0,7600.0
502976,11980,109,2025-11-18,2026-11-17,100400.0,11100.0
502977,11980,109,2026-11-18,2025-12-31,106200.0,9900.0
502978,11981,106,2021-04-02,2025-12-31,82600.0,11400.0
502979,11982,101,2019-06-24,2025-12-31,40300.0,4500.0
502980,11983,108,2018-08-28,2023-01-22,51400.0,4700.0
502981,11983,108,2023-01-23,2025-12-31,63800.0,4300.0
502982,11984,110,2016-10-21,2025-12-31,46700.0,6800.0
502983,11985,117,2020-01-30,2025-12-31,100600.0,11500.0
502984,11986,106,2024-04-25,2025-04-28,87900.0,9900.0
502985,11986,106,2025-04-29,2025-12-31,87700.0,9000.0
502986,11987,107,2024-05-26,2025-12-31,117100.0,10400.0
502987,11988,106,2016-05-22,2025-12-31,69800.0,8000.0
502988,11989,102,2021-03-09,2024-01-27,83100.0,9200.0
502989,11989,102,2024-01-28,2025-12-31,107800.0,10400.0
502990,11990,112,2022-06-03,2024-07-25,52300.0,7700.0
502991,11990,112,2024-07-26,2025-12-31,54400.0,3600.0
502992,11991,105,2021-08-14,2025-12-31,93400.0,11300.0
502993,11992,110,2024-09-28,2025-09-27,47400.0,3200.0
502994,11992,110,2025-09-28,2025-12-31,57900.0,5200.0
502995,11993,111,2023-07-18,2025-01-05,88100.0,12000.0
502996,11993,111,2025-01-06,2025-12-31,110600.0,12600.0
502997,11994,109,2022-10-11,2024-09-15,105000.0,10900.0
502998,11994,109,2024-09-16,2025-12-31,104800.0,15000.0
502999,11995,114,2017-03-26,2022-06-28,43000.0,5600.0
503000,11995,114,2022-06-29,2025-12-31,41300.0,3500.0
503001,11996,108,2025-11-13,2025-12-31,49000.0,5100.0
503002,11997,105,2021-03-14,2025-12-31,82300.0,7500.0
503003,11998,114,2019-01-12,2023-03-18,38900.0,5400.0
503004,11998,114,2023-03-19,2025-12-31,50600.0,4100.0
503005,11999,114,2020-07-05,2023-10-20,41700.0,3500.0
503006,11999,114,2023-10-21,2025-12-31,48500.0,2500.0
503007,12000,103,2021-08-18,2025-12-31,65300.0,9000.0
503008,12001,101,2025-06-23,2026-06-22,47800.0,6300.0
503009,12001,101,2026-06-23,2025-12-31,46400.0,5300.0
503010,12002,104,2022-04-17,2025-12-31,110600.0,10700.0
503011,12003,105,2025-06-15,2026-06-14,80500.0,8400.0
503012,12003,105,2026-06-15,2025-12-31,81800.0,11700.0
503013,12004,116,2018-09-21,2025-12-31,52200.0,2900.0
503014,12005,108,2020-04-09,2025-12-31,46200.0,5500.0
503015,12006,106,2020-12-23,2023-12-28,82800.0,7500.0
503016,12006,106,2023-12-29,2025-12-31,91200.0,5800.0
503017,12007,114,2019-06-02,2023-05-14,39600.0,3600.0
503018,12007,114,2023-05-15,2025-12-31,43600.0,2500.0
503019,12008,108,2017-05-11,2022-07-17,55900.0,6100.0
503020,12008,108,2022-07-18,2025-12-31,65400.0,6100.0
503021,12009,107,2016-10-08,2022-04-22,139300.0,12700.0
503022,12009,107,2022-04-23,2025-12-31,150300.0,21700.0
503023,12010,117,2020-06-03,2023-10-07,95400.0,12200.0
503024,12010,117,2023-10-08,2025-12-31,112000.0,11400.0
503025,12011,115,2023-10-30,2025-02-16,93200.0,8200.0
503026,12011,115,2025-02-17,2025-12-31,86500.0,12800.0
503027,12012,115,2017-10-01,2025-12-31,79000.0,6400.0
503028,12013,109,2020-06-30,2025-12-31,91200.0,6900.0
503029,12014,113,2024-05-28,2025-12-31,99200.0,12500.0
503030,12015,104,2017-06-18,2025-12-31,118800.0,16700.0
503031,12016,108,2023-12-17,2025-12-31,56500.0,7300.0
503032,12017,117,2019-01-30,2025-12-31,100800.0,14000.0
503033,12018,106,2021-12-07,2024-05-15,71600.0,4700.0
503034,12018,106,2024-05-16,2025-12-31,79200.0,4700.0
503035,12019,113,2016-03-08,2022-01-26,110300.0,8500.0
503036,12019,113,2022-01-27,2025-12-31,106600.0,14100.0
503037,12020,109,2024-12-27,2025-12-26,90800.0,6000.0
503038,12020,109,2025-12-27,2025-12-31,92800.0,13600.0
503039,12021,101,2017-05-16,2025-12-31,49000.0,6700.0
503040,12022,112,2021-04-05,2024-02-07,59300.0,7300.0
503041,12022,112,2024-02-08,2025-12-31,67400.0,4800.0
503042,12023,104,2024-04-06,2025-04-21,105300.0,8000.0
503043,12023,104,2025-04-22,2025-12-31,127400.0,8500.0
503044,12024,110,2018-12-11,2023-03-05,52900.0,3300.0
503045,12024,110,2023-03-06,2025-12-31,52400.0,7700.0
503046,12025,103,2021-01-04,2025-12-31,72100.0,9800.0
503047,12026,116,2020-10-17,2023-12-01,46100.0,3000.0
503048,12026,116,2023-12-02,2025-12-31,58200.0,6200.0
503049,12027,105,2021-02-16,2024-01-19,75200.0,10000.0
503050,12027,105,2024-01-20,2025-12-31,92400.0,13800.0
503051,12028,105,2018-02-13,2022-11-05,88100.0,11500.0
503052,12028,105,2022-11-06,2025-12-31,102500.0,8300.0
503053,12029,103,2018-05-26,2022-12-16,63900.0,7500.0
503054,12029,103,2022-12-17,2025-12-31,76200.0,8400.0
503055,12030,116,2017-10-25,2022-09-22,51500.0,4200.0
503056,12030,116,2022-09-23,2025-12-31,63900.0,8200.0
503057,12031,113,2016-11-16,2022-05-07,100900.0,5500.0
503058,12031,113,2022-05-08,2025-12-31,111200.0,6600.0
503059,12032,112,2019-06-29,2025-12-31,56200.0,4500.0
503060,12033,109,2023-08-17,2025-01-17,85100.0,7000.0
503061,12033,109,2025-01-18,2025-12-31,117900.0,11600.0
503062,12034,108,2022-07-09,2024-08-09,54800.0,5400.0
503063,12034,108,2024-08-10,2025-12-31,56100.0,3600.0
503064,12035,103,2020-07-26,2025-12-31,73400.0,10400.0
503065,12036,108,2023-02-15,2024-11-05,46900.0,6600.0
503066,12036,108,2024-11-06,2025-12-31,60300.0,8800.0
503067,12037,107,2020-04-29,2023-09-23,129600.0,10900.0
503068,12037,107,2023-09-24,2025-12-31,132000.0,11600.0
503069,12038,117,2017-09-19,2022-09-07,95600.0,12900.0
503070,12038,117,2022-09-08,2025-12-31,100000.0,5900.0
503071,12039,112,2016-02-03,2025-12-31,49700.0,5100.0
503072,12040,107,2021-01-27,2025-12-31,123800.0,16600.0
503073,12041,104,2020-12-02,2025-12-31,106400.0,14500.0
503074,12042,112,2022-08-06,2025-12-31,56800.0,5700.0
503075,12043,103,2017-12-09,2022-10-10,65300.0,3800.0
503076,12043,103,2022-10-11,2025-12-31,70700.0,5500.0
503077,12044,105,2024-02-10,2025-03-29,76100.0,5900.0
503078,12044,105,2025-03-30,2025-12-31,97600.0,6700.0
503079,12045,107,2022-06-17,2025-12-31,132800.0,17700.0
503080,12046,108,2023-12-17,2025-12-31,58800.0,6600.0
503081,12047,112,2019-07-25,2023-06-04,53400.0,6400.0
503082,12047,112,2023-06-05,2025-12-31,60200.0,5500.0
503083,12048,106,2019-02-06,2025-12-31,75000.0,10600.0
503084,12049,103,2021-11-30,2024-05-12,71300.0,10600.0
503085,12049,103,2024-05-13,2025-12-31,81500.0,8400.0
503086,12050,109,2019-04-06,2025-12-31,96900.0,9100.0
503087,12051,112,2022-11-03,2025-12-31,48200.0,4400.0
503088,12052,105,2017-08-19,2022-08-26,89600.0,4600.0
503089,12052,105,2022-08-27,2025-12-31,97200.0,8200.0
503090,12053,106,2025-12-26,2026-12-25,89600.0,6400.0
503091,12053,106,2026-12-26,2025-12-31,84000.0,5900.0
503092,12054,117,2017-11-14,2025-12-31,102500.0,13900.0
503093,12055,117,2018-03-17,2022-11-18,96000.0,11200.0
503094,12055,117,2022-11-19,2025-12-31,108500.0,13200.0
503095,12056,117,2024-11-23,2025-12-31,85300.0,5700.0
503096,12057,112,2019-02-05,2025-12-31,54800.0,5100.0
503097,12058,107,2022-12-14,2024-10-11,128000.0,14000.0
503098,12058,107,2024-10-12,2025-12-31,138900.0,15800.0
503099,12059,105,2019-09-10,2023-06-23,90600.0,11600.0
503100,12059,105,2023-06-24,2025-12-31,95200.0,8300.0
503101,12060,105,2023-08-23,2025-01-20,76300.0,4400.0
503102,12060,105,2025-01-21,2025-12-31,81200.0,9900.0
503103,12061,106,2021-05-09,2025-12-31,69200.0,4200.0
503104,12062,117,2018-10-17,2025-12-31,100200.0,9100.0
503105,12063,112,2018-09-16,2025-12-31,56200.0,6600.0
503106,12064,113,2020-07-11,2025-12-31,90400.0,8900.0
503107,12065,105,2024-03-16,2025-04-12,85000.0,4500.0
503108,12065,105,2025-04-13,2025-12-31,90400.0,7900.0
503109,12066,115,2021-05-02,2024-02-18,73500.0,9300.0
503110,12066,115,2024-02-19,2025-12-31,89000.0,11700.0
503111,12067,113,2018-03-08,2025-12-31,90100.0,8300.0
503112,12068,104,2020-07-16,2025-12-31,111300.0,15100.0
503113,12069,115,2024-12-12,2025-12-31,85500.0,11000.0
503114,12070,107,2017-02-26,2022-06-17,135400.0,7900.0
503115,12070,107,2022-06-18,2025-12-31,136500.0,9700.0
503116,12071,103,2024-06-03,2025-12-31,75200.0,4800.0
503117,12072,110,2018-07-09,2025-12-31,46100.0,3200.0
503118,12073,111,2019-04-03,2025-12-31,81200.0,5700.0
503119,12074,103,2022-12-07,2024-10-08,64900.0,5600.0
503120,12074,103,2024-10-09,2025-12-31,67800.0,6600.0
503121,12075,105,2018-11-14,2023-02-23,87600.0,12000.0
503122,12075,105,2023-02-24,2025-12-31,88300.0,9200.0
503123,12076,116,2016-10-10,2022-04-23,46600.0,6200.0
503124,12076,116,2022-04-24,2025-12-31,60400.0,3000.0
503125,12077,111,2023-04-11,2024-11-27,88600.0,11600.0
503126,12077,111,2024-11-28,2025-12-31,109700.0,9800.0
503127,12078,112,2021-12-12,2024-05-17,53500.0,7000.0
503128,12078,112,2024-05-18,2025-12-31,59900.0,3700.0
503129,12079,106,2024-05-04,2025-05-03,76000.0,4900.0
503130,12079,106,2025-05-04,2025-12-31,93100.0,7300.0
503131,12080,101,2020-10-02,2025-12-31,45900.0,4100.0
503132,12081,107,2023-08-21,2025-12-31,125300.0,8000.0
503133,12082,106,2023-02-10,2025-12-31,80800.0,4100.0
503134,12083,106,2024-05-07,2025-05-06,72400.0,5500.0
503135,12083,106,2025-05-07,2025-12-31,77200.0,5800.0
503136,12084,106,2020-10-12,2025-12-31,86200.0,7300.0
503137,12085,108,2022-04-10,2025-12-31,46600.0,2800.0
503138,12086,106,2024-07-05,2025-12-31,86700.0,5100.0
503139,12087,113,2018-04-10,2022-11-27,109600.0,13600.0
503140,12087,113,2022-11-28,2025-12-31,98700.0,7700.0
503141,12088,106,2023-04-12,2025-12-31,73600.0,6900.0
503142,12089,108,2020-07-30,2023-10-30,52900.0,3900.0
503143,12089,108,2023-10-31,2025-12-31,60900.0,4500.0
503144,12090,102,2022-07-17,2025-12-31,86700.0,6500.0
503145,12091,109,2024-11-16,2025-12-31,107100.0,14700.0
503146,12092,102,2017-01-08,2022-05-29,89000.0,10600.0
503147,12092,102,2022-05-30,2025-12-31,100700.0,12300.0
503148,12093,117,2017-07-18,2025-12-31,91400.0,11600.0
503149,12094,113,2017-02-23,2022-06-16,107000.0,13700.0
503150,12094,113,2022-06-17,2025-12-31,107900.0,14300.0
503151,12095,108,2018-06-22,2025-12-31,53700.0,7800.0
503152,12096,103,2019-06-27,2023-05-24,77900.0,5100.0
503153,12096,103,2023-05-25,2025-12-31,75400.0,5500.0
503154,12097,111,2025-06-20,2026-06-19,96500.0,5200.0
503155,12097,111,2026-06-20,2025-12-31,114600.0,8900.0
503156,12098,113,2024-11-18,2025-11-17,106900.0,13500.0
503157,12098,113,2025-11-18,2025-12-31,112100.0,7200.0
503158,12099,106,2019-10-05,2025-12-31,76600.0,11400.0
503159,12100,109,2022-03-30,2025-12-31,103900.0,12800.0
503160,12101,113,2021-01-21,2025-12-31,103100.0,11300.0
503161,12102,113,2023-10-05,2025-02-06,93500.0,7600.0
503162,12102,113,2025-02-07,2025-12-31,113300.0,12200.0
503163,12103,112,2023-01-10,2025-12-31,60200.0,6200.0
503164,12104,115,2022-09-15,2024-09-05,72000.0,4700.0
503165,12104,115,2024-09-06,2025-12-31,79700.0,5900.0
503166,12105,115,2016-09-20,2025-12-31,75100.0,4400.0
503167,12106,105,2021-01-21,2025-12-31,95900.0,10900.0
503168,12107,108,2017-06-12,2022-07-30,57500.0,6000.0
503169,12107,108,2022-07-31,2025-12-31,53400.0,5700.0
503170,12108,112,2023-10-14,2025-02-10,62000.0,8200.0
503171,12108,112,2025-02-11,2025-12-31,56800.0,5200.0
503172,12109,110,2019-12-15,2023-07-31,55700.0,4800.0
503173,12109,110,2023-08-01,2025-12-31,49300.0,3500.0
503174,12110,117,2018-07-23,2023-01-08,106700.0,15200.0
503175,12110,117,2023-01-09,2025-12-31,99400.0,5000.0
503176,12111,101,2024-09-08,2025-12-31,48000.0,3700.0
503177,12112,105,2021-06-03,2024-03-01,77500.0,6400.0
503178,12112,105,2024-03-02,2025-12-31,99700.0,9300.0
503179,12113,105,2016-08-07,2022-03-28,91300.0,11500.0
503180,12113,105,2022-03-29,2025-12-31,85600.0,7800.0
503181,12114,106,2023-09-03,2025-12-31,78600.0,9100.0
503182,12115,105,2020-05-27,2023-10-05,74900.0,5000.0
503183,12115,105,2023-10-06,2025-12-31,90900.0,7800.0
503184,12116,111,2020-11-19,2025-12-31,94400.0,10600.0
503185,12117,103,2017-08-08,2025-12-31,69500.0,8800.0
503186,12118,112,2017-02-10,2025-12-31,53000.0,3100.0
503187,12119,110,2024-09-01,2025-12-31,52800.0,6400.0
503188,12120,105,2017-08-04,2025-12-31,87300.0,8500.0
503189,12121,106,2022-12-09,2025-12-31,84300.0,11300.0
503190,12122,110,2023-12-24,2025-03-10,56300.0,6900.0
503191,12122,110,2025-03-11,2025-12-31,59600.0,3500.0
503192,12123,112,2018-12-30,2025-12-31,52700.0,6200.0
503193,12124,114,2024-03-27,2025-12-31,38000.0,3900.0
503194,12125,114,2019-04-03,2023-04-20,45500.0,4600.0
503195,12125,114,2023-04-21,2025-12-31,46400.0,5700.0
503196,12126,116,2024-05-24,2025-12-31,59900.0,5100.0
503197,12127,109,2023-12-28,2025-12-31,87000.0,11300.0
503198,12128,115,2022-05-15,2025-12-31,87600.0,5400.0
503199,12129,112,2024-11-21,2025-12-31,61600.0,5400.0
503200,12130,114,2021-01-22,2025-12-31,46800.0,4700.0
503201,12131,102,2017-11-27,2025-12-31,92600.0,10600.0
503202,12132,117,2017-01-10,2025-12-31,93000.0,9700.0
503203,12133,108,2024-09-02,2025-12-31,58100.0,7400.0
503204,12134,113,2023-09-20,2025-01-31,104900.0,9300.0
503205,12134,113,2025-02-01,2025-12-31,111900.0,11900.0
503206,12135,104,2021-04-22,2024-02-14,109900.0,14600.0
503207,12135,104,2024-02-15,2025-12-31,135800.0,9600.0
503208,12136,107,2018-12-11,2023-03-05,130200.0,12900.0
503209,12136,107,2023-03-06,2025-12-31,164100.0,16700.0
503210,12137,107,2020-09-10,2025-12-31,138200.0,8400.0
503211,12138,105,2022-03-11,2025-12-31,88100.0,11100.0
503212,12139,104,2021-08-26,2024-04-04,103700.0,13200.0
503213,12139,104,2024-04-05,2025-12-31,118200.0,16700.0
503214,12140,113,2021-04-25,2025-12-31,84700.0,10200.0
503215,12141,102,2017-04-18,2025-12-31,85700.0,4500.0
503216,12142,107,2022-06-20,2024-08-01,120700.0,13100.0
503217,12142,107,2024-08-02,2025-12-31,156100.0,11500.0
503218,12143,104,2019-11-02,2025-12-31,123100.0,13800.0
503219,12144,109,2020-07-12,2025-12-31,87900.0,5100.0
503220,12145,107,2019-05-11,2023-05-05,139800.0,16600.0
503221,12145,107,2023-05-06,2025-12-31,163300.0,18500.0
503222,12146,105,2017-10-28,2022-09-23,91500.0,6000.0
503223,12146,105,2022-09-24,2025-12-31,101000.0,8700.0
503224,12147,109,2024-02-27,2025-04-05,86900.0,12900.0
503225,12147,109,2025-04-06,2025-12-31,108400.0,7300.0
503226,12148,110,2023-12-15,2025-03-06,49200.0,2700.0
503227,12148,110,2025-03-07,2025-12-31,50200.0,6300.0
503228,12149,103,2023-11-02,2025-12-31,77800.0,4400.0
503229,12150,104,2020-02-29,2025-12-31,105900.0,8800.0
503230,12151,105,2025-07-31,2026-07-30,95700.0,14200.0
503231,12151,105,2026-07-31,2025-12-31,102300.0,6000.0
503232,12152,117,2023-02-06,2025-12-31,98800.0,6200.0
503233,12153,106,2016-02-09,2022-01-15,83500.0,10900.0
503234,12153,106,2022-01-16,2025-12-31,95500.0,10000.0
503235,12154,110,2016-05-25,2025-12-31,53400.0,6800.0
503236,12155,106,2024-03-22,2025-04-15,84500.0,7100.0
503237,12155,106,2025-04-16,2025-12-31,84800.0,4900.0
503238,12156,109,2023-04-04,2025-12-31,85200.0,12000.0
503239,12157,102,2019-11-16,2025-12-31,101800.0,7600.0
503240,12158,102,2016-01-28,2025-12-31,101200.0,8100.0
503241,12159,109,2024-11-17,2025-11-16,98800.0,8600.0
503242,12159,109,2025-11-17,2025-12-31,98600.0,14700.0
503243,12160,107,2018-08-16,2025-12-31,132000.0,7300.0
503244,12161,103,2016-08-26,2022-04-05,65200.0,6400.0
503245,12161,103,2022-04-06,2025-12-31,75700.0,4000.0
503246,12162,111,2021-07-26,2025-12-31,94300.0,4900.0
503247,12163,117,2020-08-28,2025-12-31,84600.0,10300.0
503248,12164,107,2019-01-24,2025-12-31,149500.0,12600.0
503249,12165,111,2024-06-15,2025-06-14,83200.0,4800.0
503250,12165,111,2025-06-15,2025-12-31,111000.0,13500.0
503251,12166,117,2024-07-14,2025-12-31,90600.0,11800.0
503252,12167,113,2018-02-21,2022-11-08,107900.0,6000.0
503253,12167,113,2022-11-09,2025-12-31,115400.0,9300.0
503254,12168,108,2024-01-19,2025-03-20,55900.0,7800.0
503255,12168,108,2025-03-21,2025-12-31,62400.0,5100.0
503256,12169,113,2018-03-30,2022-11-23,89500.0,11900.0
503257,12169,113,2022-11-24,2025-12-31,96100.0,13500.0
503258,12170,103,2022-09-17,2025-12-31,70500.0,9400.0
503259,12171,109,2017-01-16,2025-12-31,90500.0,7700.0
503260,12172,105,2025-07-03,2026-07-02,84000.0,5100.0
503261,12172,105,2026-07-03,2025-12-31,97100.0,6500.0
503262,12173,103,2024-10-25,2025-12-31,72500.0,10100.0
503263,12174,109,2020-08-14,2023-11-05,102900.0,14200.0
503264,12174,109,2023-11-06,2025-12-31,92300.0,13800.0
503265,12175,104,2017-06-17,2022-08-01,102800.0,9400.0
503266,12175,104,2022-08-02,2025-12-31,106500.0,14800.0
503267,12176,111,2023-07-02,2024-12-30,93800.0,10500.0
503268,12176,111,2024-12-31,2025-12-31,110500.0,8300.0
503269,12177,108,2022-07-06,2025-12-31,47600.0,5700.0
503270,12178,109,2019-03-30,2025-12-31,84900.0,5200.0
503271,12179,103,2025-12-07,2025-12-31,60600.0,4200.0
503272,12180,104,2022-07-31,2024-08-18,110700.0,8300.0
503273,12180,104,2024-08-19,2025-12-31,121600.0,12400.0
503274,12181,109,2018-02-04,2025-12-31,106600.0,10700.0
503275,12182,117,2019-09-22,2023-06-27,89300.0,10100.0
503276,12182,117,2023-06-28,2025-12-31,117200.0,14800.0
503277,12183,104,2017-07-14,2022-08-11,122900.0,15200.0
503278,12183,104,2022-08-12,2025-12-31,110400.0,13400.0
503279,12184,106,2022-12-21,2024-10-14,79300.0,6300.0
503280,12184,106,2024-10-15,2025-12-31,77800.0,9900.0
503281,12185,115,2024-12-26,2025-12-31,76800.0,5700.0
503282,12186,102,2023-08-09,2025-01-14,97500.0,5600.0
503283,12186,102,2025-01-15,2025-12-31,107200.0,15300.0
503284,12187,114,2024-03-08,2025-12-31,37500.0,2900.0
503285,12188,109,2023-05-24,2024-12-14,89300.0,11700.0
503286,12188,109,2024-12-15,2025-12-31,92600.0,7300.0
503287,12189,106,2021-03-22,2025-12-31,87400.0,6600.0
503288,12190,106,2017-03-23,2025-12-31,81300.0,9600.0
503289,12191,107,2021-04-18,2025-12-31,115900.0,11900.0
503290,12192,107,2016-10-26,2025-12-31,146000.0,9200.0
503291,12193,115,2016-04-18,2022-02-12,73500.0,9800.0
503292,12193,115,2022-02-13,2025-12-31,99500.0,9800.0
503293,12194,113,2021-03-01,2024-01-24,87300.0,9800.0
503294,12194,113,2024-01-25,2025-12-31,120900.0,16200.0
503295,12195,110,2018-01-15,2025-12-31,49800.0,7400.0
503296,12196,112,2020-04-16,2025-12-31,52700.0,6600.0
503297,12197,105,2022-06-24,2024-08-03,88400.0,13000.0
503298,12197,105,2024-08-04,2025-12-31,87000.0,11300.0
503299,12198,111,2019-04-18,2025-12-31,104400.0,6600.0
503300,12199,108,2016-03-15,2025-12-31,46500.0,3500.0
503301,12200,112,2017-07-05,2022-08-08,54100.0,7900.0
503302,12200,112,2022-08-09,2025-12-31,53700.0,3600.0
503303,12201,106,2021-08-18,2024-04-01,77900.0,4400.0
503304,12201,106,2024-04-02,2025-12-31,98200.0,10400.0
503305,12202,111,2018-09-29,2025-12-31,100000.0,11600.0
503306,12203,114,2023-12-01,2025-12-31,46900.0,2900.0
503307,12204,105,2023-10-03,2025-12-31,85300.0,6600.0
503308,12205,101,2016-07-12,2025-12-31,41900.0,4100.0
503309,12206,108,2016-04-03,2025-12-31,46500.0,3200.0
503310,12207,106,2018-05-04,2025-12-31,78300.0,6300.0
503311,12208,110,2018-08-15,2025-12-31,56400.0,3100.0
503312,12209,117,2016-09-03,2022-04-08,105800.0,7200.0
503313,12209,117,2022-04-09,2025-12-31,107100.0,8800.0
503314,12210,108,2018-04-26,2025-12-31,48200.0,5300.0
503315,12211,108,2016-03-28,2022-02-03,49500.0,3300.0
503316,12211,108,2022-02-04,2025-12-31,53800.0,7300.0
503317,12212,110,2021-02-06,2025-12-31,54300.0,5900.0
503318,12213,104,2024-06-24,2025-06-23,104700.0,8500.0
503319,12213,104,2025-06-24,2025-12-31,131400.0,9900.0
503320,12214,105,2022-08-07,2025-12-31,91400.0,13700.0
503321,12215,115,2017-03-12,2022-06-23,84600.0,6600.0
503322,12215,115,2022-06-24,2025-12-31,93400.0,13800.0
503323,12216,111,2019-08-31,2023-06-19,88100.0,6900.0
503324,12216,111,2023-06-20,2025-12-31,115700.0,7300.0
503325,12217,102,2022-12-06,2025-12-31,84700.0,11500.0
503326,12218,106,2019-07-20,2023-06-02,74100.0,9000.0
503327,12218,106,2023-06-03,2025-12-31,95300.0,9200.0
503328,12219,110,2022-08-19,2025-12-31,46600.0,6700.0
503329,12220,112,2020-04-12,2023-09-17,51100.0,4000.0
503330,12220,112,2023-09-18,2025-12-31,55100.0,5000.0
503331,12221,113,2016-04-21,2022-02-13,98000.0,5300.0
503332,12221,113,2022-02-14,2025-12-31,99300.0,13000.0
503333,12222,106,2018-04-07,2025-12-31,75900.0,7300.0
503334,12223,114,2022-10-14,2024-09-17,46000.0,6700.0
503335,12223,114,2024-09-18,2025-12-31,44100.0,5700.0
503336,12224,108,2019-07-27,2023-06-05,46000.0,5100.0
503337,12224,108,2023-06-06,2025-12-31,56900.0,7200.0
503338,12225,111,2017-05-05,2025-12-31,104300.0,9800.0
503339,12226,110,2017-05-20,2022-07-20,49500.0,3900.0
503340,12226,110,2022-07-21,2025-12-31,58000.0,7700.0
503341,12227,103,2021-05-02,2024-02-18,77700.0,9200.0
503342,12227,103,2024-02-19,2025-12-31,81400.0,12200.0
503343,12228,116,2022-03-19,2025-12-31,47000.0,6100.0
503344,12229,104,2019-08-10,2025-12-31,101400.0,5300.0
503345,12230,106,2021-01-16,2024-01-06,75800.0,10800.0
503346,12230,106,2024-01-07,2025-12-31,76000.0,9900.0
503347,12231,113,2020-01-10,2025-12-31,105500.0,6100.0
503348,12232,111,2018-09-21,2025-12-31,104500.0,6500.0
503349,12233,112,2017-01-18,2022-06-02,60600.0,6900.0
503350,12233,112,2022-06-03,2025-12-31,63000.0,9200.0
503351,12234,108,2017-09-30,2025-12-31,51600.0,4800.0
503352,12235,105,2016-12-13,2022-05-18,80400.0,7600.0
503353,12235,105,2022-05-19,2025-12-31,87400.0,12400.0
503354,12236,115,2024-06-18,2025-06-17,84600.0,10800.0
503355,12236,115,2025-06-18,2025-12-31,96500.0,11000.0
503356,12237,101,2024-03-19,2025-04-13,49400.0,4100.0
503357,12237,101,2025-04-14,2025-12-31,52200.0,7400.0
503358,12238,115,2021-07-09,2024-03-16,92400.0,11800.0
503359,12238,115,2024-03-17,2025-12-31,93700.0,8200.0
503360,12239,106,2024-10-15,2025-12-31,69900.0,6500.0
503361,12240,115,2023-09-27,2025-12-31,89500.0,6300.0
503362,12241,104,2018-10-05,2023-02-07,120200.0,11100.0
503363,12241,104,2023-02-08,2025-12-31,110900.0,6500.0
503364,12242,108,2019-06-28,2025-12-31,54200.0,7300.0
503365,12243,115,2025-06-13,2026-06-12,90700.0,12600.0
503366,12243,115,2026-06-13,2025-12-31,89700.0,5200.0
503367,12244,108,2021-05-10,2025-12-31,47000.0,5100.0
503368,12245,113,2023-12-29,2025-03-12,106200.0,10600.0
503369,12245,113,2025-03-13,2025-12-31,106400.0,14700.0
503370,12246,112,2020-03-05,2025-12-31,55800.0,5300.0
503371,12247,113,2020-12-11,2025-12-31,106000.0,8700.0
503372,12248,115,2025-12-19,2025-12-31,75100.0,8500.0
503373,12249,108,2016-07-05,2025-12-31,48600.0,4000.0
503374,12250,104,2021-02-08,2024-01-15,121400.0,14900.0
503375,12250,104,2024-01-16,2025-12-31,116500.0,8700.0
503376,12251,102,2024-10-11,2025-12-31,89600.0,9800.0
503377,12252,107,2016-07-10,2025-12-31,134600.0,15000.0
503378,12253,103,2025-06-06,2025-12-31,75600.0,4900.0
503379,12254,109,2016-05-18,2025-12-31,93900.0,7400.0
503380,12255,105,2022-07-29,2025-12-31,85000.0,10800.0
503381,12256,101,2022-04-19,2024-07-07,42200.0,2200.0
503382,12256,101,2024-07-08,2025-12-31,52200.0,7400.0
503383,12257,102,2019-06-25,2025-12-31,92900.0,5100.0
503384,12258,112,2022-10-05,2025-12-31,55500.0,3000.0
503385,12259,111,2021-12-27,2025-12-31,87800.0,10700.0
503386,12260,105,2025-12-01,2026-11-30,95900.0,6800.0
503387,12260,105,2026-12-01,2025-12-31,82400.0,12200.0
503388,12261,115,2021-05-23,2024-02-26,85600.0,7500.0
503389,12261,115,2024-02-27,2025-12-31,94300.0,10300.0
503390,12262,102,2025-06-11,2025-12-31,78600.0,10500.0
503391,12263,117,2022-01-19,2024-06-01,95900.0,8700.0
503392,12263,117,2024-06-02,2025-12-31,118500.0,15400.0
503393,12264,110,2023-02-18,2024-11-06,54700.0,5100.0
503394,12264,110,2024-11-07,2025-12-31,61400.0,3300.0
503395,12265,106,2020-12-16,2023-12-25,78000.0,9700.0
503396,12265,106,2023-12-26,2025-12-31,80100.0,6300.0
503397,12266,110,2021-02-17,2025-12-31,45200.0,3200.0
503398,12267,113,2023-06-04,2025-12-31,107200.0,13200.0
503399,12268,109,2016-08-08,2025-12-31,85300.0,11300.0
503400,12269,115,2022-03-18,2024-06-25,80200.0,4400.0
503401,12269,115,2024-06-26,2025-12-31,96000.0,9600.0
503402,12270,103,2018-04-13,2025-12-31,62300.0,8200.0
503403,12271,106,2021-09-25,2025-12-31,76700.0,8800.0
503404,12272,104,2017-04-21,2025-12-31,109500.0,8000.0
503405,12273,107,2017-05-15,2025-12-31,126000.0,18900.0
503406,12274,106,2024-10-30,2025-12-31,83400.0,4300.0
503407,12275,115,2025-12-05,2026-12-04,82700.0,7200.0
503408,12275,115,2026-12-05,2025-12-31,82500.0,7200.0
503409,12276,101,2020-06-16,2023-10-13,42100.0,2500.0
503410,12276,101,2023-10-14,2025-12-31,52200.0,6100.0
503411,12277,108,2020-03-13,2025-12-31,51300.0,6600.0
503412,12278,108,2024-12-16,2025-12-31,55000.0,5800.0
503413,12279,115,2018-08-12,2025-12-31,72700.0,4200.0
503414,12280,116,2019-10-30,2023-07-13,50000.0,5500.0
503415,12280,116,2023-07-14,2025-12-31,60500.0,7300.0
503416,12281,113,2020-06-26,2023-10-17,101400.0,6300.0
503417,12281,113,2023-10-18,2025-12-31,93400.0,11200.0
503418,12282,117,2017-08-19,2025-12-31,98500.0,7500.0
503419,12283,112,2020-03-05,2025-12-31,60600.0,6200.0
503420,12284,116,2019-12-27,2025-12-31,50200.0,5000.0
503421,12285,111,2024-08-18,2025-12-31,92300.0,9000.0
503422,12286,101,2021-01-28,2024-01-11,41100.0,2700.0
503423,12286,101,2024-01-12,2025-12-31,49800.0,4100.0
503424,12287,105,2020-09-23,2023-11-21,85000.0,9900.0
503425,12287,105,2023-11-22,2025-12-31,99100.0,13300.0
503426,12288,111,2016-02-23,2022-01-21,90600.0,10700.0
503427,12288,111,2022-01-22,2025-12-31,89400.0,10100.0
503428,12289,107,2017-11-05,2022-09-26,130900.0,10400.0
503429,12289,107,2022-09-27,2025-12-31,131400.0,11800.0
503430,12290,105,2020-08-14,2023-11-05,95100.0,13700.0
503431,12290,105,2023-11-06,2025-12-31,96800.0,13600.0
503432,12291,108,2022-08-20,2025-12-31,50800.0,5600.0
503433,12292,115,2024-04-24,2025-04-28,86800.0,4700.0
503434,12292,115,2025-04-29,2025-12-31,98900.0,10700.0
503435,12293,101,2020-08-01,2023-10-31,48900.0,6700.0
503436,12293,101,2023-11-01,2025-12-31,53500.0,6800.0
503437,12294,112,2019-01-14,2025-12-31,53600.0,3400.0
503438,12295,113,2020-06-16,2023-10-13,93600.0,8000.0
503439,12295,113,2023-10-14,2025-12-31,109100.0,7700.0
503440,12296,117,2023-05-10,2024-12-09,100900.0,5100.0
503441,12296,117,2024-12-10,2025-12-31,95200.0,8900.0
503442,12297,115,2023-10-03,2025-02-05,92700.0,10800.0
503443,12297,115,2025-02-06,2025-12-31,89300.0,5500.0
503444,12298,113,2020-06-12,2023-10-11,101400.0,14900.0
503445,12298,113,2023-10-12,2025-12-31,106500.0,12700.0
503446,12299,108,2024-12-26,2025-12-25,54700.0,4000.0
503447,12299,108,2025-12-26,2025-12-31,53700.0,5400.0
503448,12300,106,2021-10-06,2024-04-20,84100.0,12100.0
503449,12300,106,2024-04-21,2025-12-31,85000.0,7000.0
503450,12301,109,2017-01-09,2022-05-29,92600.0,9800.0
503451,12301,109,2022-05-30,2025-12-31,101400.0,11400.0
503452,12302,112,2023-02-07,2025-12-31,49300.0,5900.0
503453,12303,115,2023-02-20,2025-12-31,72300.0,7600.0
503454,12304,113,2019-09-18,2025-12-31,102900.0,9100.0
503455,12305,107,2018-01-07,2025-12-31,133900.0,12200.0
503456,12306,111,2024-08-06,2025-12-31,103800.0,13600.0
503457,12307,107,2024-05-27,2025-12-31,124300.0,7700.0
503458,12308,101,2021-05-05,2025-12-31,39200.0,4600.0
503459,12309,107,2025-01-13,2026-01-12,130900.0,15100.0
503460,12309,107,2026-01-13,2025-12-31,145100.0,10700.0
503461,12310,103,2023-10-29,2025-12-31,73700.0,8100.0
503462,12311,114,2017-08-22,2025-12-31,41500.0,3600.0
503463,12312,105,2025-04-24,2026-04-23,91600.0,8100.0
503464,12312,105,2026-04-24,2025-12-31,98000.0,7800.0
503465,12313,107,2025-12-20,2025-12-31,118700.0,13400.0
503466,12314,116,2023-09-06,2025-12-31,55200.0,6600.0
503467,12315,105,2024-07-11,2025-12-31,86100.0,4900.0
503468,12316,101,2016-10-25,2022-04-29,47100.0,6800.0
503469,12316,101,2022-04-30,2025-12-31,49500.0,6100.0
503470,12317,105,2024-11-06,2025-12-31,96000.0,12400.0
503471,12318,103,2019-04-08,2025-12-31,61900.0,5300.0
503472,12319,104,2019-04-23,2023-04-28,121700.0,11500.0
503473,12319,104,2023-04-29,2025-12-31,123600.0,18100.0
503474,12320,101,2022-12-08,2025-12-31,47900.0,3100.0
503475,12321,110,2020-04-17,2023-09-19,45800.0,5700.0
503476,12321,110,2023-09-20,2025-12-31,54600.0,3400.0
503477,12322,107,2020-04-29,2025-12-31,121800.0,13300.0
503478,12323,105,2024-07-13,2025-12-31,87200.0,13000.0
503479,12324,114,2023-11-06,2025-02-19,40300.0,2800.0
503480,12324,114,2025-02-20,2025-12-31,46700.0,6300.0
503481,12325,109,2018-07-14,2025-12-31,107300.0,11100.0
503482,12326,115,2016-02-22,2025-12-31,84500.0,8200.0
503483,12327,109,2018-05-24,2022-12-15,84400.0,7900.0
503484,12327,109,2022-12-16,2025-12-31,96200.0,13300.0
503485,12328,106,2021-06-23,2025-12-31,82000.0,4500.0
503486,12329,112,2025-12-20,2025-12-31,56900.0,5300.0
503487,12330,102,2017-09-17,2025-12-31,98600.0,12400.0
503488,12331,104,2022-02-23,2024-06-15,104300.0,10200.0
503489,12331,104,2024-06-16,2025-12-31,136900.0,18100.0
503490,12332,110,2022-07-11,2024-08-10,54700.0,3700.0
503491,12332,110,2024-08-11,2025-12-31,57000.0,7400.0
503492,12333,109,2019-03-15,2025-12-31,93000.0,7600.0
503493,12334,113,2021-12-10,2024-05-16,106200.0,14100.0
503494,12334,113,2024-05-17,2025-12-31,116400.0,9100.0
503495,12335,114,2022-09-24,2025-12-31,37200.0,2600.0
503496,12336,105,2022-01-18,2025-12-31,82700.0,5100.0
503497,12337,111,2017-12-16,2022-10-12,96000.0,7800.0
503498,12337,111,2022-10-13,2025-12-31,89500.0,8300.0
503499,12338,108,2019-11-29,2023-07-25,54100.0,7700.0
503500,12338,108,2023-07-26,2025-12-31,55300.0,8300.0
503501,12339,117,2018-08-16,2023-01-18,85000.0,10300.0
503502,12339,117,2023-01-19,2025-12-31,111800.0,10300.0
503503,12340,112,2021-09-08,2024-04-09,59400.0,8700.0
503504,12340,112,2024-04-10,2025-12-31,68500.0,7800.0
503505,12341,115,2025-04-13,2025-12-31,89700.0,11700.0
503506,12342,106,2020-07-27,2025-12-31,86000.0,10000.0
503507,12343,112,2023-08-24,2025-01-20,56500.0,7800.0
503508,12343,112,2025-01-21,2025-12-31,57500.0,3100.0
503509,12344,107,2021-06-23,2024-03-09,148600.0,19200.0
503510,12344,107,2024-03-10,2025-12-31,133700.0,6800.0
503511,12345,105,2017-12-02,2025-12-31,86600.0,5000.0
503512,12346,116,2019-01-02,2025-12-31,54600.0,6300.0
503513,12347,102,2017-12-17,2025-12-31,86200.0,9100.0
503514,12348,116,2018-11-23,2025-12-31,59500.0,3800.0
503515,12349,103,2020-03-21,2025-12-31,70300.0,9500.0
503516,12350,113,2022-07-28,2025-12-31,84900.0,6400.0
503517,12351,107,2021-12-24,2024-05-22,131200.0,18400.0
503518,12351,107,2024-05-23,2025-12-31,126700.0,12500.0
503519,12352,107,2016-03-09,2025-12-31,147400.0,17100.0
503520,12353,107,2019-04-09,2025-12-31,126300.0,9900.0
503521,12354,109,2024-11-19,2025-11-18,95500.0,9100.0
503522,12354,109,2025-11-19,2025-12-31,101400.0,6200.0
503523,12355,105,2023-01-23,2024-10-27,78200.0,11300.0
503524,12355,105,2024-10-28,2025-12-31,104800.0,5300.0
503525,12356,110,2017-10-27,2022-09-22,56100.0,3000.0
503526,12356,110,2022-09-23,2025-12-31,62500.0,5500.0
503527,12357,101,2020-04-23,2025-12-31,47600.0,3500.0
503528,12358,101,2016-08-05,2022-03-27,48200.0,7200.0
503529,12358,101,2022-03-28,2025-12-31,51000.0,6800.0
503530,12359,103,2017-10-11,2025-12-31,64000.0,5400.0
503531,12360,105,2018-09-30,2023-02-05,75000.0,9200.0
503532,12360,105,2023-02-06,2025-12-31,84500.0,5000.0
503533,12361,113,2023-05-05,2024-12-07,86200.0,5900.0
503534,12361,113,2024-12-08,2025-12-31,95100.0,13100.0
503535,12362,115,2021-11-10,2025-12-31,90500.0,12400.0
503536,12363,105,2019-02-20,2025-12-31,77800.0,10900.0
503537,12364,108,2021-03-14,2025-12-31,48300.0,5600.0
503538,12365,113,2019-10-02,2023-07-01,85800.0,5000.0
503539,12365,113,2023-07-02,2025-12-31,105100.0,13900.0
503540,12366,106,2019-01-16,2023-03-20,85100.0,4700.0
503541,12366,106,2023-03-21,2025-12-31,85000.0,5300.0
503542,12367,105,2016-09-25,2025-12-31,95300.0,7900.0
503543,12368,108,2017-09-20,2025-12-31,56500.0,2800.0
503544,12369,103,2017-12-15,2022-10-12,75000.0,7800.0
503545,12369,103,2022-10-13,2025-12-31,76800.0,7300.0
503546,12370,101,2023-10-02,2025-02-05,39000.0,4400.0
503547,12370,101,2025-02-06,2025-12-31,52400.0,6800.0
503548,12371,103,2023-09-25,2025-12-31,66000.0,3400.0
503549,12372,111,2020-03-28,2025-12-31,91500.0,10100.0
503550,12373,102,2025-12-20,2026-12-19,81600.0,4800.0
503551,12373,102,2026-12-20,2025-12-31,106900.0,12300.0
503552,12374,105,2019-11-25,2025-12-31,94200.0,6200.0
503553,12375,106,2024-09-02,2025-09-01,73000.0,6700.0
503554,12375,106,2025-09-02,2025-12-31,96100.0,13300.0
503555,12376,101,2021-08-13,2025-12-31,46400.0,6500.0
503556,12377,107,2024-06-27,2025-12-31,123000.0,14800.0
503557,12378,115,2018-05-17,2025-12-31,85600.0,6600.0
503558,12379,101,2023-12-30,2025-03-12,44200.0,2900.0
503559,12379,101,2025-03-13,2025-12-31,48400.0,3200.0
503560,12380,110,2016-06-27,2022-03-12,44800.0,6500.0
503561,12380,110,2022-03-13,2025-12-31,52200.0,5000.0
503562,12381,107,2024-04-09,2025-04-22,121700.0,14500.0
503563,12381,107,2025-04-23,2025-12-31,130800.0,14800.0
503564,12382,111,2019-07-10,2023-05-29,92400.0,11300.0
503565,12382,111,2023-05-30,2025-12-31,114200.0,11300.0
503566,12383,109,2025-10-24,2025-12-31,103000.0,8200.0
503567,12384,105,2023-03-09,2025-12-31,87900.0,5300.0
503568,12385,114,2017-04-12,2025-12-31,38800.0,3800.0
503569,12386,109,2018-07-01,2022-12-30,98600.0,11500.0
503570,12386,109,2022-12-31,2025-12-31,97500.0,8300.0
503571,12387,113,2016-01-14,2022-01-05,87900.0,11600.0
503572,12387,113,2022-01-06,2025-12-31,114400.0,10800.0
503573,12388,106,2018-08-24,2023-01-21,78400.0,6200.0
503574,12388,106,2023-01-22,2025-12-31,93900.0,5600.0
503575,12389,116,2017-12-28,2022-10-17,54300.0,8100.0
503576,12389,116,2022-10-18,2025-12-31,52000.0,3200.0
503577,12390,112,2021-10-29,2025-12-31,53700.0,6700.0
503578,12391,116,2019-01-25,2025-12-31,50400.0,3600.0
503579,12392,109,2021-07-09,2024-03-16,102100.0,13700.0
503580,12392,109,2024-03-17,2025-12-31,110500.0,10400.0
503581,12393,109,2022-09-29,2024-09-11,93500.0,13200.0
503582,12393,109,2024-09-12,2025-12-31,115000.0,9500.0
503583,12394,112,2025-10-24,2026-10-23,59200.0,5500.0
503584,12394,112,2026-10-24,2025-12-31,61800.0,5700.0
503585,12395,115,2020-10-16,2023-11-30,75900.0,4900.0
503586,12395,115,2023-12-01,2025-12-31,79200.0,6200.0
503587,12396,116,2019-05-16,2023-05-07,49600.0,2900.0
503588,12396,116,2023-05-08,2025-12-31,55900.0,5700.0
503589,12397,106,2019-11-20,2025-12-31,76300.0,4100.0
503590,12398,112,2022-09-18,2024-09-06,59700.0,5000.0
503591,12398,112,2024-09-07,2025-12-31,57300.0,8100.0
503592,12399,107,2025-01-20,2026-01-19,149000.0,19900.0
503593,12399,107,2026-01-20,2025-12-31,152800.0,16800.0
503594,12400,108,2023-12-07,2025-03-03,56200.0,4800.0
503595,12400,108,2025-03-04,2025-12-31,58100.0,3500.0
503596,12401,103,2020-10-21,2023-12-02,69400.0,6700.0
503597,12401,103,2023-12-03,2025-12-31,72700.0,7100.0
503598,12402,106,2022-03-01,2025-12-31,78600.0,7900.0
503599,12403,114,2016-09-08,2025-12-31,46200.0,4700.0
503600,12404,103,2021-10-23,2025-12-31,66200.0,5000.0
503601,12405,110,2018-05-23,2025-12-31,46500.0,6500.0
503602,12406,110,2022-01-23,2024-06-03,53500.0,5700.0
503603,12406,110,2024-06-04,2025-12-31,49400.0,6000.0
503604,12407,104,2023-06-26,2025-12-31,125500.0,11500.0
503605,12408,107,2021-08-04,2025-12-31,145600.0,11200.0
503606,12409,108,2024-04-08,2025-04-21,47900.0,7100.0
503607,12409,108,2025-04-22,2025-12-31,54800.0,6900.0
503608,12410,105,2021-04-26,2024-02-15,79000.0,11200.0
503609,12410,105,2024-02-16,2025-12-31,92400.0,9800.0
503610,12411,112,2024-11-09,2025-11-08,52600.0,6600.0
503611,12411,112,2025-11-09,2025-12-31,58100.0,5800.0
503612,12412,116,2021-09-04,2024-04-08,57900.0,7200.0
503613,12412,116,2024-04-09,2025-12-31,62300.0,4200.0
503614,12413,105,2025-05-24,2026-05-23,74200.0,6000.0
503615,12413,105,2026-05-24,2025-12-31,89500.0,12700.0
503616,12414,106,2018-12-21,2025-12-31,82000.0,8300.0
503617,12415,109,2018-07-01,2022-12-30,83300.0,10800.0
503618,12415,109,2022-12-31,2025-12-31,109700.0,12600.0
503619,12416,113,2021-11-10,2025-12-31,108500.0,9700.0
503620,12417,106,2022-11-12,2024-09-28,89500.0,10400.0
503621,12417,106,2024-09-29,2025-12-31,95600.0,6900.0
503622,12418,102,2020-01-15,2023-08-12,87500.0,7100.0
503623,12418,102,2023-08-13,2025-12-31,109200.0,11000.0
503624,12419,108,2016-12-23,2025-12-31,50500.0,2700.0
503625,12420,116,2016-03-25,2022-02-02,49000.0,5600.0
503626,12420,116,2022-02-03,2025-12-31,53400.0,4700.0
503627,12421,105,2018-08-04,2025-12-31,76400.0,4400.0
503628,12422,108,2016-10-06,2025-12-31,55800.0,7900.0
503629,12423,117,2021-02-09,2025-12-31,106600.0,7900.0
503630,12424,110,2025-01-10,2026-01-09,55400.0,7300.0
503631,12424,110,2026-01-10,2025-12-31,58400.0,5900.0
503632,12425,112,2016-11-28,2022-05-12,51900.0,3400.0
503633,12425,112,2022-05-13,2025-12-31,53400.0,6800.0
503634,12426,109,2023-10-13,2025-02-09,91800.0,13600.0
503635,12426,109,2025-02-10,2025-12-31,102400.0,6600.0
503636,12427,116,2020-05-24,2025-12-31,57300.0,4500.0
503637,12428,110,2017-03-08,2025-12-31,47800.0,5700.0
503638,12429,115,2017-06-12,2022-07-30,81100.0,8300.0
503639,12429,115,2022-07-31,2025-12-31,96400.0,11100.0
503640,12430,110,2016-12-30,2025-12-31,46600.0,5400.0
503641,12431,112,2021-02-12,2024-01-17,54800.0,5600.0
503642,12431,112,2024-01-18,2025-12-31,53100.0,3000.0
503643,12432,105,2025-04-15,2025-12-31,80000.0,6800.0
503644,12433,107,2022-08-03,2025-12-31,122700.0,8500.0
503645,12434,112,2022-01-19,2024-06-01,48700.0,6900.0
503646,12434,112,2024-06-02,2025-12-31,67700.0,6400.0
503647,12435,107,2020-09-11,2023-11-16,131500.0,7900.0
503648,12435,107,2023-11-17,2025-12-31,141800.0,8100.0
503649,12436,108,2017-07-23,2025-12-31,49900.0,5100.0
503650,12437,107,2018-03-18,2022-11-18,133400.0,6700.0
503651,12437,107,2022-11-19,2025-12-31,162100.0,16200.0
503652,12438,112,2017-06-20,2022-08-02,52800.0,2900.0
503653,12438,112,2022-08-03,2025-12-31,61100.0,3800.0
503654,12439,103,2021-02-01,2024-01-13,65400.0,8300.0
503655,12439,103,2024-01-14,2025-12-31,75400.0,10200.0
503656,12440,113,2022-11-03,2025-12-31,109600.0,8300.0
503657,12441,111,2018-06-24,2025-12-31,91800.0,8500.0
503658,12442,105,2023-02-05,2025-12-31,76900.0,7500.0
503659,12443,108,2019-05-19,2025-12-31,46900.0,6400.0
503660,12444,107,2024-12-23,2025-12-22,138000.0,19700.0
503661,12444,107,2025-12-23,2025-12-31,154200.0,21400.0
503662,12445,105,2020-06-10,2023-10-10,84600.0,9000.0
503663,12445,105,2023-10-11,2025-12-31,97900.0,6000.0
503664,12446,105,2019-03-21,2025-12-31,76900.0,4400.0
503665,12447,102,2023-01-22,2024-10-27,92500.0,13500.0
503666,12447,102,2024-10-28,2025-12-31,104300.0,11400.0
503667,12448,116,2016-12-01,2022-05-13,48100.0,5300.0
503668,12448,116,2022-05-14,2025-12-31,54000.0,6500.0
503669,12449,101,2025-04-19,2026-04-18,42600.0,5400.0
503670,12449,101,2026-04-19,2025-12-31,53300.0,4500.0
503671,12450,111,2016-11-28,2022-05-12,104600.0,13200.0
503672,12450,111,2022-05-13,2025-12-31,110900.0,8000.0
503673,12451,106,2022-02-19,2024-06-14,70400.0,4300.0
503674,12451,106,2024-06-15,2025-12-31,81000.0,6500.0
503675,12452,111,2018-11-09,2025-12-31,91400.0,10900.0
503676,12453,105,2025-12-30,2025-12-31,79100.0,5100.0
503677,12454,110,2019-02-15,2023-04-01,56000.0,6500.0
503678,12454,110,2023-04-02,2025-12-31,55200.0,7300.0
503679,12455,112,2023-08-27,2025-01-21,51300.0,5500.0
503680,12455,112,2025-01-22,2025-12-31,65300.0,5000.0
503681,12456,110,2025-12-05,2026-12-04,50500.0,3200.0
503682,12456,110,2026-12-05,2025-12-31,59600.0,6400.0
503683,12457,103,2017-11-23,2025-12-31,75700.0,9300.0
503684,12458,111,2024-01-29,2025-03-24,91300.0,7500.0
503685,12458,111,2025-03-25,2025-12-31,110800.0,13500.0
503686,12459,107,2021-06-21,2024-03-09,143800.0,13100.0
503687,12459,107,2024-03-10,2025-12-31,157400.0,8400.0
503688,12460,101,2018-09-02,2023-01-24,47500.0,2900.0
503689,12460,101,2023-01-25,2025-12-31,51300.0,6300.0
503690,12461,106,2024-06-12,2025-12-31,86200.0,8700.0
503691,12462,108,2024-05-28,2025-12-31,54000.0,5400.0
503692,12463,108,2023-03-08,2025-12-31,58800.0,4400.0
503693,12464,111,2025-11-19,2025-12-31,86900.0,5100.0
503694,12465,105,2022-02-02,2025-12-31,76500.0,9100.0
503695,12466,106,2024-08-14,2025-08-13,86600.0,11000.0
503696,12466,106,2025-08-14,2025-12-31,79200.0,7700.0
503697,12467,101,2019-12-30,2023-08-06,43700.0,5200.0
503698,12467,101,2023-08-07,2025-12-31,45500.0,6000.0
503699,12468,111,2016-08-31,2022-04-07,81800.0,4300.0
503700,12468,111,2022-04-08,2025-12-31,96600.0,9300.0
503701,12469,109,2025-11-13,2026-11-12,107900.0,16200.0
503702,12469,109,2026-11-13,2025-12-31,105500.0,11300.0
503703,12470,106,2025-04-13,2025-12-31,85200.0,5700.0
503704,12471,110,2023-03-24,2025-12-31,47300.0,4400.0
503705,12472,109,2017-08-06,2025-12-31,100900.0,6600.0
503706,12473,109,2018-01-12,2022-10-23,104600.0,13900.0
503707,12473,109,2022-10-24,2025-12-31,105600.0,12300.0
503708,12474,108,2022-10-10,2025-12-31,52700.0,4000.0
503709,12475,110,2018-08-01,2023-01-12,56900.0,7600.0
503710,12475,110,2023-01-13,2025-12-31,55500.0,4000.0
503711,12476,110,2023-06-04,2025-12-31,52700.0,4800.0
503712,12477,106,2021-05-08,2024-02-20,84800.0,6900.0
503713,12477,106,2024-02-21,2025-12-31,89900.0,9600.0
503714,12478,103,2020-01-26,2025-12-31,69600.0,7900.0
503715,12479,103,2018-04-16,2022-11-30,71900.0,5000.0
503716,12479,103,2022-12-01,2025-12-31,73600.0,7500.0
503717,12480,111,2024-07-11,2025-12-31,99300.0,12000.0
503718,12481,114,2016-09-13,2022-04-12,41100.0,3200.0
503719,12481,114,2022-04-13,2025-12-31,45400.0,5200.0
503720,12482,105,2025-09-24,2026-09-23,84800.0,11700.0
503721,12482,105,2026-09-24,2025-12-31,99000.0,12100.0
503722,12483,104,2016-05-04,2025-12-31,108300.0,13600.0
503723,12484,113,2017-09-04,2022-09-01,86100.0,7200.0
503724,12484,113,2022-09-02,2025-12-31,98700.0,10100.0
503725,12485,112,2017-04-28,2022-07-12,62000.0,8400.0
503726,12485,112,2022-07-13,2025-12-31,68400.0,8900.0
503727,12486,115,2018-05-21,2025-12-31,79800.0,8000.0
503728,12487,110,2025-01-17,2026-01-16,52700.0,6800.0
503729,12487,110,2026-01-17,2025-12-31,55900.0,4500.0
503730,12488,114,2022-10-09,2025-12-31,37500.0,4600.0
503731,12489,102,2021-08-09,2024-03-28,99600.0,14200.0
503732,12489,102,2024-03-29,2025-12-31,89300.0,13400.0
503733,12490,104,2017-08-16,2025-12-31,115000.0,15200.0
503734,12491,103,2024-01-31,2025-03-25,77500.0,7400.0
503735,12491,103,2025-03-26,2025-12-31,84000.0,7400.0
503736,12492,112,2025-02-15,2025-12-31,53900.0,4600.0
503737,12493,102,2024-11-08,2025-12-31,94800.0,12700.0
503738,12494,108,2022-03-31,2025-12-31,58900.0,7300.0
503739,12495,108,2018-07-07,2023-01-02,56700.0,2900.0
503740,12495,108,2023-01-03,2025-12-31,63400.0,5300.0
503741,12496,107,2017-02-10,2025-12-31,141200.0,16100.0
503742,12497,114,2018-02-15,2025-12-31,46800.0,4100.0
503743,12498,103,2024-11-23,2025-12-31,63000.0,6100.0
503744,12499,107,2018-11-05,2023-02-19,137200.0,11300.0
503745,12499,107,2023-02-20,2025-12-31,159600.0,13500.0
503746,12500,112,2020-04-17,2023-09-19,55000.0,3700.0
503747,12500,112,2023-09-20,2025-12-31,55900.0,7200.0
503748,12501,102,2019-01-03,2023-03-15,83100.0,4400.0
503749,12501,102,2023-03-16,2025-12-31,98200.0,12200.0
503750,12502,111,2018-03-23,2022-11-20,87100.0,7800.0
503751,12502,111,2022-11-21,2025-12-31,115100.0,10600.0
503752,12503,113,2020-09-28,2023-11-23,99300.0,13000.0
503753,12503,113,2023-11-24,2025-12-31,93700.0,9900.0
503754,12504,114,2022-05-10,2025-12-31,39200.0,5600.0
503755,12505,114,2018-06-21,2025-12-31,42600.0,6200.0
503756,12506,106,2022-07-09,2024-08-09,84500.0,11100.0
503757,12506,106,2024-08-10,2025-12-31,87200.0,4400.0
503758,12507,109,2022-10-14,2025-12-31,86700.0,9200.0
503759,12508,102,2022-07-31,2025-12-31,90800.0,10300.0
503760,12509,105,2018-08-26,2023-01-22,75800.0,10200.0
503761,12509,105,2023-01-23,2025-12-31,82200.0,6400.0
503762,12510,104,2016-02-13,2025-12-31,110100.0,12900.0
503763,12511,105,2020-09-10,2023-11-16,79700.0,8000.0
503764,12511,105,2023-11-17,2025-12-31,96700.0,14100.0
503765,12512,114,2017-05-17,2025-12-31,37900.0,3300.0
503766,12513,106,2022-12-15,2024-10-11,74300.0,7500.0
503767,12513,106,2024-10-12,2025-12-31,83200.0,6600.0
503768,12514,109,2021-12-15,2025-12-31,97500.0,7400.0
503769,12515,109,2022-01-08,2024-05-28,103200.0,14300.0
503770,12515,109,2024-05-29,2025-12-31,109900.0,10200.0
503771,12516,108,2016-08-18,2025-12-31,59100.0,3900.0
503772,12517,117,2021-04-25,2025-12-31,104200.0,9000.0
503773,12518,105,2025-03-06,2026-03-05,86300.0,6700.0
503774,12518,105,2026-03-06,2025-12-31,84500.0,12300.0
503775,12519,111,2025-06-16,2026-06-15,92600.0,5800.0
503776,12519,111,2026-06-16,2025-12-31,102700.0,12800.0
503777,12520,109,2020-10-02,2023-11-25,92100.0,6300.0
503778,12520,109,2023-11-26,2025-12-31,100900.0,13700.0
503779,12521,102,2022-11-02,2024-09-24,78900.0,8200.0
503780,12521,102,2024-09-25,2025-12-31,101200.0,8400.0
503781,12522,108,2017-10-18,2025-12-31,46500.0,3900.0
503782,12523,113,2025-03-28,2026-03-27,90600.0,8000.0
503783,12523,113,2026-03-28,2025-12-31,107100.0,6400.0
503784,12524,104,2017-01-11,2022-05-30,116400.0,10500.0
503785,12524,104,2022-05-31,2025-12-31,112000.0,8200.0
503786,12525,102,2021-12-18,2025-12-31,79400.0,8000.0
503787,12526,104,2020-01-10,2023-08-10,120400.0,15500.0
503788,12526,104,2023-08-11,2025-12-31,128500.0,11400.0
503789,12527,112,2022-10-29,2025-12-31,57200.0,4800.0
503790,12528,113,2017-12-19,2025-12-31,110000.0,9000.0
503791,12529,108,2024-03-31,2025-12-31,53000.0,5100.0
503792,12530,109,2025-05-16,2026-05-15,90200.0,12800.0
503793,12530,109,2026-05-16,2025-12-31,111600.0,10500.0
503794,12531,115,2018-09-25,2025-12-31,87500.0,6700.0
503795,12532,113,2017-01-06,2022-05-28,106200.0,13900.0
503796,12532,113,2022-05-29,2025-12-31,121400.0,6300.0
503797,12533,112,2024-11-19,2025-12-31,58100.0,6300.0
503798,12534,113,2020-03-09,2025-12-31,88200.0,4400.0
503799,12535,111,2019-06-19,2023-05-20,90300.0,7500.0
503800,12535,111,2023-05-21,2025-12-31,112700.0,6600.0
503801,12536,108,2025-10-12,2026-10-11,59400.0,6000.0
503802,12536,108,2026-10-12,2025-12-31,52600.0,4200.0
503803,12537,115,2016-10-29,2025-12-31,72000.0,10600.0
503804,12538,115,2022-11-05,2025-12-31,87100.0,8700.0
503805,12539,102,2022-10-31,2025-12-31,92200.0,10700.0
503806,12540,102,2025-09-15,2025-12-31,98700.0,5200.0
503807,12541,116,2022-09-22,2024-09-08,49400.0,2500.0
503808,12541,116,2024-09-09,2025-12-31,64100.0,5200.0
503809,12542,105,2017-10-15,2022-09-18,75800.0,11300.0
503810,12542,105,2022-09-19,2025-12-31,101300.0,10900.0
503811,12543,114,2022-07-22,2025-12-31,45500.0,5300.0
503812,12544,106,2017-11-08,2022-09-27,84100.0,9000.0
503813,12544,106,2022-09-28,2025-12-31,92600.0,9700.0
503814,12545,104,2023-03-26,2025-12-31,115000.0,12300.0
503815,12546,104,2022-10-29,2025-12-31,107700.0,8800.0
503816,12547,104,2022-09-11,2025-12-31,113800.0,8200.0
503817,12548,107,2018-08-12,2025-12-31,143100.0,15400.0
503818,12549,109,2019-09-03,2025-12-31,90200.0,12700.0
503819,12550,110,2025-10-14,2025-12-31,50600.0,5900.0
503820,12551,117,2023-04-13,2024-11-28,84300.0,5900.0
503821,12551,117,2024-11-29,2025-12-31,93300.0,9400.0
503822,12552,109,2025-01-30,2025-12-31,92400.0,9500.0
503823,12553,108,2018-12-28,2023-03-12,56800.0,3000.0
503824,12553,108,2023-03-13,2025-12-31,60400.0,5600.0
503825,12554,109,2024-01-21,2025-03-21,96000.0,12300.0
503826,12554,109,2025-03-22,2025-12-31,102500.0,8900.0
503827,12555,108,2023-06-26,2024-12-28,54300.0,7200.0
503828,12555,108,2024-12-29,2025-12-31,59200.0,3900.0
503829,12556,108,2019-12-13,2025-12-31,46400.0,6200.0
503830,12557,102,2025-12-11,2025-12-31,92400.0,12800.0
503831,12558,101,2018-09-01,2023-01-24,41300.0,3400.0
503832,12558,101,2023-01-25,2025-12-31,52500.0,5200.0
503833,12559,103,2023-06-28,2024-12-28,62700.0,8200.0
503834,12559,103,2024-12-29,2025-12-31,66200.0,5500.0
503835,12560,104,2025-09-21,2026-09-20,100400.0,6700.0
503836,12560,104,2026-09-21,2025-12-31,122200.0,11300.0
503837,12561,110,2016-02-01,2025-12-31,53900.0,7500.0
503838,12562,107,2024-01-10,2025-03-17,117900.0,9700.0
503839,12562,107,2025-03-18,2025-12-31,147500.0,8800.0
503840,12563,115,2024-07-07,2025-12-31,83900.0,10500.0
503841,12564,114,2017-02-14,2022-06-12,41300.0,5400.0
503842,12564,114,2022-06-13,2025-12-31,43800.0,3900.0
503843,12565,117,2018-05-22,2022-12-14,96800.0,13100.0
503844,12565,117,2022-12-15,2025-12-31,91900.0,10200.0
503845,12566,114,2016-10-01,2025-12-31,42300.0,3400.0
503846,12567,106,2019-03-13,2025-12-31,70400.0,5000.0
503847,12568,109,2021-09-01,2025-12-31,90300.0,11900.0
503848,12569,104,2024-03-13,2025-04-11,120500.0,14300.0
503849,12569,104,2025-04-12,2025-12-31,121400.0,12400.0
503850,12570,113,2023-12-17,2025-03-07,87600.0,10700.0
503851,12570,113,2025-03-08,2025-12-31,117100.0,14300.0
503852,12571,115,2024-11-23,2025-12-31,91200.0,11700.0
503853,12572,114,2023-09-10,2025-12-31,38700.0,4800.0
503854,12573,109,2018-10-07,2025-12-31,86700.0,12200.0
503855,12574,113,2023-05-09,2024-12-08,95800.0,5000.0
503856,12574,113,2024-12-09,2025-12-31,107900.0,9800.0
503857,12575,103,2020-02-12,2025-12-31,73700.0,9300.0
503858,12576,102,2020-04-02,2025-12-31,80600.0,7400.0
503859,12577,112,2018-10-14,2025-12-31,57400.0,6800.0
503860,12578,108,2020-07-23,2023-10-27,50600.0,7400.0
503861,12578,108,2023-10-28,2025-12-31,63600.0,4200.0
503862,12579,117,2022-02-24,2025-12-31,95200.0,9000.0
503863,12580,103,2022-04-11,2024-07-04,71500.0,10500.0
503864,12580,103,2024-07-05,2025-12-31,83300.0,11500.0
503865,12581,114,2019-01-14,2025-12-31,37000.0,3500.0
503866,12582,108,2020-08-31,2025-12-31,57800.0,8200.0
503867,12583,113,2025-07-14,2026-07-13,92400.0,7700.0
503868,12583,113,2026-07-14,2025-12-31,109500.0,8500.0
503869,12584,112,2017-05-24,2025-12-31,53900.0,8000.0
503870,12585,115,2022-09-04,2024-09-01,75900.0,7700.0
503871,12585,115,2024-09-02,2025-12-31,99800.0,8500.0
503872,12586,107,2024-06-20,2025-12-31,129900.0,17600.0
503873,12587,117,2022-09-22,2024-09-08,94700.0,7400.0
503874,12587,117,2024-09-09,2025-12-31,97000.0,8900.0
503875,12588,103,2024-10-16,2025-10-15,74100.0,9200.0
503876,12588,103,2025-10-16,2025-12-31,73000.0,10900.0
503877,12589,103,2018-02-05,2025-12-31,76500.0,8300.0
503878,12590,109,2024-07-24,2025-07-23,90700.0,4700.0
503879,12590,109,2025-07-24,2025-12-31,108600.0,11400.0
503880,12591,113,2019-01-30,2025-12-31,99500.0,6300.0
503881,12592,109,2019-03-20,2025-12-31,91900.0,9300.0
503882,12593,112,2021-06-27,2024-03-11,48200.0,6600.0
503883,12593,112,2024-03-12,2025-12-31,55000.0,6000.0
503884,12594,112,2017-03-07,2025-12-31,51100.0,4700.0
503885,12595,105,2022-01-21,2024-06-02,75600.0,7000.0
503886,12595,105,2024-06-03,2025-12-31,92800.0,4900.0
503887,12596,117,2021-11-08,2024-05-04,85200.0,11900.0
503888,12596,117,2024-05-05,2025-12-31,109100.0,6100.0
503889,12597,101,2024-12-01,2025-12-31,42900.0,3100.0
503890,12598,114,2017-08-26,2022-08-29,43500.0,2500.0
503891,12598,114,2022-08-30,2025-12-31,41200.0,4600.0
503892,12599,105,2018-12-09,2025-12-31,84400.0,7700.0
503893,12600,108,2022-04-28,2025-12-31,49400.0,3700.0
503894,12601,109,2021-01-25,2025-12-31,99100.0,5500.0
503895,12602,103,2018-02-21,2025-12-31,74700.0,5800.0
503896,12603,107,2024-05-11,2025-05-10,121900.0,13800.0
503897,12603,107,2025-05-11,2025-12-31,152100.0,8600.0
503898,12604,107,2018-12-20,2025-12-31,138000.0,7400.0
503899,12605,105,2019-10-02,2025-12-31,87400.0,8100.0
503900,12606,106,2025-05-23,2025-12-31,75900.0,4300.0
503901,12607,109,2017-03-07,2025-12-31,98100.0,14600.0
503902,12608,113,2021-06-30,2024-03-12,94800.0,9100.0
503903,12608,113,2024-03-13,2025-12-31,117500.0,10700.0
503904,12609,108,2025-08-31,2025-12-31,48200.0,4400.0
503905,12610,114,2022-05-31,2024-07-24,47400.0,3200.0
503906,12610,114,2024-07-25,2025-12-31,45600.0,2700.0
503907,12611,111,2017-03-05,2025-12-31,96300.0,14100.0
503908,12612,110,2024-07-02,2025-07-01,46500.0,4100.0
503909,12612,110,2025-07-02,2025-12-31,57800.0,4800.0
503910,12613,110,2022-09-14,2025-12-31,46400.0,5100.0
503911,12614,109,2016-12-05,2022-05-15,95600.0,10200.0
503912,12614,109,2022-05-16,2025-12-31,92700.0,13200.0
503913,12615,110,2019-03-05,2025-12-31,50100.0,5200.0
503914,12616,101,2016-05-22,2022-02-25,44500.0,4100.0
503915,12616,101,2022-02-26,2025-12-31,47300.0,6200.0
503916,12617,114,2021-02-10,2024-01-16,38800.0,4000.0
503917,12617,114,2024-01-17,2025-12-31,48900.0,2600.0
503918,12618,113,2024-03-16,2025-12-31,92300.0,11600.0
503919,12619,105,2022-10-07,2024-09-14,92300.0,8300.0
503920,12619,105,2024-09-15,2025-12-31,101300.0,12300.0
503921,12620,113,2018-11-01,2025-12-31,105600.0,10400.0
503922,12621,101,2018-01-17,2022-10-25,47600.0,4100.0
503923,12621,101,2022-10-26,2025-12-31,43700.0,5900.0
503924,12622,105,2025-02-04,2026-02-03,76600.0,8800.0
503925,12622,105,2026-02-04,2025-12-31,102900.0,14000.0
503926,12623,102,2017-03-07,2025-12-31,80300.0,9600.0
503927,12624,112,2023-04-20,2025-12-31,50900.0,7100.0
503928,12625,112,2020-07-13,2023-10-23,53300.0,3200.0
503929,12625,112,2023-10-24,2025-12-31,67200.0,3600.0
503930,12626,113,2016-09-29,2022-04-18,106800.0,8000.0
503931,12626,113,2022-04-19,2025-12-31,96100.0,6000.0
503932,12627,101,2024-07-28,2025-07-27,43700.0,5300.0
503933,12627,101,2025-07-28,2025-12-31,45600.0,5500.0
503934,12628,108,2022-01-09,2025-12-31,58100.0,6600.0
503935,12629,110,2021-07-28,2025-12-31,57500.0,6200.0
503936,12630,103,2020-08-19,2023-11-07,76500.0,10300.0
503937,12630,103,2023-11-08,2025-12-31,67500.0,9700.0
503938,12631,111,2025-06-10,2026-06-09,88900.0,7500.0
503939,12631,111,2026-06-10,2025-12-31,97700.0,9900.0
503940,12632,103,2018-03-21,2025-12-31,67500.0,6200.0
503941,12633,107,2019-11-26,2025-12-31,115100.0,16700.0
503942,12634,108,2019-07-28,2025-12-31,55900.0,5200.0
503943,12635,110,2025-11-26,2025-12-31,44200.0,2500.0
503944,12636,103,2025-02-25,2025-12-31,73200.0,5600.0
503945,12637,107,2022-03-18,2025-12-31,133600.0,13700.0
503946,12638,106,2018-12-25,2025-12-31,89900.0,13400.0
503947,12639,107,2017-02-23,2025-12-31,134200.0,11000.0
503948,12640,107,2017-03-29,2025-12-31,136800.0,11100.0
503949,12641,105,2021-10-21,2025-12-31,87500.0,12300.0
503950,12642,111,2017-05-08,2022-07-16,98100.0,9300.0
503951,12642,111,2022-07-17,2025-12-31,92600.0,7600.0
503952,12643,109,2025-07-06,2026-07-05,90800.0,5200.0
503953,12643,109,2026-07-06,2025-12-31,116700.0,7000.0
503954,12644,113,2021-02-25,2025-12-31,108000.0,10500.0
503955,12645,112,2016-03-18,2022-01-30,56500.0,4200.0
503956,12645,112,2022-01-31,2025-12-31,55500.0,5900.0
503957,12646,104,2020-08-09,2023-11-03,118100.0,12900.0
503958,12646,104,2023-11-04,2025-12-31,133100.0,7400.0
503959,12647,102,2016-01-12,2022-01-04,91700.0,12700.0
503960,12647,102,2022-01-05,2025-12-31,107300.0,12700.0
503961,12648,115,2020-11-02,2025-12-31,85600.0,6100.0
503962,12649,101,2023-01-13,2025-12-31,44400.0,3900.0
503963,12650,103,2018-04-06,2025-12-31,74900.0,4300.0
503964,12651,101,2020-02-28,2025-12-31,41300.0,3000.0
503965,12652,111,2024-01-06,2025-12-31,91900.0,12000.0
503966,12653,108,2020-03-13,2023-09-05,58200.0,7800.0
503967,12653,108,2023-09-06,2025-12-31,58600.0,7100.0
503968,12654,116,2025-02-22,2025-12-31,52300.0,5200.0
503969,12655,114,2023-04-11,2025-12-31,41100.0,6000.0
503970,12656,107,2023-01-10,2024-10-22,129100.0,15700.0
503971,12656,107,2024-10-23,2025-12-31,143000.0,10900.0
503972,12657,106,2024-02-19,2025-04-02,87500.0,9200.0
503973,12657,106,2025-04-03,2025-12-31,83600.0,9800.0
503974,12658,107,2020-10-25,2025-12-31,134600.0,12000.0
503975,12659,104,2021-12-10,2024-05-16,114800.0,10600.0
503976,12659,104,2024-05-17,2025-12-31,120100.0,8800.0
503977,12660,104,2023-05-19,2024-12-12,119800.0,11700.0
503978,12660,104,2024-12-13,2025-12-31,109800.0,6000.0
503979,12661,104,2021-05-05,2024-02-19,110900.0,12400.0
503980,12661,104,2024-02-20,2025-12-31,110900.0,10400.0
503981,12662,104,2018-05-19,2022-12-13,97700.0,13300.0
503982,12662,104,2022-12-14,2025-12-31,127600.0,16300.0
503983,12663,106,2018-03-02,2022-11-12,75800.0,7200.0
503984,12663,106,2022-11-13,2025-12-31,91100.0,9400.0
503985,12664,107,2018-04-15,2025-12-31,120500.0,11700.0
503986,12665,117,2019-06-24,2025-12-31,95600.0,6700.0
503987,12666,108,2020-11-14,2023-12-12,56600.0,3600.0
503988,12666,108,2023-12-13,2025-12-31,59500.0,8700.0
503989,12667,117,2024-04-13,2025-04-23,83900.0,9500.0
503990,12667,117,2025-04-24,2025-12-31,92400.0,6400.0
503991,12668,107,2019-12-02,2023-07-26,121000.0,16400.0
503992,12668,107,2023-07-27,2025-12-31,154800.0,13000.0
503993,12669,109,2025-06-27,2025-12-31,99600.0,9400.0
503994,12670,107,2020-11-16,2023-12-13,140600.0,12300.0
503995,12670,107,2023-12-14,2025-12-31,138200.0,10900.0
503996,12671,105,2017-10-05,2022-09-14,90200.0,5800.0
503997,12671,105,2022-09-15,2025-12-31,93800.0,4800.0
503998,12672,104,2021-04-01,2025-12-31,107500.0,12200.0
503999,12673,117,2023-07-03,2024-12-30,89500.0,5500.0
504000,12673,117,2024-12-31,2025-12-31,109000.0,6600.0
504001,12674,117,2017-05-29,2025-12-31,86200.0,12400.0
504002,12675,102,2021-11-05,2024-05-02,81200.0,4400.0
504003,12675,102,2024-05-03,2025-12-31,94600.0,13200.0
504004,12676,103,2017-12-25,2022-10-16,74200.0,6800.0
504005,12676,103,2022-10-17,2025-12-31,81900.0,11300.0
504006,12677,108,2019-08-14,2025-12-31,47000.0,6100.0
504007,12678,106,2022-05-23,2024-07-21,75600.0,8700.0
504008,12678,106,2024-07-22,2025-12-31,86200.0,9200.0
504009,12679,107,2023-03-05,2025-12-31,143700.0,12400.0
504010,12680,104,2023-06-12,2025-12-31,98000.0,9300.0
504011,12681,108,2020-09-16,2025-12-31,56000.0,7800.0
504012,12682,105,2016-07-11,2022-03-17,93800.0,10900.0
504013,12682,105,2022-03-18,2025-12-31,82900.0,7300.0
504014,12683,107,2022-12-20,2024-10-13,127300.0,7800.0
504015,12683,107,2024-10-14,2025-12-31,147700.0,9300.0
504016,12684,104,2017-04-01,2025-12-31,122000.0,11900.0
504017,12685,108,2018-04-30,2022-12-05,53700.0,5900.0
504018,12685,108,2022-12-06,2025-12-31,64300.0,3600.0
504019,12686,117,2018-05-09,2025-12-31,97000.0,6500.0
504020,12687,105,2016-10-11,2022-04-23,89100.0,7500.0
504021,12687,105,2022-04-24,2025-12-31,105600.0,14700.0
504022,12688,115,2018-11-12,2025-12-31,85800.0,5700.0
504023,12689,115,2016-09-14,2025-12-31,81800.0,8400.0
504024,12690,117,2018-07-03,2025-12-31,83000.0,8300.0
504025,12691,112,2017-06-11,2025-12-31,50200.0,2900.0
504026,12692,110,2023-05-02,2025-12-31,51500.0,4300.0
504027,12693,114,2021-01-14,2025-12-31,40200.0,4100.0
504028,12694,101,2022-12-01,2024-10-06,38800.0,3600.0
504029,12694,101,2024-10-07,2025-12-31,49300.0,6200.0
504030,12695,109,2019-05-13,2023-05-06,89800.0,9900.0
504031,12695,109,2023-05-07,2025-12-31,101600.0,7500.0
504032,12696,116,2016-04-22,2025-12-31,53500.0,3700.0
504033,12697,112,2017-07-16,2025-12-31,59500.0,7500.0
504034,12698,116,2019-07-29,2025-12-31,53300.0,6800.0
504035,12699,113,2023-10-17,2025-12-31,99400.0,11500.0
504036,12700,114,2019-11-21,2023-07-21,37000.0,5300.0
504037,12700,114,2023-07-22,2025-12-31,52000.0,6700.0
504038,12701,110,2019-08-10,2023-06-10,46200.0,4000.0
504039,12701,110,2023-06-11,2025-12-31,59300.0,5000.0
504040,12702,113,2018-07-06,2025-12-31,102000.0,11500.0
504041,12703,109,2020-06-25,2025-12-31,105300.0,12800.0
504042,12704,115,2019-03-25,2023-04-16,92300.0,6700.0
504043,12704,115,2023-04-17,2025-12-31,87900.0,11700.0
504044,12705,113,2022-05-23,2024-07-21,101100.0,9700.0
504045,12705,113,2024-07-22,2025-12-31,110800.0,16200.0
504046,12706,115,2020-05-12,2025-12-31,78200.0,4400.0
504047,12707,111,2016-11-02,2025-12-31,95400.0,6400.0
504048,12708,106,2020-11-30,2025-12-31,69900.0,4800.0
504049,12709,101,2023-09-04,2025-12-31,43400.0,3600.0
504050,12710,115,2024-05-31,2025-12-31,90700.0,10700.0
504051,12711,109,2018-10-19,2023-02-12,99400.0,11900.0
504052,12711,109,2023-02-13,2025-12-31,112600.0,9100.0
504053,12712,106,2017-03-13,2022-06-23,83300.0,5200.0
504054,12712,106,2022-06-24,2025-12-31,86600.0,6300.0
504055,12713,104,2022-02-03,2024-06-07,110400.0,15400.0
504056,12713,104,2024-06-08,2025-12-31,128300.0,8600.0
504057,12714,112,2022-11-01,2025-12-31,55100.0,3900.0
504058,12715,112,2023-07-08,2025-12-31,50600.0,4400.0
504059,12716,112,2018-07-07,2025-12-31,57400.0,5600.0
504060,12717,110,2019-05-26,2023-05-11,48000.0,7100.0
504061,12717,110,2023-05-12,2025-12-31,53600.0,6000.0
504062,12718,105,2016-10-17,2022-04-25,74100.0,10700.0
504063,12718,105,2022-04-26,2025-12-31,83100.0,9600.0
504064,12719,105,2021-04-13,2025-12-31,90400.0,11800.0
504065,12720,101,2018-09-06,2025-12-31,43900.0,6100.0
504066,12721,113,2020-12-01,2025-12-31,95900.0,9400.0
504067,12722,104,2020-09-17,2023-11-19,104800.0,6400.0
504068,12722,104,2023-11-20,2025-12-31,114700.0,15400.0
504069,12723,111,2024-03-31,2025-12-31,101900.0,12700.0
504070,12724,109,2022-03-09,2024-06-21,87500.0,9300.0
504071,12724,109,2024-06-22,2025-12-31,117000.0,15700.0
504072,12725,109,2018-03-13,2025-12-31,102100.0,10500.0
504073,12726,115,2024-12-15,2025-12-14,78000.0,8400.0
504074,12726,115,2025-12-15,2025-12-31,86500.0,11100.0
504075,12727,101,2022-10-06,2024-09-13,40000.0,5100.0
504076,12727,101,2024-09-14,2025-12-31,51500.0,3900.0
504077,12728,113,2022-06-10,2025-12-31,95000.0,11200.0
504078,12729,102,2018-03-25,2025-12-31,81900.0,11300.0
504079,12730,102,2025-07-16,2025-12-31,82200.0,9600.0
504080,12731,108,2020-06-06,2025-12-31,57200.0,7200.0
504081,12732,101,2024-12-18,2025-12-17,40900.0,4300.0
504082,12732,101,2025-12-18,2025-12-31,50000.0,7200.0
504083,12733,112,2019-03-12,2023-04-11,52200.0,3600.0
504084,12733,112,2023-04-12,2025-12-31,53500.0,3000.0
504085,12734,109,2019-09-15,2025-12-31,87200.0,11800.0
504086,12735,102,2019-07-24,2025-12-31,98800.0,9200.0
504087,12736,102,2021-10-07,2025-12-31,90700.0,13500.0
504088,12737,110,2024-12-26,2025-12-31,52200.0,5800.0
504089,12738,112,2018-10-29,2023-02-16,58500.0,8700.0
504090,12738,112,2023-02-17,2025-12-31,54700.0,6200.0
504091,12739,109,2019-09-10,2025-12-31,104200.0,5200.0
504092,12740,108,2023-02-01,2024-10-31,46500.0,3100.0
504093,12740,108,2024-11-01,2025-12-31,61500.0,3900.0
504094,12741,113,2021-10-26,2025-12-31,107000.0,5700.0
504095,12742,110,2020-08-17,2023-11-06,57500.0,6700.0
504096,12742,110,2023-11-07,2025-12-31,50700.0,4100.0
504097,12743,105,2019-01-09,2025-12-31,78700.0,9900.0
504098,12744,110,2021-09-06,2024-04-08,49500.0,6800.0
504099,12744,110,2024-04-09,2025-12-31,49000.0,4000.0
504100,12745,111,2017-07-16,2022-08-12,96400.0,5100.0
504101,12745,111,2022-08-13,2025-12-31,100200.0,8500.0
504102,12746,112,2024-12-23,2025-12-22,53000.0,7600.0
504103,12746,112,2025-12-23,2025-12-31,57000.0,6200.0
504104,12747,111,2022-01-08,2024-05-28,83600.0,6600.0
504105,12747,111,2024-05-29,2025-12-31,101800.0,8100.0
504106,12748,117,2017-06-12,2025-12-31,106700.0,6100.0
504107,12749,106,2022-07-30,2025-12-31,69000.0,3500.0
504108,12750,116,2024-02-06,2025-03-28,52700.0,2900.0
504109,12750,116,2025-03-29,2025-12-31,61700.0,3300.0
504110,12751,108,2016-02-22,2022-01-20,55500.0,4100.0
504111,12751,108,2022-01-21,2025-12-31,59500.0,4500.0
504112,12752,110,2025-08-16,2026-08-15,55200.0,4600.0
504113,12752,110,2026-08-16,2025-12-31,60600.0,4300.0
504114,12753,104,2016-05-03,2022-02-18,99600.0,9900.0
504115,12753,104,2022-02-19,2025-12-31,118600.0,6000.0
504116,12754,107,2023-06-28,2024-12-28,117600.0,15700.0
504117,12754,107,2024-12-29,2025-12-31,145500.0,17300.0
504118,12755,112,2018-04-05,2025-12-31,48600.0,4100.0
504119,12756,111,2022-10-17,2024-09-18,82200.0,4400.0
504120,12756,111,2024-09-19,2025-12-31,102000.0,9700.0
504121,12757,102,2020-01-29,2023-08-18,84400.0,6300.0
504122,12757,102,2023-08-19,2025-12-31,93800.0,10700.0
504123,12758,109,2024-08-10,2025-12-31,91300.0,11800.0
504124,12759,103,2024-04-09,2025-04-22,69300.0,4500.0
504125,12759,103,2025-04-23,2025-12-31,70400.0,8600.0
504126,12760,116,2021-12-16,2025-12-31,55900.0,3100.0
504127,12761,115,2019-05-12,2023-05-05,81500.0,10000.0
504128,12761,115,2023-05-06,2025-12-31,82900.0,10400.0
504129,12762,101,2018-04-26,2025-12-31,47700.0,5000.0
504130,12763,115,2020-04-12,2025-12-31,77200.0,9400.0
504131,12764,114,2019-07-26,2025-12-31,46600.0,2500.0
504132,12765,107,2021-12-16,2025-12-31,149600.0,16300.0
504133,12766,113,2025-04-04,2026-04-03,107200.0,8200.0
504134,12766,113,2026-04-04,2025-12-31,94400.0,8800.0
504135,12767,109,2016-07-20,2022-03-21,85700.0,8300.0
504136,12767,109,2022-03-22,2025-12-31,108100.0,15200.0
504137,12768,111,2025-01-21,2025-12-31,101700.0,9300.0
504138,12769,105,2019-05-13,2023-05-06,86900.0,10400.0
504139,12769,105,2023-05-07,2025-12-31,95000.0,7300.0
504140,12770,105,2025-09-10,2026-09-09,83600.0,4300.0
504141,12770,105,2026-09-10,2025-12-31,102600.0,10400.0
504142,12771,108,2019-12-28,2025-12-31,48400.0,5100.0
504143,12772,104,2018-10-06,2025-12-31,102900.0,8700.0
504144,12773,113,2017-03-15,2022-06-24,94500.0,10400.0
504145,12773,113,2022-06-25,2025-12-31,104300.0,12200.0
504146,12774,106,2017-08-25,2022-08-28,72300.0,10500.0
504147,12774,106,2022-08-29,2025-12-31,81400.0,8600.0
504148,12775,106,2019-11-03,2023-07-14,88300.0,12600.0
504149,12775,106,2023-07-15,2025-12-31,84300.0,5200.0
504150,12776,115,2018-10-15,2025-12-31,77500.0,9300.0
504151,12777,109,2019-02-20,2025-12-31,97700.0,13300.0
504152,12778,109,2023-11-22,2025-02-25,105700.0,7700.0
504153,12778,109,2025-02-26,2025-12-31,97300.0,13400.0
504154,12779,117,2023-10-25,2025-12-31,102900.0,13400.0
504155,12780,114,2016-05-25,2025-12-31,38900.0,4600.0
504156,12781,104,2019-01-03,2023-03-15,102500.0,11700.0
504157,12781,104,2023-03-16,2025-12-31,135600.0,17200.0
504158,12782,108,2021-05-13,2024-02-22,57500.0,8400.0
504159,12782,108,2024-02-23,2025-12-31,55700.0,3800.0
504160,12783,117,2019-11-17,2023-07-20,92900.0,5100.0
504161,12783,117,2023-07-21,2025-12-31,104600.0,12900.0
504162,12784,107,2021-11-18,2025-12-31,149000.0,14300.0
504163,12785,106,2022-04-28,2024-07-11,78900.0,11300.0
504164,12785,106,2024-07-12,2025-12-31,78100.0,5600.0
504165,12786,105,2025-07-30,2025-12-31,80200.0,10100.0
504166,12787,104,2016-04-27,2022-02-15,120000.0,12600.0
504167,12787,104,2022-02-16,2025-12-31,108900.0,9700.0
504168,12788,113,2023-11-30,2025-02-28,105500.0,11900.0
504169,12788,113,2025-03-01,2025-12-31,115100.0,10000.0
504170,12789,113,2020-11-25,2025-12-31,86300.0,4600.0
504171,12790,116,2019-11-17,2023-07-20,56800.0,5900.0
504172,12790,116,2023-07-21,2025-12-31,56900.0,7900.0
504173,12791,113,2021-04-22,2024-02-14,100400.0,14900.0
504174,12791,113,2024-02-15,2025-12-31,107900.0,13800.0
504175,12792,107,2021-07-18,2024-03-19,116300.0,15500.0
504176,12792,107,2024-03-20,2025-12-31,162900.0,15200.0
504177,12793,101,2021-12-20,2025-12-31,43600.0,6500.0
504178,12794,116,2023-10-08,2025-12-31,46600.0,6000.0
504179,12795,107,2022-01-06,2025-12-31,115900.0,10900.0
504180,12796,107,2018-04-16,2022-11-30,145600.0,7500.0
504181,12796,107,2022-12-01,2025-12-31,160100.0,23100.0
504182,12797,115,2018-02-19,2022-11-07,87500.0,9200.0
504183,12797,115,2022-11-08,2025-12-31,101900.0,13200.0
504184,12798,108,2017-08-16,2025-12-31,59000.0,3900.0
504185,12799,105,2019-11-30,2023-07-25,92500.0,5600.0
504186,12799,105,2023-07-26,2025-12-31,104000.0,12900.0
504187,12800,114,2021-09-09,2024-04-10,40600.0,2600.0
504188,12800,114,2024-04-11,2025-12-31,41600.0,3800.0
504189,12801,116,2021-04-23,2025-12-31,53400.0,5100.0
504190,12802,104,2018-07-14,2023-01-04,101200.0,15100.0
504191,12802,104,2023-01-05,2025-12-31,107100.0,8700.0
504192,12803,115,2020-04-21,2025-12-31,83100.0,6800.0
504193,12804,107,2021-08-09,2025-12-31,136700.0,10900.0
504194,12805,108,2023-01-27,2025-12-31,48100.0,4600.0
504195,12806,114,2021-04-24,2025-12-31,47800.0,4200.0
504196,12807,117,2016-09-05,2022-04-09,97100.0,14000.0
504197,12807,117,2022-04-10,2025-12-31,109500.0,12100.0
504198,12808,107,2023-06-15,2024-12-23,136200.0,18900.0
504199,12808,107,2024-12-24,2025-12-31,141000.0,10500.0
504200,12809,106,2017-07-13,2022-08-11,76900.0,7500.0
504201,12809,106,2022-08-12,2025-12-31,78100.0,6500.0
504202,12810,103,2017-08-10,2025-12-31,67100.0,9800.0
504203,12811,108,2020-11-28,2025-12-31,51100.0,3800.0
504204,12812,102,2017-09-28,2025-12-31,85400.0,12200.0
504205,12813,107,2016-05-15,2022-02-22,116000.0,8400.0
504206,12813,107,2022-02-23,2025-12-31,149900.0,20000.0
504207,12814,102,2017-11-18,2022-10-01,92100.0,5900.0
504208,12814,102,2022-10-02,2025-12-31,100800.0,5200.0
504209,12815,107,2024-09-16,2025-12-31,133300.0,7200.0
504210,12816,102,2016-10-15,2025-12-31,91800.0,10300.0
504211,12817,112,2019-01-19,2025-12-31,58400.0,6000.0
504212,12818,105,2024-08-20,2025-12-31,94700.0,11600.0
504213,12819,107,2017-07-12,2025-12-31,147300.0,11200.0
504214,12820,114,2020-04-18,2025-12-31,39800.0,2100.0
504215,12821,112,2018-12-18,2025-12-31,51100.0,5500.0
504216,12822,106,2020-01-30,2025-12-31,70000.0,5400.0
504217,12823,101,2025-05-13,2025-12-31,47600.0,6200.0
504218,12824,113,2017-09-27,2025-12-31,89000.0,7700.0
504219,12825,107,2017-11-25,2025-12-31,140000.0,11300.0
504220,12826,113,2025-06-15,2026-06-14,92900.0,12900.0
504221,12826,113,2026-06-15,2025-12-31,118900.0,6100.0
504222,12827,109,2017-10-03,2022-09-13,92700.0,13700.0
504223,12827,109,2022-09-14,2025-12-31,117300.0,13200.0
504224,12828,105,2016-05-12,2022-02-21,77900.0,7300.0
504225,12828,105,2022-02-22,2025-12-31,104600.0,6200.0
504226,12829,108,2020-12-10,2025-12-31,48700.0,4900.0
504227,12830,112,2022-03-05,2025-12-31,57900.0,7400.0
504228,12831,114,2020-10-19,2025-12-31,40200.0,3500.0
504229,12832,101,2024-08-30,2025-12-31,39100.0,4000.0
504230,12833,108,2024-03-21,2025-12-31,58400.0,7600.0
504231,12834,101,2022-04-04,2024-07-01,49100.0,6900.0
504232,12834,101,2024-07-02,2025-12-31,51100.0,4100.0
504233,12835,108,2025-10-06,2026-10-05,56700.0,7400.0
504234,12835,108,2026-10-06,2025-12-31,55900.0,4600.0
504235,12836,115,2019-03-01,2025-12-31,86800.0,8800.0
504236,12837,107,2020-11-28,2023-12-18,138000.0,7300.0
504237,12837,107,2023-12-19,2025-12-31,129400.0,13900.0
504238,12838,115,2017-06-06,2022-07-27,88700.0,11300.0
504239,12838,115,2022-07-28,2025-12-31,96000.0,13500.0
504240,12839,110,2021-08-13,2024-03-30,47600.0,3600.0
504241,12839,110,2024-03-31,2025-12-31,60100.0,6100.0
504242,12840,114,2023-08-22,2025-01-19,38300.0,5300.0
504243,12840,114,2025-01-20,2025-12-31,49000.0,5000.0
504244,12841,113,2025-10-07,2025-12-31,106500.0,7200.0
504245,12842,103,2016-02-20,2025-12-31,68600.0,9200.0
504246,12843,107,2023-12-12,2025-03-05,130800.0,14900.0
504247,12843,107,2025-03-06,2025-12-31,162900.0,22800.0
504248,12844,106,2023-01-02,2025-12-31,81700.0,11000.0
504249,12845,104,2022-12-11,2025-12-31,122500.0,17100.0
504250,12846,109,2025-05-22,2025-12-31,83000.0,6700.0
504251,12847,109,2019-10-21,2023-07-09,99900.0,8100.0
504252,12847,109,2023-07-10,2025-12-31,100000.0,9000.0
504253,12848,117,2025-07-13,2025-12-31,93800.0,6000.0
504254,12849,109,2025-04-08,2026-04-07,88800.0,12800.0
504255,12849,109,2026-04-08,2025-12-31,117600.0,12100.0
504256,12850,112,2021-04-26,2025-12-31,59400.0,3300.0
504257,12851,116,2020-04-03,2023-09-13,55000.0,7700.0
504258,12851,116,2023-09-14,2025-12-31,61800.0,5300.0
504259,12852,114,2019-10-27,2025-12-31,44200.0,5900.0
504260,12853,107,2018-01-02,2022-10-19,115100.0,7700.0
504261,12853,107,2022-10-20,2025-12-31,162200.0,8600.0
504262,12854,108,2021-09-12,2025-12-31,51700.0,4800.0
504263,12855,106,2025-07-13,2026-07-12,70400.0,4400.0
504264,12855,106,2026-07-13,2025-12-31,77400.0,4300.0
504265,12856,106,2021-11-24,2024-05-10,83600.0,5100.0
504266,12856,106,2024-05-11,2025-12-31,81900.0,9500.0
504267,12857,107,2022-03-17,2024-06-24,146900.0,14400.0
504268,12857,107,2024-06-25,2025-12-31,163600.0,11300.0
504269,12858,113,2021-09-02,2024-04-07,99800.0,8300.0
504270,12858,113,2024-04-08,2025-12-31,109300.0,10600.0
504271,12859,108,2019-05-20,2023-05-08,57900.0,4000.0
504272,12859,108,2023-05-09,2025-12-31,58300.0,5300.0
504273,12860,109,2020-05-06,2025-12-31,84100.0,8700.0
504274,12861,116,2022-03-08,2024-06-21,59600.0,7500.0
504275,12861,116,2024-06-22,2025-12-31,53000.0,5300.0
504276,12862,101,2019-11-21,2025-12-31,44800.0,3800.0
504277,12863,108,2021-10-29,2024-04-30,51100.0,2700.0
504278,12863,108,2024-05-01,2025-12-31,61900.0,6900.0
504279,12864,113,2017-05-16,2022-07-19,100900.0,8200.0
504280,12864,113,2022-07-20,2025-12-31,100000.0,12400.0
504281,12865,104,2024-01-02,2025-12-31,115000.0,14800.0
504282,12866,110,2024-02-10,2025-03-29,45100.0,5000.0
504283,12866,110,2025-03-30,2025-12-31,52400.0,6700.0
504284,12867,105,2020-01-04,2023-08-08,88600.0,9300.0
504285,12867,105,2023-08-09,2025-12-31,101100.0,13500.0
504286,12868,114,2022-02-14,2024-06-12,40100.0,5500.0
504287,12868,114,2024-06-13,2025-12-31,45500.0,4600.0
504288,12869,107,2019-12-22,2023-08-03,134300.0,10300.0
504289,12869,107,2023-08-04,2025-12-31,158400.0,11100.0
504290,12870,107,2021-05-21,2024-02-25,118300.0,12900.0
504291,12870,107,2024-02-26,2025-12-31,162800.0,11000.0
504292,12871,110,2023-04-05,2024-11-25,49800.0,6200.0
504293,12871,110,2024-11-26,2025-12-31,63000.0,3500.0
504294,12872,106,2019-06-13,2025-12-31,76700.0,5000.0
504295,12873,105,2018-11-14,2023-02-23,94300.0,12300.0
504296,12873,105,2023-02-24,2025-12-31,88600.0,12800.0
504297,12874,107,2017-11-03,2022-09-25,126300.0,14600.0
504298,12874,107,2022-09-26,2025-12-31,165000.0,15900.0
504299,12875,105,2017-12-16,2025-12-31,94100.0,4800.0
504300,12876,108,2018-03-23,2022-11-20,47400.0,6000.0
504301,12876,108,2022-11-21,2025-12-31,59300.0,3500.0
504302,12877,111,2019-11-01,2023-07-13,93600.0,11200.0
504303,12877,111,2023-07-14,2025-12-31,110200.0,6500.0
504304,12878,108,2017-12-22,2022-10-15,48300.0,6100.0
504305,12878,108,2022-10-16,2025-12-31,60700.0,7400.0
504306,12879,110,2023-08-07,2025-01-13,51000.0,6800.0
504307,12879,110,2025-01-14,2025-12-31,59100.0,8000.0
504308,12880,106,2018-12-24,2023-03-11,75000.0,7100.0
504309,12880,106,2023-03-12,2025-12-31,88000.0,6600.0
504310,12881,104,2019-08-14,2023-06-12,116800.0,13400.0
504311,12881,104,2023-06-13,2025-12-31,109800.0,16300.0
504312,12882,113,2018-02-16,2025-12-31,97100.0,14200.0
504313,12883,115,2019-12-23,2023-08-03,83600.0,10900.0
504314,12883,115,2023-08-04,2025-12-31,88500.0,10900.0
504315,12884,107,2023-01-02,2025-12-31,124200.0,9200.0
504316,12885,105,2017-02-22,2022-06-16,83000.0,5100.0
504317,12885,105,2022-06-17,2025-12-31,86700.0,11900.0
504318,12886,109,2018-11-13,2025-12-31,89500.0,12900.0
504319,12887,108,2021-11-08,2025-12-31,51100.0,6500.0
504320,12888,111,2017-04-03,2025-12-31,97800.0,8000.0
504321,12889,101,2023-01-20,2024-10-26,41600.0,2400.0
504322,12889,101,2024-10-27,2025-12-31,48600.0,4400.0
504323,12890,113,2020-07-28,2023-10-29,106700.0,12600.0
504324,12890,113,2023-10-30,2025-12-31,105800.0,15500.0
504325,12891,102,2023-10-20,2025-12-31,80500.0,9000.0
504326,12892,108,2017-04-01,2025-12-31,48400.0,3000.0
504327,12893,113,2025-04-09,2026-04-08,91800.0,13400.0
504328,12893,113,2026-04-09,2025-12-31,115200.0,6400.0
504329,12894,108,2017-02-10,2025-12-31,48400.0,4100.0
504330,12895,104,2025-12-13,2026-12-12,104600.0,8500.0
504331,12895,104,2026-12-13,2025-12-31,130700.0,10000.0
504332,12896,117,2017-12-28,2025-12-31,85100.0,9300.0
504333,12897,114,2017-09-22,2025-12-31,37700.0,4300.0
504334,12898,113,2023-10-10,2025-12-31,93200.0,5600.0
504335,12899,105,2021-06-29,2025-12-31,80500.0,6800.0
504336,12900,105,2022-10-10,2025-12-31,94800.0,7900.0
504337,12901,116,2019-03-29,2025-12-31,59400.0,3600.0
504338,12902,108,2020-05-30,2025-12-31,46200.0,6100.0
504339,12903,114,2019-07-30,2023-06-06,40500.0,4800.0
504340,12903,114,2023-06-07,2025-12-31,50200.0,4500.0
504341,12904,106,2025-03-11,2025-12-31,89100.0,12400.0
504342,12905,106,2019-07-01,2025-12-31,88800.0,12200.0
504343,12906,116,2022-06-18,2025-12-31,58800.0,7700.0
504344,12907,109,2016-04-23,2025-12-31,95500.0,4900.0
504345,12908,103,2019-11-09,2023-07-17,73400.0,7700.0
504346,12908,103,2023-07-18,2025-12-31,81000.0,11700.0
504347,12909,106,2018-10-16,2023-02-11,70900.0,8000.0
504348,12909,106,2023-02-12,2025-12-31,78200.0,8800.0
504349,12910,108,2021-07-11,2025-12-31,56000.0,4800.0
504350,12911,102,2024-05-07,2025-05-06,83800.0,9900.0
504351,12911,102,2025-05-07,2025-12-31,98500.0,10300.0
504352,12912,108,2024-06-15,2025-06-14,57700.0,8700.0
504353,12912,108,2025-06-15,2025-12-31,55400.0,6800.0
504354,12913,107,2020-01-19,2023-08-14,141000.0,13100.0
504355,12913,107,2023-08-15,2025-12-31,149800.0,11000.0
504356,12914,112,2022-12-15,2025-12-31,50400.0,7200.0
504357,12915,106,2024-05-25,2025-05-24,75000.0,8000.0
504358,12915,106,2025-05-25,2025-12-31,95700.0,10300.0
504359,12916,116,2023-07-22,2025-01-07,58000.0,6400.0
504360,12916,116,2025-01-08,2025-12-31,54200.0,5800.0
504361,12917,105,2017-10-25,2025-12-31,88800.0,10900.0
504362,12918,111,2020-08-05,2025-12-31,101300.0,11200.0
504363,12919,104,2024-01-18,2025-03-20,118600.0,17500.0
504364,12919,104,2025-03-21,2025-12-31,116100.0,12900.0
504365,12920,112,2018-03-05,2025-12-31,57100.0,8100.0
504366,12921,116,2020-10-19,2023-12-02,53400.0,2900.0
504367,12921,116,2023-12-03,2025-12-31,64500.0,4900.0
504368,12922,112,2017-09-17,2025-12-31,50800.0,3800.0
504369,12923,108,2017-06-16,2022-07-31,55200.0,5200.0
504370,12923,108,2022-08-01,2025-12-31,56000.0,5800.0
504371,12924,109,2025-11-22,2025-12-31,107000.0,8900.0
504372,12925,112,2016-06-07,2025-12-31,58400.0,6700.0
504373,12926,114,2021-08-23,2024-04-03,42800.0,5400.0
504374,12926,114,2024-04-04,2025-12-31,43000.0,3600.0
504375,12927,117,2016-03-02,2022-01-24,105200.0,14300.0
504376,12927,117,2022-01-25,2025-12-31,95800.0,12100.0
504377,12928,106,2022-06-13,2024-07-29,83400.0,8300.0
504378,12928,106,2024-07-30,2025-12-31,86800.0,12000.0
504379,12929,116,2016-10-30,2025-12-31,49300.0,3000.0
504380,12930,104,2025-08-17,2025-12-31,101100.0,12500.0
504381,12931,105,2025-11-04,2026-11-03,76700.0,9800.0
504382,12931,105,2026-11-04,2025-12-31,103200.0,6400.0
504383,12932,103,2025-08-06,2026-08-05,75300.0,7500.0
504384,12932,103,2026-08-06,2025-12-31,79300.0,7500.0
504385,12933,105,2019-10-17,2023-07-07,80300.0,8500.0
504386,12933,105,2023-07-08,2025-12-31,84900.0,10300.0
504387,12934,113,2025-07-04,2025-12-31,106500.0,15100.0
504388,12935,114,2023-05-10,2025-12-31,43500.0,3600.0
504389,12936,112,2023-01-20,2024-10-26,57300.0,6900.0
504390,12936,112,2024-10-27,2025-12-31,55200.0,8300.0
504391,12937,110,2022-05-08,2024-07-15,52300.0,5400.0
504392,12937,110,2024-07-16,2025-12-31,57300.0,5900.0
504393,12938,109,2023-07-11,2025-01-03,107900.0,16000.0
504394,12938,109,2025-01-04,2025-12-31,105600.0,7500.0
504395,12939,110,2016-06-24,2022-03-10,44900.0,5000.0
504396,12939,110,2022-03-11,2025-12-31,55600.0,5100.0
504397,12940,107,2025-03-26,2025-12-31,145500.0,8300.0
504398,12941,114,2024-11-27,2025-12-31,44700.0,6600.0
504399,12942,110,2023-06-15,2025-12-31,51500.0,6500.0
504400,12943,111,2018-02-04,2025-12-31,102900.0,6100.0
504401,12944,108,2022-05-03,2025-12-31,57000.0,6700.0
504402,12945,114,2024-09-21,2025-09-20,40400.0,4600.0
504403,12945,114,2025-09-21,2025-12-31,45600.0,4100.0
504404,12946,106,2017-06-13,2025-12-31,75600.0,8700.0
504405,12947,107,2016-02-20,2025-12-31,136800.0,13600.0
504406,12948,113,2023-02-20,2024-11-07,102200.0,15300.0
504407,12948,113,2024-11-08,2025-12-31,116000.0,13200.0
504408,12949,109,2016-01-02,2021-12-31,88500.0,10600.0
504409,12949,109,2022-01-01,2025-12-31,96000.0,13300.0
504410,12950,115,2022-08-30,2024-08-30,80500.0,5800.0
504411,12950,115,2024-08-31,2025-12-31,90500.0,10700.0
504412,12951,105,2025-02-10,2026-02-09,89300.0,10000.0
504413,12951,105,2026-02-10,2025-12-31,90100.0,7300.0
504414,12952,107,2019-07-15,2025-12-31,115400.0,14000.0
504415,12953,114,2023-09-02,2025-01-24,44800.0,4500.0
504416,12953,114,2025-01-25,2025-12-31,41500.0,6200.0
504417,12954,109,2025-04-12,2026-04-11,86800.0,8000.0
504418,12954,109,2026-04-12,2025-12-31,117300.0,9300.0
504419,12955,108,2025-07-02,2025-12-31,53300.0,4400.0
504420,12956,106,2022-03-24,2025-12-31,79500.0,8600.0
504421,12957,106,2021-09-11,2024-04-10,88500.0,5400.0
504422,12957,106,2024-04-11,2025-12-31,91800.0,12700.0
504423,12958,110,2019-10-06,2023-07-03,44500.0,3700.0
504424,12958,110,2023-07-04,2025-12-31,60300.0,7300.0
504425,12959,103,2022-08-27,2025-12-31,67000.0,10000.0
504426,12960,114,2019-10-11,2023-07-05,45800.0,3900.0
504427,12960,114,2023-07-06,2025-12-31,43200.0,3600.0
504428,12961,113,2023-06-02,2024-12-18,88000.0,7600.0
504429,12961,113,2024-12-19,2025-12-31,97300.0,9800.0
504430,12962,107,2020-03-19,2023-09-07,130100.0,19000.0
504431,12962,107,2023-09-08,2025-12-31,140300.0,8900.0
504432,12963,110,2021-12-29,2024-05-24,54800.0,4500.0
504433,12963,110,2024-05-25,2025-12-31,54200.0,7000.0
504434,12964,110,2017-06-25,2022-08-04,50600.0,2800.0
504435,12964,110,2022-08-05,2025-12-31,51100.0,3600.0
504436,12965,107,2016-01-16,2022-01-05,143700.0,12300.0
504437,12965,107,2022-01-06,2025-12-31,141100.0,11300.0
504438,12966,107,2021-03-21,2024-02-01,129100.0,18100.0
504439,12966,107,2024-02-02,2025-12-31,127400.0,14300.0
504440,12967,106,2024-07-21,2025-12-31,77800.0,9000.0
504441,12968,111,2018-04-25,2025-12-31,89300.0,5700.0
504442,12969,110,2022-03-15,2024-06-23,44900.0,5700.0
504443,12969,110,2024-06-24,2025-12-31,56500.0,7300.0
504444,12970,109,2018-03-31,2022-11-23,103100.0,8300.0
504445,12970,109,2022-11-24,2025-12-31,94400.0,9800.0
504446,12971,113,2025-01-16,2025-12-31,95300.0,9700.0
504447,12972,113,2018-12-08,2023-03-04,96400.0,6900.0
504448,12972,113,2023-03-05,2025-12-31,105100.0,10500.0
504449,12973,110,2019-05-28,2025-12-31,46000.0,4900.0
504450,12974,113,2022-07-19,2025-12-31,94500.0,9900.0
504451,12975,105,2024-11-19,2025-12-31,84000.0,7000.0
504452,12976,115,2016-01-03,2025-12-31,93400.0,6700.0
504453,12977,110,2023-09-24,2025-12-31,51500.0,4900.0
504454,12978,113,2017-10-15,2025-12-31,108100.0,8400.0
504455,12979,109,2022-11-09,2024-09-27,104300.0,10300.0
504456,12979,109,2024-09-28,2025-12-31,99100.0,14500.0
504457,12980,105,2022-09-26,2024-09-09,87300.0,8100.0
504458,12980,105,2024-09-10,2025-12-31,92100.0,5600.0
504459,12981,108,2021-05-25,2024-02-27,48300.0,6000.0
504460,12981,108,2024-02-28,2025-12-31,61300.0,7900.0
504461,12982,105,2016-07-19,2025-12-31,76500.0,11300.0
504462,12983,110,2024-05-08,2025-05-07,48900.0,5900.0
504463,12983,110,2025-05-08,2025-12-31,50700.0,3400.0
504464,12984,108,2024-04-02,2025-12-31,50600.0,5900.0
504465,12985,112,2021-11-07,2025-12-31,62000.0,4400.0
504466,12986,111,2021-12-18,2024-05-20,99200.0,6800.0
504467,12986,111,2024-05-21,2025-12-31,104800.0,10800.0
504468,12987,110,2020-06-16,2025-12-31,52900.0,7100.0
504469,12988,106,2019-12-02,2023-07-26,80700.0,6800.0
504470,12988,106,2023-07-27,2025-12-31,83300.0,4300.0
504471,12989,116,2022-04-11,2025-12-31,59600.0,7500.0
504472,12990,114,2024-08-02,2025-08-01,44800.0,3600.0
504473,12990,114,2025-08-02,2025-12-31,49800.0,6700.0
504474,12991,112,2021-03-31,2024-02-05,47900.0,3900.0
504475,12991,112,2024-02-06,2025-12-31,55900.0,6300.0
504476,12992,105,2016-10-06,2022-04-21,74400.0,7700.0
504477,12992,105,2022-04-22,2025-12-31,102500.0,9800.0
504478,12993,109,2023-09-15,2025-01-29,87300.0,7700.0
504479,12993,109,2025-01-30,2025-12-31,100300.0,15000.0
504480,12994,104,2022-06-02,2024-07-25,103600.0,5900.0
504481,12994,104,2024-07-26,2025-12-31,134000.0,12300.0
504482,12995,108,2021-01-20,2025-12-31,55700.0,8000.0
504483,12996,104,2022-06-03,2024-07-25,102700.0,12300.0
504484,12996,104,2024-07-26,2025-12-31,125200.0,15000.0
504485,12997,108,2020-09-07,2025-12-31,54100.0,7800.0
504486,12998,111,2023-04-18,2025-12-31,81900.0,7500.0
504487,12999,106,2022-05-21,2025-12-31,76500.0,4200.0
504488,13000,109,2016-09-26,2022-04-17,107400.0,6100.0
504489,13000,109,2022-04-18,2025-12-31,113700.0,7900.0
504490,13001,114,2018-01-12,2025-12-31,41100.0,3500.0
504491,13002,103,2023-09-25,2025-12-31,77500.0,6900.0
504492,13003,113,2017-12-27,2025-12-31,99000.0,5700.0
504493,13004,103,2017-02-07,2022-06-10,73900.0,6600.0
504494,13004,103,2022-06-11,2025-12-31,71900.0,10700.0
504495,13005,101,2020-12-05,2023-12-20,41800.0,5700.0
504496,13005,101,2023-12-21,2025-12-31,47900.0,5200.0
504497,13006,107,2016-07-19,2022-03-20,147200.0,9400.0
504498,13006,107,2022-03-21,2025-12-31,134700.0,8800.0
504499,13007,112,2021-09-21,2024-04-14,59700.0,4600.0
504500,13007,112,2024-04-15,2025-12-31,54900.0,5000.0
504501,13008,106,2018-05-17,2025-12-31,69200.0,6900.0
504502,13009,115,2023-12-09,2025-12-31,89400.0,11100.0
504503,13010,109,2021-05-21,2024-02-25,94400.0,5500.0
504504,13010,109,2024-02-26,2025-12-31,108300.0,6200.0
504505,13011,101,2016-04-07,2022-02-07,42200.0,6100.0
504506,13011,101,2022-02-08,2025-12-31,51700.0,2600.0
504507,13012,112,2024-07-03,2025-07-02,48100.0,3800.0
504508,13012,112,2025-07-03,2025-12-31,63600.0,8000.0
504509,13013,104,2018-05-12,2025-12-31,123400.0,10700.0
504510,13014,113,2017-08-18,2025-12-31,103400.0,10700.0
504511,13015,103,2016-01-20,2025-12-31,77000.0,10800.0
504512,13016,107,2022-05-25,2024-07-22,122300.0,17100.0
504513,13016,107,2024-07-23,2025-12-31,141800.0,18400.0
504514,13017,112,2018-03-11,2025-12-31,58900.0,3100.0
504515,13018,117,2024-12-12,2025-12-11,104400.0,10300.0
504516,13018,117,2025-12-12,2025-12-31,110200.0,13800.0
504517,13019,106,2017-05-23,2022-07-22,72300.0,8900.0
504518,13019,106,2022-07-23,2025-12-31,77200.0,6500.0
504519,13020,113,2024-12-30,2025-12-31,99400.0,14000.0
504520,13021,106,2023-02-01,2024-10-31,82400.0,6500.0
504521,13021,106,2024-11-01,2025-12-31,78500.0,11700.0
504522,13022,112,2022-03-14,2024-06-23,50600.0,6800.0
504523,13022,112,2024-06-24,2025-12-31,65500.0,9700.0
504524,13023,111,2025-01-31,2026-01-30,83300.0,7900.0
504525,13023,111,2026-01-31,2025-12-31,105100.0,5700.0
504526,13024,107,2016-12-23,2022-05-22,139600.0,16300.0
504527,13024,107,2022-05-23,2025-12-31,130000.0,18600.0
504528,13025,106,2021-09-17,2024-04-13,87600.0,12500.0
504529,13025,106,2024-04-14,2025-12-31,87200.0,8000.0
504530,13026,103,2017-11-07,2022-09-27,74500.0,5200.0
504531,13026,103,2022-09-28,2025-12-31,78200.0,8300.0
504532,13027,106,2022-03-17,2024-06-24,89600.0,12100.0
504533,13027,106,2024-06-25,2025-12-31,76400.0,7000.0
504534,13028,105,2021-06-16,2024-03-07,93400.0,7100.0
504535,13028,105,2024-03-08,2025-12-31,105600.0,7400.0
504536,13029,110,2018-04-28,2022-12-05,53100.0,3500.0
504537,13029,110,2022-12-06,2025-12-31,61700.0,3800.0
504538,13030,116,2023-02-01,2025-12-31,58200.0,7800.0
504539,13031,102,2024-01-26,2025-03-23,90400.0,8600.0
504540,13031,102,2025-03-24,2025-12-31,111900.0,6000.0
504541,13032,109,2025-10-02,2026-10-01,107200.0,9300.0
504542,13032,109,2026-10-02,2025-12-31,102100.0,11600.0
504543,13033,109,2021-03-03,2025-12-31,90200.0,13100.0
504544,13034,115,2017-10-07,2022-09-14,89600.0,7000.0
504545,13034,115,2022-09-15,2025-12-31,80700.0,10600.0
504546,13035,109,2016-12-28,2022-05-24,92600.0,8600.0
504547,13035,109,2022-05-25,2025-12-31,108000.0,8200.0
504548,13036,109,2018-08-14,2023-01-17,95000.0,5100.0
504549,13036,109,2023-01-18,2025-12-31,108900.0,14400.0
504550,13037,108,2021-05-04,2025-12-31,52600.0,5600.0
504551,13038,106,2019-07-26,2023-06-04,88200.0,9300.0
504552,13038,106,2023-06-05,2025-12-31,83200.0,6600.0
504553,13039,101,2023-08-31,2025-12-31,45500.0,3100.0
504554,13040,105,2024-05-11,2025-05-10,88700.0,7100.0
504555,13040,105,2025-05-11,2025-12-31,93500.0,7100.0
504556,13041,102,2024-09-12,2025-09-11,87400.0,10800.0
504557,13041,102,2025-09-12,2025-12-31,91600.0,11500.0
504558,13042,108,2019-12-06,2025-12-31,53100.0,7800.0
504559,13043,106,2017-12-28,2025-12-31,80800.0,8500.0
504560,13044,108,2019-05-25,2023-05-10,58900.0,8200.0
504561,13044,108,2023-05-11,2025-12-31,62000.0,3900.0
504562,13045,104,2016-11-19,2025-12-31,104000.0,7200.0
504563,13046,114,2020-06-23,2025-12-31,47500.0,2900.0
504564,13047,114,2021-12-22,2024-05-21,39300.0,5700.0
504565,13047,114,2024-05-22,2025-12-31,49100.0,5800.0
504566,13048,106,2016-09-07,2025-12-31,80300.0,6300.0
504567,13049,105,2025-03-28,2026-03-27,91100.0,8800.0
504568,13049,105,2026-03-28,2025-12-31,87300.0,9900.0
504569,13050,110,2018-09-03,2023-01-25,50700.0,3500.0
504570,13050,110,2023-01-26,2025-12-31,59800.0,4900.0
504571,13051,103,2016-01-04,2022-01-01,73500.0,8500.0
504572,13051,103,2022-01-02,2025-12-31,73800.0,4200.0
504573,13052,105,2020-05-07,2025-12-31,73800.0,9100.0
504574,13053,107,2025-01-12,2025-12-31,125700.0,7200.0
504575,13054,114,2022-10-10,2024-09-15,40300.0,3800.0
504576,13054,114,2024-09-16,2025-12-31,47000.0,5800.0
504577,13055,115,2016-06-25,2025-12-31,81900.0,10200.0
504578,13056,109,2020-04-21,2023-09-20,91100.0,5600.0
504579,13056,109,2023-09-21,2025-12-31,110300.0,15500.0
504580,13057,109,2025-12-24,2025-12-31,91000.0,6700.0
504581,13058,115,2023-11-25,2025-02-26,78000.0,4500.0
504582,13058,115,2025-02-27,2025-12-31,82100.0,5900.0
504583,13059,115,2021-02-06,2024-01-15,72800.0,8700.0
504584,13059,115,2024-01-16,2025-12-31,93800.0,13600.0
504585,13060,117,2020-02-04,2023-08-20,94000.0,5300.0
504586,13060,117,2023-08-21,2025-12-31,95300.0,11400.0
504587,13061,103,2024-11-02,2025-11-01,73900.0,8900.0
504588,13061,103,2025-11-02,2025-12-31,80700.0,9600.0
504589,13062,103,2024-11-27,2025-12-31,69800.0,8200.0
504590,13063,110,2016-11-19,2025-12-31,46900.0,3400.0
504591,13064,109,2022-06-04,2024-07-26,83200.0,11600.0
504592,13064,109,2024-07-27,2025-12-31,98500.0,5400.0
504593,13065,102,2022-12-12,2024-10-10,97600.0,8800.0
504594,13065,102,2024-10-11,2025-12-31,92900.0,9700.0
504595,13066,101,2024-08-02,2025-12-31,47600.0,6200.0
504596,13067,114,2018-10-28,2025-12-31,36900.0,1900.0
504597,13068,115,2018-12-19,2025-12-31,77500.0,6100.0
504598,13069,105,2020-09-09,2025-12-31,86600.0,8300.0
504599,13070,114,2021-12-28,2024-05-24,37700.0,4500.0
504600,13070,114,2024-05-25,2025-12-31,42000.0,3900.0
504601,13071,110,2017-08-02,2025-12-31,56600.0,7800.0
504602,13072,112,2023-02-22,2025-12-31,53100.0,7600.0
504603,13073,108,2022-04-16,2025-12-31,58400.0,3400.0
504604,13074,104,2021-10-29,2024-04-30,109200.0,14500.0
504605,13074,104,2024-05-01,2025-12-31,119500.0,16500.0
504606,13075,108,2019-12-22,2023-08-03,46600.0,5900.0
504607,13075,108,2023-08-04,2025-12-31,60200.0,5700.0
504608,13076,108,2018-10-03,2025-12-31,57500.0,4700.0
504609,13077,109,2022-04-11,2025-12-31,91500.0,10300.0
504610,13078,103,2019-12-02,2023-07-26,64600.0,6100.0
504611,13078,103,2023-07-27,2025-12-31,72100.0,4500.0
504612,13079,117,2022-06-02,2024-07-25,95700.0,6300.0
504613,13079,117,2024-07-26,2025-12-31,95900.0,5100.0
504614,13080,106,2023-07-12,2025-01-03,76500.0,4900.0
504615,13080,106,2025-01-04,2025-12-31,97100.0,6800.0
504616,13081,105,2023-08-29,2025-01-22,82700.0,5700.0
504617,13081,105,2025-01-23,2025-12-31,82500.0,10300.0
504618,13082,108,2023-09-24,2025-12-31,46800.0,4500.0
504619,13083,109,2025-03-13,2026-03-12,91700.0,7900.0
504620,13083,109,2026-03-13,2025-12-31,113900.0,14100.0
504621,13084,109,2018-12-19,2025-12-31,86300.0,8900.0
504622,13085,113,2018-12-14,2023-03-07,105900.0,9200.0
504623,13085,113,2023-03-08,2025-12-31,95100.0,7800.0
504624,13086,108,2020-12-20,2023-12-26,56700.0,3600.0
504625,13086,108,2023-12-27,2025-12-31,59200.0,7700.0
504626,13087,110,2017-04-01,2025-12-31,56700.0,2800.0
504627,13088,112,2018-02-04,2022-11-01,53200.0,2800.0
504628,13088,112,2022-11-02,2025-12-31,65700.0,7800.0
504629,13089,101,2025-09-11,2025-12-31,43400.0,6100.0
504630,13090,108,2017-05-31,2022-07-25,50700.0,7400.0
504631,13090,108,2022-07-26,2025-12-31,51600.0,6600.0
504632,13091,115,2023-05-15,2025-12-31,91500.0,5400.0
504633,13092,101,2016-03-13,2025-12-31,39000.0,3300.0
504634,13093,105,2018-11-21,2023-02-25,74700.0,10900.0
504635,13093,105,2023-02-26,2025-12-31,98700.0,9900.0
504636,13094,115,2018-07-20,2023-01-07,83200.0,6800.0
504637,13094,115,2023-01-08,2025-12-31,85500.0,9600.0
504638,13095,105,2023-03-11,2025-12-31,83500.0,8300.0
504639,13096,108,2021-02-11,2025-12-31,47700.0,6300.0
504640,13097,116,2021-02-23,2025-12-31,53600.0,3700.0
504641,13098,106,2020-07-28,2025-12-31,71200.0,9000.0
504642,13099,101,2018-02-27,2022-11-11,42300.0,6100.0
504643,13099,101,2022-11-12,2025-12-31,48000.0,6200.0
504644,13100,114,2023-01-04,2025-12-31,40300.0,2500.0
504645,13101,114,2017-07-13,2025-12-31,45300.0,3000.0
504646,13102,109,2017-09-25,2022-09-10,102100.0,15100.0
504647,13102,109,2022-09-11,2025-12-31,114500.0,13600.0
504648,13103,109,2021-07-28,2025-12-31,90000.0,4600.0
504649,13104,112,2024-11-06,2025-11-05,62000.0,8600.0
504650,13104,112,2025-11-06,2025-12-31,53400.0,5400.0
504651,13105,112,2020-08-21,2023-11-08,59300.0,5200.0
504652,13105,112,2023-11-09,2025-12-31,67200.0,3700.0
504653,13106,107,2025-04-21,2025-12-31,129000.0,9900.0
504654,13107,101,2022-03-09,2025-12-31,44300.0,3800.0
504655,13108,109,2023-02-05,2025-12-31,99500.0,5700.0
504656,13109,115,2020-05-22,2025-12-31,87300.0,5000.0
504657,13110,114,2019-02-24,2025-12-31,45800.0,6100.0
504658,13111,117,2016-06-19,2022-03-08,100400.0,13000.0
504659,13111,117,2022-03-09,2025-12-31,102100.0,10600.0
504660,13112,115,2016-03-25,2022-02-02,78500.0,7900.0
504661,13112,115,2022-02-03,2025-12-31,82600.0,7200.0
504662,13113,108,2024-04-29,2025-04-30,49300.0,4900.0
504663,13113,108,2025-05-01,2025-12-31,63500.0,4700.0
504664,13114,108,2021-11-05,2025-12-31,49600.0,3200.0
504665,13115,112,2022-03-04,2025-12-31,57100.0,3500.0
504666,13116,112,2019-05-22,2025-12-31,50400.0,7000.0
504667,13117,109,2021-04-23,2024-02-14,103100.0,7200.0
504668,13117,109,2024-02-15,2025-12-31,106600.0,15100.0
504669,13118,103,2022-03-20,2024-06-25,61300.0,6500.0
504670,13118,103,2024-06-26,2025-12-31,69200.0,8500.0
504671,13119,114,2018-07-06,2025-12-31,40700.0,4900.0
504672,13120,108,2020-12-05,2023-12-20,58800.0,5000.0
504673,13120,108,2023-12-21,2025-12-31,62300.0,4700.0
504674,13121,105,2022-05-01,2025-12-31,74300.0,5900.0
504675,13122,111,2023-05-04,2024-12-06,92100.0,8600.0
504676,13122,111,2024-12-07,2025-12-31,98800.0,14600.0
504677,13123,110,2022-10-19,2024-09-19,54800.0,5200.0
504678,13123,110,2024-09-20,2025-12-31,53500.0,3800.0
504679,13124,107,2024-11-16,2025-12-31,126700.0,16600.0
504680,13125,113,2016-06-21,2025-12-31,90500.0,5700.0
504681,13126,105,2024-06-25,2025-06-24,84100.0,6700.0
504682,13126,105,2025-06-25,2025-12-31,104900.0,13400.0
504683,13127,105,2016-07-04,2025-12-31,82000.0,6600.0
504684,13128,105,2021-05-17,2024-02-24,85300.0,10600.0
504685,13128,105,2024-02-25,2025-12-31,102700.0,9900.0
504686,13129,113,2025-09-16,2026-09-15,92900.0,11100.0
504687,13129,113,2026-09-16,2025-12-31,109200.0,10800.0
504688,13130,116,2018-05-08,2022-12-09,58300.0,7500.0
504689,13130,116,2022-12-10,2025-12-31,52800.0,4600.0
504690,13131,112,2018-09-09,2025-12-31,54500.0,4900.0
504691,13132,116,2022-07-18,2025-12-31,46800.0,4500.0
504692,13133,104,2019-09-18,2023-06-26,99100.0,9600.0
504693,13133,104,2023-06-27,2025-12-31,111800.0,8500.0
504694,13134,101,2021-01-07,2025-12-31,50100.0,5900.0
504695,13135,108,2025-10-13,2026-10-12,51400.0,4700.0
504696,13135,108,2026-10-13,2025-12-31,53000.0,3500.0
504697,13136,107,2025-06-05,2026-06-04,133300.0,15700.0
504698,13136,107,2026-06-05,2025-12-31,149200.0,22000.0
504699,13137,113,2020-10-31,2023-12-06,110100.0,10600.0
504700,13137,113,2023-12-07,2025-12-31,99300.0,14300.0
504701,13138,111,2020-11-09,2023-12-10,89500.0,6400.0
504702,13138,111,2023-12-11,2025-12-31,96300.0,14200.0
504703,13139,116,2017-08-09,2022-08-22,59700.0,5000.0
504704,13139,116,2022-08-23,2025-12-31,54200.0,3700.0
504705,13140,107,2022-05-04,2024-07-13,123300.0,14800.0
504706,13140,107,2024-07-14,2025-12-31,135700.0,18100.0
504707,13141,109,2021-09-05,2025-12-31,90000.0,11300.0
504708,13142,108,2021-05-05,2025-12-31,54300.0,4700.0
504709,13143,106,2016-02-01,2022-01-12,85500.0,6800.0
504710,13143,106,2022-01-13,2025-12-31,83600.0,5500.0
504711,13144,111,2022-10-13,2024-09-16,83100.0,6800.0
504712,13144,111,2024-09-17,2025-12-31,99200.0,7500.0
504713,13145,108,2024-03-29,2025-04-17,53300.0,7300.0
504714,13145,108,2025-04-18,2025-12-31,55800.0,4100.0
504715,13146,109,2018-08-19,2023-01-19,104500.0,10700.0
504716,13146,109,2023-01-20,2025-12-31,94700.0,11500.0
504717,13147,105,2017-07-20,2022-08-14,74900.0,5700.0
504718,13147,105,2022-08-15,2025-12-31,85100.0,9400.0
504719,13148,101,2021-03-30,2024-02-04,47200.0,4800.0
504720,13148,101,2024-02-05,2025-12-31,47900.0,4900.0
504721,13149,108,2016-05-25,2022-02-26,46500.0,5500.0
504722,13149,108,2022-02-27,2025-12-31,65400.0,6000.0
504723,13150,106,2020-12-03,2023-12-20,70000.0,9700.0
504724,13150,106,2023-12-21,2025-12-31,97400.0,12800.0
504725,13151,101,2022-11-03,2024-09-25,49200.0,2600.0
504726,13151,101,2024-09-26,2025-12-31,48300.0,4800.0
504727,13152,106,2024-08-01,2025-12-31,84800.0,11000.0
504728,13153,105,2020-08-09,2025-12-31,84300.0,10800.0
504729,13154,107,2024-01-01,2025-03-13,130600.0,6900.0
504730,13154,107,2025-03-14,2025-12-31,161700.0,23600.0
504731,13155,103,2024-03-31,2025-04-18,69500.0,5700.0
504732,13155,103,2025-04-19,2025-12-31,72600.0,6900.0
504733,13156,108,2017-05-24,2022-07-22,48500.0,5200.0
504734,13156,108,2022-07-23,2025-12-31,50900.0,5600.0
504735,13157,110,2016-07-13,2022-03-18,55300.0,6100.0
504736,13157,110,2022-03-19,2025-12-31,59000.0,3600.0
504737,13158,111,2019-12-10,2023-07-29,105500.0,9900.0
504738,13158,111,2023-07-30,2025-12-31,98800.0,13600.0
504739,13159,113,2024-12-13,2025-12-12,98400.0,7000.0
504740,13159,113,2025-12-13,2025-12-31,103500.0,7200.0
504741,13160,108,2016-01-16,2022-01-05,51800.0,6700.0
504742,13160,108,2022-01-06,2025-12-31,65300.0,7300.0
504743,13161,109,2024-07-30,2025-07-29,102200.0,10300.0
504744,13161,109,2025-07-30,2025-12-31,101300.0,6900.0
504745,13162,113,2019-01-26,2025-12-31,97500.0,14300.0
504746,13163,108,2019-01-09,2025-12-31,51900.0,6400.0
504747,13164,111,2019-10-30,2023-07-13,82900.0,8400.0
504748,13164,111,2023-07-14,2025-12-31,112500.0,15200.0
504749,13165,109,2022-04-27,2025-12-31,92400.0,4700.0
504750,13166,105,2023-07-08,2025-01-01,95800.0,11700.0
504751,13166,105,2025-01-02,2025-12-31,98600.0,12400.0
504752,13167,113,2025-03-03,2025-12-31,99700.0,9500.0
504753,13168,104,2024-11-09,2025-11-08,122200.0,10900.0
504754,13168,104,2025-11-09,2025-12-31,133400.0,17800.0
504755,13169,106,2023-02-24,2025-12-31,69800.0,4500.0
504756,13170,105,2023-02-07,2024-11-02,92600.0,12700.0
504757,13170,105,2024-11-03,2025-12-31,82000.0,6800.0
504758,13171,107,2021-11-19,2025-12-31,123700.0,18300.0
504759,13172,105,2021-05-29,2024-02-28,94600.0,8800.0
504760,13172,105,2024-02-29,2025-12-31,88900.0,7700.0
504761,13173,108,2019-03-05,2025-12-31,50600.0,5900.0
504762,13174,112,2025-03-04,2026-03-03,61600.0,4100.0
504763,13174,112,2026-03-04,2025-12-31,59500.0,3700.0
504764,13175,113,2017-05-02,2025-12-31,95000.0,5300.0
504765,13176,106,2024-11-03,2025-12-31,76900.0,7600.0
504766,13177,116,2024-06-28,2025-06-27,52800.0,2700.0
504767,13177,116,2025-06-28,2025-12-31,63200.0,5300.0
504768,13178,110,2019-02-25,2025-12-31,45000.0,4600.0
504769,13179,105,2018-01-24,2025-12-31,82500.0,5800.0
504770,13180,113,2019-10-28,2023-07-12,106800.0,7900.0
504771,13180,113,2023-07-13,2025-12-31,120700.0,9000.0
504772,13181,113,2019-04-07,2023-04-21,96400.0,5400.0
504773,13181,113,2023-04-22,2025-12-31,108200.0,12700.0
504774,13182,113,2018-06-12,2025-12-31,98100.0,12900.0
504775,13183,106,2024-01-18,2025-12-31,73100.0,6600.0
504776,13184,108,2020-11-26,2023-12-17,47900.0,5800.0
504777,13184,108,2023-12-18,2025-12-31,58800.0,6500.0
504778,13185,115,2024-06-15,2025-12-31,77800.0,7000.0
504779,13186,108,2024-05-05,2025-12-31,47400.0,6300.0
504780,13187,110,2016-02-03,2022-01-13,53000.0,7900.0
504781,13187,110,2022-01-14,2025-12-31,55600.0,4000.0
504782,13188,109,2025-02-16,2026-02-15,84300.0,10700.0
504783,13188,109,2026-02-16,2025-12-31,99200.0,6700.0
504784,13189,115,2019-02-10,2025-12-31,78500.0,8600.0
504785,13190,106,2019-04-27,2023-04-29,76000.0,7500.0
504786,13190,106,2023-04-30,2025-12-31,83100.0,11400.0
504787,13191,109,2016-12-10,2022-05-17,83600.0,7600.0
504788,13191,109,2022-05-18,2025-12-31,95900.0,11900.0
504789,13192,104,2025-07-09,2026-07-08,104300.0,9000.0
504790,13192,104,2026-07-09,2025-12-31,113400.0,9100.0
504791,13193,111,2021-09-15,2025-12-31,102200.0,8900.0
504792,13194,113,2016-11-26,2022-05-11,104800.0,5500.0
504793,13194,113,2022-05-12,2025-12-31,101700.0,9700.0
504794,13195,102,2016-02-04,2025-12-31,81900.0,7600.0
504795,13196,110,2023-06-20,2025-12-31,51000.0,5500.0
504796,13197,107,2023-11-07,2025-12-31,128300.0,7200.0
504797,13198,104,2020-10-08,2023-11-27,121800.0,14300.0
504798,13198,104,2023-11-28,2025-12-31,131000.0,18700.0
504799,13199,105,2022-07-09,2025-12-31,89100.0,10300.0
504800,13200,107,2018-02-04,2022-11-01,148500.0,15500.0
504801,13200,107,2022-11-02,2025-12-31,135000.0,9600.0
504802,13201,107,2017-05-25,2025-12-31,123800.0,6700.0
504803,13202,107,2022-01-15,2024-05-31,143600.0,13100.0
504804,13202,107,2024-06-01,2025-12-31,157400.0,20900.0
504805,13203,112,2017-03-16,2025-12-31,56400.0,6800.0
504806,13204,113,2022-07-12,2024-08-10,87200.0,9000.0
504807,13204,113,2024-08-11,2025-12-31,93400.0,9000.0
504808,13205,110,2021-10-27,2024-04-29,45600.0,6300.0
504809,13205,110,2024-04-30,2025-12-31,58000.0,6600.0
504810,13206,102,2020-08-25,2023-11-10,88000.0,7100.0
504811,13206,102,2023-11-11,2025-12-31,97400.0,10600.0
504812,13207,114,2016-03-06,2022-01-25,39700.0,3900.0
504813,13207,114,2022-01-26,2025-12-31,45200.0,6000.0
504814,13208,111,2021-07-28,2025-12-31,89200.0,8500.0
504815,13209,101,2023-08-31,2025-12-31,48400.0,3500.0
504816,13210,113,2019-06-13,2023-05-18,86800.0,10200.0
504817,13210,113,2023-05-19,2025-12-31,102100.0,10600.0
504818,13211,106,2019-07-22,2025-12-31,86600.0,7100.0
504819,13212,109,2016-09-09,2022-04-10,104200.0,9200.0
504820,13212,109,2022-04-11,2025-12-31,113900.0,7400.0
504821,13213,108,2019-02-24,2025-12-31,52800.0,3500.0
504822,13214,105,2020-11-04,2025-12-31,93100.0,8300.0
504823,13215,115,2020-10-24,2023-12-04,84400.0,11300.0
504824,13215,115,2023-12-05,2025-12-31,81900.0,4400.0
504825,13216,109,2021-06-13,2024-03-05,88600.0,4500.0
504826,13216,109,2024-03-06,2025-12-31,103000.0,12300.0
504827,13217,102,2021-02-11,2025-12-31,93400.0,7400.0
504828,13218,116,2018-06-24,2025-12-31,54100.0,7400.0
504829,13219,114,2018-05-02,2022-12-06,38800.0,4400.0
504830,13219,114,2022-12-07,2025-12-31,42300.0,6200.0
504831,13220,110,2020-12-22,2025-12-31,54300.0,6400.0
504832,13221,109,2022-04-07,2024-07-03,94500.0,10900.0
504833,13221,109,2024-07-04,2025-12-31,97400.0,11500.0
504834,13222,103,2025-11-08,2025-12-31,64800.0,4500.0
504835,13223,113,2020-11-27,2025-12-31,84800.0,6400.0
504836,13224,102,2024-09-07,2025-09-06,94200.0,14100.0
504837,13224,102,2025-09-07,2025-12-31,95700.0,13900.0
504838,13225,102,2025-12-11,2026-12-10,94800.0,6300.0
504839,13225,102,2026-12-11,2025-12-31,98100.0,13500.0
504840,13226,109,2018-10-28,2023-02-16,85500.0,8700.0
504841,13226,109,2023-02-17,2025-12-31,103300.0,7500.0
504842,13227,104,2016-02-25,2025-12-31,114300.0,9700.0
504843,13228,101,2022-07-21,2025-12-31,40300.0,5400.0
504844,13229,108,2018-12-25,2023-03-11,49400.0,4900.0
504845,13229,108,2023-03-12,2025-12-31,60800.0,7200.0
504846,13230,104,2023-11-05,2025-02-18,105000.0,12200.0
504847,13230,104,2025-02-19,2025-12-31,135000.0,15800.0
504848,13231,104,2024-04-01,2025-04-19,111500.0,12800.0
504849,13231,104,2025-04-20,2025-12-31,110600.0,11600.0
504850,13232,101,2019-12-25,2023-08-04,42600.0,4800.0
504851,13232,101,2023-08-05,2025-12-31,50700.0,7500.0
504852,13233,107,2020-08-28,2023-11-11,133600.0,8800.0
504853,13233,107,2023-11-12,2025-12-31,147600.0,7900.0
504854,13234,113,2021-02-25,2024-01-22,89100.0,10100.0
504855,13234,113,2024-01-23,2025-12-31,109200.0,14200.0
504856,13235,112,2020-01-27,2023-08-17,54800.0,3600.0
504857,13235,112,2023-08-18,2025-12-31,64500.0,3200.0
504858,13236,108,2025-04-05,2026-04-04,48600.0,6200.0
504859,13236,108,2026-04-05,2025-12-31,61000.0,7400.0
504860,13237,108,2020-11-14,2023-12-12,55400.0,6600.0
504861,13237,108,2023-12-13,2025-12-31,50600.0,4100.0
504862,13238,101,2018-11-21,2023-02-25,46700.0,3300.0
504863,13238,101,2023-02-26,2025-12-31,45900.0,2700.0
504864,13239,102,2023-11-05,2025-02-18,79000.0,10600.0
504865,13239,102,2025-02-19,2025-12-31,86700.0,4900.0
504866,13240,105,2023-09-12,2025-12-31,94100.0,13100.0
504867,13241,108,2016-07-19,2022-03-20,50000.0,5100.0
504868,13241,108,2022-03-21,2025-12-31,51000.0,5200.0
504869,13242,112,2025-11-07,2026-11-06,56400.0,8000.0
504870,13242,112,2026-11-07,2025-12-31,57000.0,6500.0
504871,13243,111,2023-04-27,2024-12-04,91700.0,10500.0
504872,13243,111,2024-12-05,2025-12-31,114800.0,15600.0
504873,13244,106,2019-12-23,2025-12-31,78700.0,7300.0
504874,13245,103,2018-03-10,2025-12-31,63800.0,6900.0
504875,13246,112,2021-04-08,2025-12-31,57300.0,3900.0
504876,13247,105,2022-06-18,2025-12-31,87600.0,6000.0
504877,13248,112,2023-06-26,2024-12-28,57700.0,8100.0
504878,13248,112,2024-12-29,2025-12-31,54600.0,2800.0
504879,13249,109,2022-02-04,2024-06-08,107700.0,13700.0
504880,13249,109,2024-06-09,2025-12-31,108100.0,6800.0
504881,13250,112,2021-03-14,2024-01-29,58300.0,8100.0
504882,13250,112,2024-01-30,2025-12-31,58700.0,8800.0
504883,13251,114,2023-08-02,2025-01-11,41100.0,5700.0
504884,13251,114,2025-01-12,2025-12-31,48500.0,6400.0
504885,13252,115,2018-03-26,2025-12-31,82800.0,6100.0
504886,13253,108,2016-04-01,2025-12-31,53900.0,6900.0
504887,13254,108,2019-12-26,2025-12-31,57400.0,8000.0
504888,13255,105,2016-03-06,2025-12-31,90300.0,9800.0
504889,13256,114,2020-05-26,2023-10-04,47700.0,5500.0
504890,13256,114,2023-10-05,2025-12-31,50800.0,5100.0
504891,13257,109,2023-08-29,2025-12-31,99500.0,12200.0
504892,13258,104,2023-12-01,2025-03-01,107100.0,7900.0
504893,13258,104,2025-03-02,2025-12-31,120000.0,8500.0
504894,13259,108,2024-11-20,2025-11-19,58200.0,8600.0
504895,13259,108,2025-11-20,2025-12-31,59500.0,3800.0
504896,13260,104,2022-06-10,2024-07-28,114300.0,10000.0
504897,13260,104,2024-07-29,2025-12-31,112900.0,8200.0
504898,13261,109,2021-12-10,2024-05-16,88300.0,6600.0
504899,13261,109,2024-05-17,2025-12-31,115300.0,14700.0
504900,13262,109,2025-03-12,2026-03-11,90900.0,9400.0
504901,13262,109,2026-03-12,2025-12-31,92800.0,11000.0
504902,13263,107,2024-04-03,2025-04-19,128900.0,9900.0
504903,13263,107,2025-04-20,2025-12-31,139400.0,19000.0
504904,13264,101,2023-03-14,2025-12-31,49600.0,5900.0
504905,13265,117,2024-03-01,2025-12-31,89300.0,10400.0
504906,13266,113,2017-12-24,2025-12-31,86400.0,8100.0
504907,13267,113,2017-11-05,2022-09-26,105500.0,11800.0
504908,13267,113,2022-09-27,2025-12-31,118000.0,6600.0
504909,13268,105,2017-12-13,2025-12-31,75100.0,5900.0
504910,13269,113,2020-07-23,2023-10-27,88400.0,5900.0
504911,13269,113,2023-10-28,2025-12-31,106700.0,13700.0
504912,13270,108,2019-05-03,2025-12-31,53900.0,3500.0
504913,13271,107,2017-09-06,2022-09-02,132300.0,16700.0
504914,13271,107,2022-09-03,2025-12-31,150400.0,16300.0
504915,13272,103,2020-10-11,2023-11-28,67300.0,7100.0
504916,13272,103,2023-11-29,2025-12-31,77800.0,3900.0
504917,13273,107,2016-01-03,2021-12-31,148200.0,14900.0
504918,13273,107,2022-01-01,2025-12-31,153600.0,12400.0
504919,13274,103,2025-03-02,2025-12-31,66300.0,5300.0
504920,13275,116,2021-07-24,2024-03-22,52400.0,4400.0
504921,13275,116,2024-03-23,2025-12-31,54600.0,6100.0
504922,13276,101,2024-11-18,2025-11-17,41000.0,5200.0
504923,13276,101,2025-11-18,2025-12-31,51900.0,7200.0
504924,13277,109,2018-10-12,2025-12-31,89800.0,12200.0
504925,13278,108,2016-02-18,2022-01-19,55200.0,3800.0
504926,13278,108,2022-01-20,2025-12-31,60300.0,8100.0
504927,13279,106,2018-08-07,2025-12-31,78900.0,11800.0
504928,13280,109,2017-09-10,2022-09-04,91200.0,12900.0
504929,13280,109,2022-09-05,2025-12-31,108900.0,11300.0
504930,13281,104,2020-06-21,2025-12-31,106100.0,6100.0
504931,13282,113,2023-09-05,2025-01-25,93300.0,9100.0
504932,13282,113,2025-01-26,2025-12-31,104300.0,10600.0
504933,13283,105,2024-10-12,2025-10-11,77700.0,6600.0
504934,13283,105,2025-10-12,2025-12-31,92600.0,7800.0
504935,13284,110,2022-06-24,2025-12-31,48300.0,3300.0
504936,13285,113,2018-03-09,2025-12-31,89800.0,13200.0
504937,13286,115,2019-11-21,2025-12-31,87000.0,8700.0
504938,13287,113,2019-02-07,2025-12-31,107100.0,13000.0
504939,13288,110,2023-03-14,2024-11-16,44200.0,3100.0
504940,13288,110,2024-11-17,2025-12-31,51400.0,3500.0
504941,13289,107,2024-10-11,2025-12-31,133200.0,16300.0
504942,13290,108,2019-12-27,2023-08-05,47300.0,5500.0
504943,13290,108,2023-08-06,2025-12-31,58100.0,6800.0
504944,13291,113,2017-09-28,2022-09-11,104000.0,12300.0
504945,13291,113,2022-09-12,2025-12-31,111500.0,5900.0
504946,13292,114,2025-11-21,2025-12-31,41000.0,2600.0
504947,13293,103,2023-06-28,2025-12-31,68700.0,3700.0
504948,13294,107,2016-08-29,2025-12-31,130200.0,16300.0
504949,13295,113,2025-05-30,2025-12-31,87200.0,9700.0
504950,13296,109,2022-12-28,2024-10-17,96600.0,5700.0
504951,13296,109,2024-10-18,2025-12-31,107400.0,13700.0
504952,13297,106,2023-12-23,2025-12-31,75700.0,5000.0
504953,13298,105,2023-04-11,2024-11-27,74000.0,6700.0
504954,13298,105,2024-11-28,2025-12-31,103500.0,7200.0
504955,13299,111,2025-10-12,2026-10-11,95100.0,6500.0
504956,13299,111,2026-10-12,2025-12-31,98000.0,13800.0
504957,13300,116,2025-10-24,2026-10-23,54900.0,3500.0
504958,13300,116,2026-10-24,2025-12-31,60900.0,4700.0
504959,13301,108,2016-05-24,2022-02-26,47700.0,2600.0
504960,13301,108,2022-02-27,2025-12-31,65500.0,6000.0
504961,13302,107,2016-03-17,2025-12-31,147200.0,10400.0
504962,13303,103,2021-05-02,2025-12-31,72700.0,7800.0
504963,13304,102,2023-06-08,2025-12-31,80800.0,6200.0
504964,13305,108,2016-11-06,2022-05-03,58500.0,3500.0
504965,13305,108,2022-05-04,2025-12-31,65700.0,4000.0
504966,13306,109,2025-04-04,2025-12-31,99400.0,14200.0
504967,13307,105,2018-07-28,2023-01-10,81000.0,10900.0
504968,13307,105,2023-01-11,2025-12-31,105100.0,5600.0
504969,13308,110,2017-11-17,2025-12-31,47400.0,5800.0
504970,13309,113,2019-02-18,2025-12-31,104300.0,9800.0
504971,13310,105,2021-03-05,2024-01-25,86700.0,11200.0
504972,13310,105,2024-01-26,2025-12-31,103400.0,9900.0
504973,13311,105,2019-06-25,2023-05-23,76300.0,9900.0
504974,13311,105,2023-05-24,2025-12-31,94100.0,11000.0
504975,13312,117,2017-02-22,2022-06-16,83000.0,12200.0
504976,13312,117,2022-06-17,2025-12-31,113600.0,10200.0
504977,13313,107,2021-09-14,2024-04-12,147500.0,10400.0
504978,13313,107,2024-04-13,2025-12-31,157400.0,8200.0
504979,13314,112,2020-09-19,2025-12-31,56400.0,5500.0
504980,13315,109,2022-02-02,2025-12-31,84500.0,5900.0
504981,13316,112,2023-11-29,2025-02-28,56800.0,3700.0
504982,13316,112,2025-03-01,2025-12-31,58700.0,4500.0
504983,13317,113,2018-08-26,2025-12-31,108300.0,7200.0
504984,13318,111,2017-06-18,2022-08-01,95800.0,9100.0
504985,13318,111,2022-08-02,2025-12-31,108500.0,8500.0
504986,13319,115,2019-02-21,2025-12-31,80200.0,6300.0
504987,13320,114,2021-08-09,2025-12-31,45700.0,3800.0
504988,13321,108,2017-06-17,2025-12-31,48500.0,6300.0
504989,13322,105,2021-11-01,2024-05-01,77400.0,11100.0
504990,13322,105,2024-05-02,2025-12-31,91400.0,10500.0
504991,13323,106,2018-01-22,2025-12-31,83400.0,8900.0
504992,13324,112,2021-01-11,2024-01-04,61200.0,3900.0
504993,13324,112,2024-01-05,2025-12-31,66800.0,8100.0
504994,13325,111,2022-05-06,2025-12-31,89000.0,5700.0
504995,13326,103,2021-11-19,2024-05-08,74100.0,9200.0
504996,13326,103,2024-05-09,2025-12-31,78700.0,11700.0
504997,13327,102,2018-12-29,2025-12-31,87700.0,6100.0
504998,13328,111,2022-12-17,2024-10-12,101800.0,9800.0
504999,13328,111,2024-10-13,2025-12-31,98200.0,12200.0
505000,13329,105,2022-04-02,2025-12-31,95300.0,10000.0
505001,13330,109,2025-03-06,2025-12-31,90100.0,12300.0
505002,13331,112,2021-07-07,2024-03-15,59600.0,8500.0
505003,13331,112,2024-03-16,2025-12-31,62600.0,7700.0
505004,13332,108,2019-08-13,2025-12-31,51300.0,5200.0
505005,13333,103,2018-05-03,2025-12-31,72000.0,9900.0
505006,13334,105,2022-06-14,2025-12-31,90200.0,4600.0
505007,13335,107,2023-04-22,2024-12-02,142000.0,12800.0
505008,13335,107,2024-12-03,2025-12-31,140500.0,20400.0
505009,13336,106,2020-10-19,2025-12-31,73000.0,7100.0
505010,13337,108,2020-11-10,2025-12-31,59800.0,7300.0
505011,13338,109,2025-09-06,2025-12-31,93700.0,13300.0
505012,13339,107,2017-09-09,2025-12-31,127500.0,12300.0
505013,13340,102,2019-11-24,2023-07-23,101100.0,12200.0
505014,13340,102,2023-07-24,2025-12-31,96300.0,6600.0
505015,13341,104,2024-09-24,2025-09-23,110600.0,10700.0
505016,13341,104,2025-09-24,2025-12-31,119800.0,16200.0
505017,13342,116,2022-08-21,2025-12-31,51000.0,4100.0
505018,13343,109,2021-11-24,2025-12-31,94100.0,6800.0
505019,13344,114,2025-04-16,2026-04-15,39900.0,2000.0
505020,13344,114,2026-04-16,2025-12-31,52100.0,4800.0
505021,13345,114,2025-04-22,2026-04-21,38600.0,3200.0
505022,13345,114,2026-04-22,2025-12-31,47300.0,5700.0
505023,13346,108,2022-07-14,2024-08-11,59400.0,7500.0
505024,13346,108,2024-08-12,2025-12-31,63300.0,5200.0
505025,13347,111,2018-08-07,2023-01-14,94200.0,9000.0
505026,13347,111,2023-01-15,2025-12-31,96100.0,14400.0
505027,13348,106,2020-10-01,2025-12-31,74000.0,10300.0
505028,13349,111,2022-10-19,2025-12-31,81300.0,6900.0
505029,13350,105,2017-04-25,2022-07-10,75600.0,5100.0
505030,13350,105,2022-07-11,2025-12-31,92900.0,8200.0
505031,13351,112,2021-04-05,2024-02-07,53600.0,4300.0
505032,13351,112,2024-02-08,2025-12-31,59200.0,4000.0
505033,13352,104,2025-08-28,2025-12-31,97900.0,8700.0
505034,13353,113,2017-09-21,2025-12-31,95500.0,9000.0
505035,13354,103,2020-08-30,2023-11-12,70800.0,10200.0
505036,13354,103,2023-11-13,2025-12-31,71600.0,6400.0
505037,13355,115,2020-12-06,2025-12-31,73800.0,10700.0
505038,13356,107,2018-01-26,2022-10-29,119000.0,9900.0
505039,13356,107,2022-10-30,2025-12-31,140900.0,11900.0
505040,13357,111,2021-03-10,2025-12-31,89500.0,7400.0
505041,13358,109,2025-02-18,2026-02-17,102400.0,8300.0
505042,13358,109,2026-02-18,2025-12-31,91500.0,7900.0
505043,13359,106,2022-10-28,2024-09-22,88100.0,8600.0
505044,13359,106,2024-09-23,2025-12-31,81300.0,12000.0
505045,13360,110,2019-07-06,2023-05-27,54400.0,6300.0
505046,13360,110,2023-05-28,2025-12-31,55400.0,5000.0
505047,13361,116,2016-01-28,2025-12-31,52700.0,4600.0
505048,13362,102,2024-08-06,2025-08-05,84800.0,7700.0
505049,13362,102,2025-08-06,2025-12-31,89200.0,5000.0
505050,13363,115,2016-06-28,2025-12-31,81700.0,5500.0
505051,13364,111,2024-01-23,2025-03-22,84500.0,6900.0
505052,13364,111,2025-03-23,2025-12-31,101300.0,7000.0
505053,13365,113,2021-02-06,2025-12-31,89600.0,5600.0
505054,13366,106,2024-11-04,2025-12-31,78400.0,5300.0
505055,13367,109,2022-07-20,2025-12-31,88600.0,12600.0
505056,13368,115,2022-02-27,2024-06-17,90100.0,6200.0
505057,13368,115,2024-06-18,2025-12-31,101500.0,10900.0
505058,13369,107,2017-02-27,2022-06-18,144600.0,12900.0
505059,13369,107,2022-06-19,2025-12-31,154700.0,17700.0
505060,13370,108,2023-12-13,2025-12-31,50800.0,7300.0
505061,13371,101,2023-09-13,2025-12-31,39600.0,2200.0
505062,13372,103,2021-09-13,2025-12-31,75300.0,9000.0
505063,13373,111,2025-10-23,2026-10-22,86500.0,9200.0
505064,13373,111,2026-10-23,2025-12-31,94400.0,8300.0
505065,13374,112,2024-12-30,2025-12-31,52000.0,4600.0
505066,13375,108,2022-06-24,2024-08-03,52400.0,6200.0
505067,13375,108,2024-08-04,2025-12-31,62600.0,7300.0
505068,13376,104,2016-05-26,2022-02-27,123000.0,13300.0
505069,13376,104,2022-02-28,2025-12-31,136000.0,19900.0
505070,13377,108,2018-01-16,2022-10-25,58800.0,5100.0
505071,13377,108,2022-10-26,2025-12-31,54600.0,3100.0
505072,13378,107,2023-08-06,2025-01-13,139100.0,20500.0
505073,13378,107,2025-01-14,2025-12-31,146600.0,18100.0
505074,13379,108,2020-07-20,2025-12-31,53600.0,3600.0
505075,13380,114,2023-05-24,2025-12-31,43200.0,5400.0
505076,13381,112,2024-02-22,2025-12-31,48700.0,3300.0
505077,13382,104,2021-07-22,2024-03-21,105000.0,14100.0
505078,13382,104,2024-03-22,2025-12-31,125600.0,7300.0
505079,13383,115,2017-10-23,2022-09-21,83900.0,6300.0
505080,13383,115,2022-09-22,2025-12-31,79900.0,7000.0
505081,13384,109,2024-06-06,2025-06-05,105600.0,14900.0
505082,13384,109,2025-06-06,2025-12-31,105000.0,10200.0
505083,13385,112,2025-03-21,2025-12-31,51600.0,4100.0
505084,13386,103,2024-08-10,2025-08-09,61200.0,4200.0
505085,13386,103,2025-08-10,2025-12-31,78600.0,5600.0
505086,13387,110,2016-07-15,2022-03-19,52400.0,6000.0
505087,13387,110,2022-03-20,2025-12-31,49500.0,6300.0
505088,13388,105,2017-08-30,2025-12-31,82500.0,12200.0
505089,13389,108,2018-03-25,2022-11-21,53600.0,3500.0
505090,13389,108,2022-11-22,2025-12-31,55700.0,3500.0
505091,13390,101,2017-11-05,2025-12-31,43400.0,6500.0
505092,13391,103,2016-09-01,2025-12-31,76500.0,5700.0
505093,13392,104,2021-06-07,2024-03-03,107300.0,14400.0
505094,13392,104,2024-03-04,2025-12-31,113100.0,16400.0
505095,13393,106,2016-04-28,2022-02-16,87700.0,8300.0
505096,13393,106,2022-02-17,2025-12-31,88000.0,13200.0
505097,13394,103,2024-07-05,2025-12-31,76300.0,8300.0
505098,13395,111,2020-08-29,2025-12-31,97900.0,12900.0
505099,13396,102,2016-02-18,2025-12-31,96800.0,11000.0
505100,13397,111,2018-11-23,2025-12-31,91700.0,11100.0
505101,13398,103,2023-04-07,2024-11-26,71400.0,7300.0
505102,13398,103,2024-11-27,2025-12-31,83800.0,9800.0
505103,13399,117,2020-04-04,2025-12-31,90700.0,12400.0
505104,13400,115,2021-11-06,2024-05-03,91400.0,10500.0
505105,13400,115,2024-05-04,2025-12-31,83500.0,11700.0
505106,13401,105,2016-11-13,2022-05-06,77400.0,6300.0
505107,13401,105,2022-05-07,2025-12-31,104600.0,13100.0
505108,13402,111,2023-04-04,2025-12-31,88300.0,5100.0
505109,13403,102,2020-10-20,2025-12-31,89700.0,10900.0
505110,13404,115,2018-08-10,2025-12-31,80400.0,4100.0
505111,13405,108,2019-02-26,2023-04-05,47700.0,6800.0
505112,13405,108,2023-04-06,2025-12-31,64800.0,8400.0
505113,13406,101,2018-11-30,2023-03-01,40400.0,4300.0
505114,13406,101,2023-03-02,2025-12-31,51900.0,7300.0
505115,13407,106,2023-10-28,2025-12-31,72300.0,10800.0
505116,13408,101,2017-08-13,2022-08-23,48500.0,5300.0
505117,13408,101,2022-08-24,2025-12-31,51300.0,5700.0
505118,13409,105,2016-05-31,2025-12-31,87900.0,11900.0
505119,13410,110,2017-11-29,2022-10-06,55800.0,8300.0
505120,13410,110,2022-10-07,2025-12-31,58400.0,8600.0
505121,13411,109,2016-10-07,2022-04-21,103700.0,6900.0
505122,13411,109,2022-04-22,2025-12-31,105400.0,12300.0
505123,13412,107,2021-07-12,2025-12-31,138500.0,11400.0
505124,13413,104,2024-05-30,2025-12-31,96800.0,10900.0
505125,13414,105,2024-02-29,2025-12-31,93600.0,11400.0
505126,13415,103,2024-01-20,2025-12-31,68100.0,6500.0
505127,13416,113,2019-09-26,2023-06-29,102700.0,12600.0
505128,13416,113,2023-06-30,2025-12-31,107700.0,13400.0
505129,13417,103,2023-07-04,2025-12-31,61600.0,8300.0
505130,13418,110,2025-08-05,2025-12-31,47700.0,6100.0
505131,13419,107,2020-07-25,2025-12-31,119300.0,10700.0
505132,13420,105,2025-07-25,2026-07-24,91200.0,6300.0
505133,13420,105,2026-07-25,2025-12-31,85000.0,6000.0
505134,13421,111,2017-07-22,2022-08-15,97600.0,11100.0
505135,13421,111,2022-08-16,2025-12-31,92600.0,11300.0
505136,13422,108,2017-04-30,2022-07-12,52400.0,3300.0
505137,13422,108,2022-07-13,2025-12-31,61500.0,5400.0
505138,13423,107,2024-11-07,2025-12-31,130000.0,7100.0
505139,13424,111,2016-04-05,2025-12-31,94600.0,8800.0
505140,13425,108,2016-04-21,2022-02-13,54700.0,4200.0
505141,13425,108,2022-02-14,2025-12-31,57200.0,3200.0
505142,13426,105,2018-04-21,2025-12-31,75600.0,10500.0
505143,13427,109,2019-06-01,2025-12-31,107300.0,15100.0
505144,13428,111,2017-12-27,2025-12-31,102800.0,6300.0
505145,13429,101,2022-09-10,2024-09-03,39500.0,4100.0
505146,13429,101,2024-09-04,2025-12-31,49400.0,7000.0
505147,13430,108,2022-09-14,2025-12-31,49600.0,5400.0
505148,13431,101,2021-03-17,2024-01-30,45100.0,4700.0
505149,13431,101,2024-01-31,2025-12-31,54300.0,7600.0
505150,13432,107,2020-12-01,2023-12-19,127100.0,15900.0
505151,13432,107,2023-12-20,2025-12-31,152800.0,17300.0
505152,13433,108,2018-10-18,2025-12-31,50700.0,5100.0
505153,13434,115,2016-03-10,2025-12-31,87000.0,10000.0
505154,13435,115,2018-09-06,2023-01-26,77100.0,6800.0
505155,13435,115,2023-01-27,2025-12-31,90100.0,9000.0
505156,13436,101,2018-01-17,2025-12-31,39900.0,3000.0
505157,13437,106,2019-04-25,2023-04-28,84400.0,12400.0
505158,13437,106,2023-04-29,2025-12-31,96600.0,11800.0
505159,13438,109,2024-05-11,2025-05-10,91500.0,12500.0
505160,13438,109,2025-05-11,2025-12-31,109200.0,7700.0
505161,13439,103,2020-07-17,2023-10-25,61400.0,6300.0
505162,13439,103,2023-10-26,2025-12-31,83800.0,4500.0
505163,13440,113,2022-02-14,2025-12-31,90600.0,13500.0
505164,13441,112,2021-05-16,2024-02-23,56800.0,4300.0
505165,13441,112,2024-02-24,2025-12-31,66800.0,4200.0
505166,13442,115,2021-08-04,2024-03-26,75800.0,9800.0
505167,13442,115,2024-03-27,2025-12-31,87400.0,6000.0
505168,13443,102,2016-06-20,2025-12-31,97600.0,9400.0
505169,13444,106,2017-12-19,2022-10-14,82300.0,9500.0
505170,13444,106,2022-10-15,2025-12-31,91200.0,7100.0
505171,13445,113,2016-04-06,2025-12-31,90100.0,7900.0
505172,13446,111,2018-12-07,2023-03-04,103900.0,13800.0
505173,13446,111,2023-03-05,2025-12-31,111000.0,5600.0
505174,13447,114,2018-08-28,2025-12-31,39400.0,5800.0
505175,13448,102,2020-07-14,2025-12-31,91600.0,7800.0
505176,13449,110,2020-03-29,2025-12-31,54200.0,5800.0
505177,13450,109,2017-06-22,2025-12-31,94700.0,11500.0
505178,13451,102,2017-03-09,2025-12-31,79400.0,4800.0
505179,13452,109,2019-02-14,2025-12-31,92300.0,7200.0
505180,13453,110,2024-03-31,2025-04-18,51900.0,4400.0
505181,13453,110,2025-04-19,2025-12-31,56100.0,8200.0
505182,13454,106,2018-03-17,2025-12-31,85700.0,5300.0
505183,13455,105,2021-11-05,2024-05-02,76000.0,11200.0
505184,13455,105,2024-05-03,2025-12-31,97800.0,5100.0
505185,13456,110,2024-11-10,2025-11-09,47700.0,5000.0
505186,13456,110,2025-11-10,2025-12-31,51200.0,2900.0
505187,13457,108,2022-05-06,2024-07-14,50100.0,6100.0
505188,13457,108,2024-07-15,2025-12-31,57900.0,4600.0
505189,13458,115,2020-05-09,2025-12-31,73300.0,8500.0
505190,13459,106,2020-07-25,2023-10-28,74900.0,5900.0
505191,13459,106,2023-10-29,2025-12-31,86700.0,12600.0
505192,13460,106,2017-12-22,2022-10-15,74900.0,5000.0
505193,13460,106,2022-10-16,2025-12-31,85000.0,5800.0
505194,13461,117,2021-10-11,2024-04-22,104400.0,5800.0
505195,13461,117,2024-04-23,2025-12-31,110800.0,7800.0
505196,13462,114,2018-10-07,2023-02-07,45700.0,5500.0
505197,13462,114,2023-02-08,2025-12-31,44600.0,2600.0
505198,13463,101,2020-08-03,2023-11-01,40800.0,5800.0
505199,13463,101,2023-11-02,2025-12-31,49400.0,7200.0
505200,13464,113,2020-08-05,2023-11-02,99000.0,6800.0
505201,13464,113,2023-11-03,2025-12-31,116000.0,6300.0
505202,13465,103,2019-03-04,2025-12-31,66900.0,7200.0
505203,13466,101,2025-05-02,2025-12-31,47000.0,3300.0
505204,13467,105,2024-08-04,2025-12-31,83200.0,6500.0
505205,13468,106,2016-10-08,2022-04-22,89000.0,12900.0
505206,13468,106,2022-04-23,2025-12-31,82300.0,11400.0
505207,13469,112,2016-11-14,2025-12-31,51500.0,5700.0
505208,13470,113,2019-06-10,2025-12-31,97900.0,8500.0
505209,13471,117,2020-01-01,2025-12-31,87100.0,5800.0
505210,13472,113,2022-03-17,2025-12-31,85700.0,11200.0
505211,13473,107,2024-03-02,2025-04-07,131900.0,13800.0
505212,13473,107,2025-04-08,2025-12-31,156000.0,21600.0
505213,13474,110,2016-10-02,2025-12-31,51900.0,4400.0
505214,13475,116,2020-06-28,2025-12-31,46400.0,3500.0
505215,13476,112,2022-09-26,2024-09-09,52500.0,3100.0
505216,13476,112,2024-09-10,2025-12-31,53400.0,4900.0
505217,13477,113,2017-03-19,2022-06-26,92000.0,9000.0
505218,13477,113,2022-06-27,2025-12-31,99100.0,5700.0
505219,13478,115,2024-03-02,2025-04-07,81600.0,11600.0
505220,13478,115,2025-04-08,2025-12-31,82000.0,9100.0
505221,13479,104,2021-12-16,2024-05-19,100200.0,8900.0
505222,13479,104,2024-05-20,2025-12-31,120100.0,10400.0
505223,13480,110,2023-07-19,2025-12-31,55400.0,3600.0
505224,13481,114,2021-06-18,2024-03-07,41500.0,3400.0
505225,13481,114,2024-03-08,2025-12-31,50600.0,7600.0
505226,13482,116,2020-06-05,2023-10-08,56700.0,6300.0
505227,13482,116,2023-10-09,2025-12-31,60500.0,4600.0
505228,13483,105,2022-02-10,2024-06-10,85800.0,9600.0
505229,13483,105,2024-06-11,2025-12-31,104700.0,12300.0
505230,13484,109,2021-03-25,2024-02-02,107800.0,9400.0
505231,13484,109,2024-02-03,2025-12-31,95600.0,10700.0
505232,13485,111,2018-10-30,2023-02-17,103700.0,9600.0
505233,13485,111,2023-02-18,2025-12-31,93100.0,6000.0
505234,13486,107,2024-12-12,2025-12-31,127800.0,11000.0
505235,13487,110,2023-08-10,2025-12-31,47100.0,3000.0
505236,13488,105,2024-05-10,2025-12-31,73700.0,10400.0
505237,13489,105,2024-08-18,2025-08-17,83600.0,5900.0
505238,13489,105,2025-08-18,2025-12-31,86300.0,11500.0
505239,13490,109,2016-01-28,2025-12-31,90600.0,6800.0
505240,13491,108,2025-11-15,2026-11-14,53800.0,6600.0
505241,13491,108,2026-11-15,2025-12-31,54500.0,4500.0
505242,13492,108,2019-04-07,2025-12-31,56300.0,4000.0
505243,13493,108,2020-11-06,2023-12-09,58200.0,7200.0
505244,13493,108,2023-12-10,2025-12-31,53100.0,4700.0
505245,13494,105,2024-11-07,2025-12-31,85400.0,10400.0
505246,13495,104,2017-12-13,2022-10-11,121100.0,13400.0
505247,13495,104,2022-10-12,2025-12-31,111900.0,9800.0
505248,13496,102,2022-10-28,2024-09-22,96700.0,12000.0
505249,13496,102,2024-09-23,2025-12-31,98900.0,9400.0
505250,13497,107,2021-01-16,2024-01-06,116300.0,10100.0
505251,13497,107,2024-01-07,2025-12-31,131400.0,9000.0
505252,13498,108,2024-12-21,2025-12-31,49700.0,4900.0
505253,13499,112,2017-08-28,2025-12-31,53900.0,5500.0
505254,13500,104,2020-11-11,2023-12-11,105000.0,10600.0
505255,13500,104,2023-12-12,2025-12-31,118100.0,6400.0
505256,13501,103,2025-10-29,2026-10-28,74600.0,4600.0
505257,13501,103,2026-10-29,2025-12-31,66200.0,4100.0
505258,13502,113,2024-09-05,2025-12-31,105100.0,5800.0
505259,13503,106,2017-06-26,2025-12-31,82200.0,8400.0
505260,13504,116,2016-10-18,2022-04-26,51200.0,7400.0
505261,13504,116,2022-04-27,2025-12-31,64600.0,7300.0
505262,13505,112,2016-10-12,2025-12-31,50900.0,7400.0
505263,13506,106,2022-06-25,2025-12-31,77000.0,10100.0
505264,13507,105,2016-08-30,2022-04-06,78400.0,10100.0
505265,13507,105,2022-04-07,2025-12-31,94700.0,10000.0
505266,13508,108,2021-03-22,2025-12-31,47800.0,4100.0
505267,13509,101,2025-04-24,2025-12-31,41600.0,4200.0
505268,13510,103,2020-12-27,2025-12-31,77000.0,5700.0
505269,13511,103,2018-02-01,2022-10-31,77700.0,5300.0
505270,13511,103,2022-11-01,2025-12-31,81400.0,5500.0
505271,13512,112,2024-07-17,2025-12-31,54900.0,8100.0
505272,13513,108,2017-04-05,2022-07-02,55600.0,6600.0
505273,13513,108,2022-07-03,2025-12-31,61700.0,3700.0
505274,13514,101,2018-12-10,2023-03-05,42600.0,3500.0
505275,13514,101,2023-03-06,2025-12-31,51200.0,2800.0
505276,13515,110,2018-12-06,2025-12-31,51200.0,3400.0
505277,13516,109,2019-08-27,2023-06-17,85300.0,8200.0
505278,13516,109,2023-06-18,2025-12-31,107600.0,11600.0
505279,13517,108,2020-12-04,2025-12-31,50100.0,6300.0
505280,13518,107,2022-05-13,2025-12-31,117100.0,16700.0
505281,13519,109,2024-11-04,2025-12-31,92800.0,8500.0
505282,13520,116,2021-03-09,2025-12-31,52900.0,6900.0
505283,13521,101,2021-07-19,2024-03-20,41600.0,2500.0
505284,13521,101,2024-03-21,2025-12-31,48400.0,6600.0
505285,13522,105,2020-04-03,2025-12-31,85300.0,7400.0
505286,13523,106,2022-12-18,2024-10-13,85100.0,9100.0
505287,13523,106,2024-10-14,2025-12-31,97400.0,9100.0
505288,13524,107,2016-06-08,2022-03-04,149100.0,9600.0
505289,13524,107,2022-03-05,2025-12-31,136200.0,13500.0
505290,13525,106,2019-06-05,2025-12-31,80500.0,5700.0
505291,13526,113,2023-04-14,2025-12-31,102800.0,7800.0
505292,13527,115,2023-02-19,2024-11-07,91000.0,8000.0
505293,13527,115,2024-11-08,2025-12-31,92300.0,5700.0
505294,13528,107,2019-08-11,2023-06-11,129600.0,15000.0
505295,13528,107,2023-06-12,2025-12-31,137300.0,19900.0
505296,13529,109,2017-12-21,2022-10-14,102400.0,8900.0
505297,13529,109,2022-10-15,2025-12-31,114200.0,16300.0
505298,13530,111,2021-08-09,2024-03-28,93100.0,6100.0
505299,13530,111,2024-03-29,2025-12-31,108200.0,14400.0
505300,13531,108,2016-02-07,2022-01-14,51600.0,3600.0
505301,13531,108,2022-01-15,2025-12-31,55300.0,4600.0
505302,13532,109,2016-10-15,2022-04-25,90600.0,12700.0
505303,13532,109,2022-04-26,2025-12-31,100100.0,7800.0
505304,13533,105,2018-01-02,2022-10-19,95100.0,12000.0
505305,13533,105,2022-10-20,2025-12-31,85900.0,10800.0
505306,13534,109,2019-10-08,2025-12-31,106700.0,14800.0
505307,13535,107,2025-10-02,2026-10-01,130900.0,15700.0
505308,13535,107,2026-10-02,2025-12-31,164000.0,9600.0
505309,13536,113,2019-02-24,2023-04-04,97300.0,8900.0
505310,13536,113,2023-04-05,2025-12-31,106000.0,9200.0
505311,13537,112,2021-07-23,2025-12-31,59500.0,7400.0
505312,13538,104,2018-08-16,2023-01-18,122500.0,7300.0
505313,13538,104,2023-01-19,2025-12-31,110900.0,16100.0
505314,13539,103,2020-06-03,2025-12-31,62700.0,9100.0
505315,13540,114,2025-03-09,2025-12-31,46700.0,3400.0
505316,13541,108,2018-01-29,2022-10-30,51700.0,5600.0
505317,13541,108,2022-10-31,2025-12-31,65900.0,9600.0
505318,13542,114,2023-11-24,2025-12-31,37800.0,4800.0
505319,13543,101,2019-03-21,2025-12-31,42600.0,3100.0
505320,13544,109,2024-10-18,2025-12-31,85100.0,12300.0
505321,13545,109,2023-06-04,2024-12-19,94300.0,14000.0
505322,13545,109,2024-12-20,2025-12-31,118500.0,15100.0
505323,13546,114,2018-08-02,2025-12-31,47600.0,6800.0
505324,13547,103,2018-11-07,2025-12-31,73200.0,8000.0
505325,13548,106,2025-05-03,2025-12-31,87500.0,10800.0
505326,13549,107,2022-11-29,2025-12-31,118400.0,12700.0
505327,13550,115,2023-03-16,2024-11-17,83000.0,9200.0
505328,13550,115,2024-11-18,2025-12-31,99300.0,5300.0
505329,13551,114,2025-08-15,2026-08-14,47100.0,6900.0
505330,13551,114,2026-08-15,2025-12-31,41200.0,3400.0
505331,13552,116,2025-05-29,2026-05-28,56600.0,6700.0
505332,13552,116,2026-05-29,2025-12-31,59300.0,7100.0
505333,13553,116,2020-08-08,2025-12-31,49300.0,6200.0
505334,13554,102,2023-09-22,2025-12-31,98500.0,14300.0
505335,13555,101,2020-04-26,2025-12-31,39300.0,2000.0
505336,13556,104,2025-03-25,2025-12-31,98200.0,8000.0
505337,13557,106,2018-03-21,2022-11-19,89300.0,7300.0
505338,13557,106,2022-11-20,2025-12-31,77200.0,11200.0
505339,13558,113,2018-08-23,2025-12-31,85600.0,11400.0
505340,13559,115,2020-06-02,2023-10-07,89300.0,9800.0
505341,13559,115,2023-10-08,2025-12-31,83200.0,10400.0
505342,13560,105,2023-03-28,2024-11-22,87900.0,12000.0
505343,13560,105,2024-11-23,2025-12-31,87400.0,7600.0
505344,13561,110,2025-06-23,2025-12-31,51000.0,5400.0
505345,13562,115,2019-06-04,2023-05-14,80800.0,8100.0
505346,13562,115,2023-05-15,2025-12-31,85100.0,6300.0
505347,13563,108,2023-02-06,2025-12-31,48600.0,5100.0
505348,13564,104,2023-03-05,2025-12-31,102400.0,12800.0
505349,13565,108,2016-06-22,2022-03-10,59900.0,8900.0
505350,13565,108,2022-03-11,2025-12-31,62900.0,5300.0
505351,13566,107,2024-12-29,2025-12-31,150000.0,14400.0
505352,13567,108,2024-04-22,2025-12-31,46100.0,2500.0
505353,13568,108,2022-06-29,2025-12-31,54500.0,4400.0
505354,13569,101,2019-12-19,2023-08-02,47800.0,4400.0
505355,13569,101,2023-08-03,2025-12-31,50900.0,5900.0
505356,13570,116,2025-05-22,2025-12-31,48500.0,5400.0
505357,13571,109,2022-11-09,2024-09-27,103400.0,7200.0
505358,13571,109,2024-09-28,2025-12-31,99200.0,9300.0
505359,13572,108,2019-03-05,2025-12-31,56100.0,4700.0
505360,13573,116,2025-09-10,2025-12-31,49300.0,6300.0
505361,13574,103,2019-01-08,2023-03-17,74700.0,10700.0
505362,13574,103,2023-03-18,2025-12-31,85600.0,11600.0
505363,13575,106,2020-09-15,2023-11-18,77700.0,4600.0
505364,13575,106,2023-11-19,2025-12-31,79700.0,4400.0
505365,13576,112,2022-02-12,2025-12-31,55600.0,7900.0
505366,13577,107,2018-02-04,2022-11-01,137500.0,12400.0
505367,13577,107,2022-11-02,2025-12-31,158400.0,22600.0
505368,13578,112,2017-04-08,2022-07-04,49000.0,3300.0
505369,13578,112,2022-07-05,2025-12-31,64200.0,5300.0
505370,13579,106,2018-11-28,2025-12-31,84700.0,10100.0
505371,13580,101,2017-06-21,2025-12-31,47500.0,5400.0
505372,13581,109,2019-05-25,2023-05-10,95800.0,10500.0
505373,13581,109,2023-05-11,2025-12-31,117700.0,13500.0
505374,13582,106,2024-07-28,2025-12-31,80400.0,4900.0
505375,13583,112,2019-11-08,2023-07-16,49800.0,2800.0
505376,13583,112,2023-07-17,2025-12-31,57900.0,6600.0
505377,13584,110,2017-07-16,2025-12-31,55100.0,4400.0
505378,13585,115,2024-07-02,2025-07-01,80600.0,6600.0
505379,13585,115,2025-07-02,2025-12-31,87900.0,9300.0
505380,13586,113,2019-04-08,2023-04-22,94200.0,10000.0
505381,13586,113,2023-04-23,2025-12-31,105300.0,12300.0
505382,13587,107,2025-09-09,2026-09-08,120400.0,9700.0
505383,13587,107,2026-09-09,2025-12-31,130400.0,9600.0
505384,13588,112,2019-10-04,2023-07-02,53700.0,6500.0
505385,13588,112,2023-07-03,2025-12-31,57200.0,2900.0
505386,13589,111,2024-08-02,2025-12-31,98000.0,8700.0
505387,13590,111,2018-12-25,2023-03-11,93000.0,5600.0
505388,13590,111,2023-03-12,2025-12-31,106500.0,13100.0
505389,13591,113,2018-02-15,2025-12-31,93100.0,12500.0
505390,13592,109,2023-07-08,2025-12-31,90300.0,6900.0
505391,13593,108,2018-12-26,2025-12-31,55900.0,5600.0
505392,13594,111,2023-06-23,2025-12-31,84600.0,8300.0
505393,13595,105,2018-07-19,2023-01-06,74800.0,4100.0
505394,13595,105,2023-01-07,2025-12-31,93100.0,10100.0
505395,13596,106,2021-04-01,2024-02-05,82300.0,8100.0
505396,13596,106,2024-02-06,2025-12-31,81100.0,4200.0
505397,13597,110,2023-07-24,2025-01-08,52200.0,6000.0
505398,13597,110,2025-01-09,2025-12-31,58100.0,3800.0
505399,13598,107,2022-03-02,2025-12-31,129400.0,16400.0
505400,13599,101,2019-02-22,2023-04-04,44200.0,4500.0
505401,13599,101,2023-04-05,2025-12-31,52500.0,5900.0
505402,13600,101,2024-06-20,2025-06-19,42000.0,6200.0
505403,13600,101,2025-06-20,2025-12-31,46200.0,2900.0
505404,13601,111,2017-07-26,2022-08-16,89000.0,5600.0
505405,13601,111,2022-08-17,2025-12-31,108200.0,12100.0
505406,13602,107,2024-06-07,2025-06-06,149800.0,17300.0
505407,13602,107,2025-06-07,2025-12-31,153600.0,16200.0
505408,13603,112,2024-12-20,2025-12-31,48100.0,6100.0
505409,13604,105,2024-06-23,2025-12-31,76300.0,9900.0
505410,13605,109,2022-01-24,2025-12-31,90000.0,12800.0
505411,13606,107,2023-07-30,2025-01-10,124600.0,17300.0
505412,13606,107,2025-01-11,2025-12-31,145000.0,15900.0
505413,13607,111,2024-06-14,2025-12-31,84600.0,6100.0
505414,13608,106,2023-03-06,2025-12-31,74000.0,7700.0
505415,13609,116,2024-06-21,2025-06-20,57900.0,8500.0
505416,13609,116,2025-06-21,2025-12-31,52800.0,5800.0
505417,13610,115,2024-05-14,2025-12-31,89700.0,8400.0
505418,13611,114,2023-07-14,2025-01-04,41100.0,5100.0
505419,13611,114,2025-01-05,2025-12-31,52700.0,5600.0
505420,13612,114,2018-08-07,2023-01-14,37300.0,5400.0
505421,13612,114,2023-01-15,2025-12-31,46400.0,5600.0
505422,13613,108,2016-10-04,2025-12-31,58500.0,4500.0
505423,13614,109,2022-03-15,2024-06-23,105800.0,11500.0
505424,13614,109,2024-06-24,2025-12-31,93100.0,6500.0
505425,13615,112,2021-01-05,2024-01-02,62300.0,4500.0
505426,13615,112,2024-01-03,2025-12-31,66600.0,3900.0
505427,13616,111,2023-07-28,2025-01-09,102400.0,14300.0
505428,13616,111,2025-01-10,2025-12-31,93800.0,6800.0
505429,13617,115,2021-11-06,2025-12-31,72900.0,10500.0
505430,13618,113,2019-05-18,2023-05-08,97200.0,5900.0
505431,13618,113,2023-05-09,2025-12-31,94000.0,9100.0
505432,13619,117,2016-07-08,2022-03-16,98700.0,12800.0
505433,13619,117,2022-03-17,2025-12-31,92000.0,10200.0
505434,13620,107,2024-12-21,2025-12-31,130400.0,19000.0
505435,13621,112,2022-10-28,2024-09-22,52500.0,3800.0
505436,13621,112,2024-09-23,2025-12-31,68600.0,5400.0
505437,13622,111,2018-06-28,2022-12-29,101800.0,14600.0
505438,13622,111,2022-12-30,2025-12-31,114500.0,12100.0
505439,13623,110,2022-04-20,2025-12-31,48900.0,5400.0
505440,13624,106,2020-01-10,2023-08-10,84700.0,6800.0
505441,13624,106,2023-08-11,2025-12-31,96200.0,6200.0
505442,13625,112,2021-09-20,2025-12-31,55400.0,4200.0
505443,13626,115,2022-10-24,2024-09-21,75000.0,11000.0
505444,13626,115,2024-09-22,2025-12-31,101500.0,6300.0
505445,13627,107,2016-09-15,2022-04-13,131300.0,12800.0
505446,13627,107,2022-04-14,2025-12-31,138000.0,19500.0
505447,13628,111,2021-06-19,2025-12-31,81400.0,9400.0
505448,13629,106,2020-02-13,2023-08-24,81500.0,11100.0
505449,13629,106,2023-08-25,2025-12-31,90900.0,8800.0
505450,13630,117,2016-07-19,2025-12-31,101600.0,7600.0
505451,13631,109,2022-09-23,2024-09-08,101900.0,5300.0
505452,13631,109,2024-09-09,2025-12-31,92900.0,12600.0
505453,13632,105,2017-08-07,2022-08-21,88800.0,7300.0
505454,13632,105,2022-08-22,2025-12-31,101300.0,13600.0
505455,13633,106,2018-07-18,2025-12-31,71000.0,6600.0
505456,13634,111,2017-10-31,2025-12-31,103500.0,7900.0
505457,13635,101,2022-05-10,2024-07-16,41000.0,4100.0
505458,13635,101,2024-07-17,2025-12-31,51300.0,6100.0
505459,13636,111,2021-09-25,2024-04-16,99700.0,11600.0
505460,13636,111,2024-04-17,2025-12-31,100100.0,10700.0
505461,13637,115,2016-05-23,2025-12-31,77500.0,11200.0
505462,13638,115,2020-06-25,2023-10-16,91500.0,11400.0
505463,13638,115,2023-10-17,2025-12-31,94800.0,5500.0
505464,13639,102,2017-01-03,2025-12-31,85200.0,10600.0
505465,13640,117,2016-07-26,2025-12-31,89000.0,12600.0
505466,13641,111,2024-12-23,2025-12-31,97200.0,13700.0
505467,13642,103,2021-07-29,2025-12-31,67800.0,7700.0
505468,13643,102,2020-05-01,2025-12-31,79700.0,5400.0
505469,13644,103,2023-11-13,2025-02-22,61800.0,7600.0
505470,13644,103,2025-02-23,2025-12-31,65900.0,5300.0
505471,13645,113,2023-06-17,2024-12-24,108800.0,9000.0
505472,13645,113,2024-12-25,2025-12-31,115300.0,10500.0
505473,13646,101,2018-05-20,2022-12-13,39800.0,3700.0
505474,13646,101,2022-12-14,2025-12-31,43300.0,4600.0
505475,13647,107,2025-12-24,2026-12-23,139600.0,9600.0
505476,13647,107,2026-12-24,2025-12-31,149300.0,10100.0
505477,13648,112,2016-09-22,2025-12-31,52300.0,5800.0
505478,13649,108,2025-08-06,2025-12-31,52800.0,3700.0
505479,13650,113,2025-05-10,2025-12-31,93900.0,11600.0
505480,13651,113,2016-07-31,2022-03-25,92300.0,10500.0
505481,13651,113,2022-03-26,2025-12-31,97500.0,13300.0
505482,13652,102,2022-02-15,2024-06-12,78700.0,6300.0
505483,13652,102,2024-06-13,2025-12-31,106600.0,14500.0
505484,13653,114,2016-12-20,2025-12-31,40100.0,4100.0
505485,13654,105,2020-11-16,2025-12-31,80700.0,7100.0
505486,13655,108,2019-01-14,2025-12-31,58400.0,6300.0
505487,13656,110,2025-06-21,2026-06-20,45400.0,2700.0
505488,13656,110,2026-06-21,2025-12-31,62600.0,8300.0
505489,13657,103,2016-01-07,2025-12-31,68800.0,8100.0
505490,13658,116,2019-03-02,2023-04-07,54700.0,7200.0
505491,13658,116,2023-04-08,2025-12-31,51600.0,4100.0
505492,13659,108,2022-07-21,2024-08-14,49600.0,6300.0
505493,13659,108,2024-08-15,2025-12-31,55700.0,6600.0
505494,13660,102,2019-09-17,2025-12-31,97600.0,13400.0
505495,13661,114,2025-04-28,2025-12-31,39900.0,2600.0
505496,13662,109,2025-12-06,2025-12-31,85400.0,12000.0
505497,13663,111,2020-01-04,2023-08-08,102500.0,12400.0
505498,13663,111,2023-08-09,2025-12-31,112300.0,15500.0
505499,13664,108,2020-09-13,2023-11-17,56200.0,4100.0
505500,13664,108,2023-11-18,2025-12-31,65800.0,8400.0
505501,13665,112,2024-12-03,2025-12-02,61300.0,4900.0
505502,13665,112,2025-12-03,2025-12-31,59300.0,6600.0
505503,13666,101,2019-12-08,2025-12-31,49500.0,5300.0
505504,13667,107,2024-06-13,2025-06-12,124800.0,10800.0
505505,13667,107,2025-06-13,2025-12-31,133400.0,15600.0
505506,13668,109,2017-06-14,2025-12-31,102300.0,6100.0
505507,13669,101,2023-03-28,2024-11-22,41500.0,4300.0
505508,13669,101,2024-11-23,2025-12-31,48600.0,4600.0
505509,13670,111,2021-10-25,2024-04-28,98900.0,9700.0
505510,13670,111,2024-04-29,2025-12-31,94500.0,9900.0
505511,13671,107,2025-01-01,2025-12-31,115700.0,8100.0
505512,13672,106,2020-05-28,2023-10-05,74200.0,5500.0
505513,13672,106,2023-10-06,2025-12-31,82200.0,6300.0
505514,13673,102,2020-05-02,2025-12-31,85800.0,7300.0
505515,13674,113,2021-08-11,2024-03-29,109600.0,11300.0
505516,13674,113,2024-03-30,2025-12-31,110400.0,13600.0
505517,13675,113,2022-09-03,2024-08-31,109600.0,7100.0
505518,13675,113,2024-09-01,2025-12-31,106100.0,6800.0
505519,13676,106,2017-06-25,2025-12-31,71300.0,7500.0
505520,13677,108,2017-05-09,2022-07-16,52300.0,4100.0
505521,13677,108,2022-07-17,2025-12-31,64500.0,3600.0
505522,13678,107,2024-08-16,2025-12-31,139300.0,19300.0
505523,13679,110,2024-02-13,2025-12-31,57300.0,4300.0
505524,13680,102,2025-05-16,2026-05-15,87700.0,9100.0
505525,13680,102,2026-05-16,2025-12-31,95600.0,11900.0
505526,13681,108,2018-04-21,2022-12-02,46200.0,5600.0
505527,13681,108,2022-12-03,2025-12-31,64200.0,8200.0
505528,13682,111,2020-01-23,2023-08-16,104000.0,10600.0
505529,13682,111,2023-08-17,2025-12-31,109200.0,7700.0
505530,13683,115,2024-11-25,2025-12-31,79000.0,11700.0
505531,13684,105,2020-02-09,2023-08-22,90500.0,10000.0
505532,13684,105,2023-08-23,2025-12-31,83300.0,8700.0
505533,13685,113,2025-10-26,2025-12-31,103100.0,8500.0
505534,13686,110,2022-06-09,2025-12-31,52500.0,2800.0
505535,13687,115,2020-04-08,2025-12-31,91600.0,10800.0
505536,13688,107,2023-02-04,2024-11-01,135700.0,9100.0
505537,13688,107,2024-11-02,2025-12-31,149600.0,15000.0
505538,13689,106,2018-02-08,2022-11-03,75800.0,5200.0
505539,13689,106,2022-11-04,2025-12-31,84900.0,6300.0
505540,13690,114,2023-09-14,2025-12-31,44600.0,5500.0
505541,13691,101,2022-11-22,2024-10-02,38700.0,2800.0
505542,13691,101,2024-10-03,2025-12-31,52300.0,5800.0
505543,13692,104,2021-08-27,2025-12-31,104800.0,6000.0
505544,13693,104,2016-03-12,2025-12-31,97700.0,5500.0
505545,13694,115,2023-11-21,2025-02-25,84300.0,12600.0
505546,13694,115,2025-02-26,2025-12-31,81100.0,7900.0
505547,13695,101,2024-09-19,2025-12-31,48300.0,5700.0
505548,13696,114,2018-10-14,2025-12-31,42700.0,4000.0
505549,13697,109,2019-05-30,2025-12-31,105500.0,11100.0
505550,13698,101,2016-09-17,2025-12-31,42600.0,4700.0
505551,13699,107,2022-03-21,2025-12-31,141400.0,15200.0
505552,13700,106,2024-05-18,2025-05-17,81200.0,6500.0
505553,13700,106,2025-05-18,2025-12-31,77900.0,10300.0
505554,13701,110,2020-03-15,2023-09-05,52700.0,7800.0
505555,13701,110,2023-09-06,2025-12-31,49900.0,3600.0
505556,13702,110,2025-04-21,2025-12-31,45500.0,6100.0
505557,13703,108,2025-10-11,2026-10-10,58500.0,3300.0
505558,13703,108,2026-10-11,2025-12-31,64800.0,8800.0
505559,13704,102,2022-06-24,2025-12-31,96700.0,5600.0
505560,13705,110,2017-06-12,2022-07-30,49100.0,5100.0
505561,13705,110,2022-07-31,2025-12-31,61400.0,6400.0
505562,13706,115,2017-08-13,2025-12-31,86600.0,11900.0
505563,13707,112,2023-03-11,2025-12-31,62100.0,3200.0
505564,13708,112,2022-08-23,2024-08-27,61400.0,7900.0
505565,13708,112,2024-08-28,2025-12-31,56900.0,8400.0
505566,13709,105,2016-08-13,2025-12-31,75000.0,9800.0
505567,13710,114,2021-03-21,2025-12-31,39300.0,4600.0
505568,13711,105,2019-09-08,2025-12-31,88700.0,11700.0
505569,13712,102,2021-05-24,2024-02-26,95500.0,6700.0
505570,13712,102,2024-02-27,2025-12-31,87900.0,9200.0
505571,13713,114,2024-07-07,2025-12-31,42900.0,6100.0
505572,13714,116,2021-10-30,2025-12-31,47600.0,6800.0
505573,13715,110,2025-07-03,2026-07-02,54400.0,3500.0
505574,13715,110,2026-07-03,2025-12-31,63300.0,5300.0
505575,13716,107,2021-10-03,2024-04-19,131300.0,7900.0
505576,13716,107,2024-04-20,2025-12-31,145500.0,9500.0
505577,13717,106,2021-02-02,2025-12-31,89100.0,11700.0
505578,13718,108,2023-07-18,2025-01-05,46000.0,2500.0
505579,13718,108,2025-01-06,2025-12-31,58200.0,6900.0
505580,13719,114,2019-12-03,2025-12-31,43500.0,6400.0
505581,13720,103,2025-10-09,2026-10-08,70700.0,5200.0
505582,13720,103,2026-10-09,2025-12-31,72600.0,8600.0
505583,13721,112,2025-12-10,2025-12-31,53200.0,3300.0
505584,13722,105,2025-09-27,2026-09-26,74600.0,8100.0
505585,13722,105,2026-09-27,2025-12-31,88900.0,7800.0
505586,13723,112,2025-03-21,2025-12-31,56300.0,6100.0
505587,13724,114,2024-03-29,2025-04-17,42300.0,5600.0
505588,13724,114,2025-04-18,2025-12-31,46200.0,4800.0
505589,13725,108,2018-05-29,2025-12-31,48500.0,5900.0
505590,13726,107,2021-06-27,2024-03-11,144100.0,13000.0
505591,13726,107,2024-03-12,2025-12-31,138200.0,9800.0
505592,13727,113,2018-07-24,2025-12-31,103100.0,5900.0
505593,13728,109,2017-05-22,2025-12-31,83700.0,5700.0
505594,13729,110,2019-08-28,2025-12-31,50400.0,6800.0
505595,13730,110,2024-11-29,2025-12-31,57100.0,7700.0
505596,13731,103,2024-08-09,2025-08-08,75000.0,10300.0
505597,13731,103,2025-08-09,2025-12-31,85200.0,4400.0
505598,13732,115,2019-04-25,2025-12-31,73300.0,7500.0
505599,13733,107,2021-12-31,2024-05-25,147200.0,13300.0
505600,13733,107,2024-05-26,2025-12-31,149400.0,17800.0
505601,13734,114,2022-08-14,2024-08-23,43400.0,4400.0
505602,13734,114,2024-08-24,2025-12-31,47800.0,2800.0
505603,13735,106,2023-05-24,2024-12-14,72700.0,10000.0
505604,13735,106,2024-12-15,2025-12-31,84100.0,7900.0
505605,13736,113,2020-09-05,2023-11-14,103000.0,7800.0
505606,13736,113,2023-11-15,2025-12-31,95000.0,8300.0
505607,13737,107,2023-12-31,2025-12-31,147000.0,8100.0
505608,13738,105,2020-01-10,2025-12-31,75100.0,6200.0
505609,13739,107,2023-01-02,2024-10-19,146900.0,17700.0
505610,13739,107,2024-10-20,2025-12-31,140700.0,12300.0
505611,13740,112,2023-09-16,2025-12-31,49100.0,3200.0
505612,13741,109,2023-08-03,2025-12-31,87900.0,10800.0
505613,13742,115,2017-01-05,2022-05-27,73700.0,10300.0
505614,13742,115,2022-05-28,2025-12-31,100600.0,11100.0
505615,13743,107,2017-02-10,2022-06-11,134300.0,12200.0
505616,13743,107,2022-06-12,2025-12-31,155700.0,19500.0
505617,13744,111,2021-05-22,2025-12-31,93800.0,12200.0
505618,13745,112,2024-04-07,2025-04-21,48300.0,5500.0
505619,13745,112,2025-04-22,2025-12-31,54300.0,5700.0
505620,13746,104,2020-01-19,2025-12-31,108600.0,5900.0
505621,13747,105,2025-04-30,2025-12-31,74600.0,10500.0
505622,13748,108,2019-10-23,2023-07-10,56300.0,8000.0
505623,13748,108,2023-07-11,2025-12-31,64600.0,9000.0
505624,13749,106,2020-01-15,2025-12-31,79700.0,8400.0
505625,13750,106,2023-09-06,2025-12-31,87800.0,11700.0
505626,13751,111,2017-01-18,2025-12-31,97600.0,10900.0
505627,13752,106,2018-03-26,2025-12-31,73000.0,5100.0
505628,13753,111,2017-01-23,2025-12-31,94600.0,9300.0
505629,13754,114,2016-07-02,2025-12-31,46300.0,3100.0
505630,13755,108,2023-05-08,2024-12-08,57100.0,7300.0
505631,13755,108,2024-12-09,2025-12-31,54100.0,7300.0
505632,13756,111,2018-06-02,2022-12-19,92500.0,13700.0
505633,13756,111,2022-12-20,2025-12-31,103100.0,6600.0
505634,13757,101,2019-04-25,2023-04-28,42600.0,6200.0
505635,13757,101,2023-04-29,2025-12-31,45900.0,4300.0
505636,13758,114,2024-05-14,2025-12-31,39900.0,4800.0
505637,13759,107,2016-01-26,2022-01-09,123500.0,18400.0
505638,13759,107,2022-01-10,2025-12-31,140700.0,17300.0
505639,13760,110,2025-02-13,2025-12-31,48800.0,4200.0
505640,13761,117,2016-09-06,2025-12-31,98100.0,8500.0
505641,13762,110,2019-01-10,2025-12-31,55800.0,4100.0
505642,13763,112,2019-10-19,2023-07-08,51800.0,6100.0
505643,13763,112,2023-07-09,2025-12-31,67300.0,9200.0
505644,13764,108,2022-09-14,2024-09-05,58300.0,7600.0
505645,13764,108,2024-09-06,2025-12-31,61900.0,7400.0
505646,13765,101,2021-08-22,2025-12-31,48800.0,6400.0
505647,13766,113,2016-08-03,2022-03-26,103200.0,13800.0
505648,13766,113,2022-03-27,2025-12-31,98400.0,7000.0
505649,13767,101,2018-03-09,2025-12-31,42700.0,3800.0
505650,13768,110,2025-02-18,2026-02-17,47000.0,6800.0
505651,13768,110,2026-02-18,2025-12-31,60500.0,4500.0
505652,13769,101,2019-03-12,2023-04-11,43000.0,3900.0
505653,13769,101,2023-04-12,2025-12-31,42600.0,5900.0
505654,13770,115,2024-12-02,2025-12-31,90300.0,11800.0
505655,13771,104,2019-10-31,2025-12-31,115300.0,16800.0
505656,13772,108,2025-06-06,2025-12-31,54800.0,7100.0
505657,13773,110,2023-09-12,2025-01-28,57200.0,3000.0
505658,13773,110,2025-01-29,2025-12-31,58200.0,3400.0
505659,13774,109,2016-08-17,2025-12-31,107200.0,9700.0
505660,13775,105,2018-04-10,2025-12-31,81100.0,5300.0
505661,13776,109,2023-12-28,2025-03-12,90400.0,10200.0
505662,13776,109,2025-03-13,2025-12-31,113100.0,8000.0
505663,13777,105,2024-11-18,2025-11-17,78600.0,6300.0
505664,13777,105,2025-11-18,2025-12-31,87900.0,6300.0
505665,13778,108,2019-03-05,2023-04-08,58000.0,3500.0
505666,13778,108,2023-04-09,2025-12-31,63900.0,6400.0
505667,13779,105,2024-04-22,2025-12-31,91900.0,7400.0
505668,13780,108,2021-03-18,2025-12-31,47200.0,4900.0
505669,13781,105,2023-02-09,2024-11-03,82700.0,7800.0
505670,13781,105,2024-11-04,2025-12-31,103500.0,9700.0
505671,13782,117,2025-01-22,2025-12-31,106800.0,10600.0
505672,13783,109,2019-06-21,2023-05-21,107300.0,14200.0
505673,13783,109,2023-05-22,2025-12-31,117100.0,10500.0
505674,13784,105,2024-05-15,2025-12-31,79200.0,10800.0
505675,13785,108,2022-06-10,2025-12-31,49800.0,3000.0
505676,13786,114,2024-05-02,2025-05-01,43900.0,3400.0
505677,13786,114,2025-05-02,2025-12-31,48300.0,4100.0
505678,13787,101,2019-04-21,2025-12-31,44000.0,4400.0
505679,13788,111,2017-11-21,2022-10-02,82800.0,8200.0
505680,13788,111,2022-10-03,2025-12-31,110000.0,16000.0
505681,13789,109,2017-03-27,2022-06-29,102900.0,7900.0
505682,13789,109,2022-06-30,2025-12-31,113900.0,9600.0
505683,13790,104,2018-02-21,2022-11-08,114600.0,16000.0
505684,13790,104,2022-11-09,2025-12-31,112100.0,5800.0
505685,13791,112,2024-09-17,2025-12-31,58000.0,7600.0
505686,13792,105,2025-03-11,2026-03-10,93500.0,8600.0
505687,13792,105,2026-03-11,2025-12-31,103100.0,5800.0
505688,13793,106,2023-01-29,2025-12-31,83100.0,8800.0
505689,13794,112,2021-10-12,2024-04-23,57900.0,6400.0
505690,13794,112,2024-04-24,2025-12-31,64300.0,7800.0
505691,13795,110,2018-12-20,2023-03-09,46900.0,6700.0
505692,13795,110,2023-03-10,2025-12-31,62300.0,4400.0
505693,13796,115,2019-08-16,2025-12-31,76200.0,10400.0
505694,13797,110,2017-06-01,2022-07-25,57500.0,6400.0
505695,13797,110,2022-07-26,2025-12-31,48900.0,6800.0
505696,13798,113,2018-09-21,2025-12-31,102600.0,8000.0
505697,13799,112,2017-02-15,2022-06-13,61200.0,6900.0
505698,13799,112,2022-06-14,2025-12-31,52900.0,4400.0
505699,13800,101,2021-04-17,2025-12-31,40400.0,2400.0
505700,13801,112,2024-02-18,2025-04-01,57000.0,4700.0
505701,13801,112,2025-04-02,2025-12-31,58600.0,3300.0
505702,13802,110,2024-11-05,2025-12-31,54500.0,7200.0
505703,13803,101,2024-02-14,2025-12-31,47700.0,5100.0
505704,13804,109,2016-11-10,2022-05-05,89300.0,4900.0
505705,13804,109,2022-05-06,2025-12-31,99200.0,11700.0
505706,13805,104,2018-04-13,2025-12-31,104100.0,12200.0
505707,13806,112,2016-09-13,2022-04-12,57000.0,2900.0
505708,13806,112,2022-04-13,2025-12-31,54600.0,3900.0
505709,13807,108,2019-10-07,2025-12-31,46600.0,5000.0
505710,13808,117,2024-06-03,2025-12-31,99200.0,9800.0
505711,13809,107,2017-12-27,2022-10-17,136800.0,13400.0
505712,13809,107,2022-10-18,2025-12-31,153700.0,17200.0
505713,13810,111,2017-12-30,2025-12-31,104500.0,14000.0
505714,13811,106,2023-11-20,2025-12-31,80300.0,9800.0
505715,13812,111,2025-11-14,2025-12-31,88200.0,10300.0
505716,13813,112,2025-06-06,2026-06-05,54100.0,7800.0
505717,13813,112,2026-06-06,2025-12-31,57900.0,3800.0
505718,13814,113,2018-04-01,2022-11-24,94800.0,6900.0
505719,13814,113,2022-11-25,2025-12-31,105200.0,12800.0
505720,13815,113,2016-07-09,2025-12-31,87500.0,11100.0
505721,13816,115,2019-07-25,2023-06-04,80000.0,12000.0
505722,13816,115,2023-06-05,2025-12-31,80600.0,4200.0
505723,13817,102,2016-11-11,2022-05-05,100800.0,5200.0
505724,13817,102,2022-05-06,2025-12-31,91900.0,10100.0
505725,13818,107,2021-05-29,2024-02-28,116900.0,6500.0
505726,13818,107,2024-02-29,2025-12-31,148000.0,15700.0
505727,13819,111,2022-05-01,2025-12-31,84200.0,8400.0
505728,13820,109,2018-09-25,2025-12-31,88400.0,9300.0
505729,13821,106,2016-09-20,2025-12-31,89800.0,9800.0
505730,13822,108,2020-03-10,2025-12-31,57700.0,8300.0
505731,13823,105,2020-06-08,2025-12-31,78400.0,6300.0
505732,13824,105,2024-09-13,2025-12-31,85300.0,6400.0
505733,13825,113,2022-04-04,2025-12-31,108000.0,9300.0
505734,13826,106,2019-12-28,2025-12-31,81200.0,5100.0
505735,13827,102,2018-02-21,2022-11-08,99400.0,14200.0
505736,13827,102,2022-11-09,2025-12-31,109700.0,9800.0
505737,13828,101,2018-11-03,2023-02-18,49700.0,6900.0
505738,13828,101,2023-02-19,2025-12-31,53100.0,4400.0
505739,13829,115,2019-12-29,2025-12-31,88100.0,9500.0
505740,13830,117,2021-09-22,2025-12-31,101900.0,12900.0
505741,13831,110,2022-10-09,2024-09-15,49400.0,6300.0
505742,13831,110,2024-09-16,2025-12-31,52400.0,7400.0
505743,13832,105,2019-11-19,2025-12-31,93700.0,7500.0
505744,13833,114,2017-04-20,2022-07-08,37900.0,4000.0
505745,13833,114,2022-07-09,2025-12-31,44200.0,3400.0
505746,13834,110,2020-02-16,2023-08-25,51700.0,5400.0
505747,13834,110,2023-08-26,2025-12-31,54800.0,3500.0
505748,13835,114,2023-04-26,2025-12-31,41600.0,2600.0
505749,13836,112,2025-11-30,2026-11-29,50100.0,4000.0
505750,13836,112,2026-11-30,2025-12-31,62700.0,9200.0
505751,13837,106,2016-08-26,2022-04-05,85600.0,12100.0
505752,13837,106,2022-04-06,2025-12-31,84900.0,6400.0
505753,13838,108,2016-07-09,2022-03-16,58600.0,3000.0
505754,13838,108,2022-03-17,2025-12-31,58100.0,7300.0
505755,13839,106,2023-02-14,2025-12-31,79400.0,8400.0
505756,13840,106,2019-08-07,2025-12-31,83300.0,7100.0
505757,13841,112,2024-02-12,2025-12-31,51800.0,7700.0
505758,13842,114,2025-01-28,2026-01-27,38500.0,3000.0
505759,13842,114,2026-01-28,2025-12-31,51800.0,6000.0
505760,13843,113,2025-10-22,2026-10-21,108500.0,15200.0
505761,13843,113,2026-10-22,2025-12-31,104500.0,11100.0
505762,13844,109,2024-04-24,2025-12-31,90800.0,8200.0
505763,13845,104,2020-09-29,2025-12-31,117100.0,6400.0
505764,13846,101,2024-01-28,2025-03-24,48600.0,2600.0
505765,13846,101,2025-03-25,2025-12-31,54400.0,4200.0
505766,13847,106,2021-07-27,2025-12-31,80900.0,7300.0
505767,13848,108,2017-09-21,2022-09-08,48700.0,5400.0
505768,13848,108,2022-09-09,2025-12-31,57500.0,5300.0
505769,13849,111,2019-04-15,2023-04-24,89500.0,9200.0
505770,13849,111,2023-04-25,2025-12-31,91200.0,5200.0
505771,13850,102,2021-02-02,2024-01-13,91600.0,6900.0
505772,13850,102,2024-01-14,2025-12-31,94500.0,12300.0
505773,13851,117,2016-04-10,2025-12-31,91000.0,7800.0
505774,13852,107,2023-11-30,2025-12-31,149100.0,12200.0
505775,13853,114,2020-09-13,2025-12-31,42200.0,3200.0
505776,13854,109,2018-10-12,2025-12-31,94500.0,7300.0
505777,13855,104,2022-02-11,2024-06-11,122100.0,16800.0
505778,13855,104,2024-06-12,2025-12-31,108700.0,12600.0
505779,13856,113,2022-01-29,2024-06-05,101300.0,14300.0
505780,13856,113,2024-06-06,2025-12-31,100500.0,8500.0
505781,13857,110,2023-06-23,2025-12-31,54000.0,4900.0
505782,13858,108,2020-11-10,2025-12-31,58900.0,5600.0
505783,13859,108,2018-11-30,2023-03-01,53100.0,6600.0
505784,13859,108,2023-03-02,2025-12-31,54000.0,3200.0
505785,13860,103,2025-04-17,2026-04-16,60000.0,7300.0
505786,13860,103,2026-04-17,2025-12-31,68700.0,8400.0
505787,13861,110,2022-05-06,2024-07-14,57500.0,5900.0
505788,13861,110,2024-07-15,2025-12-31,49200.0,6300.0
505789,13862,115,2018-03-15,2022-11-17,85000.0,12300.0
505790,13862,115,2022-11-18,2025-12-31,91400.0,11900.0
505791,13863,104,2016-07-08,2022-03-16,117600.0,7000.0
505792,13863,104,2022-03-17,2025-12-31,135200.0,9500.0
505793,13864,105,2022-07-04,2024-08-07,95100.0,6200.0
505794,13864,105,2024-08-08,2025-12-31,87200.0,9400.0
505795,13865,115,2018-07-26,2025-12-31,86900.0,5300.0
505796,13866,105,2017-01-11,2025-12-31,83100.0,12400.0
505797,13867,110,2023-10-16,2025-12-31,51300.0,5400.0
505798,13868,109,2020-01-08,2025-12-31,101200.0,5900.0
505799,13869,111,2025-08-31,2026-08-30,88400.0,8600.0
505800,13869,111,2026-08-31,2025-12-31,97500.0,7000.0
505801,13870,107,2022-10-24,2025-12-31,116100.0,16700.0
505802,13871,105,2016-04-27,2025-12-31,88900.0,4700.0
505803,13872,102,2022-08-23,2024-08-27,101500.0,14300.0
505804,13872,102,2024-08-28,2025-12-31,111300.0,16700.0
505805,13873,112,2020-03-29,2023-09-11,56200.0,7500.0
505806,13873,112,2023-09-12,2025-12-31,57700.0,5400.0
505807,13874,112,2025-07-07,2026-07-06,48400.0,2800.0
505808,13874,112,2026-07-07,2025-12-31,53000.0,5400.0
505809,13875,110,2021-02-18,2025-12-31,48300.0,6400.0
505810,13876,111,2021-04-07,2025-12-31,84400.0,4700.0
505811,13877,105,2023-06-15,2024-12-23,89600.0,9000.0
505812,13877,105,2024-12-24,2025-12-31,93000.0,6100.0
505813,13878,101,2022-04-16,2024-07-06,49900.0,4200.0
505814,13878,101,2024-07-07,2025-12-31,50200.0,2800.0
505815,13879,112,2024-10-02,2025-10-01,54000.0,6000.0
505816,13879,112,2025-10-02,2025-12-31,58600.0,4000.0
505817,13880,108,2025-04-11,2025-12-31,48000.0,5600.0
505818,13881,107,2016-09-08,2025-12-31,131500.0,9200.0
505819,13882,103,2017-09-08,2025-12-31,69000.0,9800.0
505820,13883,101,2017-10-31,2025-12-31,43700.0,4900.0
505821,13884,106,2024-08-26,2025-08-25,77100.0,8400.0
505822,13884,106,2025-08-26,2025-12-31,89500.0,9700.0
505823,13885,113,2018-09-17,2025-12-31,87400.0,5000.0
505824,13886,115,2021-11-28,2024-05-12,89100.0,5000.0
505825,13886,115,2024-05-13,2025-12-31,84300.0,6400.0
505826,13887,114,2018-11-24,2025-12-31,41300.0,2900.0
505827,13888,115,2022-03-26,2024-06-28,86700.0,11200.0
505828,13888,115,2024-06-29,2025-12-31,81900.0,9900.0
505829,13889,115,2018-02-28,2022-11-11,87600.0,10200.0
505830,13889,115,2022-11-12,2025-12-31,90200.0,5700.0
505831,13890,108,2021-01-11,2025-12-31,47000.0,6600.0
505832,13891,106,2024-05-13,2025-12-31,84600.0,10600.0
505833,13892,112,2022-04-22,2024-07-09,62300.0,8500.0
505834,13892,112,2024-07-10,2025-12-31,60800.0,7400.0
505835,13893,105,2021-05-03,2025-12-31,92200.0,7000.0
505836,13894,107,2017-09-06,2022-09-02,143000.0,18100.0
505837,13894,107,2022-09-03,2025-12-31,146600.0,13100.0
505838,13895,107,2020-01-01,2025-12-31,129500.0,16400.0
505839,13896,109,2020-03-17,2023-09-06,90600.0,10300.0
505840,13896,109,2023-09-07,2025-12-31,113500.0,16800.0
505841,13897,105,2021-05-20,2024-02-25,93200.0,9500.0
505842,13897,105,2024-02-26,2025-12-31,83600.0,10800.0
505843,13898,103,2019-10-02,2023-07-01,75600.0,5000.0
505844,13898,103,2023-07-02,2025-12-31,80000.0,6400.0
505845,13899,109,2019-05-24,2023-05-10,84100.0,8300.0
505846,13899,109,2023-05-11,2025-12-31,101900.0,5700.0
505847,13900,114,2023-06-14,2024-12-23,42300.0,5500.0
505848,13900,114,2024-12-24,2025-12-31,51900.0,5300.0
505849,13901,109,2018-04-11,2022-11-28,106900.0,15600.0
505850,13901,109,2022-11-29,2025-12-31,96400.0,9900.0
505851,13902,114,2022-01-20,2025-12-31,46000.0,5500.0
505852,13903,105,2023-10-24,2025-02-14,82600.0,10800.0
505853,13903,105,2025-02-15,2025-12-31,86500.0,8000.0
505854,13904,103,2016-02-19,2025-12-31,74900.0,6500.0
505855,13905,108,2022-03-16,2025-12-31,49900.0,6700.0
505856,13906,108,2022-05-01,2025-12-31,57500.0,3200.0
505857,13907,110,2019-09-30,2023-07-01,46000.0,5400.0
505858,13907,110,2023-07-02,2025-12-31,53200.0,6800.0
505859,13908,112,2021-04-26,2024-02-15,55300.0,3400.0
505860,13908,112,2024-02-16,2025-12-31,61600.0,6800.0
505861,13909,112,2021-11-12,2024-05-05,51900.0,2800.0
505862,13909,112,2024-05-06,2025-12-31,63200.0,8700.0
505863,13910,117,2025-04-30,2025-12-31,105300.0,15100.0
505864,13911,106,2022-01-09,2024-05-28,83700.0,7500.0
505865,13911,106,2024-05-29,2025-12-31,97100.0,10300.0
505866,13912,107,2021-08-14,2025-12-31,115500.0,12400.0
505867,13913,109,2017-08-22,2025-12-31,89300.0,4600.0
505868,13914,104,2020-03-23,2025-12-31,106500.0,9900.0
505869,13915,105,2016-08-03,2025-12-31,76100.0,4600.0
505870,13916,107,2019-03-04,2025-12-31,126900.0,9600.0
505871,13917,106,2018-04-19,2022-12-01,72700.0,6800.0
505872,13917,106,2022-12-02,2025-12-31,83800.0,7700.0
505873,13918,104,2018-11-19,2025-12-31,115500.0,11500.0
505874,13919,102,2021-08-23,2025-12-31,98600.0,10800.0
505875,13920,111,2025-04-20,2026-04-19,91000.0,10300.0
505876,13920,111,2026-04-20,2025-12-31,90800.0,4700.0
505877,13921,111,2019-07-11,2025-12-31,98900.0,6500.0
505878,13922,110,2022-06-29,2024-08-05,46800.0,2400.0
505879,13922,110,2024-08-06,2025-12-31,54400.0,6200.0
505880,13923,111,2018-03-31,2025-12-31,99900.0,7300.0
505881,13924,103,2017-01-15,2022-05-31,69300.0,4800.0
505882,13924,103,2022-06-01,2025-12-31,82500.0,5500.0
505883,13925,105,2025-10-26,2026-10-25,86500.0,5400.0
505884,13925,105,2026-10-26,2025-12-31,96400.0,13900.0
505885,13926,104,2018-07-16,2025-12-31,120500.0,11300.0
505886,13927,115,2016-02-22,2022-01-20,78900.0,9200.0
505887,13927,115,2022-01-21,2025-12-31,91400.0,8900.0
505888,13928,113,2016-12-13,2022-05-18,102000.0,12500.0
505889,13928,113,2022-05-19,2025-12-31,98700.0,12400.0
505890,13929,106,2017-03-25,2025-12-31,72700.0,6900.0
505891,13930,105,2019-09-22,2025-12-31,84500.0,11100.0
505892,13931,117,2021-10-29,2024-04-30,84400.0,4700.0
505893,13931,117,2024-05-01,2025-12-31,118000.0,7800.0
505894,13932,111,2017-03-15,2025-12-31,88700.0,4800.0
505895,13933,112,2021-03-22,2024-02-01,55200.0,3300.0
505896,13933,112,2024-02-02,2025-12-31,67400.0,9400.0
505897,13934,106,2025-08-20,2026-08-19,84500.0,8100.0
505898,13934,106,2026-08-20,2025-12-31,98600.0,5500.0
505899,13935,106,2023-10-16,2025-02-10,75000.0,9200.0
505900,13935,106,2025-02-11,2025-12-31,78500.0,8900.0
505901,13936,113,2021-02-01,2025-12-31,96300.0,9200.0
505902,13937,110,2022-12-23,2024-10-15,49700.0,4700.0
505903,13937,110,2024-10-16,2025-12-31,55400.0,8300.0
505904,13938,111,2016-12-09,2022-05-17,88000.0,6300.0
505905,13938,111,2022-05-18,2025-12-31,103800.0,5200.0
505906,13939,108,2016-12-10,2025-12-31,53400.0,7500.0
505907,13940,109,2017-07-03,2022-08-07,86600.0,6000.0
505908,13940,109,2022-08-08,2025-12-31,104100.0,5600.0
505909,13941,113,2019-09-29,2025-12-31,105000.0,12600.0
505910,13942,107,2022-01-28,2025-12-31,134200.0,13100.0
505911,13943,106,2016-01-05,2025-12-31,72800.0,7400.0
505912,13944,115,2024-03-15,2025-12-31,88500.0,7500.0
505913,13945,107,2019-06-16,2023-05-19,135900.0,17500.0
505914,13945,107,2023-05-20,2025-12-31,163800.0,9700.0
505915,13946,109,2021-10-24,2025-12-31,97800.0,5000.0
505916,13947,111,2019-02-26,2025-12-31,81600.0,10500.0
505917,13948,116,2019-07-07,2025-12-31,55600.0,3400.0
505918,13949,108,2019-10-17,2025-12-31,58600.0,8200.0
505919,13950,109,2024-09-11,2025-09-10,95200.0,5900.0
505920,13950,109,2025-09-11,2025-12-31,92500.0,5200.0
505921,13951,115,2025-10-16,2025-12-31,78800.0,8500.0
505922,13952,113,2023-09-30,2025-12-31,108000.0,14900.0
505923,13953,112,2017-07-01,2025-12-31,59800.0,3000.0
505924,13954,108,2021-10-26,2024-04-28,52400.0,6000.0
505925,13954,108,2024-04-29,2025-12-31,62800.0,5900.0
505926,13955,106,2018-01-08,2025-12-31,86100.0,5200.0
505927,13956,111,2020-06-20,2023-10-14,105500.0,9600.0
505928,13956,111,2023-10-15,2025-12-31,99500.0,7900.0
505929,13957,115,2016-10-26,2022-04-29,87700.0,4800.0
505930,13957,115,2022-04-30,2025-12-31,99000.0,14000.0
505931,13958,114,2022-02-01,2025-12-31,47100.0,2800.0
505932,13959,103,2022-07-14,2024-08-11,61100.0,8200.0
505933,13959,103,2024-08-12,2025-12-31,84800.0,6800.0
505934,13960,108,2017-08-10,2025-12-31,50200.0,4400.0
505935,13961,109,2022-08-15,2024-08-24,102700.0,6600.0
505936,13961,109,2024-08-25,2025-12-31,95400.0,6700.0
505937,13962,117,2017-09-23,2022-09-09,99000.0,6800.0
505938,13962,117,2022-09-10,2025-12-31,103200.0,12200.0
505939,13963,111,2023-12-28,2025-03-12,103300.0,13100.0
505940,13963,111,2025-03-13,2025-12-31,96500.0,6100.0
505941,13964,107,2024-04-07,2025-12-31,128900.0,11400.0
505942,13965,102,2023-01-11,2025-12-31,78400.0,7500.0
505943,13966,108,2020-08-23,2025-12-31,57900.0,8000.0
505944,13967,104,2025-09-21,2026-09-20,121500.0,6500.0
505945,13967,104,2026-09-21,2025-12-31,116100.0,5900.0
505946,13968,112,2021-04-25,2024-02-15,58400.0,2900.0
505947,13968,112,2024-02-16,2025-12-31,61000.0,5600.0
505948,13969,113,2024-12-31,2025-12-30,102300.0,12200.0
505949,13969,113,2025-12-31,2025-12-31,113700.0,14400.0
505950,13970,109,2020-02-19,2023-08-26,107900.0,6200.0
505951,13970,109,2023-08-27,2025-12-31,109000.0,16000.0
505952,13971,108,2022-03-02,2024-06-18,49900.0,5400.0
505953,13971,108,2024-06-19,2025-12-31,62600.0,5200.0
505954,13972,115,2017-03-26,2025-12-31,77000.0,10600.0
505955,13973,105,2025-10-31,2026-10-30,87400.0,7500.0
505956,13973,105,2026-10-31,2025-12-31,88900.0,7600.0
505957,13974,106,2021-10-15,2024-04-24,86700.0,10900.0
505958,13974,106,2024-04-25,2025-12-31,86300.0,6800.0
505959,13975,115,2020-10-09,2025-12-31,90800.0,8700.0
505960,13976,113,2017-05-06,2025-12-31,94200.0,6100.0
505961,13977,112,2019-09-21,2023-06-27,57800.0,7300.0
505962,13977,112,2023-06-28,2025-12-31,66300.0,3400.0
505963,13978,105,2023-06-26,2024-12-28,79700.0,9400.0
505964,13978,105,2024-12-29,2025-12-31,87000.0,9300.0
505965,13979,104,2018-05-15,2025-12-31,119200.0,9200.0
505966,13980,102,2024-03-12,2025-04-11,83400.0,9200.0
505967,13980,102,2025-04-12,2025-12-31,87100.0,5700.0
505968,13981,107,2021-05-26,2025-12-31,128400.0,12800.0
505969,13982,113,2021-08-08,2024-03-28,99900.0,8200.0
505970,13982,113,2024-03-29,2025-12-31,108100.0,11100.0
505971,13983,106,2024-01-21,2025-12-31,74600.0,8000.0
505972,13984,112,2016-06-07,2022-03-04,54000.0,3000.0
505973,13984,112,2022-03-05,2025-12-31,63700.0,4400.0
505974,13985,105,2021-05-23,2024-02-26,83300.0,8100.0
505975,13985,105,2024-02-27,2025-12-31,90200.0,6700.0
505976,13986,106,2021-07-14,2024-03-18,70000.0,5200.0
505977,13986,106,2024-03-19,2025-12-31,94000.0,12600.0
505978,13987,116,2021-11-08,2025-12-31,54900.0,7200.0
505979,13988,105,2023-07-06,2025-01-01,85400.0,5300.0
505980,13988,105,2025-01-02,2025-12-31,100100.0,10200.0
505981,13989,106,2023-11-30,2025-12-31,85800.0,8300.0
505982,13990,105,2022-05-02,2024-07-13,74200.0,7600.0
505983,13990,105,2024-07-14,2025-12-31,97700.0,7200.0
505984,13991,103,2019-02-22,2025-12-31,77500.0,6100.0
505985,13992,109,2021-03-30,2025-12-31,83600.0,9700.0
505986,13993,105,2024-07-20,2025-12-31,92000.0,7400.0
505987,13994,110,2024-02-20,2025-12-31,55700.0,6500.0
505988,13995,113,2018-05-02,2022-12-06,100600.0,12400.0
505989,13995,113,2022-12-07,2025-12-31,120700.0,7500.0
505990,13996,109,2019-11-15,2023-07-19,102500.0,9300.0
505991,13996,109,2023-07-20,2025-12-31,109700.0,6900.0
505992,13997,101,2025-04-29,2025-12-31,46600.0,5100.0
505993,13998,111,2018-07-07,2025-12-31,102600.0,13600.0
505994,13999,101,2020-05-14,2023-09-29,47400.0,4500.0
505995,13999,101,2023-09-30,2025-12-31,46800.0,6500.0
505996,14000,110,2017-01-22,2025-12-31,50900.0,6500.0
505997,14001,110,2020-04-29,2025-12-31,55700.0,3400.0
505998,14002,105,2024-09-19,2025-12-31,77300.0,5600.0
505999,14003,113,2020-09-08,2023-11-15,90800.0,11200.0
506000,14003,113,2023-11-16,2025-12-31,111700.0,8200.0
506001,14004,115,2018-04-14,2022-11-29,73900.0,6800.0
506002,14004,115,2022-11-30,2025-12-31,88000.0,5700.0
506003,14005,112,2024-10-23,2025-12-31,60300.0,3700.0
506004,14006,105,2021-05-17,2024-02-24,90100.0,12300.0
506005,14006,105,2024-02-25,2025-12-31,82700.0,11600.0
506006,14007,108,2022-03-07,2024-06-20,54900.0,2900.0
506007,14007,108,2024-06-21,2025-12-31,64900.0,5500.0
506008,14008,115,2019-06-26,2025-12-31,75800.0,6200.0
506009,14009,107,2020-11-06,2025-12-31,149100.0,22200.0
506010,14010,113,2025-01-23,2025-12-31,106500.0,15600.0
506011,14011,101,2023-07-10,2025-01-02,40600.0,2200.0
506012,14011,101,2025-01-03,2025-12-31,49000.0,7100.0
506013,14012,102,2020-02-29,2025-12-31,91400.0,12100.0
506014,14013,113,2025-05-18,2025-12-31,102600.0,14300.0
506015,14014,112,2020-03-22,2023-09-08,55200.0,4800.0
506016,14014,112,2023-09-09,2025-12-31,57900.0,4100.0
506017,14015,113,2017-03-20,2025-12-31,96200.0,9900.0
506018,14016,115,2019-01-20,2023-03-21,92800.0,10300.0
506019,14016,115,2023-03-22,2025-12-31,79000.0,6100.0
506020,14017,103,2021-01-06,2025-12-31,77500.0,8100.0
506021,14018,107,2017-03-21,2025-12-31,146600.0,17700.0
506022,14019,114,2020-06-18,2025-12-31,42200.0,6200.0
506023,14020,103,2023-04-20,2025-12-31,71500.0,4200.0
506024,14021,110,2021-11-01,2025-12-31,54500.0,5100.0
506025,14022,108,2024-12-04,2025-12-31,51500.0,7600.0
506026,14023,104,2025-07-25,2026-07-24,100300.0,5300.0
506027,14023,104,2026-07-25,2025-12-31,131200.0,13700.0
506028,14024,105,2021-04-29,2024-02-16,82200.0,11600.0
506029,14024,105,2024-02-17,2025-12-31,104300.0,5800.0
506030,14025,108,2021-01-29,2024-01-11,46100.0,6300.0
506031,14025,108,2024-01-12,2025-12-31,51700.0,3100.0
506032,14026,114,2016-03-05,2022-01-25,47100.0,5600.0
506033,14026,114,2022-01-26,2025-12-31,48100.0,6200.0
506034,14027,111,2025-05-25,2025-12-31,99300.0,5700.0
506035,14028,110,2022-12-30,2025-12-31,54300.0,5800.0
506036,14029,108,2017-09-17,2022-09-06,49000.0,7200.0
506037,14029,108,2022-09-07,2025-12-31,61500.0,7300.0
506038,14030,107,2021-06-02,2025-12-31,119500.0,6000.0
506039,14031,104,2017-04-16,2022-07-07,109700.0,14400.0
506040,14031,104,2022-07-08,2025-12-31,112100.0,8700.0
506041,14032,107,2020-05-02,2023-09-25,129000.0,9800.0
506042,14032,107,2023-09-26,2025-12-31,136600.0,10300.0
506043,14033,101,2025-07-01,2026-06-30,42400.0,4400.0
506044,14033,101,2026-07-01,2025-12-31,48200.0,2700.0
506045,14034,105,2025-04-21,2026-04-20,92600.0,5600.0
506046,14034,105,2026-04-21,2025-12-31,104200.0,8400.0
506047,14035,109,2021-03-21,2024-02-01,89200.0,5100.0
506048,14035,109,2024-02-02,2025-12-31,106800.0,8700.0
506049,14036,107,2023-12-06,2025-12-31,140600.0,13600.0
506050,14037,102,2020-02-07,2025-12-31,92700.0,7100.0
506051,14038,108,2023-12-25,2025-03-10,51300.0,3100.0
506052,14038,108,2025-03-11,2025-12-31,55400.0,5800.0
506053,14039,109,2021-07-06,2025-12-31,85800.0,4400.0
506054,14040,101,2023-09-05,2025-01-25,39100.0,3500.0
506055,14040,101,2025-01-26,2025-12-31,47500.0,3500.0
506056,14041,117,2022-08-20,2024-08-26,92800.0,5400.0
506057,14041,117,2024-08-27,2025-12-31,97000.0,8800.0
506058,14042,103,2019-05-29,2023-05-12,75100.0,8800.0
506059,14042,103,2023-05-13,2025-12-31,73500.0,4800.0
506060,14043,114,2019-08-17,2023-06-13,38100.0,2500.0
506061,14043,114,2023-06-14,2025-12-31,45700.0,3400.0
506062,14044,101,2018-03-03,2025-12-31,49900.0,5900.0
506063,14045,115,2023-12-27,2025-12-31,77300.0,9000.0
506064,14046,102,2018-11-06,2023-02-19,101100.0,11800.0
506065,14046,102,2023-02-20,2025-12-31,94300.0,12000.0
506066,14047,112,2016-07-20,2022-03-21,53300.0,7400.0
506067,14047,112,2022-03-22,2025-12-31,56800.0,6600.0
506068,14048,105,2020-09-10,2023-11-16,82400.0,10300.0
506069,14048,105,2023-11-17,2025-12-31,103400.0,6900.0
506070,14049,113,2017-09-26,2022-09-10,97200.0,10800.0
506071,14049,113,2022-09-11,2025-12-31,106400.0,13900.0
506072,14050,105,2021-12-25,2025-12-31,82700.0,4500.0
506073,14051,102,2024-05-01,2025-05-01,89800.0,12800.0
506074,14051,102,2025-05-02,2025-12-31,100900.0,10400.0
506075,14052,113,2024-12-06,2025-12-31,88600.0,5700.0
506076,14053,102,2023-03-21,2024-11-19,101900.0,14000.0
506077,14053,102,2024-11-20,2025-12-31,103800.0,9300.0
506078,14054,115,2021-01-18,2025-12-31,78400.0,9200.0
506079,14055,102,2019-08-12,2023-06-11,81100.0,5800.0
506080,14055,102,2023-06-12,2025-12-31,102000.0,12200.0
506081,14056,108,2022-05-20,2024-07-20,57300.0,7600.0
506082,14056,108,2024-07-21,2025-12-31,61700.0,7300.0
506083,14057,113,2017-11-09,2022-09-28,108300.0,8300.0
506084,14057,113,2022-09-29,2025-12-31,98300.0,11200.0
506085,14058,106,2017-03-25,2022-06-28,88600.0,8500.0
506086,14058,106,2022-06-29,2025-12-31,79700.0,11600.0
506087,14059,107,2021-11-03,2025-12-31,133100.0,11800.0
506088,14060,113,2016-05-07,2025-12-31,92000.0,4700.0
506089,14061,113,2025-09-25,2026-09-24,108500.0,8400.0
506090,14061,113,2026-09-25,2025-12-31,100700.0,12500.0
506091,14062,114,2024-04-01,2025-12-31,41700.0,5600.0
506092,14063,105,2022-12-10,2024-10-09,81800.0,7400.0
506093,14063,105,2024-10-10,2025-12-31,88700.0,6400.0
506094,14064,109,2017-03-27,2022-06-29,83300.0,10000.0
506095,14064,109,2022-06-30,2025-12-31,110000.0,10500.0
506096,14065,107,2025-08-19,2026-08-18,130200.0,18700.0
506097,14065,107,2026-08-19,2025-12-31,149700.0,18400.0
506098,14066,106,2021-07-12,2024-03-17,71000.0,4100.0
506099,14066,106,2024-03-18,2025-12-31,86800.0,10600.0
506100,14067,112,2019-08-06,2025-12-31,58300.0,8200.0
506101,14068,106,2017-07-21,2022-08-14,87000.0,10100.0
506102,14068,106,2022-08-15,2025-12-31,80000.0,9500.0
506103,14069,108,2025-07-26,2025-12-31,51000.0,3800.0
506104,14070,105,2024-08-11,2025-08-10,79000.0,4600.0
506105,14070,105,2025-08-11,2025-12-31,101800.0,11100.0
506106,14071,113,2025-04-21,2026-04-20,96100.0,13100.0
506107,14071,113,2026-04-21,2025-12-31,102200.0,9000.0
506108,14072,115,2024-02-09,2025-12-31,76100.0,8800.0
506109,14073,110,2024-05-31,2025-05-30,50900.0,6600.0
506110,14073,110,2025-05-31,2025-12-31,63300.0,8400.0
506111,14074,109,2018-01-06,2022-10-21,88500.0,8100.0
506112,14074,109,2022-10-22,2025-12-31,111000.0,11200.0
506113,14075,112,2019-09-25,2025-12-31,48500.0,3700.0
506114,14076,110,2025-02-05,2026-02-04,54200.0,5200.0
506115,14076,110,2026-02-05,2025-12-31,48800.0,6200.0
506116,14077,101,2019-12-14,2023-07-31,41700.0,2800.0
506117,14077,101,2023-08-01,2025-12-31,54700.0,7900.0
506118,14078,103,2017-02-10,2022-06-11,64000.0,7300.0
506119,14078,103,2022-06-12,2025-12-31,79200.0,7300.0
506120,14079,102,2019-06-24,2025-12-31,94900.0,13800.0
506121,14080,109,2019-11-29,2025-12-31,85600.0,10400.0
506122,14081,113,2017-08-04,2022-08-20,97600.0,10000.0
506123,14081,113,2022-08-21,2025-12-31,115200.0,5900.0
506124,14082,106,2022-03-22,2025-12-31,82900.0,4400.0
506125,14083,106,2017-10-03,2022-09-13,69800.0,8800.0
506126,14083,106,2022-09-14,2025-12-31,79800.0,4400.0
506127,14084,115,2017-05-25,2022-07-22,84000.0,8400.0
506128,14084,115,2022-07-23,2025-12-31,84900.0,12300.0
506129,14085,112,2024-01-10,2025-12-31,52400.0,5100.0
506130,14086,111,2016-06-12,2025-12-31,99600.0,9200.0
506131,14087,107,2022-02-14,2025-12-31,129400.0,16300.0
506132,14088,103,2017-03-23,2025-12-31,74900.0,4100.0
506133,14089,101,2022-05-21,2025-12-31,48300.0,6400.0
506134,14090,104,2017-02-19,2022-06-14,104300.0,15400.0
506135,14090,104,2022-06-15,2025-12-31,137000.0,10000.0
506136,14091,105,2020-08-31,2023-11-12,77100.0,5900.0
506137,14091,105,2023-11-13,2025-12-31,85500.0,5000.0
506138,14092,109,2025-03-04,2025-12-31,88900.0,13300.0
506139,14093,101,2022-11-20,2025-12-31,42900.0,6100.0
506140,14094,104,2022-08-22,2025-12-31,100300.0,10000.0
506141,14095,106,2021-03-06,2024-01-26,85100.0,10200.0
506142,14095,106,2024-01-27,2025-12-31,84500.0,8200.0
506143,14096,111,2017-11-19,2025-12-31,91400.0,5600.0
506144,14097,110,2024-01-24,2025-12-31,53200.0,5200.0
506145,14098,109,2022-08-21,2025-12-31,88200.0,9100.0
506146,14099,106,2019-06-19,2025-12-31,80200.0,7900.0
506147,14100,105,2021-02-06,2024-01-15,90700.0,11400.0
506148,14100,105,2024-01-16,2025-12-31,99400.0,7400.0
506149,14101,104,2020-05-16,2025-12-31,119500.0,12700.0
506150,14102,106,2023-03-17,2025-12-31,86900.0,5900.0
506151,14103,115,2020-10-14,2023-11-30,84900.0,6700.0
506152,14103,115,2023-12-01,2025-12-31,101600.0,7100.0
506153,14104,117,2022-02-24,2024-06-16,107900.0,7400.0
506154,14104,117,2024-06-17,2025-12-31,103500.0,8400.0
506155,14105,111,2020-10-20,2025-12-31,88500.0,5900.0
506156,14106,114,2021-05-29,2025-12-31,40400.0,5000.0
506157,14107,111,2024-02-10,2025-03-29,85400.0,11100.0
506158,14107,111,2025-03-30,2025-12-31,90600.0,7500.0
506159,14108,101,2019-01-20,2025-12-31,44700.0,5300.0
506160,14109,117,2024-07-18,2025-07-17,101700.0,6800.0
506161,14109,117,2025-07-18,2025-12-31,113500.0,12100.0
506162,14110,103,2016-08-11,2025-12-31,63700.0,5700.0
506163,14111,110,2023-03-04,2025-12-31,56400.0,4100.0
506164,14112,105,2017-05-08,2025-12-31,76000.0,7000.0
506165,14113,106,2020-03-12,2025-12-31,88800.0,7100.0
506166,14114,111,2019-04-02,2023-04-19,84600.0,8300.0
506167,14114,111,2023-04-20,2025-12-31,91600.0,7800.0
506168,14115,108,2025-04-09,2026-04-08,49600.0,6900.0
506169,14115,108,2026-04-09,2025-12-31,57500.0,3300.0
506170,14116,106,2023-02-01,2025-12-31,89100.0,8600.0
506171,14117,107,2025-07-23,2025-12-31,147200.0,13500.0
506172,14118,107,2020-12-01,2025-12-31,130400.0,19100.0
506173,14119,117,2024-02-03,2025-12-31,105100.0,10600.0
506174,14120,112,2017-07-27,2025-12-31,53500.0,7600.0
506175,14121,109,2022-01-09,2025-12-31,83300.0,4300.0
506176,14122,107,2018-12-05,2025-12-31,119000.0,14500.0
506177,14123,112,2021-03-14,2024-01-29,55700.0,3800.0
506178,14123,112,2024-01-30,2025-12-31,56600.0,5300.0
506179,14124,104,2024-06-11,2025-12-31,101200.0,7900.0
506180,14125,107,2021-07-20,2024-03-20,145200.0,16700.0
506181,14125,107,2024-03-21,2025-12-31,144500.0,20900.0
506182,14126,105,2023-07-22,2025-12-31,94500.0,10400.0
506183,14127,114,2025-01-15,2026-01-14,44400.0,3100.0
506184,14127,114,2026-01-15,2025-12-31,44700.0,4500.0
506185,14128,103,2016-02-19,2022-01-19,60200.0,5000.0
506186,14128,103,2022-01-20,2025-12-31,82300.0,4200.0
506187,14129,103,2021-12-04,2024-05-14,74500.0,6000.0
506188,14129,103,2024-05-15,2025-12-31,84600.0,7400.0
506189,14130,109,2024-09-19,2025-12-31,89300.0,5000.0
506190,14131,107,2019-03-19,2025-12-31,147500.0,17800.0
506191,14132,108,2016-11-13,2025-12-31,46100.0,5800.0
506192,14133,108,2025-01-28,2026-01-27,52300.0,5400.0
506193,14133,108,2026-01-28,2025-12-31,54800.0,6600.0
506194,14134,108,2016-11-16,2022-05-07,53800.0,3400.0
506195,14134,108,2022-05-08,2025-12-31,61000.0,4200.0
506196,14135,104,2022-06-16,2024-07-31,97300.0,6000.0
506197,14135,104,2024-08-01,2025-12-31,113800.0,8200.0
506198,14136,103,2025-12-17,2026-12-16,60800.0,8700.0
506199,14136,103,2026-12-17,2025-12-31,68200.0,8200.0
506200,14137,113,2020-06-28,2025-12-31,98900.0,6000.0
506201,14138,115,2019-01-16,2023-03-20,88800.0,8600.0
506202,14138,115,2023-03-21,2025-12-31,89900.0,9400.0
506203,14139,105,2025-01-16,2026-01-15,91700.0,11500.0
506204,14139,105,2026-01-16,2025-12-31,88800.0,11700.0
506205,14140,103,2023-01-04,2025-12-31,71200.0,9700.0
506206,14141,102,2016-07-09,2022-03-16,96200.0,10900.0
506207,14141,102,2022-03-17,2025-12-31,97200.0,12500.0
506208,14142,111,2017-09-04,2022-09-01,95300.0,5200.0
506209,14142,111,2022-09-02,2025-12-31,93300.0,10300.0
506210,14143,113,2019-01-16,2023-03-20,91400.0,13300.0
506211,14143,113,2023-03-21,2025-12-31,103500.0,11000.0
506212,14144,105,2017-03-17,2025-12-31,75000.0,8800.0
506213,14145,111,2023-12-30,2025-12-31,90400.0,5100.0
506214,14146,112,2025-10-18,2026-10-17,60700.0,4100.0
506215,14146,112,2026-10-18,2025-12-31,56100.0,4000.0
506216,14147,115,2017-07-24,2025-12-31,87000.0,12000.0
506217,14148,102,2020-11-14,2025-12-31,100300.0,9900.0
506218,14149,105,2019-04-05,2023-04-20,92200.0,7700.0
506219,14149,105,2023-04-21,2025-12-31,81500.0,6800.0
506220,14150,101,2025-05-17,2025-12-31,40100.0,5200.0
506221,14151,115,2021-12-26,2025-12-31,74000.0,4400.0
506222,14152,112,2019-07-11,2023-05-29,53000.0,5500.0
506223,14152,112,2023-05-30,2025-12-31,60400.0,8200.0
506224,14153,108,2020-08-27,2023-11-10,55800.0,5900.0
506225,14153,108,2023-11-11,2025-12-31,61900.0,5200.0
506226,14154,104,2024-06-12,2025-06-11,97400.0,6000.0
506227,14154,104,2025-06-12,2025-12-31,118400.0,11600.0
506228,14155,105,2023-05-06,2024-12-07,92100.0,13300.0
506229,14155,105,2024-12-08,2025-12-31,95700.0,5300.0
506230,14156,107,2025-07-29,2025-12-31,122600.0,15100.0
506231,14157,109,2025-08-15,2026-08-14,84100.0,6500.0
506232,14157,109,2026-08-15,2025-12-31,102900.0,12700.0
506233,14158,106,2018-12-07,2023-03-04,75000.0,4400.0
506234,14158,106,2023-03-05,2025-12-31,90100.0,8800.0
506235,14159,101,2022-01-29,2025-12-31,47300.0,6000.0
506236,14160,112,2021-02-01,2024-01-13,51700.0,5200.0
506237,14160,112,2024-01-14,2025-12-31,52800.0,7200.0
506238,14161,107,2022-03-05,2025-12-31,117000.0,15800.0
506239,14162,109,2018-11-12,2023-02-22,85700.0,4800.0
506240,14162,109,2023-02-23,2025-12-31,104400.0,13400.0
506241,14163,104,2024-10-13,2025-10-12,119300.0,8200.0
506242,14163,104,2025-10-13,2025-12-31,138300.0,18700.0
506243,14164,112,2017-03-23,2025-12-31,56500.0,4200.0
506244,14165,108,2025-04-16,2026-04-15,52400.0,4700.0
506245,14165,108,2026-04-16,2025-12-31,61000.0,4100.0
506246,14166,114,2024-12-23,2025-12-31,44600.0,3600.0
506247,14167,109,2020-01-21,2025-12-31,93700.0,6200.0
506248,14168,117,2023-06-07,2024-12-20,89800.0,5900.0
506249,14168,117,2024-12-21,2025-12-31,106700.0,15500.0
506250,14169,114,2021-04-06,2025-12-31,40400.0,5500.0
506251,14170,108,2024-03-22,2025-12-31,50100.0,7000.0
506252,14171,114,2018-08-11,2025-12-31,45700.0,4100.0
506253,14172,107,2022-12-02,2025-12-31,127700.0,19100.0
506254,14173,106,2021-05-30,2024-02-29,87800.0,5000.0
506255,14173,106,2024-03-01,2025-12-31,76900.0,11100.0
506256,14174,101,2019-03-11,2025-12-31,42900.0,6300.0
506257,14175,108,2023-10-12,2025-12-31,58600.0,6400.0
506258,14176,113,2019-07-27,2025-12-31,105500.0,15200.0
506259,14177,112,2024-08-11,2025-08-10,55600.0,7600.0
506260,14177,112,2025-08-11,2025-12-31,61900.0,8100.0
506261,14178,103,2017-10-22,2025-12-31,74400.0,6100.0
506262,14179,108,2022-06-21,2024-08-02,49800.0,5800.0
506263,14179,108,2024-08-03,2025-12-31,50800.0,3500.0
506264,14180,103,2025-07-18,2026-07-17,75700.0,4200.0
506265,14180,103,2026-07-18,2025-12-31,66800.0,7000.0
506266,14181,110,2023-12-02,2025-03-01,47400.0,3200.0
506267,14181,110,2025-03-02,2025-12-31,57200.0,3200.0
506268,14182,103,2019-11-29,2025-12-31,62000.0,9000.0
506269,14183,115,2017-01-27,2025-12-31,89800.0,6000.0
506270,14184,105,2017-02-06,2025-12-31,91900.0,9700.0
506271,14185,106,2022-04-25,2025-12-31,72300.0,6600.0
506272,14186,114,2025-10-20,2026-10-19,47700.0,5700.0
506273,14186,114,2026-10-20,2025-12-31,41100.0,4000.0
506274,14187,108,2016-04-27,2025-12-31,47300.0,5500.0
506275,14188,101,2020-07-20,2023-10-26,43400.0,4900.0
506276,14188,101,2023-10-27,2025-12-31,47200.0,4200.0
506277,14189,108,2023-12-20,2025-12-31,50300.0,5800.0
506278,14190,104,2019-02-18,2025-12-31,101100.0,5500.0
506279,14191,117,2019-07-27,2025-12-31,96700.0,12800.0
506280,14192,109,2025-07-05,2026-07-04,103800.0,6200.0
506281,14192,109,2026-07-05,2025-12-31,115600.0,15300.0
506282,14193,107,2016-03-18,2025-12-31,136300.0,11500.0
506283,14194,109,2024-12-03,2025-12-02,94300.0,10900.0
506284,14194,109,2025-12-03,2025-12-31,118800.0,15600.0
506285,14195,101,2022-05-17,2024-07-19,47400.0,2900.0
506286,14195,101,2024-07-20,2025-12-31,47900.0,4400.0
506287,14196,113,2020-03-02,2025-12-31,94700.0,5500.0
506288,14197,114,2016-06-28,2022-03-12,44600.0,3500.0
506289,14197,114,2022-03-13,2025-12-31,51200.0,5000.0
506290,14198,115,2016-03-27,2022-02-03,88300.0,8100.0
506291,14198,115,2022-02-04,2025-12-31,96700.0,11700.0
506292,14199,106,2019-09-07,2025-12-31,87000.0,11700.0
506293,14200,105,2021-06-02,2025-12-31,95000.0,4900.0
506294,14201,102,2017-11-27,2025-12-31,81700.0,5800.0
506295,14202,111,2016-10-03,2025-12-31,90800.0,8400.0
506296,14203,108,2019-03-01,2023-04-06,49100.0,3000.0
506297,14203,108,2023-04-07,2025-12-31,53600.0,5700.0
506298,14204,109,2024-01-21,2025-12-31,101400.0,8800.0
506299,14205,115,2022-01-16,2025-12-31,78900.0,4800.0
506300,14206,104,2020-04-03,2025-12-31,112500.0,16600.0
506301,14207,102,2016-07-26,2022-03-23,96200.0,5900.0
506302,14207,102,2022-03-24,2025-12-31,108400.0,7300.0
506303,14208,101,2018-03-06,2022-11-13,39800.0,4200.0
506304,14208,101,2022-11-14,2025-12-31,46300.0,6800.0
506305,14209,105,2022-02-26,2025-12-31,91600.0,12000.0
506306,14210,102,2016-11-28,2025-12-31,98800.0,14100.0
506307,14211,108,2022-05-10,2025-12-31,50200.0,3600.0
506308,14212,107,2020-11-11,2025-12-31,119300.0,8500.0
506309,14213,106,2023-01-10,2025-12-31,82600.0,9500.0
506310,14214,113,2023-05-14,2025-12-31,101800.0,9500.0
506311,14215,107,2024-09-09,2025-09-08,126800.0,9900.0
506312,14215,107,2025-09-09,2025-12-31,127800.0,9700.0
506313,14216,111,2018-10-01,2025-12-31,98900.0,11100.0
506314,14217,106,2019-08-18,2025-12-31,74500.0,8000.0
506315,14218,109,2021-05-20,2024-02-25,105300.0,10000.0
506316,14218,109,2024-02-26,2025-12-31,96000.0,7100.0
506317,14219,115,2021-03-06,2025-12-31,74100.0,10600.0
506318,14220,101,2023-10-21,2025-02-12,41600.0,3500.0
506319,14220,101,2025-02-13,2025-12-31,47800.0,5000.0
506320,14221,108,2021-07-20,2025-12-31,52300.0,4900.0
506321,14222,114,2020-09-01,2023-11-12,41100.0,4000.0
506322,14222,114,2023-11-13,2025-12-31,47800.0,3000.0
506323,14223,108,2016-04-11,2025-12-31,55500.0,4400.0
506324,14224,106,2020-09-29,2023-11-24,88900.0,4600.0
506325,14224,106,2023-11-25,2025-12-31,94600.0,9600.0
506326,14225,106,2023-12-25,2025-12-31,83400.0,8000.0
506327,14226,111,2019-04-07,2023-04-21,103400.0,12800.0
506328,14226,111,2023-04-22,2025-12-31,104200.0,9900.0
506329,14227,114,2017-02-16,2022-06-13,46000.0,2400.0
506330,14227,114,2022-06-14,2025-12-31,51100.0,2800.0
506331,14228,101,2019-07-22,2025-12-31,42600.0,5000.0
506332,14229,101,2016-08-27,2022-04-05,45200.0,6100.0
506333,14229,101,2022-04-06,2025-12-31,48900.0,2900.0
506334,14230,106,2016-01-04,2022-01-01,82000.0,4700.0
506335,14230,106,2022-01-02,2025-12-31,77500.0,7200.0
506336,14231,106,2019-09-03,2023-06-20,73300.0,7200.0
506337,14231,106,2023-06-21,2025-12-31,82400.0,5900.0
506338,14232,106,2025-06-26,2025-12-31,75100.0,4400.0
506339,14233,107,2016-08-29,2025-12-31,135500.0,9600.0
506340,14234,105,2017-10-30,2025-12-31,95000.0,13800.0
506341,14235,103,2025-03-07,2025-12-31,61600.0,5900.0
506342,14236,115,2021-02-08,2024-01-15,80800.0,11400.0
506343,14236,115,2024-01-16,2025-12-31,90200.0,9500.0
506344,14237,103,2016-11-08,2022-05-04,60100.0,9000.0
506345,14237,103,2022-05-05,2025-12-31,72600.0,5700.0
506346,14238,107,2024-04-06,2025-12-31,141100.0,10600.0
506347,14239,105,2018-05-02,2025-12-31,81100.0,8000.0
506348,14240,115,2025-11-03,2026-11-02,82900.0,4500.0
506349,14240,115,2026-11-03,2025-12-31,99100.0,11200.0
506350,14241,113,2018-12-27,2025-12-31,100100.0,6800.0
506351,14242,113,2018-12-12,2023-03-06,101800.0,8900.0
506352,14242,113,2023-03-07,2025-12-31,108800.0,7200.0
506353,14243,103,2018-12-01,2025-12-31,76400.0,6200.0
506354,14244,112,2020-10-21,2025-12-31,49200.0,3700.0
506355,14245,105,2024-03-16,2025-04-12,82300.0,9200.0
506356,14245,105,2025-04-13,2025-12-31,94800.0,5600.0
506357,14246,105,2016-01-02,2021-12-31,74800.0,10900.0
506358,14246,105,2022-01-01,2025-12-31,96900.0,13100.0
506359,14247,109,2021-02-18,2025-12-31,87700.0,9900.0
506360,14248,112,2021-01-17,2025-12-31,53800.0,4700.0
506361,14249,113,2018-01-19,2025-12-31,100600.0,6600.0
506362,14250,114,2016-08-16,2025-12-31,43900.0,4500.0
506363,14251,115,2022-04-24,2025-12-31,75100.0,10700.0
506364,14252,105,2021-06-03,2024-03-01,79500.0,10500.0
506365,14252,105,2024-03-02,2025-12-31,89200.0,11900.0
506366,14253,108,2025-09-09,2026-09-08,53700.0,3900.0
506367,14253,108,2026-09-09,2025-12-31,61900.0,4100.0
506368,14254,102,2025-12-23,2025-12-31,87000.0,8500.0
506369,14255,114,2017-09-01,2022-08-31,47700.0,6300.0
506370,14255,114,2022-09-01,2025-12-31,46000.0,6500.0
506371,14256,104,2019-06-28,2025-12-31,112300.0,8200.0
506372,14257,114,2023-06-19,2024-12-25,40400.0,3800.0
506373,14257,114,2024-12-26,2025-12-31,51700.0,4000.0
506374,14258,107,2018-07-02,2025-12-31,147700.0,19300.0
506375,14259,107,2022-07-27,2025-12-31,134700.0,17800.0
506376,14260,101,2024-04-26,2025-04-29,47300.0,4900.0
506377,14260,101,2025-04-30,2025-12-31,47600.0,6000.0
506378,14261,105,2022-04-12,2024-07-05,93700.0,11100.0
506379,14261,105,2024-07-06,2025-12-31,96000.0,9800.0
506380,14262,115,2024-09-01,2025-08-31,85200.0,10400.0
506381,14262,115,2025-09-01,2025-12-31,79200.0,6900.0
506382,14263,101,2017-07-12,2025-12-31,46100.0,5100.0
506383,14264,106,2018-01-23,2022-10-28,82300.0,10600.0
506384,14264,106,2022-10-29,2025-12-31,85200.0,5800.0
506385,14265,102,2022-08-31,2024-08-30,90200.0,10700.0
506386,14265,102,2024-08-31,2025-12-31,90300.0,8300.0
506387,14266,107,2020-02-27,2025-12-31,120500.0,9300.0
506388,14267,104,2025-02-21,2025-12-31,117900.0,13400.0
506389,14268,106,2017-12-25,2025-12-31,81200.0,10800.0
506390,14269,115,2017-07-25,2025-12-31,89200.0,9600.0
506391,14270,109,2018-06-25,2025-12-31,83800.0,5800.0
506392,14271,107,2022-06-28,2025-12-31,143900.0,19000.0
506393,14272,109,2019-10-24,2025-12-31,93400.0,13400.0
506394,14273,104,2016-09-26,2022-04-17,124100.0,13100.0
506395,14273,104,2022-04-18,2025-12-31,111600.0,13800.0
506396,14274,107,2019-12-22,2023-08-03,122700.0,8200.0
506397,14274,107,2023-08-04,2025-12-31,127600.0,16100.0
506398,14275,109,2025-05-07,2026-05-06,107500.0,10100.0
506399,14275,109,2026-05-07,2025-12-31,114500.0,16800.0
506400,14276,107,2020-06-16,2023-10-13,118700.0,10100.0
506401,14276,107,2023-10-14,2025-12-31,160000.0,21400.0
506402,14277,110,2018-09-28,2023-02-04,46800.0,6100.0
506403,14277,110,2023-02-05,2025-12-31,57400.0,3100.0
506404,14278,109,2022-04-19,2025-12-31,106900.0,5800.0
506405,14279,113,2024-05-30,2025-05-29,105700.0,11500.0
506406,14279,113,2025-05-30,2025-12-31,121100.0,17100.0
506407,14280,116,2016-10-20,2022-04-27,55400.0,6400.0
506408,14280,116,2022-04-28,2025-12-31,52300.0,3100.0
506409,14281,103,2017-09-07,2025-12-31,67100.0,7000.0
506410,14282,105,2018-05-02,2022-12-06,86100.0,7600.0
506411,14282,105,2022-12-07,2025-12-31,102800.0,8300.0
506412,14283,107,2017-07-06,2025-12-31,128600.0,13900.0
506413,14284,104,2022-08-28,2024-08-29,120400.0,16200.0
506414,14284,104,2024-08-30,2025-12-31,132400.0,15100.0
506415,14285,112,2018-03-16,2022-11-17,57100.0,8300.0
506416,14285,112,2022-11-18,2025-12-31,63000.0,9200.0
506417,14286,112,2017-01-17,2022-06-01,60200.0,7300.0
506418,14286,112,2022-06-02,2025-12-31,65700.0,8000.0
506419,14287,108,2019-05-17,2023-05-07,55600.0,8000.0
506420,14287,108,2023-05-08,2025-12-31,57000.0,8300.0
506421,14288,109,2020-05-27,2023-10-05,83200.0,8300.0
506422,14288,109,2023-10-06,2025-12-31,114600.0,8600.0
506423,14289,101,2018-01-10,2025-12-31,45100.0,3600.0
506424,14290,108,2018-03-09,2022-11-15,47000.0,4900.0
506425,14290,108,2022-11-16,2025-12-31,57500.0,4500.0
506426,14291,113,2016-09-15,2025-12-31,105700.0,10800.0
506427,14292,109,2023-04-24,2025-12-31,87700.0,10100.0
506428,14293,107,2017-06-16,2025-12-31,146400.0,8600.0
506429,14294,110,2017-03-24,2022-06-28,57100.0,4000.0
506430,14294,110,2022-06-29,2025-12-31,56700.0,3300.0
506431,14295,105,2022-01-17,2025-12-31,76200.0,8700.0
506432,14296,109,2023-06-08,2024-12-20,86700.0,8800.0
506433,14296,109,2024-12-21,2025-12-31,92300.0,6400.0
506434,14297,109,2021-05-03,2024-02-18,83800.0,12300.0
506435,14297,109,2024-02-19,2025-12-31,103600.0,14100.0
506436,14298,105,2016-03-26,2022-02-02,74600.0,8900.0
506437,14298,105,2022-02-03,2025-12-31,81900.0,8600.0
506438,14299,112,2020-05-14,2023-09-29,57600.0,8000.0
506439,14299,112,2023-09-30,2025-12-31,67900.0,7000.0
506440,14300,114,2017-01-17,2025-12-31,37200.0,4700.0
506441,14301,102,2019-01-25,2025-12-31,88600.0,11500.0
506442,14302,114,2021-01-15,2025-12-31,45600.0,5700.0
506443,14303,108,2022-07-15,2024-08-11,56500.0,3600.0
506444,14303,108,2024-08-12,2025-12-31,61600.0,3100.0
506445,14304,111,2016-09-02,2025-12-31,101300.0,12000.0
506446,14305,114,2017-10-27,2022-09-22,46000.0,6300.0
506447,14305,114,2022-09-23,2025-12-31,49000.0,7200.0
506448,14306,109,2020-11-13,2023-12-12,100700.0,10300.0
506449,14306,109,2023-12-13,2025-12-31,95100.0,11000.0
506450,14307,113,2018-03-22,2025-12-31,88900.0,11500.0
506451,14308,103,2018-08-02,2023-01-12,70600.0,9200.0
506452,14308,103,2023-01-13,2025-12-31,68700.0,7400.0
506453,14309,104,2022-05-07,2024-07-15,114500.0,10600.0
506454,14309,104,2024-07-16,2025-12-31,114400.0,8600.0
506455,14310,111,2021-06-19,2025-12-31,84800.0,5300.0
506456,14311,114,2019-08-01,2023-06-07,37600.0,1900.0
506457,14311,114,2023-06-08,2025-12-31,42500.0,2900.0
506458,14312,115,2018-02-25,2022-11-10,74500.0,4400.0
506459,14312,115,2022-11-11,2025-12-31,91900.0,11200.0
506460,14313,111,2020-04-15,2025-12-31,94700.0,8900.0
506461,14314,108,2023-12-13,2025-12-31,58600.0,6600.0
506462,14315,105,2020-09-05,2023-11-14,86400.0,8800.0
506463,14315,105,2023-11-15,2025-12-31,92100.0,9800.0
506464,14316,116,2021-12-15,2025-12-31,46500.0,4600.0
506465,14317,107,2022-02-05,2025-12-31,133600.0,7600.0
506466,14318,112,2016-08-06,2025-12-31,61500.0,8300.0
506467,14319,109,2016-03-09,2022-01-27,96300.0,10500.0
506468,14319,109,2022-01-28,2025-12-31,110900.0,12900.0
506469,14320,111,2016-04-03,2022-02-06,101700.0,13700.0
506470,14320,111,2022-02-07,2025-12-31,100000.0,6300.0
506471,14321,105,2021-07-10,2025-12-31,81600.0,10100.0
506472,14322,116,2019-10-29,2023-07-12,49700.0,6800.0
506473,14322,116,2023-07-13,2025-12-31,60100.0,3500.0
506474,14323,108,2018-10-28,2025-12-31,56500.0,4200.0
506475,14324,114,2020-03-21,2025-12-31,41000.0,5900.0
506476,14325,102,2021-08-26,2024-04-04,92700.0,9400.0
506477,14325,102,2024-04-05,2025-12-31,112000.0,10200.0
506478,14326,108,2017-10-17,2022-09-18,57700.0,3100.0
506479,14326,108,2022-09-19,2025-12-31,64200.0,3900.0
506480,14327,112,2022-12-30,2025-12-31,58200.0,4900.0
506481,14328,113,2024-11-06,2025-12-31,99900.0,8900.0
506482,14329,115,2018-05-11,2022-12-10,74200.0,8500.0
506483,14329,115,2022-12-11,2025-12-31,87700.0,7200.0
506484,14330,101,2023-09-11,2025-12-31,41800.0,5800.0
506485,14331,102,2021-01-03,2025-12-31,97800.0,5100.0
506486,14332,109,2022-03-21,2025-12-31,88200.0,7500.0
506487,14333,101,2019-03-23,2025-12-31,43400.0,5000.0
506488,14334,117,2020-12-12,2023-12-23,92100.0,10100.0
506489,14334,117,2023-12-24,2025-12-31,117400.0,9200.0
506490,14335,105,2018-07-26,2023-01-09,74200.0,5200.0
506491,14335,105,2023-01-10,2025-12-31,87400.0,4900.0
506492,14336,109,2022-03-28,2025-12-31,86000.0,8700.0
506493,14337,102,2018-09-21,2023-02-01,100500.0,8100.0
506494,14337,102,2023-02-02,2025-12-31,88500.0,11800.0
506495,14338,109,2021-01-03,2024-01-01,103500.0,8400.0
506496,14338,109,2024-01-02,2025-12-31,104900.0,9900.0
506497,14339,106,2016-01-07,2025-12-31,77400.0,7700.0
506498,14340,101,2023-05-29,2025-12-31,43500.0,5200.0
506499,14341,105,2016-08-24,2025-12-31,90400.0,8800.0
506500,14342,107,2018-12-10,2023-03-05,141400.0,19900.0
506501,14342,107,2023-03-06,2025-12-31,151600.0,15500.0
506502,14343,117,2017-08-18,2025-12-31,98900.0,14800.0
506503,14344,106,2025-01-25,2026-01-24,69400.0,10200.0
506504,14344,106,2026-01-25,2025-12-31,86100.0,9600.0
506505,14345,108,2025-09-23,2025-12-31,56400.0,6500.0
506506,14346,117,2022-09-01,2024-08-30,97300.0,12000.0
506507,14346,117,2024-08-31,2025-12-31,114700.0,7200.0
506508,14347,113,2016-06-08,2022-03-04,94900.0,11100.0
506509,14347,113,2022-03-05,2025-12-31,104300.0,7700.0
506510,14348,116,2017-11-24,2022-10-04,57800.0,5300.0
506511,14348,116,2022-10-05,2025-12-31,55700.0,5700.0
506512,14349,117,2018-08-26,2023-01-22,92800.0,11600.0
506513,14349,117,2023-01-23,2025-12-31,111500.0,14200.0
506514,14350,108,2022-08-01,2024-08-18,51200.0,6800.0
506515,14350,108,2024-08-19,2025-12-31,53300.0,6500.0
506516,14351,111,2016-05-12,2025-12-31,88000.0,6100.0
506517,14352,104,2019-10-30,2025-12-31,103000.0,14100.0
506518,14353,109,2017-03-27,2022-06-29,90700.0,12600.0
506519,14353,109,2022-06-30,2025-12-31,96800.0,13400.0
506520,14354,113,2025-04-06,2026-04-05,108100.0,8800.0
506521,14354,113,2026-04-06,2025-12-31,100100.0,9800.0
506522,14355,109,2023-04-27,2024-12-04,87900.0,7400.0
506523,14355,109,2024-12-05,2025-12-31,110900.0,14800.0
506524,14356,111,2022-09-25,2025-12-31,99600.0,5000.0
506525,14357,112,2017-01-01,2022-05-26,50300.0,2900.0
506526,14357,112,2022-05-27,2025-12-31,64400.0,8300.0
506527,14358,105,2023-10-29,2025-12-31,93500.0,10200.0
506528,14359,115,2018-09-30,2025-12-31,82300.0,11400.0
506529,14360,109,2024-06-15,2025-06-14,86600.0,9400.0
506530,14360,109,2025-06-15,2025-12-31,94500.0,5400.0
506531,14361,105,2019-04-19,2023-04-26,91200.0,13000.0
506532,14361,105,2023-04-27,2025-12-31,89200.0,13200.0
506533,14362,114,2017-06-14,2025-12-31,39300.0,4300.0
506534,14363,105,2018-06-24,2025-12-31,92600.0,8000.0
506535,14364,113,2025-02-06,2026-02-05,105700.0,11100.0
506536,14364,113,2026-02-06,2025-12-31,97700.0,8100.0
506537,14365,109,2016-09-02,2025-12-31,86700.0,10400.0
506538,14366,106,2018-05-25,2025-12-31,74700.0,6700.0
506539,14367,112,2019-10-31,2025-12-31,58700.0,7600.0
506540,14368,108,2022-08-24,2025-12-31,49000.0,5300.0
506541,14369,107,2019-11-10,2025-12-31,115100.0,7100.0
506542,14370,104,2025-06-22,2026-06-21,109500.0,16200.0
506543,14370,104,2026-06-22,2025-12-31,109200.0,9000.0
506544,14371,115,2018-09-22,2025-12-31,85100.0,9000.0
506545,14372,101,2020-03-25,2025-12-31,39100.0,5700.0
506546,14373,115,2021-04-06,2024-02-07,73500.0,6200.0
506547,14373,115,2024-02-08,2025-12-31,95800.0,7000.0
506548,14374,105,2025-05-14,2026-05-13,74900.0,5700.0
506549,14374,105,2026-05-14,2025-12-31,84300.0,7400.0
506550,14375,110,2020-05-10,2023-09-28,48800.0,4600.0
506551,14375,110,2023-09-29,2025-12-31,59600.0,4300.0
506552,14376,115,2021-10-19,2024-04-26,89600.0,13300.0
506553,14376,115,2024-04-27,2025-12-31,92300.0,8600.0
506554,14377,104,2023-05-06,2025-12-31,110900.0,7400.0
506555,14378,108,2025-12-26,2026-12-25,59700.0,6800.0
506556,14378,108,2026-12-26,2025-12-31,55000.0,8000.0
506557,14379,113,2025-01-31,2026-01-30,94700.0,10600.0
506558,14379,113,2026-01-31,2025-12-31,109200.0,8600.0
506559,14380,112,2017-01-01,2022-05-26,52700.0,6500.0
506560,14380,112,2022-05-27,2025-12-31,54600.0,6800.0
506561,14381,109,2021-08-31,2024-04-06,90500.0,7500.0
506562,14381,109,2024-04-07,2025-12-31,118500.0,12900.0
506563,14382,110,2018-05-09,2025-12-31,51600.0,7700.0
506564,14383,112,2023-02-02,2024-10-31,56600.0,7300.0
506565,14383,112,2024-11-01,2025-12-31,62700.0,8800.0
506566,14384,115,2025-06-14,2025-12-31,89800.0,6100.0
506567,14385,113,2024-09-28,2025-09-27,96100.0,13000.0
506568,14385,113,2025-09-28,2025-12-31,105200.0,11900.0
506569,14386,105,2018-07-07,2023-01-02,91600.0,6400.0
506570,14386,105,2023-01-03,2025-12-31,95600.0,10300.0
506571,14387,116,2024-12-28,2025-12-27,55900.0,3000.0
506572,14387,116,2025-12-28,2025-12-31,63600.0,5400.0
506573,14388,108,2022-11-24,2025-12-31,50300.0,3500.0
506574,14389,101,2025-07-08,2026-07-07,48000.0,5800.0
506575,14389,101,2026-07-08,2025-12-31,47700.0,6900.0
506576,14390,107,2023-04-27,2024-12-04,127300.0,8200.0
506577,14390,107,2024-12-05,2025-12-31,129200.0,11000.0
506578,14391,104,2021-07-27,2024-03-23,110200.0,15000.0
506579,14391,104,2024-03-24,2025-12-31,121700.0,11900.0
506580,14392,103,2024-05-28,2025-05-27,62800.0,4500.0
506581,14392,103,2025-05-28,2025-12-31,77200.0,8400.0
506582,14393,105,2019-04-08,2023-04-22,82500.0,8800.0
506583,14393,105,2023-04-23,2025-12-31,99700.0,8200.0
506584,14394,102,2017-11-01,2022-09-24,95600.0,9700.0
506585,14394,102,2022-09-25,2025-12-31,108400.0,7700.0
506586,14395,111,2019-02-14,2025-12-31,85000.0,9200.0
506587,14396,101,2025-08-08,2026-08-07,39800.0,4400.0
506588,14396,101,2026-08-08,2025-12-31,49100.0,4800.0
506589,14397,105,2021-10-23,2025-12-31,81900.0,9600.0
506590,14398,104,2022-07-12,2024-08-10,117600.0,12700.0
506591,14398,104,2024-08-11,2025-12-31,122000.0,7700.0
506592,14399,101,2016-03-26,2022-02-02,42100.0,3100.0
506593,14399,101,2022-02-03,2025-12-31,54800.0,7800.0
506594,14400,106,2023-05-05,2025-12-31,73300.0,10300.0
506595,14401,109,2019-01-12,2025-12-31,83800.0,8300.0
506596,14402,116,2020-02-10,2025-12-31,46900.0,2600.0
506597,14403,114,2018-12-11,2023-03-05,36800.0,2000.0
506598,14403,114,2023-03-06,2025-12-31,42500.0,6000.0
506599,14404,114,2019-05-19,2025-12-31,41800.0,4100.0
506600,14405,103,2019-11-16,2025-12-31,68400.0,3900.0
506601,14406,107,2023-06-08,2025-12-31,117000.0,11500.0
506602,14407,102,2024-07-22,2025-12-31,81000.0,9800.0
506603,14408,113,2020-07-30,2023-10-30,110200.0,13000.0
506604,14408,113,2023-10-31,2025-12-31,120600.0,14100.0
506605,14409,102,2023-09-14,2025-01-29,100200.0,11300.0
506606,14409,102,2025-01-30,2025-12-31,101100.0,9400.0
506607,14410,109,2022-06-05,2024-07-26,96200.0,8300.0
506608,14410,109,2024-07-27,2025-12-31,114800.0,6100.0
506609,14411,105,2023-05-20,2025-12-31,92300.0,4900.0
506610,14412,105,2024-04-10,2025-04-22,74800.0,8200.0
506611,14412,105,2025-04-23,2025-12-31,88800.0,13000.0
506612,14413,116,2021-07-23,2025-12-31,53900.0,7600.0
506613,14414,112,2018-08-11,2023-01-16,56000.0,5800.0
506614,14414,112,2023-01-17,2025-12-31,53900.0,7700.0
506615,14415,112,2021-01-12,2025-12-31,60800.0,9000.0
506616,14416,108,2023-02-13,2024-11-04,57300.0,6200.0
506617,14416,108,2024-11-05,2025-12-31,65600.0,4900.0
506618,14417,115,2023-03-21,2024-11-19,75800.0,4800.0
506619,14417,115,2024-11-20,2025-12-31,89400.0,5200.0
506620,14418,110,2024-04-25,2025-04-28,45500.0,4500.0
506621,14418,110,2025-04-29,2025-12-31,52500.0,5100.0
506622,14419,116,2021-09-09,2024-04-10,53200.0,3400.0
506623,14419,116,2024-04-11,2025-12-31,52100.0,4200.0
506624,14420,106,2018-11-01,2025-12-31,85600.0,12500.0
506625,14421,110,2025-01-05,2026-01-04,48400.0,7100.0
506626,14421,110,2026-01-05,2025-12-31,54200.0,2800.0
506627,14422,110,2020-06-13,2025-12-31,46400.0,5700.0
506628,14423,107,2017-07-24,2022-08-15,118900.0,11700.0
506629,14423,107,2022-08-16,2025-12-31,129100.0,17900.0
506630,14424,114,2018-12-12,2025-12-31,40500.0,4400.0
506631,14425,117,2021-11-12,2025-12-31,101800.0,9100.0
506632,14426,109,2019-04-10,2025-12-31,106500.0,7400.0
506633,14427,106,2022-11-23,2025-12-31,84000.0,11700.0
506634,14428,109,2020-02-04,2023-08-20,99500.0,7300.0
506635,14428,109,2023-08-21,2025-12-31,111900.0,12100.0
506636,14429,115,2023-03-11,2024-11-15,86900.0,9100.0
506637,14429,115,2024-11-16,2025-12-31,97300.0,13200.0
506638,14430,111,2017-09-25,2025-12-31,88500.0,13100.0
506639,14431,101,2022-06-11,2025-12-31,42400.0,2300.0
506640,14432,108,2024-02-09,2025-12-31,54400.0,4000.0
506641,14433,102,2021-05-07,2024-02-20,87700.0,12700.0
506642,14433,102,2024-02-21,2025-12-31,98900.0,9700.0
506643,14434,113,2018-05-09,2025-12-31,94700.0,6600.0
506644,14435,106,2016-04-05,2025-12-31,88100.0,4800.0
506645,14436,109,2019-11-05,2025-12-31,93800.0,7400.0
506646,14437,112,2019-11-04,2023-07-15,50800.0,4200.0
506647,14437,112,2023-07-16,2025-12-31,53800.0,3700.0
506648,14438,101,2025-06-18,2025-12-31,46700.0,5900.0
506649,14439,103,2025-04-24,2026-04-23,60600.0,5900.0
506650,14439,103,2026-04-24,2025-12-31,72600.0,9300.0
506651,14440,106,2023-05-02,2025-12-31,88600.0,5000.0
506652,14441,107,2018-11-02,2023-02-18,129200.0,8100.0
506653,14441,107,2023-02-19,2025-12-31,148900.0,8000.0
506654,14442,107,2017-01-22,2025-12-31,116300.0,16000.0
506655,14443,116,2017-02-09,2022-06-10,52400.0,3400.0
506656,14443,116,2022-06-11,2025-12-31,52700.0,6400.0
506657,14444,113,2025-05-24,2025-12-31,103700.0,9400.0
506658,14445,114,2016-10-31,2025-12-31,40600.0,3000.0
506659,14446,114,2018-02-12,2025-12-31,47700.0,5200.0
506660,14447,106,2022-07-22,2024-08-14,74000.0,7600.0
506661,14447,106,2024-08-15,2025-12-31,93800.0,5400.0
506662,14448,107,2016-08-17,2025-12-31,118600.0,15900.0
506663,14449,106,2017-01-10,2025-12-31,89800.0,11300.0
506664,14450,113,2019-05-11,2023-05-05,88300.0,9200.0
506665,14450,113,2023-05-06,2025-12-31,96300.0,13500.0
506666,14451,110,2022-05-31,2024-07-24,55800.0,4500.0
506667,14451,110,2024-07-25,2025-12-31,51900.0,4200.0
506668,14452,105,2022-05-23,2025-12-31,85400.0,5200.0
506669,14453,107,2024-11-06,2025-11-05,128200.0,10800.0
506670,14453,107,2025-11-06,2025-12-31,159300.0,17100.0
506671,14454,109,2024-07-23,2025-07-22,83500.0,5000.0
506672,14454,109,2025-07-23,2025-12-31,110500.0,14900.0
506673,14455,108,2024-11-21,2025-12-31,57100.0,4300.0
506674,14456,115,2024-03-19,2025-12-31,73600.0,9700.0
506675,14457,107,2022-11-20,2024-10-01,124400.0,12400.0
506676,14457,107,2024-10-02,2025-12-31,128600.0,11500.0
506677,14458,115,2023-10-29,2025-02-16,85900.0,10500.0
506678,14458,115,2025-02-17,2025-12-31,81100.0,4400.0
506679,14459,109,2022-12-10,2025-12-31,96100.0,9900.0
506680,14460,113,2021-09-22,2025-12-31,95900.0,6700.0
506681,14461,115,2024-10-17,2025-12-31,89600.0,9000.0
506682,14462,115,2017-11-17,2025-12-31,83000.0,7500.0
506683,14463,101,2022-10-03,2024-09-12,40700.0,4000.0
506684,14463,101,2024-09-13,2025-12-31,47600.0,6400.0
506685,14464,105,2018-05-12,2022-12-10,74700.0,4400.0
506686,14464,105,2022-12-11,2025-12-31,97700.0,10700.0
506687,14465,109,2024-05-21,2025-12-31,86800.0,8800.0
506688,14466,108,2016-10-08,2025-12-31,55600.0,5200.0
506689,14467,111,2022-06-14,2024-07-30,102400.0,10500.0
506690,14467,111,2024-07-31,2025-12-31,113200.0,10600.0
506691,14468,117,2023-05-02,2024-12-06,90500.0,8300.0
506692,14468,117,2024-12-07,2025-12-31,108100.0,13700.0
506693,14469,104,2023-12-01,2025-03-01,102100.0,7200.0
506694,14469,104,2025-03-02,2025-12-31,136500.0,9100.0
506695,14470,109,2025-08-05,2026-08-04,95000.0,10000.0
506696,14470,109,2026-08-05,2025-12-31,114900.0,7000.0
506697,14471,107,2025-10-20,2026-10-19,126100.0,11500.0
506698,14471,107,2026-10-20,2025-12-31,140900.0,12600.0
506699,14472,114,2023-12-10,2025-12-31,46200.0,6000.0
506700,14473,116,2022-03-01,2025-12-31,46600.0,3000.0
506701,14474,108,2021-11-18,2025-12-31,54300.0,6400.0
506702,14475,103,2023-11-22,2025-12-31,76400.0,8700.0
506703,14476,112,2020-12-28,2023-12-30,49000.0,4600.0
506704,14476,112,2023-12-31,2025-12-31,64000.0,5000.0
506705,14477,111,2025-10-30,2026-10-29,105600.0,9700.0
506706,14477,111,2026-10-30,2025-12-31,94900.0,6300.0
506707,14478,105,2020-11-01,2025-12-31,92000.0,10200.0
506708,14479,115,2016-07-16,2025-12-31,92500.0,6700.0
506709,14480,117,2018-07-18,2023-01-06,83400.0,7700.0
506710,14480,117,2023-01-07,2025-12-31,101700.0,14700.0
506711,14481,108,2020-12-24,2023-12-28,57700.0,7300.0
506712,14481,108,2023-12-29,2025-12-31,52900.0,7700.0
506713,14482,108,2016-09-07,2025-12-31,54400.0,2800.0
506714,14483,107,2020-01-31,2025-12-31,116900.0,8000.0
506715,14484,108,2023-04-26,2024-12-03,51300.0,6600.0
506716,14484,108,2024-12-04,2025-12-31,61500.0,3700.0
506717,14485,109,2025-09-27,2025-12-31,94400.0,5000.0
506718,14486,106,2020-07-31,2023-10-31,85500.0,10500.0
506719,14486,106,2023-11-01,2025-12-31,80300.0,4300.0
506720,14487,102,2025-11-18,2026-11-17,97100.0,14000.0
506721,14487,102,2026-11-18,2025-12-31,101000.0,6000.0
506722,14488,105,2021-01-16,2025-12-31,96000.0,13800.0
506723,14489,107,2018-05-02,2025-12-31,139500.0,12900.0
506724,14490,109,2019-10-07,2025-12-31,105400.0,6800.0
506725,14491,111,2025-07-22,2025-12-31,103600.0,14500.0
506726,14492,111,2016-03-27,2025-12-31,94200.0,12000.0
506727,14493,106,2022-08-08,2025-12-31,75700.0,5700.0
506728,14494,108,2016-08-12,2025-12-31,52400.0,5400.0
506729,14495,113,2017-03-15,2022-06-24,99900.0,11600.0
506730,14495,113,2022-06-25,2025-12-31,116000.0,12600.0
506731,14496,109,2016-04-06,2025-12-31,87100.0,5400.0
506732,14497,117,2019-08-04,2023-06-08,104100.0,11000.0
506733,14497,117,2023-06-09,2025-12-31,103700.0,13100.0
506734,14498,108,2019-01-11,2023-03-18,46100.0,3700.0
506735,14498,108,2023-03-19,2025-12-31,54400.0,4400.0
506736,14499,111,2021-09-03,2025-12-31,94900.0,10300.0
506737,14500,102,2017-06-21,2025-12-31,87700.0,13000.0
506738,14501,110,2020-03-08,2025-12-31,54500.0,3900.0
506739,14502,114,2020-08-22,2025-12-31,37900.0,4300.0
506740,14503,116,2019-04-12,2023-04-23,46500.0,6500.0
506741,14503,116,2023-04-24,2025-12-31,65400.0,9200.0
506742,14504,116,2017-01-28,2022-06-06,50700.0,7400.0
506743,14504,116,2022-06-07,2025-12-31,52200.0,5700.0
506744,14505,107,2023-07-28,2025-01-09,120300.0,16700.0
506745,14505,107,2025-01-10,2025-12-31,131700.0,14400.0
506746,14506,108,2017-03-28,2022-06-29,51900.0,3700.0
506747,14506,108,2022-06-30,2025-12-31,60200.0,9000.0
506748,14507,108,2022-04-16,2025-12-31,55600.0,7000.0
506749,14508,109,2024-04-03,2025-12-31,94700.0,10100.0
506750,14509,103,2025-09-19,2025-12-31,72500.0,4600.0
506751,14510,115,2023-02-23,2025-12-31,72300.0,9700.0
506752,14511,115,2017-07-05,2025-12-31,89900.0,4700.0
506753,14512,108,2023-12-05,2025-12-31,54600.0,7100.0
506754,14513,106,2019-08-28,2025-12-31,76100.0,6100.0
506755,14514,103,2024-08-17,2025-08-16,69700.0,4500.0
506756,14514,103,2025-08-17,2025-12-31,77100.0,8700.0
506757,14515,110,2022-06-20,2024-08-01,46300.0,4300.0
506758,14515,110,2024-08-02,2025-12-31,61600.0,5900.0
506759,14516,106,2024-04-08,2025-04-21,82200.0,9200.0
506760,14516,106,2025-04-22,2025-12-31,78000.0,5700.0
506761,14517,115,2016-12-21,2022-05-21,79800.0,6500.0
506762,14517,115,2022-05-22,2025-12-31,89600.0,7100.0
506763,14518,111,2021-11-22,2024-05-09,100000.0,10100.0
506764,14518,111,2024-05-10,2025-12-31,112700.0,16300.0
506765,14519,111,2025-11-23,2025-12-31,87200.0,8500.0
506766,14520,108,2024-07-19,2025-12-31,57900.0,6100.0
506767,14521,102,2018-03-06,2022-11-13,91200.0,5000.0
506768,14521,102,2022-11-14,2025-12-31,107900.0,11500.0
506769,14522,115,2021-07-10,2025-12-31,76100.0,8100.0
506770,14523,111,2017-12-04,2025-12-31,96200.0,13000.0
506771,14524,117,2025-09-24,2025-12-31,96600.0,13500.0
506772,14525,108,2019-08-17,2023-06-13,52900.0,6100.0
506773,14525,108,2023-06-14,2025-12-31,57400.0,4900.0
506774,14526,112,2022-03-31,2024-06-30,57100.0,4000.0
506775,14526,112,2024-07-01,2025-12-31,54800.0,3700.0
506776,14527,102,2024-04-07,2025-12-31,81500.0,12000.0
506777,14528,111,2021-01-25,2025-12-31,90600.0,9900.0
506778,14529,112,2021-12-05,2024-05-14,60100.0,4600.0
506779,14529,112,2024-05-15,2025-12-31,53800.0,6800.0
506780,14530,112,2016-11-15,2022-05-07,56100.0,7500.0
506781,14530,112,2022-05-08,2025-12-31,65100.0,5400.0
506782,14531,112,2021-06-19,2025-12-31,53500.0,5400.0
506783,14532,105,2025-08-26,2025-12-31,75200.0,8300.0
506784,14533,117,2018-09-20,2025-12-31,104800.0,8900.0
506785,14534,117,2022-03-21,2024-06-26,94800.0,11300.0
506786,14534,117,2024-06-27,2025-12-31,106700.0,6800.0
506787,14535,101,2018-09-04,2023-01-25,39400.0,4900.0
506788,14535,101,2023-01-26,2025-12-31,53900.0,2900.0
506789,14536,114,2022-07-31,2025-12-31,43100.0,4000.0
506790,14537,106,2017-12-31,2025-12-31,83900.0,8300.0
506791,14538,111,2016-05-28,2025-12-31,94300.0,5400.0
506792,14539,107,2017-01-20,2025-12-31,120100.0,15400.0
506793,14540,117,2016-06-09,2025-12-31,101500.0,10300.0
506794,14541,103,2017-07-05,2022-08-08,66600.0,7500.0
506795,14541,103,2022-08-09,2025-12-31,78400.0,11500.0
506796,14542,109,2019-11-28,2025-12-31,90000.0,4900.0
506797,14543,109,2020-01-16,2025-12-31,105200.0,11700.0
506798,14544,105,2025-09-05,2026-09-04,92900.0,6900.0
506799,14544,105,2026-09-05,2025-12-31,90800.0,9100.0
506800,14545,111,2024-07-19,2025-07-18,97900.0,6700.0
506801,14545,111,2025-07-19,2025-12-31,98100.0,9000.0
506802,14546,103,2022-01-16,2025-12-31,61000.0,5100.0
506803,14547,113,2021-12-07,2024-05-15,84700.0,10100.0
506804,14547,113,2024-05-16,2025-12-31,99800.0,6700.0
506805,14548,116,2022-12-10,2025-12-31,46500.0,6500.0
506806,14549,112,2016-02-05,2025-12-31,50300.0,4300.0
506807,14550,114,2019-11-04,2025-12-31,43700.0,4800.0
506808,14551,107,2016-06-01,2025-12-31,131200.0,8800.0
506809,14552,105,2020-11-26,2023-12-17,89000.0,12300.0
506810,14552,105,2023-12-18,2025-12-31,88400.0,8900.0
506811,14553,109,2019-01-01,2025-12-31,89300.0,7900.0
506812,14554,102,2023-06-16,2024-12-24,79000.0,8000.0
506813,14554,102,2024-12-25,2025-12-31,91500.0,5800.0
506814,14555,116,2023-07-25,2025-12-31,56700.0,7900.0
506815,14556,103,2018-01-29,2025-12-31,75600.0,4700.0
506816,14557,115,2020-09-20,2023-11-20,74400.0,6400.0
506817,14557,115,2023-11-21,2025-12-31,81900.0,9400.0
506818,14558,104,2022-07-18,2025-12-31,101300.0,11400.0
506819,14559,113,2023-05-02,2024-12-06,95800.0,7500.0
506820,14559,113,2024-12-07,2025-12-31,121400.0,17300.0
506821,14560,103,2023-12-04,2025-03-02,76500.0,7000.0
506822,14560,103,2025-03-03,2025-12-31,77300.0,8000.0
506823,14561,102,2023-10-18,2025-12-31,86200.0,4900.0
506824,14562,112,2020-02-21,2023-08-27,55800.0,5900.0
506825,14562,112,2023-08-28,2025-12-31,65300.0,3600.0
506826,14563,105,2025-02-01,2025-12-31,95800.0,5700.0
506827,14564,112,2023-07-21,2025-01-07,56400.0,4900.0
506828,14564,112,2025-01-08,2025-12-31,60400.0,5000.0
506829,14565,109,2017-12-12,2025-12-31,92000.0,8600.0
506830,14566,104,2021-10-28,2025-12-31,125100.0,14300.0
506831,14567,115,2017-12-28,2022-10-17,78700.0,7200.0
506832,14567,115,2022-10-18,2025-12-31,96700.0,9200.0
506833,14568,108,2020-10-13,2025-12-31,57800.0,3500.0
506834,14569,112,2021-11-21,2025-12-31,58700.0,7700.0
506835,14570,109,2018-10-11,2025-12-31,90600.0,8400.0
506836,14571,111,2020-01-28,2023-08-18,89000.0,7400.0
506837,14571,111,2023-08-19,2025-12-31,112600.0,6300.0
506838,14572,107,2024-10-16,2025-10-15,136400.0,17300.0
506839,14572,107,2025-10-16,2025-12-31,153300.0,8400.0
506840,14573,107,2021-10-25,2024-04-28,121500.0,18100.0
506841,14573,107,2024-04-29,2025-12-31,165000.0,9100.0
506842,14574,108,2016-08-15,2025-12-31,57400.0,4700.0
506843,14575,108,2021-12-20,2025-12-31,48600.0,3100.0
506844,14576,107,2024-12-08,2025-12-31,137500.0,18100.0
506845,14577,110,2025-03-19,2025-12-31,46200.0,4100.0
506846,14578,111,2025-12-25,2025-12-31,81300.0,5700.0
506847,14579,102,2020-10-11,2023-11-28,84500.0,5100.0
506848,14579,102,2023-11-29,2025-12-31,108200.0,7100.0
506849,14580,106,2016-10-24,2025-12-31,76500.0,7300.0
506850,14581,106,2021-11-17,2024-05-07,84000.0,10300.0
506851,14581,106,2024-05-08,2025-12-31,90700.0,11600.0
506852,14582,103,2023-11-10,2025-02-20,69000.0,7100.0
506853,14582,103,2025-02-21,2025-12-31,70600.0,7500.0
506854,14583,107,2018-11-23,2023-02-26,131500.0,8100.0
506855,14583,107,2023-02-27,2025-12-31,143300.0,18100.0
506856,14584,101,2023-12-30,2025-03-12,44400.0,6500.0
506857,14584,101,2025-03-13,2025-12-31,53800.0,7700.0
506858,14585,116,2024-11-18,2025-11-17,54700.0,4000.0
506859,14585,116,2025-11-18,2025-12-31,56800.0,6700.0
506860,14586,112,2016-06-08,2025-12-31,55200.0,7300.0
506861,14587,104,2017-05-22,2025-12-31,120700.0,17300.0
506862,14588,102,2025-02-09,2025-12-31,87600.0,6200.0
506863,14589,112,2022-05-12,2024-07-17,53600.0,6600.0
506864,14589,112,2024-07-18,2025-12-31,53300.0,7000.0
506865,14590,109,2021-02-03,2025-12-31,95400.0,8600.0
506866,14591,112,2025-08-11,2026-08-10,52100.0,3200.0
506867,14591,112,2026-08-11,2025-12-31,65700.0,6600.0
506868,14592,114,2018-03-12,2022-11-16,37000.0,3800.0
506869,14592,114,2022-11-17,2025-12-31,49700.0,6300.0
506870,14593,110,2021-11-20,2024-05-08,57500.0,6100.0
506871,14593,110,2024-05-09,2025-12-31,53500.0,4800.0
506872,14594,107,2018-09-11,2023-01-28,132300.0,16600.0
506873,14594,107,2023-01-29,2025-12-31,142300.0,19500.0
506874,14595,112,2017-08-07,2022-08-21,61000.0,7300.0
506875,14595,112,2022-08-22,2025-12-31,53500.0,3000.0
506876,14596,117,2018-07-10,2025-12-31,91800.0,6300.0
506877,14597,109,2023-06-25,2025-12-31,107600.0,14100.0
506878,14598,110,2024-10-30,2025-12-31,44200.0,2700.0
506879,14599,105,2025-04-28,2025-12-31,82800.0,4300.0
506880,14600,106,2019-06-25,2025-12-31,77800.0,9000.0
506881,14601,112,2020-02-06,2023-08-21,48200.0,5500.0
506882,14601,112,2023-08-22,2025-12-31,65200.0,4300.0
506883,14602,114,2019-05-20,2025-12-31,38800.0,3600.0
506884,14603,110,2020-12-10,2025-12-31,48400.0,4800.0
506885,14604,113,2019-04-07,2025-12-31,103000.0,14600.0
506886,14605,103,2020-10-02,2025-12-31,77700.0,8500.0
506887,14606,107,2019-01-04,2023-03-15,123400.0,9200.0
506888,14606,107,2023-03-16,2025-12-31,132300.0,16200.0
506889,14607,109,2025-09-10,2025-12-31,90200.0,12600.0
506890,14608,103,2024-12-20,2025-12-31,61100.0,3400.0
506891,14609,110,2018-04-11,2022-11-28,47000.0,6500.0
506892,14609,110,2022-11-29,2025-12-31,60100.0,4200.0
506893,14610,107,2024-04-05,2025-04-20,137300.0,18800.0
506894,14610,107,2025-04-21,2025-12-31,138700.0,14200.0
506895,14611,113,2020-01-12,2025-12-31,104500.0,14500.0
506896,14612,112,2024-08-22,2025-08-21,57900.0,3600.0
506897,14612,112,2025-08-22,2025-12-31,62500.0,5000.0
506898,14613,108,2018-07-12,2025-12-31,48000.0,5600.0
506899,14614,106,2020-12-25,2025-12-31,87000.0,10300.0
506900,14615,110,2024-10-14,2025-12-31,54700.0,4300.0
506901,14616,117,2023-10-25,2025-12-31,101100.0,9000.0
506902,14617,111,2018-04-17,2025-12-31,89700.0,5200.0
506903,14618,102,2017-07-19,2022-08-13,80600.0,6800.0
506904,14618,102,2022-08-14,2025-12-31,89400.0,8400.0
506905,14619,101,2016-03-23,2025-12-31,39400.0,4200.0
506906,14620,106,2018-12-09,2023-03-05,87600.0,12500.0
506907,14620,106,2023-03-06,2025-12-31,87300.0,11100.0
506908,14621,107,2020-03-24,2025-12-31,126900.0,9500.0
506909,14622,113,2023-11-28,2025-12-31,95700.0,13600.0
506910,14623,115,2018-01-29,2025-12-31,76400.0,8100.0
506911,14624,105,2023-12-05,2025-12-31,93000.0,11100.0
506912,14625,107,2023-12-23,2025-12-31,138800.0,12300.0
506913,14626,105,2025-02-02,2025-12-31,74900.0,4000.0
506914,14627,114,2018-03-17,2022-11-18,38500.0,4000.0
506915,14627,114,2022-11-19,2025-12-31,40600.0,3900.0
506916,14628,109,2019-03-16,2023-04-12,87900.0,8300.0
506917,14628,109,2023-04-13,2025-12-31,114800.0,13300.0
506918,14629,111,2017-12-15,2022-10-12,93300.0,13400.0
506919,14629,111,2022-10-13,2025-12-31,101000.0,9800.0
506920,14630,105,2018-02-03,2025-12-31,76600.0,9500.0
506921,14631,111,2018-11-03,2023-02-18,102300.0,5700.0
506922,14631,111,2023-02-19,2025-12-31,115900.0,14700.0
506923,14632,106,2018-12-21,2023-03-09,85000.0,12100.0
506924,14632,106,2023-03-10,2025-12-31,78500.0,11100.0
506925,14633,107,2023-12-12,2025-03-05,115200.0,7100.0
506926,14633,107,2025-03-06,2025-12-31,160600.0,23800.0
506927,14634,110,2017-01-31,2025-12-31,50100.0,7300.0
506928,14635,110,2020-02-03,2023-08-20,45700.0,3800.0
506929,14635,110,2023-08-21,2025-12-31,63300.0,7100.0
506930,14636,106,2017-09-02,2022-08-31,82100.0,7600.0
506931,14636,106,2022-09-01,2025-12-31,77000.0,5400.0
506932,14637,103,2021-06-16,2024-03-07,64400.0,8000.0
506933,14637,103,2024-03-08,2025-12-31,69700.0,7200.0
506934,14638,106,2017-09-12,2025-12-31,80500.0,4100.0
506935,14639,106,2018-04-14,2022-11-29,78300.0,6600.0
506936,14639,106,2022-11-30,2025-12-31,88500.0,9000.0
506937,14640,111,2018-10-04,2023-02-06,99500.0,6600.0
506938,14640,111,2023-02-07,2025-12-31,101500.0,12800.0
506939,14641,115,2018-06-25,2025-12-31,81200.0,10500.0
506940,14642,101,2025-03-14,2025-12-31,43200.0,6000.0
506941,14643,106,2022-05-26,2024-07-22,76500.0,9200.0
506942,14643,106,2024-07-23,2025-12-31,96100.0,7900.0
506943,14644,107,2019-04-09,2025-12-31,115400.0,10000.0
506944,14645,109,2022-05-05,2024-07-14,104000.0,6000.0
506945,14645,109,2024-07-15,2025-12-31,92800.0,8700.0
506946,14646,108,2021-08-31,2024-04-06,48300.0,3700.0
506947,14646,108,2024-04-07,2025-12-31,65600.0,6600.0
506948,14647,112,2018-12-18,2023-03-08,48600.0,2600.0
506949,14647,112,2023-03-09,2025-12-31,58900.0,8000.0
506950,14648,105,2022-03-12,2025-12-31,81800.0,10400.0
506951,14649,111,2021-12-30,2025-12-31,92900.0,8400.0
506952,14650,114,2025-12-27,2026-12-26,39900.0,3300.0
506953,14650,114,2026-12-27,2025-12-31,50500.0,5300.0
506954,14651,115,2018-09-04,2023-01-25,73900.0,7400.0
506955,14651,115,2023-01-26,2025-12-31,94900.0,12500.0
506956,14652,116,2017-12-11,2025-12-31,57500.0,5500.0
506957,14653,112,2024-03-07,2025-12-31,54300.0,3600.0
506958,14654,114,2021-01-04,2024-01-01,40600.0,3600.0
506959,14654,114,2024-01-02,2025-12-31,48600.0,5600.0
506960,14655,107,2021-05-27,2024-02-28,126100.0,13800.0
506961,14655,107,2024-02-29,2025-12-31,129700.0,15400.0
506962,14656,106,2020-08-30,2023-11-12,86900.0,7800.0
506963,14656,106,2023-11-13,2025-12-31,81000.0,9500.0
506964,14657,102,2019-12-21,2025-12-31,82300.0,10900.0
506965,14658,110,2019-04-10,2023-04-22,46200.0,6000.0
506966,14658,110,2023-04-23,2025-12-31,50500.0,7400.0
506967,14659,114,2023-06-12,2024-12-22,45000.0,4300.0
506968,14659,114,2024-12-23,2025-12-31,42800.0,5400.0
506969,14660,107,2019-08-16,2023-06-13,138900.0,10500.0
506970,14660,107,2023-06-14,2025-12-31,135800.0,13000.0
506971,14661,111,2020-10-31,2025-12-31,96100.0,5400.0
506972,14662,112,2021-03-16,2025-12-31,56300.0,6300.0
506973,14663,114,2018-11-05,2023-02-19,43000.0,3700.0
506974,14663,114,2023-02-20,2025-12-31,41500.0,5600.0
506975,14664,111,2021-10-07,2025-12-31,97500.0,6800.0
506976,14665,116,2020-01-14,2025-12-31,49200.0,5800.0
506977,14666,107,2017-06-20,2022-08-02,120500.0,16900.0
506978,14666,107,2022-08-03,2025-12-31,130500.0,16500.0
506979,14667,107,2020-04-25,2023-09-22,139000.0,8500.0
506980,14667,107,2023-09-23,2025-12-31,146100.0,10100.0
506981,14668,108,2025-07-06,2025-12-31,51600.0,2700.0
506982,14669,106,2019-03-25,2025-12-31,78300.0,10600.0
506983,14670,102,2018-05-11,2022-12-10,88000.0,8400.0
506984,14670,102,2022-12-11,2025-12-31,108500.0,11800.0
506985,14671,113,2016-04-06,2025-12-31,103200.0,14800.0
506986,14672,112,2021-03-10,2025-12-31,61300.0,5200.0
506987,14673,112,2022-06-09,2024-07-28,50800.0,6900.0
506988,14673,112,2024-07-29,2025-12-31,65900.0,7600.0
506989,14674,107,2022-05-04,2024-07-13,126100.0,15600.0
506990,14674,107,2024-07-14,2025-12-31,136100.0,15300.0
506991,14675,108,2025-06-10,2025-12-31,49700.0,7100.0
506992,14676,106,2018-10-06,2023-02-07,87800.0,9100.0
506993,14676,106,2023-02-08,2025-12-31,78000.0,10400.0
506994,14677,101,2020-06-12,2025-12-31,48400.0,5500.0
506995,14678,109,2018-12-26,2025-12-31,105700.0,6600.0
506996,14679,103,2020-08-28,2023-11-11,62100.0,8500.0
506997,14679,103,2023-11-12,2025-12-31,77000.0,5200.0
506998,14680,104,2025-03-03,2026-03-02,109700.0,14400.0
506999,14680,104,2026-03-03,2025-12-31,132300.0,17900.0
507000,14681,113,2020-12-09,2025-12-31,86200.0,10500.0
507001,14682,101,2021-10-15,2025-12-31,47200.0,4600.0
507002,14683,116,2025-09-21,2026-09-20,47800.0,6700.0
507003,14683,116,2026-09-21,2025-12-31,56400.0,6100.0
507004,14684,109,2024-05-18,2025-05-17,92100.0,12600.0
507005,14684,109,2025-05-18,2025-12-31,96900.0,6800.0
507006,14685,116,2021-07-13,2024-03-17,54000.0,5500.0
507007,14685,116,2024-03-18,2025-12-31,53300.0,6400.0
507008,14686,101,2025-10-18,2025-12-31,41000.0,4800.0
507009,14687,108,2022-08-20,2025-12-31,50600.0,5700.0
507010,14688,107,2022-07-04,2024-08-07,144200.0,7500.0
507011,14688,107,2024-08-08,2025-12-31,148300.0,12100.0
507012,14689,114,2021-07-12,2025-12-31,42400.0,5500.0
507013,14690,106,2024-05-24,2025-12-31,76000.0,10500.0
507014,14691,106,2023-06-21,2025-12-31,71300.0,4300.0
507015,14692,115,2018-05-13,2025-12-31,82000.0,8200.0
507016,14693,105,2023-01-02,2025-12-31,93800.0,5700.0
507017,14694,101,2019-09-11,2023-06-23,49200.0,6500.0
507018,14694,101,2023-06-24,2025-12-31,51800.0,3100.0
507019,14695,106,2025-04-17,2025-12-31,81200.0,5400.0
507020,14696,111,2019-06-07,2025-12-31,88600.0,9900.0
507021,14697,107,2020-06-10,2023-10-10,118000.0,12100.0
507022,14697,107,2023-10-11,2025-12-31,138300.0,7900.0
507023,14698,108,2017-02-28,2022-06-18,54700.0,3300.0
507024,14698,108,2022-06-19,2025-12-31,51900.0,7500.0
507025,14699,102,2024-10-05,2025-10-04,87200.0,5500.0
507026,14699,102,2025-10-05,2025-12-31,110600.0,10900.0
507027,14700,108,2021-09-21,2024-04-14,56800.0,7300.0
507028,14700,108,2024-04-15,2025-12-31,64500.0,7800.0
507029,14701,112,2021-09-10,2024-04-10,55900.0,4900.0
507030,14701,112,2024-04-11,2025-12-31,64600.0,7000.0
507031,14702,106,2022-09-13,2025-12-31,72800.0,6800.0
507032,14703,109,2017-02-21,2022-06-15,107500.0,5600.0
507033,14703,109,2022-06-16,2025-12-31,113700.0,6800.0
507034,14704,103,2025-03-16,2026-03-15,65800.0,7900.0
507035,14704,103,2026-03-16,2025-12-31,79400.0,9000.0
507036,14705,106,2024-10-13,2025-12-31,73900.0,8400.0
507037,14706,103,2019-08-02,2025-12-31,71700.0,7800.0
507038,14707,108,2018-08-10,2023-01-15,58800.0,8700.0
507039,14707,108,2023-01-16,2025-12-31,61200.0,5800.0
507040,14708,108,2022-12-02,2025-12-31,47500.0,4100.0
507041,14709,117,2019-03-30,2025-12-31,96600.0,10200.0
507042,14710,101,2018-08-11,2025-12-31,49100.0,5200.0
507043,14711,111,2017-03-24,2022-06-28,83800.0,11400.0
507044,14711,111,2022-06-29,2025-12-31,114000.0,11300.0
507045,14712,109,2025-01-01,2025-12-31,98100.0,8500.0
507046,14712,109,2026-01-01,2025-12-31,95500.0,13600.0
507047,14713,109,2018-06-26,2022-12-28,100700.0,9400.0
507048,14713,109,2022-12-29,2025-12-31,114000.0,13700.0
507049,14714,114,2018-07-15,2023-01-05,41800.0,3200.0
507050,14714,114,2023-01-06,2025-12-31,49300.0,5200.0
507051,14715,105,2020-04-02,2023-09-13,81000.0,5000.0
507052,14715,105,2023-09-14,2025-12-31,86200.0,10500.0
507053,14716,102,2016-09-17,2025-12-31,86700.0,11600.0
507054,14717,110,2025-04-08,2026-04-07,54800.0,7000.0
507055,14717,110,2026-04-08,2025-12-31,61100.0,8200.0
507056,14718,105,2023-10-07,2025-12-31,90400.0,11500.0
507057,14719,102,2017-09-05,2022-09-02,85300.0,5200.0
507058,14719,102,2022-09-03,2025-12-31,91000.0,11600.0
507059,14720,106,2023-08-26,2025-12-31,83100.0,11500.0
507060,14721,107,2025-12-02,2026-12-01,144600.0,12100.0
507061,14721,107,2026-12-02,2025-12-31,160900.0,20900.0
507062,14722,111,2018-03-04,2025-12-31,101300.0,9100.0
507063,14723,104,2016-07-06,2022-03-15,122300.0,13100.0
507064,14723,104,2022-03-16,2025-12-31,134000.0,11900.0
507065,14724,105,2024-01-10,2025-03-17,74800.0,8800.0
507066,14724,105,2025-03-18,2025-12-31,83800.0,10400.0
507067,14725,109,2019-09-18,2023-06-26,97000.0,12600.0
507068,14725,109,2023-06-27,2025-12-31,98100.0,9000.0
507069,14726,109,2025-11-28,2025-12-31,105900.0,8400.0
507070,14727,117,2018-05-13,2025-12-31,106800.0,12300.0
507071,14728,102,2025-03-28,2025-12-31,100600.0,14400.0
507072,14729,117,2017-05-13,2025-12-31,96700.0,5800.0
507073,14730,108,2025-02-08,2026-02-07,49600.0,2600.0
507074,14730,108,2026-02-08,2025-12-31,52200.0,4100.0
507075,14731,113,2018-11-04,2023-02-19,89000.0,4900.0
507076,14731,113,2023-02-20,2025-12-31,104900.0,13900.0
507077,14732,108,2017-05-01,2025-12-31,58700.0,7300.0
507078,14733,108,2023-05-26,2024-12-15,55800.0,7000.0
507079,14733,108,2024-12-16,2025-12-31,59000.0,7700.0
507080,14734,114,2021-07-22,2024-03-21,43500.0,4300.0
507081,14734,114,2024-03-22,2025-12-31,50400.0,3200.0
507082,14735,114,2022-05-10,2024-07-16,43100.0,6200.0
507083,14735,114,2024-07-17,2025-12-31,41500.0,5200.0
507084,14736,105,2021-09-15,2024-04-12,76000.0,6800.0
507085,14736,105,2024-04-13,2025-12-31,95300.0,12600.0
507086,14737,106,2019-10-20,2025-12-31,79300.0,6200.0
507087,14738,109,2018-05-22,2022-12-14,102200.0,6300.0
507088,14738,109,2022-12-15,2025-12-31,95100.0,11600.0
507089,14739,114,2017-01-07,2025-12-31,38100.0,4200.0
507090,14740,107,2024-11-17,2025-11-16,115900.0,15400.0
507091,14740,107,2025-11-17,2025-12-31,146100.0,7700.0
507092,14741,110,2020-07-04,2025-12-31,51400.0,6400.0
507093,14742,111,2023-06-09,2024-12-21,85500.0,8300.0
507094,14742,111,2024-12-22,2025-12-31,96900.0,7700.0
507095,14743,113,2016-09-04,2025-12-31,87100.0,7800.0
507096,14744,109,2023-11-12,2025-12-31,100700.0,11400.0
507097,14745,107,2017-04-11,2025-12-31,149700.0,21500.0
507098,14746,116,2025-07-25,2025-12-31,55600.0,3000.0
507099,14747,111,2016-04-17,2025-12-31,97300.0,8900.0
507100,14748,112,2017-11-27,2022-10-05,55700.0,7800.0
507101,14748,112,2022-10-06,2025-12-31,56800.0,5100.0
507102,14749,106,2016-05-02,2025-12-31,72900.0,9700.0
507103,14750,111,2025-06-20,2025-12-31,89600.0,11000.0
507104,14751,107,2019-05-08,2023-05-04,142100.0,8100.0
507105,14751,107,2023-05-05,2025-12-31,142900.0,10900.0
507106,14752,105,2025-07-22,2025-12-31,90500.0,12100.0
507107,14753,112,2018-12-30,2025-12-31,59400.0,5600.0
507108,14754,108,2024-03-13,2025-12-31,46400.0,6400.0
507109,14755,110,2017-11-28,2025-12-31,55800.0,7100.0
507110,14756,105,2025-07-13,2026-07-12,79700.0,10400.0
507111,14756,105,2026-07-13,2025-12-31,85500.0,5200.0
507112,14757,110,2020-09-03,2023-11-13,48200.0,2900.0
507113,14757,110,2023-11-14,2025-12-31,60400.0,5900.0
507114,14758,109,2020-10-10,2023-11-28,98000.0,5600.0
507115,14758,109,2023-11-29,2025-12-31,111200.0,11100.0
507116,14759,110,2020-03-10,2023-09-03,48500.0,6100.0
507117,14759,110,2023-09-04,2025-12-31,51400.0,7500.0
507118,14760,106,2023-05-03,2025-12-31,85300.0,4900.0
507119,14761,112,2022-07-16,2024-08-12,52200.0,3300.0
507120,14761,112,2024-08-13,2025-12-31,68600.0,4400.0
507121,14762,113,2023-04-15,2024-11-29,107300.0,6900.0
507122,14762,113,2024-11-30,2025-12-31,106400.0,15700.0
507123,14763,106,2020-12-17,2023-12-25,83800.0,4900.0
507124,14763,106,2023-12-26,2025-12-31,89800.0,7500.0
507125,14764,105,2020-08-24,2025-12-31,83300.0,6700.0
507126,14765,111,2019-12-04,2025-12-31,84400.0,11100.0
507127,14766,111,2024-11-29,2025-12-31,94400.0,8200.0
507128,14767,110,2019-12-10,2025-12-31,52700.0,4100.0
507129,14768,110,2021-06-03,2025-12-31,52700.0,3300.0
507130,14769,105,2018-04-12,2022-11-28,94600.0,7500.0
507131,14769,105,2022-11-29,2025-12-31,97300.0,5200.0
507132,14770,105,2017-03-19,2025-12-31,78800.0,5000.0
507133,14771,107,2024-09-25,2025-12-31,143300.0,17400.0
507134,14772,103,2025-07-13,2026-07-12,65000.0,5600.0
507135,14772,103,2026-07-13,2025-12-31,79600.0,10000.0
507136,14773,110,2022-07-13,2025-12-31,54800.0,5100.0
507137,14774,103,2023-08-12,2025-12-31,61000.0,5700.0
507138,14775,115,2023-01-23,2024-10-27,85100.0,7500.0
507139,14775,115,2024-10-28,2025-12-31,84700.0,6200.0
507140,14776,112,2017-01-02,2022-05-26,58000.0,6500.0
507141,14776,112,2022-05-27,2025-12-31,61900.0,6400.0
507142,14777,115,2018-07-17,2023-01-06,88500.0,12600.0
507143,14777,115,2023-01-07,2025-12-31,89500.0,8100.0
507144,14778,114,2020-08-17,2023-11-06,44300.0,4700.0
507145,14778,114,2023-11-07,2025-12-31,52700.0,5700.0
507146,14779,105,2022-10-11,2024-09-15,86200.0,12800.0
507147,14779,105,2024-09-16,2025-12-31,98800.0,6200.0
507148,14780,114,2025-02-07,2026-02-06,40100.0,5400.0
507149,14780,114,2026-02-07,2025-12-31,48000.0,6300.0
507150,14781,103,2025-08-03,2026-08-02,76300.0,4300.0
507151,14781,103,2026-08-03,2025-12-31,73300.0,3800.0
507152,14782,102,2023-03-28,2024-11-22,101100.0,5800.0
507153,14782,102,2024-11-23,2025-12-31,89800.0,12800.0
507154,14783,113,2020-08-14,2025-12-31,95100.0,5400.0
507155,14784,101,2020-01-19,2025-12-31,44400.0,3700.0
507156,14785,117,2023-07-05,2024-12-31,95500.0,10000.0
507157,14785,117,2025-01-01,2025-12-31,113800.0,14500.0
507158,14786,110,2020-12-28,2025-12-31,54000.0,6800.0
507159,14787,113,2016-07-05,2025-12-31,107000.0,11300.0
507160,14788,105,2019-07-21,2025-12-31,89300.0,5900.0
507161,14789,111,2024-03-01,2025-12-31,104000.0,8300.0
507162,14790,102,2025-02-21,2025-12-31,79000.0,10000.0
507163,14791,113,2017-08-15,2025-12-31,102000.0,6600.0
507164,14792,103,2017-07-01,2025-12-31,64500.0,7600.0
507165,14793,111,2023-10-19,2025-12-31,97100.0,5300.0
507166,14794,105,2025-04-12,2025-12-31,91400.0,8900.0
507167,14795,102,2024-05-12,2025-05-11,86400.0,12300.0
507168,14795,102,2025-05-12,2025-12-31,105800.0,12700.0
507169,14796,108,2025-02-10,2025-12-31,50900.0,5800.0
507170,14797,103,2022-01-15,2025-12-31,77900.0,7200.0
507171,14798,112,2018-01-24,2022-10-28,49100.0,2900.0
507172,14798,112,2022-10-29,2025-12-31,60800.0,4100.0
507173,14799,106,2018-01-23,2022-10-28,89300.0,13000.0
507174,14799,106,2022-10-29,2025-12-31,83400.0,10800.0
507175,14800,107,2025-12-01,2025-12-31,131300.0,9500.0
507176,14801,108,2021-04-17,2024-02-12,48000.0,6200.0
507177,14801,108,2024-02-13,2025-12-31,56500.0,6700.0
507178,14802,105,2022-07-20,2025-12-31,82400.0,5100.0
507179,14803,106,2017-01-31,2022-06-07,86600.0,11400.0
507180,14803,106,2022-06-08,2025-12-31,76600.0,4900.0
507181,14804,113,2017-02-22,2025-12-31,93300.0,10700.0
507182,14805,104,2019-07-06,2025-12-31,115800.0,6400.0
507183,14806,104,2019-06-13,2025-12-31,97200.0,4900.0
507184,14807,105,2016-07-08,2022-03-16,95900.0,5500.0
507185,14807,105,2022-03-17,2025-12-31,102500.0,6800.0
507186,14808,108,2018-04-24,2022-12-03,56900.0,7700.0
507187,14808,108,2022-12-04,2025-12-31,62800.0,4700.0
507188,14809,108,2025-09-25,2025-12-31,47000.0,4000.0
507189,14810,105,2023-02-11,2024-11-04,75100.0,8100.0
507190,14810,105,2024-11-05,2025-12-31,94700.0,14100.0
507191,14811,113,2019-05-04,2025-12-31,94900.0,12200.0
507192,14812,102,2018-09-06,2023-01-26,90900.0,5000.0
507193,14812,102,2023-01-27,2025-12-31,94500.0,9700.0
507194,14813,108,2021-02-13,2025-12-31,47400.0,6100.0
507195,14814,107,2020-01-20,2025-12-31,124800.0,15800.0
507196,14815,111,2020-06-06,2023-10-09,93900.0,12200.0
507197,14815,111,2023-10-10,2025-12-31,99500.0,5200.0
507198,14816,117,2022-12-04,2025-12-31,104100.0,6300.0
507199,14817,108,2018-03-06,2022-11-13,57300.0,4400.0
507200,14817,108,2022-11-14,2025-12-31,56200.0,3300.0
507201,14818,116,2023-03-10,2024-11-14,54600.0,5700.0
507202,14818,116,2024-11-15,2025-12-31,55100.0,5200.0
507203,14819,105,2016-04-13,2022-02-10,89200.0,12100.0
507204,14819,105,2022-02-11,2025-12-31,99800.0,5000.0
507205,14820,102,2022-02-16,2024-06-13,88400.0,11900.0
507206,14820,102,2024-06-14,2025-12-31,92200.0,12700.0
507207,14821,104,2023-11-18,2025-02-24,98700.0,14000.0
507208,14821,104,2025-02-25,2025-12-31,111500.0,10700.0
507209,14822,105,2021-09-23,2024-04-15,76900.0,8700.0
507210,14822,105,2024-04-16,2025-12-31,104700.0,12100.0
507211,14823,105,2025-08-20,2026-08-19,89500.0,5800.0
507212,14823,105,2026-08-20,2025-12-31,95300.0,9200.0
507213,14824,103,2018-01-12,2022-10-23,73300.0,4500.0
507214,14824,103,2022-10-24,2025-12-31,76400.0,10300.0
507215,14825,109,2019-08-30,2023-06-18,89500.0,10400.0
507216,14825,109,2023-06-19,2025-12-31,112500.0,8800.0
507217,14826,107,2021-10-09,2024-04-22,140900.0,11100.0
507218,14826,107,2024-04-23,2025-12-31,152200.0,10000.0
507219,14827,103,2016-08-16,2022-04-01,72300.0,6900.0
507220,14827,103,2022-04-02,2025-12-31,66200.0,6000.0
507221,14828,107,2022-02-09,2024-06-10,118500.0,6000.0
507222,14828,107,2024-06-11,2025-12-31,128300.0,18600.0
507223,14829,115,2017-12-28,2025-12-31,92300.0,5700.0
507224,14830,106,2025-06-26,2025-12-31,70700.0,3700.0
507225,14831,112,2022-06-07,2024-07-27,57300.0,3200.0
507226,14831,112,2024-07-28,2025-12-31,58500.0,3500.0
507227,14832,110,2024-07-01,2025-06-30,50500.0,4200.0
507228,14832,110,2025-07-01,2025-12-31,57100.0,6200.0
507229,14833,108,2017-02-07,2022-06-10,51500.0,4800.0
507230,14833,108,2022-06-11,2025-12-31,56400.0,7100.0
507231,14834,106,2018-07-09,2023-01-02,87000.0,7200.0
507232,14834,106,2023-01-03,2025-12-31,92600.0,12800.0
507233,14835,106,2024-01-09,2025-12-31,78500.0,5900.0
507234,14836,110,2025-12-24,2025-12-31,46600.0,6000.0
507235,14837,107,2022-12-07,2025-12-31,142800.0,13300.0
507236,14838,107,2023-12-24,2025-12-31,118600.0,14100.0
507237,14839,103,2019-06-28,2023-05-24,69100.0,9300.0
507238,14839,103,2023-05-25,2025-12-31,81200.0,8400.0
507239,14840,114,2025-04-22,2026-04-21,41800.0,3600.0
507240,14840,114,2026-04-22,2025-12-31,42300.0,4800.0
507241,14841,108,2023-01-27,2025-12-31,59600.0,5700.0
507242,14842,110,2022-04-01,2025-12-31,46700.0,5400.0
507243,14843,108,2021-06-02,2025-12-31,55000.0,5200.0
507244,14844,114,2020-09-17,2025-12-31,46300.0,6700.0
507245,14845,108,2019-06-01,2023-05-13,56800.0,8100.0
507246,14845,108,2023-05-14,2025-12-31,54900.0,5500.0
507247,14846,108,2020-05-03,2025-12-31,50900.0,5700.0
507248,14847,115,2017-06-19,2025-12-31,75100.0,9800.0
507249,14848,112,2019-02-21,2023-04-03,55100.0,6300.0
507250,14848,112,2023-04-04,2025-12-31,59200.0,4900.0
507251,14849,103,2019-10-19,2025-12-31,66100.0,6200.0
507252,14850,104,2022-06-14,2024-07-30,121400.0,11100.0
507253,14850,104,2024-07-31,2025-12-31,108900.0,14000.0
507254,14851,112,2017-10-06,2022-09-14,56600.0,6800.0
507255,14851,112,2022-09-15,2025-12-31,55700.0,3500.0
507256,14852,113,2023-10-17,2025-02-11,110200.0,13800.0
507257,14852,113,2025-02-12,2025-12-31,102000.0,8500.0
507258,14853,109,2021-04-18,2025-12-31,94300.0,7300.0
507259,14854,108,2022-12-08,2024-10-09,57000.0,7900.0
507260,14854,108,2024-10-10,2025-12-31,53800.0,3000.0
507261,14855,110,2022-05-11,2024-07-16,49700.0,4000.0
507262,14855,110,2024-07-17,2025-12-31,49700.0,4700.0
507263,14856,109,2021-11-02,2024-05-01,84500.0,9800.0
507264,14856,109,2024-05-02,2025-12-31,106900.0,14200.0
507265,14857,110,2025-02-14,2026-02-13,46000.0,4000.0
507266,14857,110,2026-02-14,2025-12-31,60100.0,4500.0
507267,14858,103,2018-01-29,2022-10-30,62500.0,9300.0
507268,14858,103,2022-10-31,2025-12-31,85100.0,9900.0
507269,14859,116,2020-11-22,2023-12-15,56700.0,6100.0
507270,14859,116,2023-12-16,2025-12-31,62100.0,8400.0
507271,14860,113,2023-06-21,2024-12-26,108200.0,15100.0
507272,14860,113,2024-12-27,2025-12-31,108600.0,12900.0
507273,14861,111,2025-03-21,2026-03-20,97100.0,10200.0
507274,14861,111,2026-03-21,2025-12-31,97800.0,8000.0
507275,14862,107,2022-04-01,2025-12-31,148500.0,10400.0
507276,14863,103,2018-03-21,2022-11-19,74500.0,4600.0
507277,14863,103,2022-11-20,2025-12-31,85700.0,10100.0
507278,14864,106,2024-07-27,2025-12-31,86600.0,11100.0
507279,14865,110,2020-09-10,2023-11-16,49600.0,3500.0
507280,14865,110,2023-11-17,2025-12-31,61500.0,7300.0
507281,14866,110,2020-02-06,2023-08-21,49000.0,2800.0
507282,14866,110,2023-08-22,2025-12-31,59500.0,5500.0
507283,14867,105,2024-07-10,2025-07-09,85200.0,4600.0
507284,14867,105,2025-07-10,2025-12-31,87300.0,5900.0
507285,14868,111,2021-05-10,2025-12-31,90300.0,9800.0
507286,14869,113,2016-06-14,2025-12-31,101600.0,7900.0
507287,14870,101,2016-07-06,2022-03-15,39600.0,2700.0
507288,14870,101,2022-03-16,2025-12-31,48700.0,3600.0
507289,14871,109,2020-02-14,2023-08-24,83500.0,9400.0
507290,14871,109,2023-08-25,2025-12-31,115400.0,6300.0
507291,14872,112,2019-08-26,2023-06-17,52500.0,4100.0
507292,14872,112,2023-06-18,2025-12-31,53300.0,3200.0
507293,14873,108,2017-05-20,2025-12-31,56000.0,8200.0
507294,14874,110,2018-06-28,2022-12-29,56000.0,7400.0
507295,14874,110,2022-12-30,2025-12-31,61500.0,3300.0
507296,14875,108,2018-06-16,2025-12-31,53900.0,5600.0
507297,14876,116,2022-05-12,2025-12-31,57100.0,8400.0
507298,14877,102,2016-05-11,2025-12-31,98900.0,9700.0
507299,14878,109,2017-09-22,2025-12-31,93300.0,8000.0
507300,14879,103,2024-07-13,2025-12-31,76300.0,9000.0
507301,14880,104,2016-12-27,2025-12-31,107200.0,10000.0
507302,14881,105,2025-04-04,2025-12-31,82500.0,4500.0
507303,14882,104,2017-01-25,2022-06-04,108300.0,7100.0
507304,14882,104,2022-06-05,2025-12-31,117400.0,16800.0
507305,14883,117,2023-08-07,2025-12-31,94000.0,11400.0
507306,14884,117,2018-12-09,2023-03-05,101800.0,9900.0
507307,14884,117,2023-03-06,2025-12-31,111100.0,12700.0
507308,14885,106,2017-09-26,2022-09-10,86500.0,9300.0
507309,14885,106,2022-09-11,2025-12-31,94000.0,5600.0
507310,14886,110,2023-01-02,2025-12-31,48100.0,6500.0
507311,14887,109,2020-04-08,2025-12-31,84200.0,10300.0
507312,14888,113,2021-05-08,2024-02-20,106700.0,6700.0
507313,14888,113,2024-02-21,2025-12-31,98600.0,7400.0
507314,14889,111,2025-11-07,2025-12-31,88200.0,9700.0
507315,14890,102,2019-02-01,2025-12-31,87800.0,9100.0
507316,14891,113,2023-04-04,2024-11-24,107200.0,7600.0
507317,14891,113,2024-11-25,2025-12-31,118000.0,12000.0
507318,14892,113,2024-10-30,2025-12-31,91300.0,6600.0
507319,14893,109,2016-09-27,2022-04-17,89500.0,8300.0
507320,14893,109,2022-04-18,2025-12-31,103300.0,8000.0
507321,14894,115,2022-12-21,2024-10-14,93000.0,10100.0
507322,14894,115,2024-10-15,2025-12-31,98900.0,5400.0
507323,14895,114,2022-03-27,2024-06-28,42600.0,5700.0
507324,14895,114,2024-06-29,2025-12-31,48000.0,5400.0
507325,14896,108,2016-10-17,2022-04-25,59700.0,6100.0
507326,14896,108,2022-04-26,2025-12-31,52200.0,4800.0
507327,14897,110,2022-04-15,2024-07-06,49800.0,6000.0
507328,14897,110,2024-07-07,2025-12-31,53400.0,4300.0
507329,14898,117,2024-03-07,2025-12-31,95400.0,9200.0
507330,14899,107,2021-08-02,2025-12-31,116700.0,11400.0
507331,14900,105,2021-12-19,2025-12-31,90700.0,7100.0
507332,14901,105,2025-07-02,2025-12-31,81000.0,5600.0
507333,14902,115,2019-07-25,2025-12-31,76300.0,10400.0
507334,14903,112,2018-01-09,2022-10-22,58900.0,4500.0
507335,14903,112,2022-10-23,2025-12-31,63100.0,4500.0
507336,14904,103,2018-09-23,2023-02-02,74600.0,10100.0
507337,14904,103,2023-02-03,2025-12-31,83400.0,4500.0
507338,14905,116,2017-11-25,2025-12-31,57700.0,4700.0
507339,14906,112,2024-10-06,2025-10-05,53800.0,5100.0
507340,14906,112,2025-10-06,2025-12-31,66200.0,6100.0
507341,14907,114,2016-01-01,2021-12-30,38300.0,4500.0
507342,14907,114,2021-12-31,2025-12-31,41500.0,2300.0
507343,14908,101,2018-03-18,2025-12-31,46800.0,3300.0
507344,14909,108,2018-10-20,2025-12-31,57000.0,6800.0
507345,14910,111,2023-08-27,2025-12-31,91100.0,8700.0
507346,14911,108,2018-09-17,2025-12-31,46400.0,6000.0
507347,14912,110,2024-02-26,2025-04-05,50400.0,4200.0
507348,14912,110,2025-04-06,2025-12-31,57600.0,6800.0
507349,14913,113,2018-11-16,2023-02-23,99200.0,9600.0
507350,14913,113,2023-02-24,2025-12-31,115300.0,12100.0
507351,14914,106,2020-08-19,2023-11-07,80100.0,7900.0
507352,14914,106,2023-11-08,2025-12-31,97500.0,7900.0
507353,14915,115,2016-12-10,2022-05-17,86200.0,9500.0
507354,14915,115,2022-05-18,2025-12-31,100800.0,6200.0
507355,14916,103,2025-09-15,2025-12-31,62500.0,6000.0
507356,14917,105,2021-06-27,2025-12-31,92800.0,12400.0
507357,14918,101,2025-06-18,2025-12-31,46100.0,4800.0
507358,14919,106,2018-03-15,2025-12-31,87600.0,6200.0
507359,14920,105,2024-04-08,2025-04-21,87300.0,11000.0
507360,14920,105,2025-04-22,2025-12-31,99700.0,6200.0
507361,14921,112,2016-07-29,2022-03-24,61100.0,5200.0
507362,14921,112,2022-03-25,2025-12-31,52700.0,3700.0
507363,14922,111,2017-04-05,2025-12-31,88600.0,9900.0
507364,14923,109,2025-10-24,2025-12-31,99100.0,8700.0
507365,14924,110,2024-01-31,2025-03-25,55400.0,6400.0
507366,14924,110,2025-03-26,2025-12-31,48900.0,3400.0
507367,14925,102,2025-10-20,2026-10-19,86900.0,9400.0
507368,14925,102,2026-10-20,2025-12-31,95600.0,12700.0
507369,14926,105,2020-07-03,2023-10-19,84800.0,7900.0
507370,14926,105,2023-10-20,2025-12-31,88600.0,10900.0
507371,14927,111,2023-03-03,2024-11-12,97900.0,10100.0
507372,14927,111,2024-11-13,2025-12-31,91800.0,4800.0
507373,14928,110,2023-06-16,2024-12-24,54400.0,4800.0
507374,14928,110,2024-12-25,2025-12-31,60500.0,6100.0
507375,14929,112,2022-09-03,2024-08-31,60200.0,8600.0
507376,14929,112,2024-09-01,2025-12-31,53800.0,3800.0
507377,14930,105,2017-06-05,2025-12-31,95900.0,13200.0
507378,14931,113,2020-12-19,2023-12-26,100300.0,11700.0
507379,14931,113,2023-12-27,2025-12-31,111000.0,11900.0
507380,14932,111,2017-01-04,2022-05-27,97400.0,12000.0
507381,14932,111,2022-05-28,2025-12-31,104700.0,10400.0
507382,14933,117,2022-08-12,2024-08-22,96500.0,6100.0
507383,14933,117,2024-08-23,2025-12-31,93100.0,11900.0
507384,14934,106,2021-05-02,2025-12-31,82600.0,11800.0
507385,14935,108,2016-03-26,2022-02-02,51600.0,4700.0
507386,14935,108,2022-02-03,2025-12-31,57800.0,5900.0
507387,14936,110,2019-06-27,2025-12-31,47100.0,4400.0
507388,14937,116,2023-11-24,2025-12-31,48400.0,5800.0
507389,14938,107,2022-02-06,2024-06-09,135500.0,9500.0
507390,14938,107,2024-06-10,2025-12-31,126800.0,10300.0
507391,14939,109,2018-09-15,2023-01-30,103400.0,9400.0
507392,14939,109,2023-01-31,2025-12-31,116500.0,15600.0
507393,14940,106,2021-10-03,2024-04-19,72300.0,5400.0
507394,14940,106,2024-04-20,2025-12-31,84200.0,9100.0
507395,14941,109,2025-08-31,2026-08-30,96200.0,10400.0
507396,14941,109,2026-08-31,2025-12-31,109400.0,11500.0
507397,14942,107,2025-01-26,2025-12-31,137500.0,19600.0
507398,14943,102,2024-09-05,2025-12-31,88600.0,6300.0
507399,14944,109,2018-04-09,2022-11-27,85100.0,5900.0
507400,14944,109,2022-11-28,2025-12-31,97100.0,12100.0
507401,14945,105,2018-12-25,2023-03-11,80900.0,4500.0
507402,14945,105,2023-03-12,2025-12-31,94200.0,10500.0
507403,14946,107,2025-07-13,2025-12-31,132600.0,6700.0
507404,14947,105,2020-07-30,2023-10-30,79700.0,5100.0
507405,14947,105,2023-10-31,2025-12-31,99900.0,6100.0
507406,14948,102,2016-02-05,2022-01-13,94100.0,7000.0
507407,14948,102,2022-01-14,2025-12-31,111400.0,15200.0
507408,14949,116,2022-02-20,2025-12-31,50800.0,2800.0
507409,14950,108,2017-12-07,2022-10-09,51300.0,3200.0
507410,14950,108,2022-10-10,2025-12-31,52500.0,6100.0
507411,14951,112,2017-05-01,2022-07-13,57700.0,6000.0
507412,14951,112,2022-07-14,2025-12-31,67100.0,8700.0
507413,14952,108,2021-01-11,2024-01-04,54500.0,6300.0
507414,14952,108,2024-01-05,2025-12-31,63900.0,7300.0
507415,14953,114,2020-12-05,2023-12-20,39700.0,4500.0
507416,14953,114,2023-12-21,2025-12-31,51700.0,7200.0
507417,14954,108,2025-08-19,2026-08-18,57600.0,5800.0
507418,14954,108,2026-08-19,2025-12-31,57800.0,4900.0
507419,14955,109,2018-08-07,2025-12-31,97900.0,8600.0
507420,14956,109,2025-02-17,2025-12-31,92400.0,10000.0
507421,14957,112,2023-08-30,2025-01-23,49500.0,3300.0
507422,14957,112,2025-01-24,2025-12-31,63100.0,8300.0
507423,14958,109,2025-10-29,2026-10-28,91000.0,7600.0
507424,14958,109,2026-10-29,2025-12-31,107600.0,10400.0
507425,14959,105,2022-12-18,2024-10-13,90900.0,5800.0
507426,14959,105,2024-10-14,2025-12-31,97600.0,8200.0
507427,14960,104,2017-11-28,2025-12-31,121700.0,8000.0
507428,14961,110,2020-10-21,2025-12-31,44700.0,6400.0
507429,14962,109,2017-06-25,2022-08-04,102800.0,5800.0
507430,14962,109,2022-08-05,2025-12-31,100100.0,11300.0
507431,14963,103,2021-11-03,2025-12-31,72500.0,6200.0
507432,14964,107,2016-04-28,2025-12-31,130000.0,13900.0
507433,14965,109,2020-07-21,2025-12-31,87000.0,11700.0
507434,14966,112,2021-09-23,2025-12-31,50800.0,4700.0
507435,14967,102,2022-03-18,2024-06-25,91300.0,4800.0
507436,14967,102,2024-06-26,2025-12-31,105900.0,14400.0
507437,14968,107,2019-10-27,2023-07-11,146400.0,19800.0
507438,14968,107,2023-07-12,2025-12-31,147400.0,11400.0
507439,14969,112,2019-09-10,2023-06-23,55000.0,5500.0
507440,14969,112,2023-06-24,2025-12-31,63100.0,8200.0
507441,14970,110,2018-03-04,2025-12-31,54900.0,7700.0
507442,14971,105,2020-01-03,2023-08-08,74500.0,4100.0
507443,14971,105,2023-08-09,2025-12-31,87600.0,9800.0
507444,14972,115,2024-04-03,2025-04-19,75400.0,10200.0
507445,14972,115,2025-04-20,2025-12-31,102600.0,5300.0
507446,14973,109,2016-06-17,2022-03-08,95400.0,8000.0
507447,14973,109,2022-03-09,2025-12-31,112800.0,13000.0
507448,14974,109,2022-01-30,2024-06-06,96500.0,8100.0
507449,14974,109,2024-06-07,2025-12-31,117800.0,11500.0
507450,14975,117,2018-04-18,2025-12-31,83600.0,5000.0
507451,14976,117,2020-10-02,2023-11-25,105200.0,11000.0
507452,14976,117,2023-11-26,2025-12-31,113900.0,8900.0
507453,14977,107,2022-10-20,2024-09-19,123600.0,14200.0
507454,14977,107,2024-09-20,2025-12-31,160000.0,15300.0
507455,14978,103,2017-12-18,2022-10-13,71400.0,5000.0
507456,14978,103,2022-10-14,2025-12-31,77200.0,4600.0
507457,14979,105,2021-11-06,2025-12-31,91600.0,9500.0
507458,14980,102,2019-11-12,2023-07-18,84900.0,5400.0
507459,14980,102,2023-07-19,2025-12-31,99700.0,6000.0
507460,14981,101,2018-07-12,2025-12-31,48600.0,3200.0
507461,14982,106,2020-05-14,2025-12-31,83600.0,7500.0
507462,14983,116,2016-01-06,2022-01-01,47800.0,5900.0
507463,14983,116,2022-01-02,2025-12-31,54000.0,6000.0
507464,14984,114,2025-06-25,2025-12-31,43400.0,6400.0
507465,14985,109,2017-05-27,2025-12-31,90700.0,12300.0
507466,14986,108,2018-02-03,2022-11-01,59600.0,5800.0
507467,14986,108,2022-11-02,2025-12-31,65300.0,4500.0
507468,14987,102,2023-02-06,2024-11-02,82900.0,5000.0
507469,14987,102,2024-11-03,2025-12-31,105200.0,8000.0
507470,14988,107,2020-12-31,2025-12-31,138400.0,16400.0
507471,14989,102,2018-07-31,2025-12-31,81700.0,4500.0
507472,14990,112,2020-02-18,2023-08-26,49400.0,4300.0
507473,14990,112,2023-08-27,2025-12-31,68100.0,5800.0
507474,14991,104,2016-08-19,2022-04-02,120500.0,17100.0
507475,14991,104,2022-04-03,2025-12-31,137700.0,18300.0
507476,14992,114,2021-10-10,2025-12-31,39400.0,4300.0
507477,14993,110,2025-11-23,2026-11-22,44900.0,6400.0
507478,14993,110,2026-11-23,2025-12-31,55700.0,5600.0
507479,14994,106,2023-11-15,2025-12-31,78500.0,7400.0
507480,14995,104,2024-01-06,2025-12-31,120600.0,8600.0
507481,14996,110,2016-03-18,2022-01-30,53000.0,5700.0
507482,14996,110,2022-01-31,2025-12-31,59900.0,7400.0
507483,14997,114,2017-06-27,2025-12-31,46700.0,5900.0
507484,14998,112,2019-08-09,2023-06-10,60500.0,5100.0
507485,14998,112,2023-06-11,2025-12-31,67200.0,8900.0
507486,14999,105,2022-10-26,2024-09-21,90900.0,9100.0
507487,14999,105,2024-09-22,2025-12-31,105000.0,10100.0
507488,15000,108,2016-10-23,2022-04-28,50100.0,4700.0
507489,15000,108,2022-04-29,2025-12-31,59700.0,3900.0
